player,team,pos,cbs_id,Opp,OVP,Bye,Rost,Start,Expert,ATT,Comp,Yds,TD,Int,Att,Yds_2,Avg,TD_2,Lost,Avg_2,Total,Tar,Rec,Avg_3,FG,FG_2,FG_3,ATT_2,FG_4,Att_2,FG_5,Att_3,FG_6,Att_4,XP,Att_5,SACK,Fum,DWN,STY,Total_2,Total_3
Josh Allen,BUF,QB,2181054,@HOU,30,7,100,95,1,29,20,334,2,0,6,23,3.8,2,0,14.00,14,,,,,,,,,,,,,,,,,,,,,
Caleb Williams,CHI,QB,26695775,@CAR,29,10,99,83,2,29,21,269,2,0,10,65,6.5,2,0,12.00,12,,,,,,,,,,,,,,,,,,,,,
Bryce Young,CAR,QB,3161957,CHI,31,5,23,6,20,37,23,361,3,1,2,10,5.0,1,0,12.00,12,,,,,,,,,,,,,,,,,,,,,
Jordan Love,GB,QB,2239997,@MIN,27,11,75,15,14,42,21,387,2,1,1,0,0.0,0,1,10.00,10,,,,,,,,,,,,,,,,,,,,,
Lamar Jackson,BAL,QB,2181169,@IND,28,13,100,95,3,25,17,324,1,0,7,40,5.7,1,1,9.00,9,,,,,,,,,,,,,,,,,,,,,
Tyler Shough,NO,QB,2964064,@DET,32,8,67,14,15,56,35,410,3,2,4,8,2.0,0,1,8.00,8,,,,,,,,,,,,,,,,,,,,,
Trevor Lawrence,JAC,QB,2967185,CLE,25,7,99,71,12,23,18,245,4,0,2,3,1.5,0,0,8.00,8,,,,,,,,,,,,,,,,,,,,,
Jalen Hurts,PHI,QB,2240246,WAS,22,10,99,93,5,25,14,203,3,0,7,46,6.6,0,0,7.00,7,,,,,,,,,,,,,,,,,,,,,
Carson Wentz,MIN,QB,1907522,GB,20,6,1,1,22,19,12,133,3,0,5,-1,-0.2,0,0,7.00,7,,,,,,,,,,,,,,,,,,,,,
Brock Purdy,SF,QB,2961306,@LAR,23,8,97,51,4,34,25,205,3,1,5,29,5.8,0,0,6.00,6,,,,,,,,,,,,,,,,,,,,,
Deshaun Watson,CLE,QB,2133482,@JAC,10,11,9,1,N/R,22,16,205,1,1,6,38,6.3,0,0,5.00,5,,,,,,,,,,,,,,,,,,,,,
Patrick Mahomes,KC,QB,2142052,DEN,24,5,97,36,18,27,15,184,2,1,7,23,3.3,1,0,5.00,5,,,,,,,,,,,,,,,,,,,,,
Jaxson Dart,NYG,QB,26694019,DAL,26,8,96,48,11,29,23,230,3,0,11,54,4.9,0,0,5.00,5,,,,,,,,,,,,,,,,,,,,,
C.J. Stroud,HOU,QB,3163079,BUF,21,8,48,9,24,38,26,274,2,0,2,15,7.5,0,2,4.00,4,,,,,,,,,,,,,,,,,,,,,
Malik Willis,MIA,QB,2804167,@LV,19,6,55,11,23,27,15,220,0,1,6,39,6.5,1,0,4.00,4,,,,,,,,,,,,,,,,,,,,,
Jared Goff,DET,QB,2061053,NO,15,6,96,54,13,39,26,206,2,0,2,2,1.0,0,0,4.00,4,,,,,,,,,,,,,,,,,,,,,
Drew Lock,SEA,QB,2185479,NE,8,11,1,1,N/R,22,16,187,1,0,2,13,6.5,0,0,4.00,4,,,,,,,,,,,,,,,,,,,,,
Dak Prescott,DAL,QB,1824864,@NYG,13,14,100,92,6,34,22,175,2,1,2,14,7.0,0,0,3.00,3,,,,,,,,,,,,,,,,,,,,,
Kirk Cousins,LV,QB,1272574,MIA,18,13,10,2,N/R,30,21,160,3,2,5,-6,-1.2,0,0,3.00,3,,,,,,,,,,,,,,,,,,,,,
Baker Mayfield,TB,QB,2080032,@CIN,12,10,86,31,8,28,23,216,0,0,5,30,6.0,1,3,3.00,3,,,,,,,,,,,,,,,,,,,,,
Jacoby Brissett,ARI,QB,1877247,@LAC,17,14,20,3,21,37,27,277,1,0,6,14,2.3,0,0,3.00,3,,,,,,,,,,,,,,,,,,,,,
Joe Burrow,CIN,QB,2179798,TB,16,6,100,90,9,35,25,254,1,1,5,20,4.0,0,0,3.00,3,,,,,,,,,,,,,,,,,,,,,
Aaron Rodgers,PIT,QB,419780,ATL,11,9,18,2,N/R,40,24,221,1,0,3,-3,-1.0,0,0,2.00,2,,,,,,,,,,,,,,,,,,,,,
Jayden Daniels,WAS,QB,3123337,@PHI,9,7,99,64,7,34,18,164,2,0,5,31,6.2,0,0,2.00,2,,,,,,,,,,,,,,,,,,,,,
Bo Nix,DEN,QB,3121193,@KC,2,10,92,24,19,28,17,131,1,1,3,2,0.7,0,1,2.00,2,,,,,,,,,,,,,,,,,,,,,
Justin Herbert,LAC,QB,2221960,ARI,14,7,99,85,16,27,17,209,1,1,5,29,5.8,0,0,2.00,2,,,,,,,,,,,,,,,,,,,,,
Cooper Rush,ATL,QB,2000176,@PIT,4,11,2,1,N/R,22,12,143,1,2,0,0,0.0,0,0,2.00,2,,,,,,,,,,,,,,,,,,,,,
Drake Maye,NE,QB,26695757,@SEA,7,11,99,74,17,33,23,178,1,3,7,47,6.7,0,0,2.00,2,,,,,,,,,,,,,,,,,,,,,
Daniel Jones,IND,QB,2179245,BAL,5,13,49,6,N/R,31,19,166,1,1,1,4,4.0,0,0,1.00,1,,,,,,,,,,,,,,,,,,,,,
Cam Ward,TEN,QB,3168422,NYJ,3,9,26,5,N/R,32,19,140,1,0,4,21,5.2,0,0,1.00,1,,,,,,,,,,,,,,,,,,,,,
Geno Smith,NYJ,QB,1700358,@TEN,6,13,14,3,N/R,24,19,215,0,0,6,7,1.2,0,0,1.00,1,,,,,,,,,,,,,,,,,,,,,
Taylor Heinicke,LAC,QB,2174914,ARI,14,7,1,1,N/R,0,0,0,0,0,0,0,0.0,0,0,-,0,,,,,,,,,,,,,,,,,,,,,
Luke Altmyer,DET,QB,26701853,NO,15,6,1,1,N/R,0,0,0,0,0,0,0,0.0,0,0,-,0,,,,,,,,,,,,,,,,,,,,,
Sam Howell,DAL,QB,3123797,@NYG,13,14,1,1,N/R,0,0,0,0,0,0,0,0.0,0,0,-,0,,,,,,,,,,,,,,,,,,,,,
Adrian Martinez,SF,QB,2966360,@LAR,23,8,1,0,N/R,0,0,0,0,0,0,0,0.0,0,0,-,0,,,,,,,,,,,,,,,,,,,,,
Gardner Minshew,ARI,QB,2183083,@LAC,17,14,1,1,N/R,0,0,0,0,0,0,0,0.0,0,0,-,0,,,,,,,,,,,,,,,,,,,,,
Trevor Siemian,ATL,QB,2174210,@PIT,4,11,1,0,N/R,0,0,0,0,0,0,0,0.0,0,0,-,0,,,,,,,,,,,,,,,,,,,,,
Felix Harper,CLE,QB,2261052,@JAC,10,11,0,0,N/R,0,0,0,0,0,0,0,0.0,0,0,-,0,,,,,,,,,,,,,,,,,,,,,
Dustin Crum,KC,QB,2867334,DEN,24,5,1,0,N/R,0,0,0,0,0,0,0,0.0,0,0,-,0,,,,,,,,,,,,,,,,,,,,,
Kyle Allen,BUF,QB,2131782,@HOU,30,7,1,1,N/R,0,0,0,0,0,0,0,0.0,0,0,-,0,,,,,,,,,,,,,,,,,,,,,
Trey Lance,LAC,QB,2969444,ARI,14,7,1,1,N/R,0,0,0,0,0,0,0,0.0,0,0,-,0,,,,,,,,,,,,,,,,,,,,,
Anthony Gordon,KC,QB,2251387,DEN,24,5,1,1,N/R,0,0,0,0,0,0,0,0.0,0,0,-,0,,,,,,,,,,,,,,,,,,,,,
Matt Corral,MIN,QB,2961962,GB,20,6,1,1,N/R,0,0,0,0,0,0,0,0.0,0,0,-,0,,,,,,,,,,,,,,,,,,,,,
Ben Wooldridge,NE,QB,2965115,@SEA,7,11,1,1,N/R,0,0,0,0,0,0,0,0.0,0,0,-,0,,,,,,,,,,,,,,,,,,,,,
Holton Ahlers,SEA,QB,2962387,NE,8,11,1,1,N/R,0,0,0,0,0,0,0,0.0,0,0,-,0,,,,,,,,,,,,,,,,,,,,,
Jack Plummer,CAR,QB,2961162,CHI,31,5,1,1,N/R,0,0,0,0,0,0,0,0.0,0,0,-,0,,,,,,,,,,,,,,,,,,,,,
Cole Kelley,WAS,QB,2247069,@PHI,9,7,1,1,N/R,0,0,0,0,0,0,0,0.0,0,0,-,0,,,,,,,,,,,,,,,,,,,,,
Cody Fajardo,LV,QB,1749732,MIA,18,13,1,1,N/R,0,0,0,0,0,0,0,0.0,0,0,-,0,,,,,,,,,,,,,,,,,,,,,
Spencer Rattler,NO,QB,3125863,@DET,32,8,1,1,N/R,0,0,0,0,0,0,0,0.0,0,0,-,0,,,,,,,,,,,,,,,,,,,,,
Mason Rudolph,PIT,QB,2131167,ATL,11,9,1,1,N/R,0,0,0,0,0,0,0,0.0,0,0,-,0,,,,,,,,,,,,,,,,,,,,,
Brandon Allen,NYG,QB,1852876,DAL,26,8,1,1,N/R,0,0,0,0,0,0,0,0.0,0,0,-,0,,,,,,,,,,,,,,,,,,,,,
Jameis Winston,NYG,QB,1998197,DAL,26,8,2,1,N/R,0,0,0,0,0,0,0,0.0,0,0,-,0,,,,,,,,,,,,,,,,,,,,,
Dillon Gabriel,CLE,QB,3121534,@JAC,10,11,1,1,N/R,0,0,0,0,0,0,0,0.0,0,0,-,0,,,,,,,,,,,,,,,,,,,,,
Mac Jones,SF,QB,2741202,@LAR,23,8,3,1,N/R,0,0,0,0,0,0,0,0.0,0,0,-,0,,,,,,,,,,,,,,,,,,,,,
Kenji Bahar,BAL,QB,2182974,@IND,28,13,1,1,N/R,0,0,0,0,0,0,0,0.0,0,0,-,0,,,,,,,,,,,,,,,,,,,,,
Matthew Stafford,LAR,QB,1114942,SF,1,11,98,57,10,25,15,155,0,1,2,-1,-0.5,0,0,0.00,0,,,,,,,,,,,,,,,,,,,,,
Russell Wilson,NYG,QB,1272242,DAL,26,8,1,1,N/R,0,0,0,0,0,0,0,0.0,0,0,-,0,,,,,,,,,,,,,,,,,,,,,
Brian Lewerke,NYG,QB,2186429,DAL,26,8,0,0,N/R,0,0,0,0,0,0,0,0.0,0,0,-,0,,,,,,,,,,,,,,,,,,,,,
Riley Leonard,IND,QB,26699092,BAL,5,13,1,0,N/R,0,0,0,0,0,0,0,0.0,0,0,-,0,,,,,,,,,,,,,,,,,,,,,
C.J. Beathard,DET,QB,1998463,NO,15,6,1,0,N/R,0,0,0,0,0,0,0,0.0,0,0,-,0,,,,,,,,,,,,,,,,,,,,,
Haynes King,CAR,QB,3162966,CHI,31,5,1,1,N/R,0,0,0,0,0,0,0,0.0,0,0,-,0,,,,,,,,,,,,,,,,,,,,,
Mitch Trubisky,TEN,QB,2060476,NYJ,3,9,1,1,N/R,0,0,0,0,0,0,0,0.0,0,0,-,0,,,,,,,,,,,,,,,,,,,,,
Ryan Willis,CHI,QB,2179571,@CAR,29,10,0,0,N/R,0,0,0,0,0,0,0,0.0,0,0,-,0,,,,,,,,,,,,,,,,,,,,,
Davis Cheek,CAR,QB,2816170,CHI,31,5,0,0,N/R,0,0,0,0,0,0,0,0.0,0,0,-,0,,,,,,,,,,,,,,,,,,,,,
Garrett Nussmeier,KC,QB,26701706,DEN,24,5,1,1,N/R,0,0,0,0,0,0,0,0.0,0,0,-,0,,,,,,,,,,,,,,,,,,,,,
Sam Hartman,WAS,QB,2965037,@PHI,9,7,1,0,N/R,0,0,0,0,0,0,0,0.0,0,0,-,0,,,,,,,,,,,,,,,,,,,,,
Reid Sinnett,CIN,QB,3159194,TB,16,6,1,1,N/R,0,0,0,0,0,0,0,0.0,0,0,-,0,,,,,,,,,,,,,,,,,,,,,
Kurtis Rourke,SF,QB,3122216,@LAR,23,8,1,1,N/R,0,0,0,0,0,0,0,0.0,0,0,-,0,,,,,,,,,,,,,,,,,,,,,
Behren Morton,NE,QB,26696177,@SEA,7,11,1,0,N/R,0,0,0,0,0,0,0,0.0,0,0,-,0,,,,,,,,,,,,,,,,,,,,,
Matthew Caldwell,LAR,QB,26724746,SF,1,11,1,1,N/R,0,0,0,0,0,0,0,0.0,0,0,-,0,,,,,,,,,,,,,,,,,,,,,
Drew Plitt,CIN,QB,2252376,TB,16,6,1,1,N/R,0,0,0,0,0,0,0,0.0,0,0,-,0,,,,,,,,,,,,,,,,,,,,,
Kedon Slovis,GB,QB,3123467,@MIN,27,11,1,1,N/R,0,0,0,0,0,0,0,0.0,0,0,-,0,,,,,,,,,,,,,,,,,,,,,
Devin Leary,BAL,QB,2964337,@IND,28,13,1,0,N/R,0,0,0,0,0,0,0,0.0,0,0,-,0,,,,,,,,,,,,,,,,,,,,,
Zack Annexstad,TB,QB,2961799,@CIN,12,10,1,1,N/R,0,0,0,0,0,0,0,0.0,0,0,-,0,,,,,,,,,,,,,,,,,,,,,
Chase Litton,JAC,QB,2182351,CLE,25,7,1,0,N/R,0,0,0,0,0,0,0,0.0,0,0,-,0,,,,,,,,,,,,,,,,,,,,,
Tanner Morgan,MIN,QB,2804401,GB,20,6,1,1,N/R,0,0,0,0,0,0,0,0.0,0,0,-,0,,,,,,,,,,,,,,,,,,,,,
Jason Bean,IND,QB,2962302,BAL,5,13,1,1,N/R,0,0,0,0,0,0,0,0.0,0,0,-,0,,,,,,,,,,,,,,,,,,,,,
Payton Thorne,CIN,QB,3132633,TB,16,6,1,1,N/R,0,0,0,0,0,0,0,0.0,0,0,-,0,,,,,,,,,,,,,,,,,,,,,
Case Cookus,LAR,QB,2194263,SF,1,11,1,1,N/R,0,0,0,0,0,0,0,0.0,0,0,-,0,,,,,,,,,,,,,,,,,,,,,
Ethan Garbers,CAR,QB,3162542,CHI,31,5,1,1,N/R,0,0,0,0,0,0,0,0.0,0,0,-,0,,,,,,,,,,,,,,,,,,,,,
Easton Stick,TB,QB,2137911,@CIN,12,10,1,1,N/R,0,0,0,0,0,0,0,0.0,0,0,-,0,,,,,,,,,,,,,,,,,,,,,
Graham Mertz,HOU,QB,3122664,BUF,21,8,1,1,N/R,0,0,0,0,0,0,0,0.0,0,0,-,0,,,,,,,,,,,,,,,,,,,,,
Brett Rypien,HOU,QB,2181392,BUF,21,8,1,0,N/R,0,0,0,0,0,0,0,0.0,0,0,-,0,,,,,,,,,,,,,,,,,,,,,
Drew Anderson,ARI,QB,3117010,@LAC,17,14,1,1,N/R,0,0,0,0,0,0,0,0.0,0,0,-,0,,,,,,,,,,,,,,,,,,,,,
Zach Wilson,NO,QB,2960892,@DET,32,8,1,1,N/R,0,0,0,0,0,0,0,0.0,0,0,-,0,,,,,,,,,,,,,,,,,,,,,
Connor Bazelak,TB,QB,3123601,@CIN,12,10,1,1,N/R,0,0,0,0,0,0,0,0.0,0,0,-,0,,,,,,,,,,,,,,,,,,,,,
Carson Beck,ARI,QB,3163129,@LAC,17,14,6,1,N/R,0,0,0,0,0,0,0,0.0,0,0,-,0,,,,,,,,,,,,,,,,,,,,,
Tommy DeVito,NE,QB,2865426,@SEA,7,11,1,1,N/R,0,0,0,0,0,0,0,0.0,0,0,-,0,,,,,,,,,,,,,,,,,,,,,
Marcus Mariota,WAS,QB,1880862,@PHI,9,7,2,1,N/R,0,0,0,0,0,0,0,0.0,0,0,-,0,,,,,,,,,,,,,,,,,,,,,
Casey Bauman,LAC,QB,2965414,ARI,14,7,1,1,N/R,0,0,0,0,0,0,0,0.0,0,0,-,0,,,,,,,,,,,,,,,,,,,,,
Dalyn Williams,CHI,QB,2241450,@CAR,29,10,1,1,N/R,0,0,0,0,0,0,0,0.0,0,0,-,0,,,,,,,,,,,,,,,,,,,,,
Dresser Winn,LAR,QB,2828767,SF,1,11,1,1,N/R,0,0,0,0,0,0,0,0.0,0,0,-,0,,,,,,,,,,,,,,,,,,,,,
Austin Reed,BAL,QB,2967693,@IND,28,13,1,0,N/R,0,0,0,0,0,0,0,0.0,0,0,-,0,,,,,,,,,,,,,,,,,,,,,
Logan Woodside,ARI,QB,2060999,@LAC,17,14,1,0,N/R,0,0,0,0,0,0,0,0.0,0,0,-,0,,,,,,,,,,,,,,,,,,,,,
Cole McDonald,ARI,QB,2257005,@LAC,17,14,1,0,N/R,0,0,0,0,0,0,0,0.0,0,0,-,0,,,,,,,,,,,,,,,,,,,,,
Jack Strand,ATL,QB,50048640,@PIT,4,11,1,1,N/R,0,0,0,0,0,0,0,0.0,0,0,-,0,,,,,,,,,,,,,,,,,,,,,
Chase Garbers,LV,QB,2770158,MIA,18,13,1,1,N/R,0,0,0,0,0,0,0,0.0,0,0,-,0,,,,,,,,,,,,,,,,,,,,,
Taylen Green,CLE,QB,26697553,@JAC,10,11,1,1,N/R,0,0,0,0,0,0,0,0.0,0,0,-,0,,,,,,,,,,,,,,,,,,,,,
Matt Johnson,CIN,QB,1851039,TB,16,6,1,1,N/R,0,0,0,0,0,0,0,0.0,0,0,-,0,,,,,,,,,,,,,,,,,,,,,
Seth Henigan,IND,QB,26697328,BAL,5,13,1,1,N/R,0,0,0,0,0,0,0,0.0,0,0,-,0,,,,,,,,,,,,,,,,,,,,,
Colby Suits,NYJ,QB,2966664,@TEN,6,13,1,1,N/R,0,0,0,0,0,0,0,0.0,0,0,-,0,,,,,,,,,,,,,,,,,,,,,
J.T. Barrett,PIT,QB,2060760,ATL,11,9,1,1,N/R,0,0,0,0,0,0,0,0.0,0,0,-,0,,,,,,,,,,,,,,,,,,,,,
Jeff Driskel,WAS,QB,1824745,@PHI,9,7,1,1,N/R,0,0,0,0,0,0,0,0.0,0,0,-,0,,,,,,,,,,,,,,,,,,,,,
Nate Stanley,MIN,QB,2251110,GB,20,6,1,1,N/R,0,0,0,0,0,0,0,0.0,0,0,-,0,,,,,,,,,,,,,,,,,,,,,
Miller Moss,CHI,QB,26696204,@CAR,29,10,1,1,N/R,0,0,0,0,0,0,0,0.0,0,0,-,0,,,,,,,,,,,,,,,,,,,,,
Brandon Peters,LAC,QB,2239738,ARI,14,7,1,1,N/R,0,0,0,0,0,0,0,0.0,0,0,-,0,,,,,,,,,,,,,,,,,,,,,
Tyler Huntley,BAL,QB,3159137,@IND,28,13,1,1,N/R,0,0,0,0,0,0,0,0.0,0,0,-,0,,,,,,,,,,,,,,,,,,,,,
Hendon Hooker,TEN,QB,2805110,NYJ,3,9,1,0,N/R,0,0,0,0,0,0,0,0.0,0,0,-,0,,,,,,,,,,,,,,,,,,,,,
Davis Mills,HOU,QB,2867381,BUF,21,8,1,1,N/R,0,0,0,0,0,0,0,0.0,0,0,-,0,,,,,,,,,,,,,,,,,,,,,
Will Grier,CAR,QB,2131571,CHI,31,5,1,1,N/R,0,0,0,0,0,0,0,0.0,0,0,-,0,,,,,,,,,,,,,,,,,,,,,
Quinn Ewers,JAC,QB,26746721,CLE,25,7,1,1,N/R,0,0,0,0,0,0,0,0.0,0,0,-,0,,,,,,,,,,,,,,,,,,,,,
Tim Boyle,TEN,QB,2071997,NYJ,3,9,1,0,N/R,0,0,0,0,0,0,0,0.0,0,0,-,0,,,,,,,,,,,,,,,,,,,,,
Josh Woodrum,WAS,QB,1893731,@PHI,9,7,1,1,N/R,0,0,0,0,0,0,0,0.0,0,0,-,0,,,,,,,,,,,,,,,,,,,,,
Joe Flacco,CIN,QB,1250697,TB,16,6,2,1,N/R,0,0,0,0,0,0,0,0.0,0,0,0.00,0,,,,,,,,,,,,,,,,,,,,,
Jaren Hall,SEA,QB,2975722,NE,8,11,1,1,N/R,0,0,0,0,0,0,0,0.0,0,0,-,0,,,,,,,,,,,,,,,,,,,,,
Case Keenum,CHI,QB,1137118,@CAR,29,10,1,1,N/R,0,0,0,0,0,0,0,0.0,0,0,-,0,,,,,,,,,,,,,,,,,,,,,
Andy Dalton,PHI,QB,1125961,WAS,22,10,1,1,N/R,0,0,0,0,0,0,0,0.0,0,0,-,0,,,,,,,,,,,,,,,,,,,,,
Joe Milton III,DAL,QB,2962193,@NYG,13,14,1,1,N/R,0,0,0,0,0,0,0,0.0,0,0,-,0,,,,,,,,,,,,,,,,,,,,,
Jordan Ta'amu-Perifanos,MIN,QB,2758265,GB,20,6,1,0,N/R,0,0,0,0,0,0,0,0.0,0,0,-,0,,,,,,,,,,,,,,,,,,,,,
Max Duggan,LAC,QB,3120848,ARI,14,7,1,1,N/R,0,0,0,0,0,0,0,0.0,0,0,-,0,,,,,,,,,,,,,,,,,,,,,
Danny Etling,GB,QB,2060804,@MIN,27,11,1,1,N/R,0,0,0,0,0,0,0,0.0,0,0,-,0,,,,,,,,,,,,,,,,,,,,,
Kenny Pickett,CAR,QB,2804969,CHI,31,5,1,1,N/R,1,0,0,0,0,1,24,24.0,0,0,0.00,0,,,,,,,,,,,,,,,,,,,,,
Jarrett Stidham,DEN,QB,2180697,@KC,2,10,1,1,N/R,0,0,0,0,0,0,0,0.0,0,0,-,0,,,,,,,,,,,,,,,,,,,,,
Jacob Sirmon,CLE,QB,2964138,@JAC,10,11,0,0,N/R,0,0,0,0,0,0,0,0.0,0,0,-,0,,,,,,,,,,,,,,,,,,,,,
D'Eriq King,CAR,QB,2247544,CHI,31,5,1,1,N/R,0,0,0,0,0,0,0,0.0,0,0,-,0,,,,,,,,,,,,,,,,,,,,,
John Paddock,ATL,QB,2963887,@PIT,4,11,0,0,N/R,0,0,0,0,0,0,0,0.0,0,0,-,0,,,,,,,,,,,,,,,,,,,,,
John Wolford,MIN,QB,2983467,GB,20,6,1,1,N/R,0,0,0,0,0,0,0,0.0,0,0,-,0,,,,,,,,,,,,,,,,,,,,,
Jake Fromm,DET,QB,2803326,NO,15,6,1,0,N/R,0,0,0,0,0,0,0,0.0,0,0,-,0,,,,,,,,,,,,,,,,,,,,,
Derek Carr,NO,QB,1664819,@DET,32,8,1,1,N/R,0,0,0,0,0,0,0,0.0,0,0,-,0,,,,,,,,,,,,,,,,,,,,,
Hunter Dekkers,NO,QB,3164837,@DET,32,8,1,1,N/R,0,0,0,0,0,0,0,0.0,0,0,-,0,,,,,,,,,,,,,,,,,,,,,
Kelly Bryant,FA,QB,2179210,BYE,---,0,1,1,N/R,0,0,0,0,0,0,0,0.0,0,0,-,0,,,,,,,,,,,,,,,,,,,,,
Josh Love,CAR,QB,3159112,CHI,31,5,1,0,N/R,0,0,0,0,0,0,0,0.0,0,0,-,0,,,,,,,,,,,,,,,,,,,,,
Teddy Bridgewater,DET,QB,1825122,NO,15,6,1,1,N/R,0,0,0,0,0,0,0,0.0,0,0,-,0,,,,,,,,,,,,,,,,,,,,,
Taylor Elgersma,GB,QB,29675766,@MIN,27,11,1,1,N/R,0,0,0,0,0,0,0,0.0,0,0,-,0,,,,,,,,,,,,,,,,,,,,,
Jake Browning,TB,QB,2180355,@CIN,12,10,1,1,N/R,0,0,0,0,0,0,0,0.0,0,0,-,0,,,,,,,,,,,,,,,,,,,,,
Dorian Thompson-Robinson,PHI,QB,2964729,WAS,22,10,1,0,N/R,0,0,0,0,0,0,0,0.0,0,0,-,0,,,,,,,,,,,,,,,,,,,,,
Philip Rivers,IND,QB,493041,BAL,5,13,1,1,N/R,0,0,0,0,0,0,0,0.0,0,0,-,0,,,,,,,,,,,,,,,,,,,,,
Ty Simpson,LAR,QB,28878532,SF,1,11,7,1,N/R,0,0,0,0,0,0,0,0.0,0,0,-,0,,,,,,,,,,,,,,,,,,,,,
Tyson Bagent,CHI,QB,29081346,@CAR,29,10,1,1,N/R,0,0,0,0,0,0,0,0.0,0,0,-,0,,,,,,,,,,,,,,,,,,,,,
Jamie Newman,PHI,QB,2223214,WAS,22,10,1,1,N/R,0,0,0,0,0,0,0,0.0,0,0,-,0,,,,,,,,,,,,,,,,,,,,,
Rocky Lombardi,CIN,QB,2867061,TB,16,6,1,1,N/R,0,0,0,0,0,0,0,0.0,0,0,-,0,,,,,,,,,,,,,,,,,,,,,
Shane Buechele,BUF,QB,2240307,@HOU,30,7,1,0,N/R,0,0,0,0,0,0,0,0.0,0,0,-,0,,,,,,,,,,,,,,,,,,,,,
Skylar Thompson,BAL,QB,2239649,@IND,28,13,1,0,N/R,0,0,0,0,0,0,0,0.0,0,0,-,0,,,,,,,,,,,,,,,,,,,,,
Alex McGough,GB,QB,2132602,@MIN,27,11,1,1,N/R,0,0,0,0,0,0,0,0.0,0,0,-,0,,,,,,,,,,,,,,,,,,,,,
Drew Allar,PIT,QB,28876938,ATL,11,9,3,0,N/R,0,0,0,0,0,0,0,0.0,0,0,-,0,,,,,,,,,,,,,,,,,,,,,
Desmond Ridder,GB,QB,2864759,@MIN,27,11,1,1,N/R,0,0,0,0,0,0,0,0.0,0,0,-,0,,,,,,,,,,,,,,,,,,,,,
Cole Payton,PHI,QB,26725861,WAS,22,10,1,1,N/R,0,0,0,0,0,0,0,0.0,0,0,-,0,,,,,,,,,,,,,,,,,,,,,
Will Howard,PIT,QB,3162310,ATL,11,9,1,1,N/R,0,0,0,0,0,0,0,0.0,0,0,-,0,,,,,,,,,,,,,,,,,,,,,
Chad Kanoff,TB,QB,2092376,@CIN,12,10,1,1,N/R,0,0,0,0,0,0,0,0.0,0,0,-,0,,,,,,,,,,,,,,,,,,,,,
Fernando Mendoza,LV,QB,28916321,MIA,18,13,25,1,N/R,0,0,0,0,0,0,0,0.0,0,0,-,0,,,,,,,,,,,,,,,,,,,,,
Joe Fagnano,BAL,QB,3121127,@IND,28,13,1,1,N/R,0,0,0,0,0,0,0,0.0,0,0,-,0,,,,,,,,,,,,,,,,,,,,,
J.J. McCarthy,MIN,QB,26695214,GB,20,6,3,1,N/R,0,0,0,0,0,0,0,0.0,0,0,-,0,,,,,,,,,,,,,,,,,,,,,
Jalen Milroe,SEA,QB,26694943,NE,8,11,2,1,N/R,0,0,0,0,0,0,0,0.0,0,0,-,0,,,,,,,,,,,,,,,,,,,,,
Kyler Murray,MIN,QB,2180829,GB,20,6,83,16,N/R,5,3,18,0,1,2,9,4.5,0,0,0.00,0,,,,,,,,,,,,,,,,,,,,,
Kyle Shurmur,WAS,QB,2180561,@PHI,9,7,1,0,N/R,0,0,0,0,0,0,0,0.0,0,0,-,0,,,,,,,,,,,,,,,,,,,,,
Jalen Morton,IND,QB,3159098,BAL,5,13,1,1,N/R,0,0,0,0,0,0,0,0.0,0,0,-,0,,,,,,,,,,,,,,,,,,,,,
Nick Fitzgerald,TB,QB,2131743,@CIN,12,10,1,1,N/R,0,0,0,0,0,0,0,0.0,0,0,-,0,,,,,,,,,,,,,,,,,,,,,
Max Brosmer,MIN,QB,3122489,GB,20,6,1,0,N/R,0,0,0,0,0,0,0,0.0,0,0,-,0,,,,,,,,,,,,,,,,,,,,,
Joey Aguilar,JAC,QB,29123610,CLE,25,7,1,1,N/R,0,0,0,0,0,0,0,0.0,0,0,-,0,,,,,,,,,,,,,,,,,,,,,
Jake Dolegala,MIA,QB,3117019,@LV,19,6,1,1,N/R,0,0,0,0,0,0,0,0.0,0,0,-,0,,,,,,,,,,,,,,,,,,,,,
DJ Uiagalelei,LAC,QB,3162292,ARI,14,7,1,1,N/R,0,0,0,0,0,0,0,0.0,0,0,-,0,,,,,,,,,,,,,,,,,,,,,
Kyle McCord,MIA,QB,26702687,@LV,19,6,1,1,N/R,0,0,0,0,0,0,0,0.0,0,0,-,0,,,,,,,,,,,,,,,,,,,,,
Shedeur Sanders,CLE,QB,26710004,@JAC,10,11,7,1,N/R,0,0,0,0,0,0,0,0.0,0,0,-,0,,,,,,,,,,,,,,,,,,,,,
Phillip Sims,SEA,QB,2175073,NE,8,11,1,0,N/R,0,0,0,0,0,0,0,0.0,0,0,-,0,,,,,,,,,,,,,,,,,,,,,
Sean Clifford,CIN,QB,2868998,TB,16,6,1,0,N/R,0,0,0,0,0,0,0,0.0,0,0,-,0,,,,,,,,,,,,,,,,,,,,,
Athan Kaliakmanis,WAS,QB,26700919,@PHI,9,7,1,1,N/R,0,0,0,0,0,0,0,0.0,0,0,-,0,,,,,,,,,,,,,,,,,,,,,
Emory Jones,ATL,QB,2967045,@PIT,4,11,1,1,N/R,0,0,0,0,0,0,0,0.0,0,0,-,0,,,,,,,,,,,,,,,,,,,,,
Bryce Perkins,CAR,QB,3159114,CHI,31,5,1,1,N/R,0,0,0,0,0,0,0,0.0,0,0,-,0,,,,,,,,,,,,,,,,,,,,,
Nick Mullens,JAC,QB,2819104,CLE,25,7,1,1,N/R,0,0,0,0,0,3,-3,-1.0,0,0,0.00,0,,,,,,,,,,,,,,,,,,,,,
Aidan O'Connell,LV,QB,2868716,MIA,18,13,1,1,N/R,0,0,0,0,0,0,0,0.0,0,0,-,0,,,,,,,,,,,,,,,,,,,,,
Kyle Trask,CAR,QB,2221839,CHI,31,5,1,0,N/R,0,0,0,0,0,0,0,0.0,0,0,-,0,,,,,,,,,,,,,,,,,,,,,
Clayton Tune,GB,QB,2964808,@MIN,27,11,1,1,N/R,0,0,0,0,0,0,0,0.0,0,0,-,0,,,,,,,,,,,,,,,,,,,,,
Tyrod Taylor,GB,QB,1243338,@MIN,27,11,1,1,N/R,0,0,0,0,0,0,0,0.0,0,0,-,0,,,,,,,,,,,,,,,,,,,,,
Nate Sudfeld,SF,QB,2001862,@LAR,23,8,1,1,N/R,0,0,0,0,0,0,0,0.0,0,0,-,0,,,,,,,,,,,,,,,,,,,,,
Ben Bryant,NYJ,QB,2961091,@TEN,6,13,1,1,N/R,0,0,0,0,0,0,0,0.0,0,0,-,0,,,,,,,,,,,,,,,,,,,,,
Luis Perez,LAC,QB,2927085,ARI,14,7,1,0,N/R,0,0,0,0,0,0,0,0.0,0,0,-,0,,,,,,,,,,,,,,,,,,,,,
Tua Tagovailoa,ATL,QB,2741209,@PIT,4,11,9,1,N/R,0,0,0,0,0,0,0,0.0,0,0,-,0,,,,,,,,,,,,,,,,,,,,,
Michael Penix Jr.,ATL,QB,2963496,@PIT,4,11,8,1,N/R,0,0,0,0,0,0,0,0.0,0,0,-,0,,,,,,,,,,,,,,,,,,,,,
Kyle Sloter,JAC,QB,2820013,CLE,25,7,1,1,N/R,0,0,0,0,0,0,0,0.0,0,0,-,0,,,,,,,,,,,,,,,,,,,,,
Griffin Neal,NO,QB,2233463,@DET,32,8,1,0,N/R,0,0,0,0,0,0,0,0.0,0,0,-,0,,,,,,,,,,,,,,,,,,,,,
Mark Gronowski,HOU,QB,26719097,BUF,21,8,1,1,N/R,0,0,0,0,0,0,0,0.0,0,0,-,0,,,,,,,,,,,,,,,,,,,,,
Chevan Cordeiro,SEA,QB,2968919,NE,8,11,0,0,N/R,0,0,0,0,0,0,0,0.0,0,0,-,0,,,,,,,,,,,,,,,,,,,,,
Andrew Peasley,NYJ,QB,2966161,@TEN,6,13,1,1,N/R,0,0,0,0,0,0,0,0.0,0,0,-,0,,,,,,,,,,,,,,,,,,,,,
Manny Wilkins,GB,QB,2131504,@MIN,27,11,1,1,N/R,0,0,0,0,0,0,0,0.0,0,0,-,0,,,,,,,,,,,,,,,,,,,,,
Justin Fields,KC,QB,1273205,DEN,24,5,3,1,N/R,0,0,0,0,0,0,0,0.0,0,0,0.00,0,,,,,,,,,,,,,,,,,,,,,
Levi Lewis,SEA,QB,2819874,NE,8,11,1,0,N/R,0,0,0,0,0,0,0,0.0,0,0,-,0,,,,,,,,,,,,,,,,,,,,,
Nolan Henderson,BAL,QB,2816145,@IND,28,13,1,1,N/R,0,0,0,0,0,0,0,0.0,0,0,-,0,,,,,,,,,,,,,,,,,,,,,
Sam Ehlinger,DEN,QB,2803330,@KC,2,10,1,1,N/R,0,0,0,0,0,0,0,0.0,0,0,-,0,,,,,,,,,,,,,,,,,,,,,
Cam Miller,MIA,QB,3175318,@LV,19,6,1,1,N/R,0,0,0,0,0,0,0,0.0,0,0,-,0,,,,,,,,,,,,,,,,,,,,,
E.J. Perry,JAC,QB,2804090,CLE,25,7,1,1,N/R,0,0,0,0,0,0,0,0.0,0,0,-,0,,,,,,,,,,,,,,,,,,,,,
Steven Montez,DET,QB,2185536,NO,15,6,1,1,N/R,0,0,0,0,0,0,0,0.0,0,0,-,0,,,,,,,,,,,,,,,,,,,,,
Jack Coan,IND,QB,2804446,BAL,5,13,1,1,N/R,0,0,0,0,0,0,0,0.0,0,0,-,0,,,,,,,,,,,,,,,,,,,,,
Brandon Bridge,FA,QB,1776297,BYE,---,0,1,1,N/R,0,0,0,0,0,0,0,0.0,0,0,-,0,,,,,,,,,,,,,,,,,,,,,
James Morgan,ARI,QB,2180077,@LAC,17,14,1,1,N/R,0,0,0,0,0,0,0,0.0,0,0,-,0,,,,,,,,,,,,,,,,,,,,,
Nick Stevens,DEN,QB,2927394,@KC,2,10,1,1,N/R,0,0,0,0,0,0,0,0.0,0,0,-,0,,,,,,,,,,,,,,,,,,,,,
Ben DiNucci,DEN,QB,2179411,@KC,2,10,1,1,N/R,0,0,0,0,0,0,0,0.0,0,0,-,0,,,,,,,,,,,,,,,,,,,,,
Sam Darnold,SEA,QB,2180320,NE,8,11,59,9,N/R,2,1,13,0,0,0,0,0.0,0,0,0.00,0,,,,,,,,,,,,,,,,,,,,,
Gavin Hardison,MIA,QB,3133986,@LV,19,6,1,1,N/R,0,0,0,0,0,0,0,0.0,0,0,-,0,,,,,,,,,,,,,,,,,,,,,
Jacob Clark,LV,QB,3123588,MIA,18,13,0,0,N/R,0,0,0,0,0,0,0,0.0,0,0,-,0,,,,,,,,,,,,,,,,,,,,,
Michael Pratt,TB,QB,3163083,@CIN,12,10,1,1,N/R,0,0,0,0,0,0,0,0.0,0,0,-,0,,,,,,,,,,,,,,,,,,,,,
K.J. Costello,NO,QB,2251134,@DET,32,8,1,0,N/R,0,0,0,0,0,0,0,0.0,0,0,-,0,,,,,,,,,,,,,,,,,,,,,
Diego Pavia,BAL,QB,28873851,@IND,28,13,1,1,N/R,0,0,0,0,0,0,0,0.0,0,0,-,0,,,,,,,,,,,,,,,,,,,,,
Tanner McKee,PHI,QB,2963945,WAS,22,10,1,1,N/R,0,0,0,0,0,0,0,0.0,0,0,-,0,,,,,,,,,,,,,,,,,,,,,
Tim DeMorat,WAS,QB,2966739,@PHI,9,7,1,1,N/R,0,0,0,0,0,0,0,0.0,0,0,-,0,,,,,,,,,,,,,,,,,,,,,
Jake Haener,NYG,QB,2815170,DAL,26,8,1,1,N/R,0,0,0,0,0,0,0,0.0,0,0,-,0,,,,,,,,,,,,,,,,,,,,,
Brett Gabbert,MIA,QB,3123271,@LV,19,6,1,1,N/R,0,0,0,0,0,0,0,0.0,0,0,-,0,,,,,,,,,,,,,,,,,,,,,
Chris Oladokun,KC,QB,2261701,DEN,24,5,1,1,N/R,0,0,0,0,0,0,0,0.0,0,0,-,0,,,,,,,,,,,,,,,,,,,,,
Stetson Bennett,LAR,QB,2871628,SF,1,11,1,1,N/R,3,2,13,0,0,1,9,9.0,0,0,0.00,0,,,,,,,,,,,,,,,,,,,,,
Clayton Thorson,NYG,QB,2136556,DAL,26,8,1,0,N/R,0,0,0,0,0,0,0,0.0,0,0,-,0,,,,,,,,,,,,,,,,,,,,,
Carter Bradley,JAC,QB,2961526,CLE,25,7,1,0,N/R,0,0,0,0,0,0,0,0.0,0,0,-,0,,,,,,,,,,,,,,,,,,,,,
Joshua Dobbs,DET,QB,2071844,NO,15,6,1,1,N/R,0,0,0,0,0,0,0,0.0,0,0,-,0,,,,,,,,,,,,,,,,,,,,,
Cade Klubnik,NYJ,QB,28874636,@TEN,6,13,2,1,N/R,0,0,0,0,0,0,0,0.0,0,0,-,0,,,,,,,,,,,,,,,,,,,,,
Austin Aune,ATL,QB,2053471,@PIT,4,11,1,0,N/R,0,0,0,0,0,0,0,0.0,0,0,-,0,,,,,,,,,,,,,,,,,,,,,
Taryn Christion,PIT,QB,2183276,ATL,11,9,1,0,N/R,0,0,0,0,0,0,0,0.0,0,0,-,0,,,,,,,,,,,,,,,,,,,,,
Ryan Williams,GB,QB,2219913,@MIN,27,11,1,1,N/R,0,0,0,0,0,0,0,0.0,0,0,-,0,,,,,,,,,,,,,,,,,,,,,
Jalon Daniels,TB,QB,3166688,@CIN,12,10,1,1,N/R,0,0,0,0,0,0,0,0.0,0,0,-,0,,,,,,,,,,,,,,,,,,,,,
Will Levis,TEN,QB,2964377,NYJ,3,9,1,1,N/R,0,0,0,0,0,0,0,0.0,0,0,-,0,,,,,,,,,,,,,,,,,,,,,
Jarrett Guarantano,DEN,QB,2247508,@KC,2,10,1,1,N/R,0,0,0,0,0,0,0,0.0,0,0,-,0,,,,,,,,,,,,,,,,,,,,,
Kyron Drones,GB,QB,26698149,@MIN,27,11,1,0,N/R,0,0,0,0,0,0,0,0.0,0,0,-,0,,,,,,,,,,,,,,,,,,,,,
James Blackman,MIA,QB,2866514,@LV,19,6,1,0,N/R,0,0,0,0,0,0,0,0.0,0,0,-,0,,,,,,,,,,,,,,,,,,,,,
Bailey Zappe,NYJ,QB,2866483,@TEN,6,13,1,1,N/R,0,0,0,0,0,0,0,0.0,0,0,-,0,,,,,,,,,,,,,,,,,,,,,
Nathan Rourke,ATL,QB,2818390,@PIT,4,11,1,0,N/R,0,0,0,0,0,0,0,0.0,0,0,-,0,,,,,,,,,,,,,,,,,,,,,
Jimmy Garoppolo,LAR,QB,1760229,SF,1,11,1,1,N/R,0,0,0,0,0,0,0,0.0,0,0,-,0,,,,,,,,,,,,,,,,,,,,,
Brady Cook,MIA,QB,3163207,@LV,19,6,1,0,N/R,0,0,0,0,0,0,0,0.0,0,0,-,0,,,,,,,,,,,,,,,,,,,,,
Carson Strong,ARI,QB,2963002,@LAC,17,14,1,0,N/R,0,0,0,0,0,0,0,0.0,0,0,-,0,,,,,,,,,,,,,,,,,,,,,
Mike White,CAR,QB,2072143,CHI,31,5,1,0,N/R,0,0,0,0,0,0,0,0.0,0,0,-,0,,,,,,,,,,,,,,,,,,,,,
Eric Dungey,CIN,QB,3116821,TB,16,6,0,0,N/R,0,0,0,0,0,0,0,0.0,0,0,-,0,,,,,,,,,,,,,,,,,,,,,
Tanner Mordecai,SF,QB,2965998,@LAR,23,8,1,1,N/R,0,0,0,0,0,0,0,0.0,0,0,-,0,,,,,,,,,,,,,,,,,,,,,
Anthony Richardson,IND,QB,3163263,BAL,5,13,2,1,N/R,0,0,0,0,0,0,0,0.0,0,0,-,0,,,,,,,,,,,,,,,,,,,,,
Ryan Aplin,FA,QB,1631205,BYE,---,0,1,1,N/R,0,0,0,0,0,0,0,0.0,0,0,-,0,,,,,,,,,,,,,,,,,,,,,
Josh Johnson,CIN,QB,1325808,TB,16,6,1,1,N/R,0,0,0,0,0,0,0,0.0,0,0,-,0,,,,,,,,,,,,,,,,,,,,,
Collin Klein,FA,QB,1630750,BYE,---,0,1,1,N/R,0,0,0,0,0,0,0,0.0,0,0,-,0,,,,,,,,,,,,,,,,,,,,,
Kenneth Walker III,KC,RB,3121372,DEN,31,5,100,97,5,,,173,1,,23,18,7.5,1,0,6.0,13,6,3,13.00,,,,,,,,,,,,,,,,,,
Derrick Henry,BAL,RB,2061188,@IND,30,13,100,100,6,,,144,3,,24,19,6.0,0,0,19.0,11,1,1,11.00,,,,,,,,,,,,,,,,,,
D'Andre Swift,CHI,RB,2871710,@CAR,32,10,100,95,14,,,124,3,,18,10,6.9,0,0,10.0,10,1,1,10.00,,,,,,,,,,,,,,,,,,
Bijan Robinson,ATL,RB,3168163,@PIT,28,11,100,100,2,,,83,0,,21,90,4.0,1,0,11.2,8,10,8,8.00,,,,,,,,,,,,,,,,,,
Kyle Monangai,CHI,RB,3177368,@CAR,32,10,92,12,33,,,100,1,,10,24,10.0,0,0,12.0,8,2,2,8.00,,,,,,,,,,,,,,,,,,
Jahmyr Gibbs,DET,RB,3162723,NO,29,6,100,100,1,,,156,2,,29,30,5.4,0,1,6.0,8,5,5,8.00,,,,,,,,,,,,,,,,,,
David Montgomery,HOU,RB,2261252,BUF,24,8,100,85,21,,,60,2,,20,19,3.0,1,0,6.3,6,3,3,6.00,,,,,,,,,,,,,,,,,,
Ashton Jeanty,LV,RB,28874008,MIA,26,13,100,94,8,,,102,0,,23,45,4.4,2,0,7.5,6,6,6,6.00,,,,,,,,,,,,,,,,,,
Jonathan Taylor,IND,RB,2866395,BAL,22,13,100,100,3,,,98,2,,19,23,5.2,0,1,7.7,5,4,3,5.00,,,,,,,,,,,,,,,,,,
Bucky Irving,TB,RB,26693770,@CIN,15,10,100,92,12,,,45,1,,8,48,5.6,0,1,6.9,4,7,7,4.00,,,,,,,,,,,,,,,,,,
Breece Hall,NYJ,RB,3123469,@TEN,23,13,100,91,13,,,102,1,,22,16,4.6,0,0,8.0,4,2,2,4.00,,,,,,,,,,,,,,,,,,
Javonte Williams,DAL,RB,2961719,@NYG,12,14,100,98,10,,,41,1,,12,31,3.4,1,0,6.2,4,5,5,4.00,,,,,,,,,,,,,,,,,,
Chuba Hubbard,CAR,RB,2865693,CHI,27,5,94,33,23,,,49,1,,10,38,4.9,1,0,12.7,3,3,3,3.00,,,,,,,,,,,,,,,,,,
Omarion Hampton,LAC,RB,28908905,ARI,4,7,100,98,16,,,43,1,,12,0,3.6,0,1,0.0,2,0,0,2.00,,,,,,,,,,,,,,,,,,
Kendre Miller,NO,RB,3162256,@DET,17,8,2,1,N/R,,,30,1,,9,0,3.3,0,0,0.0,2,0,0,2.00,,,,,,,,,,,,,,,,,,
Chase Brown,CIN,RB,2965160,TB,16,6,100,99,9,,,56,1,,16,22,3.5,0,0,4.4,2,6,5,2.00,,,,,,,,,,,,,,,,,,
Cam Skattebo,NYG,RB,26697012,DAL,25,8,100,93,19,,,81,1,,18,0,4.5,0,0,0.0,2,0,0,2.00,,,,,,,,,,,,,,,,,,
Rhamondre Stevenson,NE,RB,3125832,@SEA,11,11,99,63,20,,,51,0,,18,44,2.8,0,0,8.8,2,6,5,2.00,,,,,,,,,,,,,,,,,,
Aaron Jones,MIN,RB,2071937,GB,14,6,86,9,34,,,40,1,,12,0,3.3,0,0,0.0,1,1,0,1.00,,,,,,,,,,,,,,,,,,
Saquon Barkley,PHI,RB,2185957,WAS,9,10,100,100,11,,,83,0,,15,-3,5.5,0,0,-3.0,1,2,1,1.00,,,,,,,,,,,,,,,,,,
Tyler Allgeier,ARI,RB,2975590,@LAC,18,14,65,4,42,,,61,0,,17,9,3.6,0,0,4.5,1,2,2,1.00,,,,,,,,,,,,,,,,,,
Kyren Williams,LAR,RB,3121836,SF,20,11,100,97,17,,,41,1,,11,24,3.7,0,0,8.0,1,3,3,1.00,,,,,,,,,,,,,,,,,,
Devin Singletary,NYG,RB,2241251,DAL,25,8,2,1,N/R,,,16,0,,6,22,2.7,1,0,5.5,1,4,4,1.00,,,,,,,,,,,,,,,,,,
Jordan Mason,MIN,RB,2967536,GB,14,6,96,16,30,,,59,1,,15,0,3.9,0,0,0.0,1,0,0,1.00,,,,,,,,,,,,,,,,,,
Kaelon Black,SF,RB,3162599,@LAR,21,8,63,3,36,,,65,0,,14,5,4.6,0,0,5.0,1,1,1,1.00,,,,,,,,,,,,,,,,,,
Bhayshul Tuten,JAC,RB,26732838,CLE,19,7,100,64,28,,,66,0,,15,22,4.4,0,0,22.0,1,1,1,1.00,,,,,,,,,,,,,,,,,,
Jacory Croskey-Merritt,WAS,RB,3126952,@PHI,10,7,93,16,25,,,63,1,,16,-7,3.9,0,0,-7.0,1,1,1,1.00,,,,,,,,,,,,,,,,,,
Jaylen Warren,PIT,RB,3126535,ATL,8,9,98,48,27,,,46,0,,10,27,4.6,0,1,5.4,1,6,5,1.00,,,,,,,,,,,,,,,,,,
Jeremiyah Love,ARI,RB,29133405,@LAC,18,14,100,65,24,,,41,1,,11,9,3.7,0,0,4.5,1,4,2,1.00,,,,,,,,,,,,,,,,,,
Travis Etienne,NO,RB,2809206,@DET,17,8,100,92,18,,,46,0,,9,32,5.1,0,0,4.6,1,9,7,1.00,,,,,,,,,,,,,,,,,,
Christian McCaffrey,SF,RB,2136743,@LAR,21,8,100,100,4,,,68,0,,10,20,6.8,0,0,4.0,1,8,5,1.00,,,,,,,,,,,,,,,,,,
Kaleb Johnson,GB,RB,28875572,@MIN,2,11,13,1,N/R,,,0,0,,0,0,0.0,0,0,0.0,0,0,0,0.00,,,,,,,,,,,,,,,,,,
Owen Wright,HOU,RB,2818062,BUF,24,8,1,1,N/R,,,0,0,,0,0,0.0,0,0,0.0,0,0,0,-,,,,,,,,,,,,,,,,,,
Jordan Ellis,CIN,RB,2139040,TB,16,6,1,0,N/R,,,0,0,,0,0,0.0,0,0,0.0,0,0,0,-,,,,,,,,,,,,,,,,,,
Myles Montgomery,NE,RB,26703126,@SEA,11,11,1,1,N/R,,,0,0,,0,0,0.0,0,0,0.0,0,0,0,-,,,,,,,,,,,,,,,,,,
Elijah Collins,CIN,RB,2961847,TB,16,6,0,0,N/R,,,0,0,,0,0,0.0,0,0,0.0,0,0,0,-,,,,,,,,,,,,,,,,,,
Jaden Nixon,GB,RB,26727476,@MIN,2,11,1,1,N/R,,,0,0,,0,0,0.0,0,0,0.0,0,0,0,-,,,,,,,,,,,,,,,,,,
TaMerik Williams,SEA,RB,2961275,NE,13,11,1,1,N/R,,,0,0,,0,0,0.0,0,0,0.0,0,0,0,-,,,,,,,,,,,,,,,,,,
Quinshon Judkins,CLE,RB,28878286,@JAC,7,11,100,71,26,,,33,0,,12,17,2.8,0,0,8.5,0,2,2,0.00,,,,,,,,,,,,,,,,,,
Jakob Johnson,HOU,RB,3114047,BUF,24,8,1,1,N/R,,,0,0,,0,0,0.0,0,0,0.0,0,0,0,-,,,,,,,,,,,,,,,,,,
Greg Bell,PIT,RB,3137978,ATL,8,9,1,1,N/R,,,0,0,,0,0,0.0,0,0,0.0,0,0,0,-,,,,,,,,,,,,,,,,,,
Ke'Shawn Vaughn,SF,RB,2179704,@LAR,21,8,1,1,N/R,,,0,0,,0,0,0.0,0,0,0.0,0,0,0,-,,,,,,,,,,,,,,,,,,
Calvin Tyler Jr.,CIN,RB,2870612,TB,16,6,1,1,N/R,,,0,0,,0,0,0.0,0,0,0.0,0,0,0,-,,,,,,,,,,,,,,,,,,
Eli Heidenreich,PIT,RB,28901170,ATL,8,9,2,1,N/R,,,0,0,,0,0,0.0,0,0,0.0,0,0,0,0.00,,,,,,,,,,,,,,,,,,
Noah Whittington,HOU,RB,3161758,BUF,24,8,1,1,N/R,,,0,0,,0,0,0.0,0,0,0.0,0,0,0,-,,,,,,,,,,,,,,,,,,
Wayne Taulapapa,SEA,RB,2960832,NE,13,11,1,0,N/R,,,0,0,,0,0,0.0,0,0,0.0,0,0,0,-,,,,,,,,,,,,,,,,,,
Jawhar Jordan,HOU,RB,3121704,BUF,24,8,1,1,N/R,,,0,0,,0,0,0.0,0,0,0.0,0,0,0,-,,,,,,,,,,,,,,,,,,
Ronnie Brown,TB,RB,29117338,@CIN,15,10,1,1,N/R,,,0,0,,0,0,0.0,0,0,0.0,0,0,0,-,,,,,,,,,,,,,,,,,,
Demond Claiborne,MIN,RB,28883197,GB,14,6,7,1,N/R,,,0,0,,0,0,0.0,0,0,0.0,0,0,0,-,,,,,,,,,,,,,,,,,,
Rakeem Boyd,DET,RB,2260196,NO,29,6,1,0,N/R,,,0,0,,0,0,0.0,0,0,0.0,0,0,0,-,,,,,,,,,,,,,,,,,,
Jamaal Williams,NO,RB,2001287,@DET,17,8,1,1,N/R,,,0,0,,0,0,0.0,0,0,0.0,0,0,0,-,,,,,,,,,,,,,,,,,,
Craig Reynolds,WAS,RB,3117134,@PHI,10,7,1,1,N/R,,,0,0,,0,0,0.0,0,0,0.0,0,0,0,-,,,,,,,,,,,,,,,,,,
Salvon Ahmed,CHI,RB,2815163,@CAR,32,10,1,1,N/R,,,0,0,,0,0,0.0,0,0,0.0,0,0,0,-,,,,,,,,,,,,,,,,,,
Damon Bankston,GB,RB,26725313,@MIN,2,11,1,1,N/R,,,0,0,,0,0,0.0,0,0,0.0,0,0,0,-,,,,,,,,,,,,,,,,,,
Mike Washington Jr.,LV,RB,26693539,MIA,26,13,87,8,N/R,,,41,0,,7,0,5.9,0,0,0.0,0,0,0,0.00,,,,,,,,,,,,,,,,,,
Master Teague III,PIT,RB,2962320,ATL,8,9,1,0,N/R,,,0,0,,0,0,0.0,0,0,0.0,0,0,0,-,,,,,,,,,,,,,,,,,,
Tiyon Evans,CAR,RB,26701126,CHI,27,5,1,0,N/R,,,0,0,,0,0,0.0,0,0,0.0,0,0,0,-,,,,,,,,,,,,,,,,,,
Royce Freeman,LAC,RB,2139588,ARI,4,7,1,1,N/R,,,0,0,,0,0,0.0,0,0,0.0,0,0,0,-,,,,,,,,,,,,,,,,,,
Blake Corum,LAR,RB,3169252,SF,20,11,94,8,35,,,54,0,,10,0,5.4,0,0,0.0,0,0,0,0.00,,,,,,,,,,,,,,,,,,
Brandon Johnson,PIT,RB,2245903,ATL,8,9,1,0,N/R,,,0,0,,0,0,0.0,0,0,0.0,0,0,0,-,,,,,,,,,,,,,,,,,,
Ronald Awatt,SF,RB,2805483,@LAR,21,8,1,0,N/R,,,0,0,,0,0,0.0,0,0,0.0,0,0,0,-,,,,,,,,,,,,,,,,,,
DJ Williams,TB,RB,3122835,@CIN,15,10,1,1,N/R,,,0,0,,0,0,0.0,0,0,0.0,0,0,0,-,,,,,,,,,,,,,,,,,,
Michael Burton,CLE,RB,1759407,@JAC,7,11,1,1,N/R,,,0,0,,0,0,0.0,0,0,0.0,0,0,0,0.00,,,,,,,,,,,,,,,,,,
Ramon Jefferson,TB,RB,2816981,@CIN,15,10,1,1,N/R,,,0,0,,0,0,0.0,0,0,0.0,0,0,0,-,,,,,,,,,,,,,,,,,,
Sean Tucker,TB,RB,3168416,@CIN,15,10,5,1,N/R,,,0,0,,0,0,0.0,0,0,0.0,0,0,0,-,,,,,,,,,,,,,,,,,,
DeAndre Torrey,PHI,RB,2960960,WAS,9,10,1,1,N/R,,,0,0,,0,0,0.0,0,0,0.0,0,0,0,-,,,,,,,,,,,,,,,,,,
Jabari Small,DET,RB,3171876,NO,29,6,1,1,N/R,,,0,0,,0,0,0.0,0,0,0.0,0,0,0,-,,,,,,,,,,,,,,,,,,
Antonio Gibson,NE,RB,2960976,@SEA,11,11,1,1,N/R,,,0,0,,0,0,0.0,0,0,0.0,0,0,0,-,,,,,,,,,,,,,,,,,,
Jackson Acker,BUF,RB,26726610,@HOU,6,7,1,1,N/R,,,0,0,,0,0,0.0,0,0,0.0,0,0,0,-,,,,,,,,,,,,,,,,,,
Brian Robinson Jr.,ATL,RB,2741207,@PIT,28,11,41,1,N/R,,,31,0,,9,0,3.4,0,0,0.0,0,0,0,0.00,,,,,,,,,,,,,,,,,,
Jonah Coleman,DEN,RB,28877250,@KC,5,10,57,1,N/R,,,0,0,,0,0,0.0,0,0,0.0,0,0,0,0.00,,,,,,,,,,,,,,,,,,
Roydell Williams,DET,RB,3162757,NO,29,6,1,1,N/R,,,0,0,,0,0,0.0,0,0,0.0,0,0,0,-,,,,,,,,,,,,,,,,,,
Tyrone Tracy Jr.,NYG,RB,2963637,DAL,25,8,43,1,N/R,,,14,0,,2,0,7.0,0,1,0.0,0,0,0,0.00,,,,,,,,,,,,,,,,,,
De'Montre Tuggle,CHI,RB,3125318,@CAR,32,10,1,1,N/R,,,0,0,,0,0,0.0,0,0,0.0,0,0,0,-,,,,,,,,,,,,,,,,,,
Ulysses Bentley IV,IND,RB,3125140,BAL,22,13,1,0,N/R,,,0,0,,0,0,0.0,0,0,0.0,0,0,0,-,,,,,,,,,,,,,,,,,,
Nyheim Miller-Hines,NO,RB,2183832,@DET,17,8,1,1,N/R,,,0,0,,0,0,0.0,0,0,0.0,0,0,0,-,,,,,,,,,,,,,,,,,,
Elijah Dotson,ATL,RB,2830007,@PIT,28,11,1,0,N/R,,,0,0,,0,0,0.0,0,0,0.0,0,0,0,-,,,,,,,,,,,,,,,,,,
Demario Richard,ATL,RB,2131493,@PIT,28,11,1,1,N/R,,,0,0,,0,0,0.0,0,0,0.0,0,0,0,-,,,,,,,,,,,,,,,,,,
Chip Trayanum,NYJ,RB,3162240,@TEN,23,13,1,1,N/R,,,0,0,,0,0,0.0,0,0,0.0,0,0,0,-,,,,,,,,,,,,,,,,,,
Ray Davis,BUF,RB,3123108,@HOU,6,7,22,1,N/R,,,3,0,,1,0,3.0,0,0,0.0,0,0,0,0.00,,,,,,,,,,,,,,,,,,
Hassan Hall,ARI,RB,2960978,@LAC,18,14,1,0,N/R,,,0,0,,0,0,0.0,0,0,0.0,0,0,0,-,,,,,,,,,,,,,,,,,,
Jarveon Howard,BUF,RB,2965481,@HOU,6,7,1,0,N/R,,,0,0,,0,0,0.0,0,0,0.0,0,0,0,-,,,,,,,,,,,,,,,,,,
TreVeyon Henderson,NE,RB,26699547,@SEA,11,11,98,8,39,,,0,0,,0,0,0.0,0,0,0.0,0,0,0,-,,,,,,,,,,,,,,,,,,
TJ Pledger,ARI,RB,2963440,@LAC,18,14,1,1,N/R,,,0,0,,0,0,0.0,0,0,0.0,0,0,0,-,,,,,,,,,,,,,,,,,,
CJ Marable,NE,RB,2239828,@SEA,11,11,0,0,N/R,,,0,0,,0,0,0.0,0,0,0.0,0,0,0,-,,,,,,,,,,,,,,,,,,
Mike Boone,MIA,RB,2925551,@LV,1,6,1,1,N/R,,,0,0,,0,0,0.0,0,0,0.0,0,0,0,-,,,,,,,,,,,,,,,,,,
Dillon Johnson,CAR,RB,3171023,CHI,27,5,1,1,N/R,,,0,0,,0,0,0.0,0,0,0.0,0,0,0,-,,,,,,,,,,,,,,,,,,
Amar Johnson,LAC,RB,26745358,ARI,4,7,1,1,N/R,,,0,0,,0,0,0.0,0,0,0.0,0,0,0,-,,,,,,,,,,,,,,,,,,
Isaiah Spiller,LV,RB,3131703,MIA,26,13,1,1,N/R,,,0,0,,0,0,0.0,0,0,0.0,0,0,0,-,,,,,,,,,,,,,,,,,,
Tyler Hoosman,LAC,RB,2866762,ARI,4,7,1,1,N/R,,,0,0,,0,0,0.0,0,0,0.0,0,0,0,-,,,,,,,,,,,,,,,,,,
Kentrel Bullock,CIN,RB,3168827,TB,16,6,1,1,N/R,,,0,0,,0,0,0.0,0,0,0.0,0,0,0,-,,,,,,,,,,,,,,,,,,
Zamir White,NO,RB,2963641,@DET,17,8,1,1,N/R,,,0,0,,0,0,0.0,0,0,0.0,0,0,0,-,,,,,,,,,,,,,,,,,,
Max Borghi,PIT,RB,2965014,ATL,8,9,1,1,N/R,,,0,0,,0,0,0.0,0,0,0.0,0,0,0,-,,,,,,,,,,,,,,,,,,
Nico Evans,PHI,RB,2131958,WAS,9,10,1,0,N/R,,,0,0,,0,0,0.0,0,0,0.0,0,0,0,-,,,,,,,,,,,,,,,,,,
Mikey Daniel,CAR,RB,2195033,CHI,27,5,0,0,N/R,,,0,0,,0,0,0.0,0,0,0.0,0,0,0,-,,,,,,,,,,,,,,,,,,
Darius Clark,CAR,RB,26642430,CHI,27,5,1,1,N/R,,,0,0,,0,0,0.0,0,0,0.0,0,0,0,-,,,,,,,,,,,,,,,,,,
Tyjae Spears,TEN,RB,3122588,NYJ,3,9,57,2,45,,,12,0,,3,12,4.0,0,0,6.0,0,4,2,0.00,,,,,,,,,,,,,,,,,,
Demetric Felton,WAS,RB,2240193,@PHI,10,7,1,1,N/R,,,0,0,,0,0,0.0,0,0,0.0,0,0,0,-,,,,,,,,,,,,,,,,,,
Hunter Luepke,DAL,RB,2969438,@NYG,12,14,1,1,N/R,,,7,0,,1,0,7.0,0,0,0.0,0,0,0,0.00,,,,,,,,,,,,,,,,,,
A.J. Rose,LAR,RB,2245147,SF,20,11,1,1,N/R,,,0,0,,0,0,0.0,0,0,0.0,0,0,0,-,,,,,,,,,,,,,,,,,,
Anthony Tyus III,CAR,RB,26696862,CHI,27,5,1,1,N/R,,,0,0,,0,0,0.0,0,0,0.0,0,0,0,-,,,,,,,,,,,,,,,,,,
Jonathon Brooks,CAR,RB,26730706,CHI,27,5,97,18,44,,,14,0,,4,48,3.5,0,0,48.0,0,2,1,0.00,,,,,,,,,,,,,,,,,,
Darrynton Evans,BUF,RB,2240806,@HOU,6,7,1,1,N/R,,,0,0,,0,0,0.0,0,0,0.0,0,0,0,-,,,,,,,,,,,,,,,,,,
Kyle Juszczyk,SF,RB,1683145,@LAR,21,8,1,1,N/R,,,0,0,,0,0,0.0,0,0,0.0,0,0,0,0.00,,,,,,,,,,,,,,,,,,
Dean Connors,LAR,RB,28874921,SF,20,11,1,0,N/R,,,0,0,,0,0,0.0,0,0,0.0,0,0,0,-,,,,,,,,,,,,,,,,,,
Kareem Hunt,KC,RB,2079567,DEN,31,5,2,1,N/R,,,0,0,,0,0,0.0,0,0,0.0,0,0,0,-,,,,,,,,,,,,,,,,,,
Isaac Guerendo,SF,RB,2964154,@LAR,21,8,1,1,N/R,,,0,0,,0,0,0.0,0,0,0.0,0,0,0,-,,,,,,,,,,,,,,,,,,
Khalan Laborn,SF,RB,2867448,@LAR,21,8,1,0,N/R,,,0,0,,0,0,0.0,0,0,0.0,0,0,0,-,,,,,,,,,,,,,,,,,,
Raheim Sanders,CLE,RB,26700087,@JAC,7,11,1,1,N/R,,,1,0,,1,25,1.0,0,0,8.3,0,3,3,0.00,,,,,,,,,,,,,,,,,,
Lincoln Pare,IND,RB,3162885,BAL,22,13,1,1,N/R,,,0,0,,0,0,0.0,0,0,0.0,0,0,0,-,,,,,,,,,,,,,,,,,,
MarShawn Lloyd,GB,RB,3162514,@MIN,2,11,95,30,29,,,37,0,,13,0,2.9,0,0,0.0,0,1,0,0.00,,,,,,,,,,,,,,,,,,
Louis Rees-Zammit,JAC,RB,29375761,CLE,19,7,1,1,N/R,,,0,0,,0,0,0.0,0,0,0.0,0,0,0,-,,,,,,,,,,,,,,,,,,
C.J. Ham,MIN,RB,2237239,GB,14,6,1,1,N/R,,,0,0,,0,0,0.0,0,0,0.0,0,0,0,-,,,,,,,,,,,,,,,,,,
Kye Robichaux,DET,RB,26705587,NO,29,6,1,0,N/R,,,0,0,,0,0,0.0,0,0,0.0,0,0,0,-,,,,,,,,,,,,,,,,,,
J.K. Dobbins,DEN,RB,2804420,@KC,5,10,98,27,31,,,36,0,,8,0,4.5,0,0,0.0,0,0,0,0.00,,,,,,,,,,,,,,,,,,
Ellis Merriweather,GB,RB,3161644,@MIN,2,11,1,1,N/R,,,0,0,,0,0,0.0,0,0,0.0,0,0,0,-,,,,,,,,,,,,,,,,,,
Max Hurleman,PIT,RB,3163775,ATL,8,9,1,0,N/R,,,0,0,,0,0,0.0,0,0,0.0,0,0,0,-,,,,,,,,,,,,,,,,,,
Andrew Beck,NYJ,RB,2131774,@TEN,23,13,1,1,N/R,,,0,0,,0,0,0.0,0,0,0.0,0,0,0,0.00,,,,,,,,,,,,,,,,,,
Dedrick Mills,DET,RB,2239541,NO,29,6,0,0,N/R,,,0,0,,0,0,0.0,0,0,0.0,0,0,0,-,,,,,,,,,,,,,,,,,,
Jerome Ford,WAS,RB,2966543,@PHI,10,7,1,1,N/R,,,0,0,,0,0,0.0,0,0,0.0,0,0,0,-,,,,,,,,,,,,,,,,,,
Tyler Gaffney,NE,RB,2061073,@SEA,11,11,1,1,N/R,,,0,0,,0,0,0.0,0,0,0.0,0,0,0,-,,,,,,,,,,,,,,,,,,
Aidan Robbins,CLE,RB,3123398,@JAC,7,11,1,1,N/R,,,0,0,,0,0,0.0,0,0,0.0,0,0,0,-,,,,,,,,,,,,,,,,,,
Audric Estime,NO,RB,26713577,@DET,17,8,1,1,N/R,,,0,0,,0,0,0.0,0,0,0.0,0,0,0,-,,,,,,,,,,,,,,,,,,
Rushawn Baker,NE,RB,26693659,@SEA,11,11,1,1,N/R,,,0,0,,0,0,0.0,0,0,0.0,0,0,0,-,,,,,,,,,,,,,,,,,,
Marcus Yarns,NO,RB,26728267,@DET,17,8,1,0,N/R,,,0,0,,0,0,0.0,0,0,0.0,0,0,0,-,,,,,,,,,,,,,,,,,,
Shane Watts,NE,RB,50024129,@SEA,11,11,1,1,N/R,,,0,0,,0,0,0.0,0,0,0.0,0,0,0,-,,,,,,,,,,,,,,,,,,
AJ Dillon,CAR,RB,2867083,CHI,27,5,3,1,N/R,,,28,0,,5,0,5.6,0,0,0.0,0,0,0,0.00,,,,,,,,,,,,,,,,,,
Deuce Vaughn,HOU,RB,3168666,BUF,24,8,1,1,N/R,,,0,0,,0,0,0.0,0,0,0.0,0,0,0,-,,,,,,,,,,,,,,,,,,
DeWayne McBride,MIN,RB,3168024,GB,14,6,1,1,N/R,,,0,0,,0,0,0.0,0,0,0.0,0,0,0,-,,,,,,,,,,,,,,,,,,
Kene Nwangwu,NYJ,RB,2261254,@TEN,23,13,1,1,N/R,,,0,0,,0,0,0.0,0,0,0.0,0,0,0,-,,,,,,,,,,,,,,,,,,
Tre Harbison III,CLE,RB,2239576,@JAC,7,11,0,0,N/R,,,0,0,,0,0,0.0,0,0,0.0,0,0,0,-,,,,,,,,,,,,,,,,,,
Brenden Knox,KC,RB,2864720,DEN,31,5,1,1,N/R,,,0,0,,0,0,0.0,0,0,0.0,0,0,0,-,,,,,,,,,,,,,,,,,,
Dy'Shawn Mobley,CIN,RB,1995653,TB,16,6,1,1,N/R,,,0,0,,0,0,0.0,0,0,0.0,0,0,0,-,,,,,,,,,,,,,,,,,,
Zach Charbonnet,SEA,RB,3123810,NE,13,11,69,1,N/R,,,0,0,,0,0,0.0,0,0,0.0,0,0,0,-,,,,,,,,,,,,,,,,,,
Carson Steele,PHI,RB,26698435,WAS,9,10,1,1,N/R,,,0,0,,0,0,0.0,0,0,0.0,0,0,0,-,,,,,,,,,,,,,,,,,,
Ty Johnson,BUF,RB,2179323,@HOU,6,7,4,1,N/R,,,0,0,,0,0,0.0,0,0,0.0,0,0,0,-,,,,,,,,,,,,,,,,,,
Cody Schrader,DEN,RB,28876935,@KC,5,10,1,1,N/R,,,0,0,,0,0,0.0,0,0,0.0,0,0,0,-,,,,,,,,,,,,,,,,,,
Eric Gray,NYG,RB,3123569,DAL,25,8,1,1,N/R,,,0,0,,0,0,0.0,0,0,0.0,0,0,0,-,,,,,,,,,,,,,,,,,,
CJ Donaldson,NO,RB,28900249,@DET,17,8,1,1,N/R,,,4,0,,2,-2,2.0,0,0,-2.0,0,2,1,0.00,,,,,,,,,,,,,,,,,,
Anthony Hankerson,SEA,RB,28900555,NE,13,11,1,1,N/R,,,0,0,,0,0,0.0,0,0,0.0,0,0,0,-,,,,,,,,,,,,,,,,,,
Ian Wheeler,BUF,RB,3126061,@HOU,6,7,1,1,N/R,,,0,0,,0,0,0.0,0,0,0.0,0,0,0,-,,,,,,,,,,,,,,,,,,
Christopher Ezeala,BAL,RB,2926929,@IND,30,13,0,0,N/R,,,0,0,,0,0,0.0,0,0,0.0,0,0,0,-,,,,,,,,,,,,,,,,,,
Will Shipley,PHI,RB,26699119,WAS,9,10,1,1,N/R,,,4,0,,2,8,2.0,0,0,8.0,0,1,1,0.00,,,,,,,,,,,,,,,,,,
Jeremy McNichols,WAS,RB,2139987,@PHI,10,7,1,1,N/R,,,0,0,,0,0,0.0,0,0,0.0,0,0,0,-,,,,,,,,,,,,,,,,,,
Justin Jones,SEA,RB,3172156,NE,13,11,1,1,N/R,,,0,0,,0,0,0.0,0,0,0.0,0,0,0,-,,,,,,,,,,,,,,,,,,
Sone Ntoh,BAL,RB,3121137,@IND,30,13,0,0,N/R,,,0,0,,0,0,0.0,0,0,0.0,0,0,0,-,,,,,,,,,,,,,,,,,,
Terrell Jennings,NE,RB,3133899,@SEA,11,11,1,1,N/R,,,0,0,,0,0,0.0,0,0,0.0,0,0,0,-,,,,,,,,,,,,,,,,,,
J.C. Copeland,NYJ,RB,1752358,@TEN,23,13,0,0,N/R,,,0,0,,0,0,0.0,0,0,0.0,0,0,0,-,,,,,,,,,,,,,,,,,,
Keaontay Ingram,KC,RB,2962791,DEN,31,5,1,1,N/R,,,0,0,,0,0,0.0,0,0,0.0,0,0,0,-,,,,,,,,,,,,,,,,,,
Xazavian Valladay,MIN,RB,2867484,GB,14,6,1,1,N/R,,,0,0,,0,0,0.0,0,0,0.0,0,0,0,-,,,,,,,,,,,,,,,,,,
Nate Noel,IND,RB,3172309,BAL,22,13,1,1,N/R,,,0,0,,0,0,0.0,0,0,0.0,0,0,0,-,,,,,,,,,,,,,,,,,,
Ronnie Rivers,LAR,RB,2804793,SF,20,11,1,1,N/R,,,19,0,,5,5,3.8,0,0,5.0,0,1,1,0.00,,,,,,,,,,,,,,,,,,
Brady Russell,SEA,RB,2866240,NE,13,11,1,1,N/R,,,0,0,,0,20,0.0,0,0,10.0,0,2,2,0.00,,,,,,,,,,,,,,,,,,
Otis Anderson,LAR,RB,2804600,SF,20,11,1,1,N/R,,,0,0,,0,0,0.0,0,0,0.0,0,0,0,-,,,,,,,,,,,,,,,,,,
Nick Chubb,HOU,RB,2131579,BUF,24,8,1,1,N/R,,,0,0,,0,0,0.0,0,0,0.0,0,0,0,-,,,,,,,,,,,,,,,,,,
Trey Benson,ARI,RB,3176915,@LAC,18,14,2,1,N/R,,,0,0,,0,0,0.0,0,0,0.0,0,0,0,-,,,,,,,,,,,,,,,,,,
Emanuel Wilson,SEA,RB,29104952,NE,13,11,5,1,N/R,,,3,0,,2,0,1.5,0,0,0.0,0,0,0,0.00,,,,,,,,,,,,,,,,,,
Jarquez Hunter,MIA,RB,26700820,@LV,1,6,1,1,N/R,,,0,0,,0,0,0.0,0,0,0.0,0,0,0,-,,,,,,,,,,,,,,,,,,
Bryce Love,WAS,RB,2186835,@PHI,10,7,1,0,N/R,,,0,0,,0,0,0.0,0,0,0.0,0,0,0,-,,,,,,,,,,,,,,,,,,
DJ Herman,MIA,RB,26734114,@LV,1,6,1,1,N/R,,,0,0,,0,0,0.0,0,0,0.0,0,0,0,0.00,,,,,,,,,,,,,,,,,,
Aaron Shampklin,MIA,RB,2820186,@LV,1,6,1,0,N/R,,,0,0,,0,0,0.0,0,0,0.0,0,0,0,-,,,,,,,,,,,,,,,,,,
Kairee Robinson,SEA,RB,3121812,NE,13,11,1,1,N/R,,,0,0,,0,0,0.0,0,0,0.0,0,0,0,-,,,,,,,,,,,,,,,,,,
Marcus Major,BAL,RB,3125801,@IND,30,13,1,1,N/R,,,0,0,,0,0,0.0,0,0,0.0,0,0,0,-,,,,,,,,,,,,,,,,,,
Isi Sofele,FA,RB,1679913,BYE,---,0,1,0,N/R,,,0,0,,0,0,0.0,0,0,0.0,0,0,0,-,,,,,,,,,,,,,,,,,,
Sione Vaki,DET,RB,28877349,NO,29,6,2,1,N/R,,,7,0,,2,11,3.5,0,0,11.0,0,1,1,0.00,,,,,,,,,,,,,,,,,,
Chase Edmonds,WAS,RB,2137507,@PHI,10,7,1,1,N/R,,,0,0,,0,0,0.0,0,0,0.0,0,0,0,-,,,,,,,,,,,,,,,,,,
J'Mari Taylor,JAC,RB,26726239,CLE,19,7,1,0,N/R,,,0,0,,0,0,0.0,0,0,0.0,0,0,0,-,,,,,,,,,,,,,,,,,,
John Kelly,CLE,RB,2180519,@JAC,7,11,1,1,N/R,,,0,0,,0,0,0.0,0,0,0.0,0,0,0,-,,,,,,,,,,,,,,,,,,
Zack Moss,CIN,RB,2240516,TB,16,6,1,1,N/R,,,0,0,,0,0,0.0,0,0,0.0,0,0,0,-,,,,,,,,,,,,,,,,,,
Sandro Platzgummer,NYG,RB,3168435,DAL,25,8,1,1,N/R,,,0,0,,0,0,0.0,0,0,0.0,0,0,0,-,,,,,,,,,,,,,,,,,,
Trent Pennix,IND,RB,2965838,BAL,22,13,1,1,N/R,,,0,0,,0,0,0.0,0,0,0.0,0,0,0,-,,,,,,,,,,,,,,,,,,
Elijah Mitchell,PHI,RB,2819876,WAS,9,10,1,1,N/R,,,0,0,,0,0,0.0,0,0,0.0,0,0,0,-,,,,,,,,,,,,,,,,,,
Deon Jackson,DET,RB,2866237,NO,29,6,1,1,N/R,,,0,0,,0,0,0.0,0,0,0.0,0,0,0,-,,,,,,,,,,,,,,,,,,
Carlos Washington Jr.,MIA,RB,2867377,@LV,1,6,1,1,N/R,,,0,0,,0,0,0.0,0,0,0.0,0,0,0,-,,,,,,,,,,,,,,,,,,
Michael Carter,TEN,RB,2804075,NYJ,3,9,1,1,N/R,,,0,0,,0,0,0.0,0,0,0.0,0,0,0,-,,,,,,,,,,,,,,,,,,
EJ Smith,KC,RB,3163764,DEN,31,5,1,1,N/R,,,0,0,,0,0,0.0,0,0,0.0,0,0,0,-,,,,,,,,,,,,,,,,,,
JaMycal Hasty,NE,RB,2189504,@SEA,11,11,1,1,N/R,,,0,0,,0,0,0.0,0,0,0.0,0,0,0,-,,,,,,,,,,,,,,,,,,
George Aston,NYG,RB,3116741,DAL,25,8,1,1,N/R,,,0,0,,0,0,0.0,0,0,0.0,0,0,0,-,,,,,,,,,,,,,,,,,,
Roschon Johnson,CHI,RB,3121395,@CAR,32,10,2,1,N/R,,,0,0,,0,0,0.0,0,0,0.0,0,0,0,0.00,,,,,,,,,,,,,,,,,,
Alfonzo Graham,PIT,RB,26745241,ATL,8,9,1,1,N/R,,,0,0,,0,0,0.0,0,0,0.0,0,0,0,-,,,,,,,,,,,,,,,,,,
Ameer Abdullah,JAC,RB,1824308,CLE,19,7,1,1,N/R,,,32,0,,4,0,8.0,0,0,0.0,0,1,1,0.00,,,,,,,,,,,,,,,,,,
Lan Larison,NE,RB,3161645,@SEA,11,11,1,1,N/R,,,0,0,,0,9,0.0,0,0,4.5,0,2,2,0.00,,,,,,,,,,,,,,,,,,
Cash Jones,ATL,RB,26738725,@PIT,28,11,1,0,N/R,,,0,0,,0,0,0.0,0,0,0.0,0,0,0,-,,,,,,,,,,,,,,,,,,
Christian Wade,BUF,RB,3114045,@HOU,6,7,1,0,N/R,,,0,0,,0,0,0.0,0,0,0.0,0,0,0,-,,,,,,,,,,,,,,,,,,
Camerun Peoples,CAR,RB,2967422,CHI,27,5,1,0,N/R,,,0,0,,0,0,0.0,0,0,0.0,0,0,0,-,,,,,,,,,,,,,,,,,,
Bruce Anderson,IND,RB,2190739,BAL,22,13,1,1,N/R,,,0,0,,0,0,0.0,0,0,0.0,0,0,0,-,,,,,,,,,,,,,,,,,,
Al-Jay Henderson,NYJ,RB,26696811,@TEN,23,13,0,0,N/R,,,0,0,,0,0,0.0,0,0,0.0,0,0,0,-,,,,,,,,,,,,,,,,,,
Ralph Webb,PIT,RB,2079834,ATL,8,9,1,0,N/R,,,0,0,,0,0,0.0,0,0,0.0,0,0,0,-,,,,,,,,,,,,,,,,,,
Toriano Clinton,IND,RB,29169380,BAL,22,13,1,1,N/R,,,0,0,,0,0,0.0,0,0,0.0,0,0,0,-,,,,,,,,,,,,,,,,,,
Ollie Gordon II,MIA,RB,28873887,@LV,1,6,3,1,N/R,,,0,0,,0,0,0.0,0,0,0.0,0,0,0,0.00,,,,,,,,,,,,,,,,,,
Montrell Johnson Jr.,CAR,RB,26699807,CHI,27,5,1,1,N/R,,,0,0,,0,0,0.0,0,0,0.0,0,0,0,-,,,,,,,,,,,,,,,,,,
Jashaun Corbin,DAL,RB,2965967,@NYG,12,14,1,1,N/R,,,0,0,,0,0,0.0,0,0,0.0,0,0,0,-,,,,,,,,,,,,,,,,,,
Mike Weber,NYG,RB,2179830,DAL,25,8,1,0,N/R,,,0,0,,0,0,0.0,0,0,0.0,0,0,0,-,,,,,,,,,,,,,,,,,,
Gerrid Doaks,HOU,RB,2240551,BUF,24,8,1,0,N/R,,,0,0,,0,0,0.0,0,0,0.0,0,0,0,-,,,,,,,,,,,,,,,,,,
Brittain Brown,CHI,RB,2249805,@CAR,32,10,1,1,N/R,,,0,0,,0,0,0.0,0,0,0.0,0,0,0,-,,,,,,,,,,,,,,,,,,
Jaret Patterson,LAC,RB,2964701,ARI,4,7,1,1,N/R,,,0,0,,0,0,0.0,0,0,0.0,0,0,0,-,,,,,,,,,,,,,,,,,,
Austin Jones,WAS,RB,3121977,@PHI,10,7,1,1,N/R,,,0,0,,0,0,0.0,0,0,0.0,0,0,0,-,,,,,,,,,,,,,,,,,,
Emari Demercado,DAL,RB,2964372,@NYG,12,14,9,1,N/R,,,7,0,,2,0,3.5,0,0,0.0,0,0,0,0.00,,,,,,,,,,,,,,,,,,
Tony Pollard,TEN,RB,2184011,NYJ,3,9,99,45,40,,,35,0,,7,-1,5.0,0,0,-1.0,0,2,1,0.00,,,,,,,,,,,,,,,,,,
Joe Mixon,HOU,RB,2131143,BUF,24,8,1,1,N/R,,,0,0,,0,0,0.0,0,0,0.0,0,0,0,-,,,,,,,,,,,,,,,,,,
Kadarius Calloway,TB,RB,29123778,@CIN,15,10,1,1,N/R,,,0,0,,0,0,0.0,0,0,0.0,0,0,0,-,,,,,,,,,,,,,,,,,,
Frank Gore Jr.,BUF,RB,3172189,@HOU,6,7,1,1,N/R,,,3,0,,1,0,3.0,0,0,0.0,0,0,0,0.00,,,,,,,,,,,,,,,,,,
Keilan Robinson,NYJ,RB,3121310,@TEN,23,13,1,1,N/R,,,0,0,,0,0,0.0,0,0,0.0,0,0,0,-,,,,,,,,,,,,,,,,,,
Zach Ojile,MIN,RB,29118586,GB,14,6,1,1,N/R,,,0,0,,0,0,0.0,0,0,0.0,0,0,0,-,,,,,,,,,,,,,,,,,,
Miles Davis,CAR,RB,3174323,CHI,27,5,1,1,N/R,,,0,0,,0,0,0.0,0,0,0.0,0,0,0,-,,,,,,,,,,,,,,,,,,
Tyler Badie,DEN,RB,2964494,@KC,5,10,1,1,N/R,,,0,0,,0,0,0.0,0,0,0.0,0,0,0,-,,,,,,,,,,,,,,,,,,
Barika Kpeenu,TB,RB,26726059,@CIN,15,10,1,1,N/R,,,0,0,,0,0,0.0,0,0,0.0,0,0,0,-,,,,,,,,,,,,,,,,,,
Kenneth Gainwell,TB,RB,2968948,@CIN,15,10,92,21,37,,,15,0,,5,3,3.0,0,0,3.0,0,1,1,0.00,,,,,,,,,,,,,,,,,,
Jadarian Price,SEA,RB,28875230,NE,13,11,100,72,22,,,52,0,,10,6,5.2,0,0,3.0,0,2,2,0.00,,,,,,,,,,,,,,,,,,
Nicholas Singleton,TEN,RB,28876754,NYJ,3,9,12,1,N/R,,,0,0,,0,0,0.0,0,0,0.0,0,0,0,-,,,,,,,,,,,,,,,,,,
Pete Guerriero,PIT,RB,3172327,ATL,8,9,1,1,N/R,,,0,0,,0,0,0.0,0,0,0.0,0,0,0,-,,,,,,,,,,,,,,,,,,
Karan Higdon,HOU,RB,2185711,BUF,24,8,1,1,N/R,,,0,0,,0,0,0.0,0,0,0.0,0,0,0,-,,,,,,,,,,,,,,,,,,
Lucas Scott,BAL,RB,26728625,@IND,30,13,1,1,N/R,,,0,0,,0,0,0.0,0,0,0.0,0,0,0,-,,,,,,,,,,,,,,,,,,
Devon Ramsay,FA,RB,1243006,BYE,---,0,1,1,N/R,,,0,0,,0,0,0.0,0,0,0.0,0,0,0,-,,,,,,,,,,,,,,,,,,
Leddie Brown,LAC,RB,2963315,ARI,4,7,1,0,N/R,,,0,0,,0,0,0.0,0,0,0.0,0,0,0,-,,,,,,,,,,,,,,,,,,
DK Kaufman,SEA,RB,3161707,NE,13,11,1,1,N/R,,,0,0,,0,0,0.0,0,0,0.0,0,0,0,-,,,,,,,,,,,,,,,,,,
Rodney Anderson,CIN,RB,2179644,TB,16,6,1,1,N/R,,,0,0,,0,0,0.0,0,0,0.0,0,0,0,-,,,,,,,,,,,,,,,,,,
Titus Swen,IND,RB,3122982,BAL,22,13,1,1,N/R,,,0,0,,0,0,0.0,0,0,0.0,0,0,0,-,,,,,,,,,,,,,,,,,,
Trayveon Williams,DET,RB,2222046,NO,29,6,1,1,N/R,,,0,0,,0,0,0.0,0,0,0.0,0,0,0,-,,,,,,,,,,,,,,,,,,
Jeff Wilson,MIA,RB,2925161,@LV,1,6,1,1,N/R,,,0,0,,0,0,0.0,0,0,0.0,0,0,0,-,,,,,,,,,,,,,,,,,,
Corey Kiner,NE,RB,26698879,@SEA,11,11,1,1,N/R,,,11,0,,6,0,1.8,0,0,0.0,0,0,0,0.00,,,,,,,,,,,,,,,,,,
Kobe Lewis,SEA,RB,2962483,NE,13,11,1,1,N/R,,,0,0,,0,0,0.0,0,0,0.0,0,0,0,-,,,,,,,,,,,,,,,,,,
B.J. Baylor,ATL,RB,2868250,@PIT,28,11,1,1,N/R,,,0,0,,0,0,0.0,0,0,0.0,0,0,0,-,,,,,,,,,,,,,,,,,,
Brock Lampe,SEA,RB,26701144,NE,13,11,1,1,N/R,,,0,0,,0,0,0.0,0,0,0.0,0,0,0,-,,,,,,,,,,,,,,,,,,
DJ Giddens,IND,RB,26695679,BAL,22,13,3,1,N/R,,,0,0,,0,0,0.0,0,0,0.0,0,0,0,-,,,,,,,,,,,,,,,,,,
Noah Cain,CIN,RB,3122713,TB,16,6,1,1,N/R,,,0,0,,0,0,0.0,0,0,0.0,0,0,0,-,,,,,,,,,,,,,,,,,,
Terrance Cobb,LV,RB,2130333,MIA,26,13,1,1,N/R,,,0,0,,0,0,0.0,0,0,0.0,0,0,0,-,,,,,,,,,,,,,,,,,,
Tre Stewart,ARI,RB,29426636,@LAC,18,14,1,1,N/R,,,0,0,,0,0,0.0,0,0,0.0,0,0,0,-,,,,,,,,,,,,,,,,,,
Ahmani Marshall,CAR,RB,3162108,CHI,27,5,1,1,N/R,,,0,0,,0,0,0.0,0,0,0.0,0,0,0,-,,,,,,,,,,,,,,,,,,
Mataeo Durant,PIT,RB,2966697,ATL,8,9,1,0,N/R,,,0,0,,0,0,0.0,0,0,0.0,0,0,0,-,,,,,,,,,,,,,,,,,,
Jacardia Wright,SEA,RB,3124997,NE,13,11,1,1,N/R,,,0,0,,0,0,0.0,0,0,0.0,0,0,0,-,,,,,,,,,,,,,,,,,,
Isaiah Bowser,BUF,RB,2966767,@HOU,6,7,1,1,N/R,,,0,0,,0,0,0.0,0,0,0.0,0,0,0,-,,,,,,,,,,,,,,,,,,
Hassan Haskins,NE,RB,2968506,@SEA,11,11,1,1,N/R,,,0,0,,0,0,0.0,0,0,0.0,0,0,0,-,,,,,,,,,,,,,,,,,,
Braelon Allen,NYJ,RB,26726580,@TEN,23,13,49,2,N/R,,,40,0,,10,0,4.0,0,0,0.0,0,1,0,0.00,,,,,,,,,,,,,,,,,,
Jaydon Blue,PHI,RB,28875227,WAS,9,10,4,1,N/R,,,0,0,,0,0,0.0,0,0,0.0,0,0,0,-,,,,,,,,,,,,,,,,,,
Valentine Holmes,NYJ,RB,3114048,@TEN,23,13,1,1,N/R,,,0,0,,0,0,0.0,0,0,0.0,0,0,0,-,,,,,,,,,,,,,,,,,,
Lew Nichols,PIT,RB,3121706,ATL,8,9,1,0,N/R,,,0,0,,0,0,0.0,0,0,0.0,0,0,0,-,,,,,,,,,,,,,,,,,,
Jack Colletto,PIT,RB,2962220,ATL,8,9,1,1,N/R,,,0,0,,0,0,0.0,0,0,0.0,0,0,0,-,,,,,,,,,,,,,,,,,,
John Lovett,PIT,RB,2868681,ATL,8,9,1,1,N/R,,,0,0,,0,0,0.0,0,0,0.0,0,0,0,-,,,,,,,,,,,,,,,,,,
Pierre Strong Jr.,GB,RB,2819247,@MIN,2,11,1,1,N/R,,,0,0,,0,0,0.0,0,0,0.0,0,0,0,-,,,,,,,,,,,,,,,,,,
De'Von Achane,MIA,RB,3171161,@LV,1,6,100,100,15,,,36,0,,11,30,3.3,0,0,7.5,0,5,4,0.00,,,,,,,,,,,,,,,,,,
Robert Burns,ATL,RB,2804092,@PIT,28,11,1,1,N/R,,,0,0,,0,0,0.0,0,0,0.0,0,0,0,-,,,,,,,,,,,,,,,,,,
Michael Wiley,TB,RB,3128079,@CIN,15,10,1,1,N/R,,,0,0,,0,0,0.0,0,0,0.0,0,0,0,-,,,,,,,,,,,,,,,,,,
Darius Anderson,HOU,RB,2240319,BUF,24,8,1,1,N/R,,,0,0,,0,0,0.0,0,0,0.0,0,0,0,-,,,,,,,,,,,,,,,,,,
Davon Booth,IND,RB,29122230,BAL,22,13,1,1,N/R,,,0,0,,0,0,0.0,0,0,0.0,0,0,0,-,,,,,,,,,,,,,,,,,,
Christopher Brooks,GB,RB,2962350,@MIN,2,11,16,1,48,,,29,0,,7,0,4.1,0,0,0.0,0,1,0,0.00,,,,,,,,,,,,,,,,,,
Keaton Mitchell,LAC,RB,3164710,ARI,4,7,38,1,N/R,,,9,0,,4,0,2.2,0,0,0.0,0,0,0,0.00,,,,,,,,,,,,,,,,,,
Micah Bernard,NE,RB,3122912,@SEA,11,11,1,1,N/R,,,0,0,,0,0,0.0,0,0,0.0,0,0,0,-,,,,,,,,,,,,,,,,,,
Chris Collier,LV,RB,3161765,MIA,26,13,1,1,N/R,,,0,0,,0,0,0.0,0,0,0.0,0,0,0,-,,,,,,,,,,,,,,,,,,
ZaQuandre White,MIA,RB,2864584,@LV,1,6,1,0,N/R,,,0,0,,0,0,0.0,0,0,0.0,0,0,0,-,,,,,,,,,,,,,,,,,,
Javian Hawkins,LAR,RB,2965989,SF,20,11,1,0,N/R,,,0,0,,0,0,0.0,0,0,0.0,0,0,0,-,,,,,,,,,,,,,,,,,,
Trevor Etienne,CAR,RB,28901419,CHI,27,5,2,1,N/R,,,0,0,,0,0,0.0,0,0,0.0,0,0,0,-,,,,,,,,,,,,,,,,,,
Jordan Byrd,PIT,RB,2969002,ATL,8,9,1,1,N/R,,,0,0,,0,0,0.0,0,0,0.0,0,0,0,-,,,,,,,,,,,,,,,,,,
Kamryn Pettway,MIN,RB,2139794,GB,14,6,1,1,N/R,,,0,0,,0,0,0.0,0,0,0.0,0,0,0,-,,,,,,,,,,,,,,,,,,
D'Ernest Johnson,TEN,RB,3117165,NYJ,3,9,1,1,N/R,,,0,0,,0,0,0.0,0,0,0.0,0,0,0,-,,,,,,,,,,,,,,,,,,
Jordan Waters,LAR,RB,3124649,SF,20,11,1,1,N/R,,,0,0,,0,0,0.0,0,0,0.0,0,0,0,-,,,,,,,,,,,,,,,,,,
Reggie Gilliam,NE,RB,3161112,@SEA,11,11,1,1,N/R,,,0,0,,0,0,0.0,0,0,0.0,0,0,0,0.00,,,,,,,,,,,,,,,,,,
Jerrion Ealy,KC,RB,3126859,DEN,31,5,1,1,N/R,,,0,0,,0,0,0.0,0,0,0.0,0,0,0,-,,,,,,,,,,,,,,,,,,
Deshaun Fenwick,GB,RB,2965278,@MIN,2,11,1,0,N/R,,,0,0,,0,0,0.0,0,0,0.0,0,0,0,-,,,,,,,,,,,,,,,,,,
Desmond Reid,BUF,RB,28911101,@HOU,6,7,1,1,N/R,,,0,0,,0,0,0.0,0,0,0.0,0,0,0,-,,,,,,,,,,,,,,,,,,
Brashard Smith,KC,RB,26694196,DEN,31,5,2,1,N/R,,,0,0,,0,0,0.0,0,0,0.0,0,0,0,0.00,,,,,,,,,,,,,,,,,,
Kenny McIntosh,SEA,RB,3121460,NE,13,11,1,1,N/R,,,0,0,,0,0,0.0,0,0,0.0,0,0,0,-,,,,,,,,,,,,,,,,,,
Adam Prentice,DEN,RB,2188826,@KC,5,10,1,1,N/R,,,0,0,,0,0,0.0,0,0,0.0,0,0,0,0.00,,,,,,,,,,,,,,,,,,
Kaytron Allen,WAS,RB,28875485,@PHI,10,7,11,1,N/R,,,16,0,,4,0,4.0,0,0,0.0,0,0,0,0.00,,,,,,,,,,,,,,,,,,
Kendall Milton,CIN,RB,3162977,TB,16,6,1,1,N/R,,,0,0,,0,0,0.0,0,0,0.0,0,0,0,-,,,,,,,,,,,,,,,,,,
Sincere McCormick,SF,RB,3121308,@LAR,21,8,1,1,N/R,,,0,0,,0,0,0.0,0,0,0.0,0,0,0,-,,,,,,,,,,,,,,,,,,
Kimani Vidal,LAC,RB,3163421,ARI,4,7,14,1,N/R,,,0,0,,0,0,0.0,0,0,0.0,0,0,0,0.00,,,,,,,,,,,,,,,,,,
Patrick Carr,SEA,RB,3159195,NE,13,11,1,1,N/R,,,0,0,,0,0,0.0,0,0,0.0,0,0,0,-,,,,,,,,,,,,,,,,,,
Kay'ron Lynch-Adams,CAR,RB,3127817,CHI,27,5,1,1,N/R,,,0,0,,0,0,0.0,0,0,0.0,0,0,0,-,,,,,,,,,,,,,,,,,,
Velus Jones Jr.,SEA,RB,2242764,NE,13,11,1,1,N/R,,,0,0,,0,0,0.0,0,0,0.0,0,0,0,0.00,,,,,,,,,,,,,,,,,,
Jonathan Ward,BAL,RB,3159088,@IND,30,13,1,1,N/R,,,0,0,,0,0,0.0,0,0,0.0,0,0,0,-,,,,,,,,,,,,,,,,,,
Dylan Laube,LV,RB,2964322,MIA,26,13,1,1,N/R,,,0,0,,0,0,0.0,0,0,0.0,0,0,0,0.00,,,,,,,,,,,,,,,,,,
Ricky Person Jr.,SEA,RB,2966141,NE,13,11,1,1,N/R,,,0,0,,0,0,0.0,0,0,0.0,0,0,0,-,,,,,,,,,,,,,,,,,,
Darnell Holland,NO,RB,3117071,@DET,17,8,1,1,N/R,,,0,0,,0,0,0.0,0,0,0.0,0,0,0,-,,,,,,,,,,,,,,,,,,
J.J. Taylor,HOU,RB,2252786,BUF,24,8,1,1,N/R,,,0,0,,0,0,0.0,0,0,0.0,0,0,0,-,,,,,,,,,,,,,,,,,,
Justice Hill,BAL,RB,2250388,@IND,30,13,18,1,N/R,,,18,0,,6,10,3.0,0,0,10.0,0,1,1,0.00,,,,,,,,,,,,,,,,,,
Anderson Castle,IND,RB,3172308,BAL,22,13,1,1,N/R,,,0,0,,0,0,0.0,0,0,0.0,0,0,0,-,,,,,,,,,,,,,,,,,,
Gus Edwards,LAC,RB,2925410,ARI,4,7,1,1,N/R,,,0,0,,0,0,0.0,0,0,0.0,0,0,0,-,,,,,,,,,,,,,,,,,,
Kevin Harris,JAC,RB,3122797,CLE,19,7,1,1,N/R,,,0,0,,0,0,0.0,0,0,0.0,0,0,0,-,,,,,,,,,,,,,,,,,,
James Butler,LV,RB,2164714,MIA,26,13,0,0,N/R,,,0,0,,0,0,0.0,0,0,0.0,0,0,0,-,,,,,,,,,,,,,,,,,,
Matt Colburn,JAC,RB,3117152,CLE,19,7,1,0,N/R,,,0,0,,0,0,0.0,0,0,0.0,0,0,0,-,,,,,,,,,,,,,,,,,,
Deneric Prince,NE,RB,2964540,@SEA,11,11,1,1,N/R,,,0,0,,0,0,0.0,0,0,0.0,0,0,0,-,,,,,,,,,,,,,,,,,,
Taimi Tutogi,FA,RB,1679885,BYE,---,0,1,1,N/R,,,0,0,,0,0,0.0,0,0,0.0,0,0,0,-,,,,,,,,,,,,,,,,,,
Elijah Young,BUF,RB,3161976,@HOU,6,7,1,1,N/R,,,0,0,,0,0,0.0,0,0,0.0,0,0,0,-,,,,,,,,,,,,,,,,,,
RJ Harvey,DEN,RB,3121207,@KC,5,10,93,14,38,,,18,0,,3,23,6.0,0,0,5.8,0,4,4,0.00,,,,,,,,,,,,,,,,,,
Joshua Kelley,TEN,RB,2183195,NYJ,3,9,1,1,N/R,,,0,0,,0,0,0.0,0,0,0.0,0,0,0,-,,,,,,,,,,,,,,,,,,
BJ Emmons,HOU,RB,2252835,BUF,24,8,1,1,N/R,,,0,0,,0,0,0.0,0,0,0.0,0,0,0,-,,,,,,,,,,,,,,,,,,
Robert Henry Jr.,WAS,RB,29123025,@PHI,10,7,1,0,N/R,,,0,0,,0,0,0.0,0,0,0.0,0,0,0,-,,,,,,,,,,,,,,,,,,
Tyreik McAllister,LV,RB,28867646,MIA,26,13,1,0,N/R,,,0,0,,0,0,0.0,0,0,0.0,0,0,0,-,,,,,,,,,,,,,,,,,,
Coleman Bennett,MIA,RB,3163724,@LV,1,6,1,1,N/R,,,0,0,,0,0,0.0,0,0,0.0,0,0,0,-,,,,,,,,,,,,,,,,,,
Dameon Pierce,PHI,RB,2964236,WAS,9,10,1,1,N/R,,,0,0,,0,0,0.0,0,0,0.0,0,0,0,-,,,,,,,,,,,,,,,,,,
Rico Dowdle,PIT,RB,2252798,ATL,8,9,99,43,32,,,15,0,,8,6,1.9,0,0,3.0,0,5,2,0.00,,,,,,,,,,,,,,,,,,
Jaydn Ott,KC,RB,28876778,DEN,31,5,1,1,N/R,,,0,0,,0,0,0.0,0,0,0.0,0,0,0,-,,,,,,,,,,,,,,,,,,
Lorenzo Lingard,NYG,RB,2966652,DAL,25,8,1,1,N/R,,,0,0,,0,0,0.0,0,0,0.0,0,0,0,-,,,,,,,,,,,,,,,,,,
Grant Finley,NYG,RB,50063058,DAL,25,8,1,1,N/R,,,0,0,,0,0,0.0,0,0,0.0,0,0,0,-,,,,,,,,,,,,,,,,,,
Tyrion Davis-Price,GB,RB,3123979,@MIN,2,11,1,1,N/R,,,0,0,,0,0,0.0,0,0,0.0,0,0,0,-,,,,,,,,,,,,,,,,,,
Najee Harris,NYG,RB,2741200,DAL,25,8,19,1,N/R,,,0,0,,0,0,0.0,0,0,0.0,0,0,0,-,,,,,,,,,,,,,,,,,,
Alvin Kamara,NO,RB,2082721,@DET,17,8,37,1,N/R,,,0,0,,0,0,0.0,0,0,0.0,0,0,0,-,,,,,,,,,,,,,,,,,,
Rachaad White,WAS,RB,3169147,@PHI,10,7,78,3,43,,,22,0,,7,5,3.1,0,0,2.5,0,2,2,0.00,,,,,,,,,,,,,,,,,,
Tahj Brooks,CIN,RB,3168518,TB,16,6,1,1,N/R,,,0,0,,0,0,0.0,0,0,0.0,0,0,0,0.00,,,,,,,,,,,,,,,,,,
Kennedy Brooks,PHI,RB,2867341,WAS,9,10,1,0,N/R,,,0,0,,0,0,0.0,0,0,0.0,0,0,0,-,,,,,,,,,,,,,,,,,,
DeeJay Dallas,MIN,RB,2804094,GB,14,6,1,1,N/R,,,0,0,,0,1,0.0,0,0,1.0,0,1,1,0.00,,,,,,,,,,,,,,,,,,
Shermari Jones,CIN,RB,3162906,TB,16,6,1,1,N/R,,,0,0,,0,0,0.0,0,0,0.0,0,0,0,-,,,,,,,,,,,,,,,,,,
Zonovan Knight,ARI,RB,3121860,@LAC,18,14,1,1,N/R,,,0,0,,0,0,0.0,0,0,0.0,0,0,0,0.00,,,,,,,,,,,,,,,,,,
Eli Wilson,CLE,RB,3172301,@JAC,7,11,1,1,N/R,,,0,0,,0,0,0.0,0,0,0.0,0,0,0,-,,,,,,,,,,,,,,,,,,
Emmett Johnson,KC,RB,28877097,DEN,31,5,44,1,47,,,24,0,,8,44,3.0,0,0,22.0,0,2,2,0.00,,,,,,,,,,,,,,,,,,
Trey Sermon,ATL,RB,2804142,@PIT,28,11,1,1,N/R,,,0,0,,0,0,0.0,0,0,0.0,0,0,0,-,,,,,,,,,,,,,,,,,,
Dante Miller,NYG,RB,2961818,DAL,25,8,1,1,N/R,,,0,0,,0,0,0.0,0,0,0.0,0,0,0,-,,,,,,,,,,,,,,,,,,
Raheem Mostert,LV,RB,2174957,MIA,26,13,1,1,N/R,,,0,0,,0,0,0.0,0,0,0.0,0,0,0,-,,,,,,,,,,,,,,,,,,
Austin Ekeler,WAS,RB,2820090,@PHI,10,7,1,1,N/R,,,0,0,,0,0,0.0,0,0,0.0,0,0,0,-,,,,,,,,,,,,,,,,,,
Jawon Chisholm,PIT,RB,2185207,ATL,8,9,1,0,N/R,,,0,0,,0,0,0.0,0,0,0.0,0,0,0,-,,,,,,,,,,,,,,,,,,
Nay'Quan Wright,IND,RB,3125818,BAL,22,13,1,1,N/R,,,0,0,,0,0,0.0,0,0,0.0,0,0,0,-,,,,,,,,,,,,,,,,,,
Trabis Ward,FA,RB,1705702,BYE,---,0,1,1,N/R,,,0,0,,0,0,0.0,0,0,0.0,0,0,0,-,,,,,,,,,,,,,,,,,,
Chris Smith,SEA,RB,2962556,NE,13,11,1,1,N/R,,,0,0,,0,0,0.0,0,0,0.0,0,0,0,-,,,,,,,,,,,,,,,,,,
LeQuint Allen,JAC,RB,28877884,CLE,19,7,2,1,N/R,,,0,0,,0,0,0.0,0,0,0.0,0,0,0,0.00,,,,,,,,,,,,,,,,,,
Blake Watson,TEN,RB,2963426,NYJ,3,9,1,1,N/R,,,0,0,,0,0,0.0,0,0,0.0,0,0,0,-,,,,,,,,,,,,,,,,,,
Clyde Edwards-Helaire,KC,RB,2804554,DEN,31,5,1,1,N/R,,,0,0,,0,0,0.0,0,0,0.0,0,0,0,-,,,,,,,,,,,,,,,,,,
Corey Taylor II,CLE,RB,26734864,@JAC,7,11,0,0,N/R,,,0,0,,0,0,0.0,0,0,0.0,0,0,0,-,,,,,,,,,,,,,,,,,,
Donovan Edwards,MIA,RB,26697211,@LV,1,6,1,1,N/R,,,0,0,,0,0,0.0,0,0,0.0,0,0,0,-,,,,,,,,,,,,,,,,,,
Kejon Owens,MIN,RB,3165466,GB,14,6,1,0,N/R,,,0,0,,0,0,0.0,0,0,0.0,0,0,0,-,,,,,,,,,,,,,,,,,,
Alex Tecza,PIT,RB,28908694,ATL,8,9,0,0,N/R,,,0,0,,0,0,0.0,0,0,0.0,0,0,0,-,,,,,,,,,,,,,,,,,,
Isaiah Davis,NYJ,RB,26718641,@TEN,23,13,2,1,N/R,,,0,0,,0,0,0.0,0,0,0.0,0,0,0,0.00,,,,,,,,,,,,,,,,,,
Josh Pitsenberger,HOU,RB,28938986,BUF,24,8,1,1,N/R,,,0,0,,0,0,0.0,0,0,0.0,0,0,0,-,,,,,,,,,,,,,,,,,,
Zavier Scott,MIN,RB,2869402,GB,14,6,1,1,N/R,,,0,0,,0,0,0.0,0,0,0.0,0,0,0,-,,,,,,,,,,,,,,,,,,
Nick Brossette,DET,RB,2180613,NO,29,6,1,1,N/R,,,0,0,,0,0,0.0,0,0,0.0,0,0,0,-,,,,,,,,,,,,,,,,,,
Aaron Dykes,MIN,RB,2964516,GB,14,6,1,1,N/R,,,0,0,,0,0,0.0,0,0,0.0,0,0,0,-,,,,,,,,,,,,,,,,,,
Cameron Scarlett,SEA,RB,3161136,NE,13,11,1,1,N/R,,,0,0,,0,0,0.0,0,0,0.0,0,0,0,-,,,,,,,,,,,,,,,,,,
Jaleel McLaughlin,CLE,RB,26725939,@JAC,7,11,1,1,N/R,,,0,0,,0,0,0.0,0,0,0.0,0,0,0,-,,,,,,,,,,,,,,,,,,
Julius Chestnut,TEN,RB,2967664,NYJ,3,9,1,1,N/R,,,0,0,,0,0,0.0,0,0,0.0,0,0,0,0.00,,,,,,,,,,,,,,,,,,
George Holani,SEA,RB,3131661,NE,13,11,9,1,N/R,,,29,0,,8,0,3.6,0,0,0.0,0,1,0,0.00,,,,,,,,,,,,,,,,,,
Clint Ratkovich,ATL,RB,2241761,@PIT,28,11,0,0,N/R,,,0,0,,0,0,0.0,0,0,0.0,0,0,0,-,,,,,,,,,,,,,,,,,,
Sam Scott,NYJ,RB,26700754,@TEN,23,13,1,1,N/R,,,0,0,,0,0,0.0,0,0,0.0,0,0,0,-,,,,,,,,,,,,,,,,,,
Gary Brightwell,CIN,RB,2870531,TB,16,6,1,1,N/R,,,0,0,,0,0,0.0,0,0,0.0,0,0,0,-,,,,,,,,,,,,,,,,,,
Isiah Pacheco,DET,RB,2966551,NO,29,6,40,1,N/R,,,0,0,,0,0,0.0,0,0,0.0,0,0,0,-,,,,,,,,,,,,,,,,,,
Ja'Quinden Jackson,PHI,RB,3168195,WAS,9,10,1,0,N/R,,,0,0,,0,0,0.0,0,0,0.0,0,0,0,-,,,,,,,,,,,,,,,,,,
Jalen Jackson,JAC,RB,2968156,CLE,19,7,1,1,N/R,,,0,0,,0,0,0.0,0,0,0.0,0,0,0,-,,,,,,,,,,,,,,,,,,
Mason Stokke,CAR,RB,2251890,CHI,27,5,1,1,N/R,,,0,0,,0,0,0.0,0,0,0.0,0,0,0,-,,,,,,,,,,,,,,,,,,
Troy Hairston II,CLE,RB,2880293,@JAC,7,11,1,1,N/R,,,0,0,,0,0,0.0,0,0,0.0,0,0,0,-,,,,,,,,,,,,,,,,,,
Jamal Haynes,CIN,RB,26698534,TB,16,6,1,1,N/R,,,0,0,,0,0,0.0,0,0,0.0,0,0,0,-,,,,,,,,,,,,,,,,,,
Khalil Herbert,SF,RB,2253041,@LAR,21,8,1,1,N/R,,,0,0,,0,0,0.0,0,0,0.0,0,0,0,-,,,,,,,,,,,,,,,,,,
Mark Thompson,LV,RB,2925520,MIA,26,13,1,0,N/R,,,0,0,,0,0,0.0,0,0,0.0,0,0,0,-,,,,,,,,,,,,,,,,,,
Darrin Hall,PIT,RB,3116786,ATL,8,9,1,1,N/R,,,0,0,,0,0,0.0,0,0,0.0,0,0,0,-,,,,,,,,,,,,,,,,,,
Jam Miller,NE,RB,28875653,@SEA,11,11,1,1,N/R,,,0,0,,0,0,0.0,0,0,0.0,0,0,0,-,,,,,,,,,,,,,,,,,,
British Brooks,HOU,RB,2961993,BUF,24,8,1,1,N/R,,,0,0,,0,0,0.0,0,0,0.0,0,0,0,0.00,,,,,,,,,,,,,,,,,,
Tyler Goodson,ATL,RB,3122473,@PIT,28,11,1,1,N/R,,,0,0,,0,0,0.0,0,0,0.0,0,0,0,-,,,,,,,,,,,,,,,,,,
Toa Taua,CLE,RB,2964065,@JAC,7,11,1,0,N/R,,,0,0,,0,0,0.0,0,0,0.0,0,0,0,-,,,,,,,,,,,,,,,,,,
Lawrance Toafili,NYJ,RB,3164862,@TEN,23,13,1,0,N/R,,,0,0,,0,0,0.0,0,0,0.0,0,0,0,-,,,,,,,,,,,,,,,,,,
Quali Conley,CIN,RB,3164735,TB,16,6,1,1,N/R,,,0,0,,0,0,0.0,0,0,0.0,0,0,0,-,,,,,,,,,,,,,,,,,,
Jordan James,SF,RB,28916212,@LAR,21,8,30,1,N/R,,,0,0,,0,0,0.0,0,0,0.0,0,0,0,-,,,,,,,,,,,,,,,,,,
Devin Neal,NO,RB,26703005,@DET,17,8,1,1,N/R,,,0,0,,0,0,0.0,0,0,0.0,0,0,0,-,,,,,,,,,,,,,,,,,,
Josh Williams,TB,RB,3121241,@CIN,15,10,1,1,N/R,,,0,0,,0,0,0.0,0,0,0.0,0,0,0,0.00,,,,,,,,,,,,,,,,,,
Montel Harris,FA,RB,1630429,BYE,---,0,1,1,N/R,,,0,0,,0,0,0.0,0,0,0.0,0,0,0,-,,,,,,,,,,,,,,,,,,
Jermar Jefferson,MIN,RB,2964472,GB,14,6,1,1,N/R,,,0,0,,0,0,0.0,0,0,0.0,0,0,0,-,,,,,,,,,,,,,,,,,,
Jaden Shirden,CAR,RB,26693614,CHI,27,5,1,1,N/R,,,0,0,,0,0,0.0,0,0,0.0,0,0,0,-,,,,,,,,,,,,,,,,,,
Xavier Turner,SEA,RB,3117016,NE,13,11,1,0,N/R,,,0,0,,0,0,0.0,0,0,0.0,0,0,0,-,,,,,,,,,,,,,,,,,,
LaVance Taylor,KC,RB,2185128,DEN,31,5,1,0,N/R,,,0,0,,0,0,0.0,0,0,0.0,0,0,0,-,,,,,,,,,,,,,,,,,,
Avery Williams,NYJ,RB,2257948,@TEN,23,13,1,1,N/R,,,0,0,,0,0,0.0,0,0,0.0,0,0,0,-,,,,,,,,,,,,,,,,,,
CJ Verdell,IND,RB,2866324,BAL,22,13,1,0,N/R,,,0,0,,0,0,0.0,0,0,0.0,0,0,0,-,,,,,,,,,,,,,,,,,,
Adam Choice,SEA,RB,2133458,NE,13,11,1,1,N/R,,,0,0,,0,0,0.0,0,0,0.0,0,0,0,-,,,,,,,,,,,,,,,,,,
Le'Veon Moss,MIA,RB,28923721,@LV,1,6,1,0,N/R,,,0,0,,0,0,0.0,0,0,0.0,0,0,0,-,,,,,,,,,,,,,,,,,,
Bryant Koback,SEA,RB,2803780,NE,13,11,1,1,N/R,,,0,0,,0,0,0.0,0,0,0.0,0,0,0,-,,,,,,,,,,,,,,,,,,
Nate Carter,KC,RB,3163182,DEN,31,5,1,1,N/R,,,0,0,,0,0,0.0,0,0,0.0,0,0,0,-,,,,,,,,,,,,,,,,,,
Austin Ramesh,ARI,RB,2926510,@LAC,18,14,1,1,N/R,,,0,0,,0,0,0.0,0,0,0.0,0,0,0,-,,,,,,,,,,,,,,,,,,
Deion Hankins,CHI,RB,3133199,@CAR,32,10,1,1,N/R,,,0,0,,0,0,0.0,0,0,0.0,0,0,0,-,,,,,,,,,,,,,,,,,,
Benny LeMay,CLE,RB,2258154,@JAC,7,11,1,1,N/R,,,0,0,,0,0,0.0,0,0,0.0,0,0,0,-,,,,,,,,,,,,,,,,,,
Josh Hokit,ARI,RB,2257897,@LAC,18,14,1,1,N/R,,,0,0,,0,0,0.0,0,0,0.0,0,0,0,-,,,,,,,,,,,,,,,,,,
Jacob Saylors,DET,RB,2976071,NO,29,6,5,1,N/R,,,0,0,,0,0,0.0,0,0,0.0,0,0,0,0.00,,,,,,,,,,,,,,,,,,
Sam Schnee,TEN,RB,2968047,NYJ,3,9,1,1,N/R,,,0,0,,0,0,0.0,0,0,0.0,0,0,0,-,,,,,,,,,,,,,,,,,,
Ty Chandler,NO,RB,2867472,@DET,17,8,1,1,N/R,,,0,0,,0,0,0.0,0,0,0.0,0,0,0,-,,,,,,,,,,,,,,,,,,
B.J. Catalon,FA,RB,1984363,BYE,---,0,1,1,N/R,,,0,0,,0,0,0.0,0,0,0.0,0,0,0,-,,,,,,,,,,,,,,,,,,
Kenneth Harper,NYG,RB,2175119,DAL,25,8,1,0,N/R,,,0,0,,0,0,0.0,0,0,0.0,0,0,0,-,,,,,,,,,,,,,,,,,,
Dee Hart,FA,RB,1824784,BYE,---,0,1,0,N/R,,,0,0,,0,0,0.0,0,0,0.0,0,0,0,-,,,,,,,,,,,,,,,,,,
Kevin Marks Jr.,LAC,RB,2868972,ARI,4,7,1,0,N/R,,,0,0,,0,0,0.0,0,0,0.0,0,0,0,-,,,,,,,,,,,,,,,,,,
Charles McClelland,TEN,RB,2965633,NYJ,3,9,1,0,N/R,,,0,0,,0,0,0.0,0,0,0.0,0,0,0,-,,,,,,,,,,,,,,,,,,
Damien Martinez,GB,RB,28873395,@MIN,2,11,1,1,N/R,,,0,0,,0,0,0.0,0,0,0.0,0,0,0,-,,,,,,,,,,,,,,,,,,
Samaje Perine,CIN,RB,2131148,TB,16,6,10,1,N/R,,,20,0,,5,30,4.0,0,0,10.0,0,3,3,0.00,,,,,,,,,,,,,,,,,,
Alexander Mattison,MIA,RB,2257933,@LV,1,6,1,1,N/R,,,0,0,,0,0,0.0,0,0,0.0,0,0,0,-,,,,,,,,,,,,,,,,,,
James Conner,ARI,RB,2071585,@LAC,18,14,14,1,N/R,,,0,0,,0,0,0.0,0,0,0.0,0,0,0,-,,,,,,,,,,,,,,,,,,
Taj McGowan,JAC,RB,3117391,CLE,19,7,1,1,N/R,,,0,0,,0,0,0.0,0,0,0.0,0,0,0,-,,,,,,,,,,,,,,,,,,
Patrick Ricard,NYG,RB,2818911,DAL,25,8,1,1,N/R,,,0,0,,0,0,0.0,0,0,0.0,0,1,0,0.00,,,,,,,,,,,,,,,,,,
Abram Smith,MIN,RB,2807112,GB,14,6,1,0,N/R,,,0,0,,0,0,0.0,0,0,0.0,0,0,0,-,,,,,,,,,,,,,,,,,,
James Cook,BUF,RB,2975698,@HOU,6,7,100,99,7,,,57,0,,13,12,4.4,0,0,4.0,0,4,3,0.00,,,,,,,,,,,,,,,,,,
Khalfani Muhammad,ARI,RB,2818380,@LAC,18,14,1,1,N/R,,,0,0,,0,0,0.0,0,0,0.0,0,0,0,-,,,,,,,,,,,,,,,,,,
Malik Davis,DAL,RB,2773009,@NYG,12,14,15,1,N/R,,,0,0,,0,0,0.0,0,0,0.0,0,0,0,-,,,,,,,,,,,,,,,,,,
Tayon Fleet-Davis,KC,RB,2804284,DEN,31,5,1,1,N/R,,,0,0,,0,0,0.0,0,0,0.0,0,0,0,-,,,,,,,,,,,,,,,,,,
Jared Baker,ARI,RB,1824667,@LAC,18,14,1,1,N/R,,,0,0,,0,0,0.0,0,0,0.0,0,0,0,-,,,,,,,,,,,,,,,,,,
Phil Mafah,NYG,RB,26695049,DAL,25,8,1,1,N/R,,,0,0,,0,0,0.0,0,0,0.0,0,0,0,-,,,,,,,,,,,,,,,,,,
Israel Abanikanda,DAL,RB,3163291,@NYG,12,14,1,1,N/R,,,0,0,,0,0,0.0,0,0,0.0,0,0,0,-,,,,,,,,,,,,,,,,,,
Myles Gaskin,SEA,RB,2180360,NE,13,11,1,1,N/R,,,0,0,,0,0,0.0,0,0,0.0,0,0,0,-,,,,,,,,,,,,,,,,,,
Robbie Ouzts,SEA,RB,26697728,NE,13,11,1,0,N/R,,,0,0,,0,0,0.0,0,0,0.0,0,0,0,-,,,,,,,,,,,,,,,,,,
Chris Rodriguez Jr.,JAC,RB,2964667,CLE,19,7,73,3,46,,,23,0,,6,0,3.8,0,0,0.0,0,0,0,0.00,,,,,,,,,,,,,,,,,,
Daijun Edwards,PIT,RB,3163944,ATL,8,9,1,1,N/R,,,0,0,,0,0,0.0,0,0,0.0,0,0,0,-,,,,,,,,,,,,,,,,,,
Aca'Cedric Ware,TB,RB,3127655,@CIN,15,10,1,0,N/R,,,0,0,,0,0,0.0,0,0,0.0,0,0,0,-,,,,,,,,,,,,,,,,,,
Seth McGowan,IND,RB,3161581,BAL,22,13,8,1,N/R,,,0,0,,0,0,0.0,0,0,0.0,0,1,1,0.00,,,,,,,,,,,,,,,,,,
Markese Stepp,NYJ,RB,2965517,@TEN,23,13,1,1,N/R,,,0,0,,0,0,0.0,0,0,0.0,0,0,0,-,,,,,,,,,,,,,,,,,,
Dylan Sampson,CLE,RB,28912068,@JAC,7,11,42,1,N/R,,,0,0,,0,0,0.0,0,0,0.0,0,0,0,0.00,,,,,,,,,,,,,,,,,,
D'Onta Foreman,CLE,RB,2139847,@JAC,7,11,1,1,N/R,,,0,0,,0,0,0.0,0,0,0.0,0,0,0,-,,,,,,,,,,,,,,,,,,
Adam Randall,BAL,RB,28878514,@IND,30,13,6,1,N/R,,,0,0,,0,0,0.0,0,0,0.0,0,0,0,-,,,,,,,,,,,,,,,,,,
Travis Homer,PIT,RB,2249831,ATL,8,9,1,1,N/R,,,0,0,,0,0,0.0,0,0,0.0,0,0,0,-,,,,,,,,,,,,,,,,,,
Tank Bigsby,PHI,RB,3162021,WAS,9,10,57,1,N/R,,,3,0,,1,0,3.0,0,0,0.0,0,0,0,0.00,,,,,,,,,,,,,,,,,,
Kalel Mullings,TEN,RB,3169471,NYJ,3,9,1,1,N/R,,,0,0,,0,0,0.0,0,0,0.0,0,0,0,-,,,,,,,,,,,,,,,,,,
Woody Marks,HOU,RB,3171045,BUF,24,8,76,3,41,,,42,0,,9,-2,4.7,0,0,-2.0,0,1,1,0.00,,,,,,,,,,,,,,,,,,
Dominic Richardson,NYJ,RB,3161882,@TEN,23,13,1,1,N/R,,,0,0,,0,0,0.0,0,0,0.0,0,0,0,-,,,,,,,,,,,,,,,,,,
Miles Sanders,DAL,RB,2251305,@NYG,12,14,1,1,N/R,,,0,0,,0,0,0.0,0,0,0.0,0,0,0,-,,,,,,,,,,,,,,,,,,
Roman Hemby,LV,RB,26700412,MIA,26,13,1,1,N/R,,,0,0,,0,0,0.0,0,0,0.0,0,0,0,-,,,,,,,,,,,,,,,,,,
Patrick Taylor,SF,RB,2256736,@LAR,21,8,1,1,N/R,,,0,0,,0,0,0.0,0,0,0.0,0,0,0,-,,,,,,,,,,,,,,,,,,
Dare Ogunbowale,LV,RB,2010409,MIA,26,13,1,1,N/R,,,0,0,,0,0,0.0,0,0,0.0,0,0,0,-,,,,,,,,,,,,,,,,,,
Cordarrelle Patterson,PIT,RB,1996183,ATL,8,9,1,1,N/R,,,0,0,,0,0,0.0,0,0,0.0,0,0,0,-,,,,,,,,,,,,,,,,,,
Stevie Scott III,ARI,RB,2967217,@LAC,18,14,1,0,N/R,,,0,0,,0,0,0.0,0,0,0.0,0,0,0,-,,,,,,,,,,,,,,,,,,
Jalen White,GB,RB,3166561,@MIN,2,11,1,1,N/R,,,0,0,,0,0,0.0,0,0,0.0,0,0,0,-,,,,,,,,,,,,,,,,,,
Nick Sharga,LV,RB,2925439,MIA,26,13,0,0,N/R,,,0,0,,0,0,0.0,0,0,0.0,0,0,0,-,,,,,,,,,,,,,,,,,,
Elijah Tau-Tolliver,BAL,RB,26697830,@IND,30,13,1,1,N/R,,,0,0,,0,0,0.0,0,0,0.0,0,0,0,-,,,,,,,,,,,,,,,,,,
ShunDerrick Powell,KC,RB,26695018,DEN,31,5,1,1,N/R,,,0,0,,0,0,0.0,0,0,0.0,0,0,0,-,,,,,,,,,,,,,,,,,,
Cam Akers,SEA,RB,2804034,NE,13,11,1,1,N/R,,,0,0,,0,0,0.0,0,0,0.0,0,0,0,-,,,,,,,,,,,,,,,,,,
Travis Dye,NYJ,RB,2967055,@TEN,23,13,0,0,N/R,,,0,0,,0,0,0.0,0,0,0.0,0,0,0,-,,,,,,,,,,,,,,,,,,
Garrett Groshek,MIN,RB,2251875,GB,14,6,1,1,N/R,,,0,0,,0,0,0.0,0,0,0.0,0,0,0,-,,,,,,,,,,,,,,,,,,
Darius Hagans,PIT,RB,29113333,ATL,8,9,1,1,N/R,,,0,0,,0,0,0.0,0,0,0.0,0,0,0,-,,,,,,,,,,,,,,,,,,
Evan Hull,ARI,RB,3124679,@LAC,18,14,1,1,N/R,,,0,0,,0,0,0.0,0,0,0.0,0,0,0,-,,,,,,,,,,,,,,,,,,
Michael Dyer,LV,RB,2080283,MIA,26,13,1,1,N/R,,,0,0,,0,0,0.0,0,0,0.0,0,0,0,-,,,,,,,,,,,,,,,,,,
Josh Jacobs,GB,RB,2257876,@MIN,2,11,93,3,N/R,,,0,0,,0,0,0.0,0,0,0.0,0,0,0,-,,,,,,,,,,,,,,,,,,
Chris Evans,CIN,RB,2260647,TB,16,6,1,1,N/R,,,0,0,,0,0,0.0,0,0,0.0,0,0,0,-,,,,,,,,,,,,,,,,,,
Rasheen Ali,BAL,RB,3168797,@IND,30,13,1,1,N/R,,,0,0,,0,0,0.0,0,0,0.0,0,0,0,0.00,,,,,,,,,,,,,,,,,,
TJ Harden,SEA,RB,28926779,NE,13,11,1,1,N/R,,,0,0,,0,0,0.0,0,0,0.0,0,0,0,-,,,,,,,,,,,,,,,,,,
Raheem Blackshear,DET,RB,2870476,NO,29,6,1,1,N/R,,,0,0,,0,0,0.0,0,0,0.0,0,0,0,-,,,,,,,,,,,,,,,,,,
Emani Bailey,CAR,RB,3164304,CHI,27,5,1,1,N/R,,,0,0,,0,0,0.0,0,0,0.0,0,0,0,-,,,,,,,,,,,,,,,,,,
Alec Ingold,LAC,RB,2183930,ARI,4,7,1,1,N/R,,,0,0,,0,0,0.0,0,0,0.0,0,0,0,0.00,,,,,,,,,,,,,,,,,,
Ben VanSumeren,KC,RB,2968491,DEN,31,5,1,1,N/R,,,0,0,,0,0,0.0,0,0,0.0,0,0,0,0.00,,,,,,,,,,,,,,,,,,
Jase McClellan,TB,RB,3162688,@CIN,15,10,1,1,N/R,,,0,0,,0,0,0.0,0,0,0.0,0,0,0,-,,,,,,,,,,,,,,,,,,
Nathaniel Peat,DAL,RB,3121003,@NYG,12,14,1,1,N/R,,,0,0,,0,0,0.0,0,0,0.0,0,0,0,-,,,,,,,,,,,,,,,,,,
Jordan Mims,PHI,RB,2804786,WAS,9,10,1,1,N/R,,,0,0,,0,0,0.0,0,0,0.0,0,0,0,-,,,,,,,,,,,,,,,,,,
Jaylen Wright,MIA,RB,26698774,@LV,1,6,9,1,N/R,,,-1,0,,1,0,-1.0,0,0,0.0,0,0,0,0.00,,,,,,,,,,,,,,,,,,
Greg Desrosiers Jr.,LAC,RB,26697079,ARI,4,7,1,1,N/R,,,0,0,,0,0,0.0,0,0,0.0,0,0,0,-,,,,,,,,,,,,,,,,,,
Dontae McMillan,BAL,RB,3121365,@IND,30,13,1,0,N/R,,,0,0,,0,0,0.0,0,0,0.0,0,0,0,-,,,,,,,,,,,,,,,,,,
Christian Watson,GB,WR,2869806,@MIN,32,11,99,65,20,,,147,2,,0,0,24.5,0,0,0.0,10,8,6,10.00,,,,,,,,,,,,,,,,,,
Zay Flowers,BAL,WR,3127049,@IND,28,13,100,86,9,,,150,1,,0,0,30.0,0,0,0.0,9,6,5,9.00,,,,,,,,,,,,,,,,,,
Jalen Coker,CAR,WR,3163990,CHI,29,5,72,22,27,,,138,2,,0,0,17.2,0,0,0.0,9,9,8,9.00,,,,,,,,,,,,,,,,,,
Justin Jefferson,MIN,WR,2871343,GB,17,6,100,99,4,,,92,2,,0,0,11.5,0,0,0.0,7,9,8,7.00,,,,,,,,,,,,,,,,,,
Chris Olave,NO,WR,2963666,@DET,31,8,100,99,6,,,182,0,,0,0,18.2,0,0,0.0,6,13,10,6.00,,,,,,,,,,,,,,,,,,
Jaxon Smith-Njigba,SEA,WR,3162959,NE,22,11,100,100,3,,,122,1,,0,0,15.2,0,0,0.0,6,11,8,6.00,,,,,,,,,,,,,,,,,,
DJ Moore,BUF,WR,2179328,@HOU,27,7,100,72,11,,,100,1,,0,0,20.0,0,0,0.0,5,8,5,5.00,,,,,,,,,,,,,,,,,,
Denzel Boston,CLE,WR,28875368,@JAC,18,11,50,2,N/R,,,59,1,,0,0,29.5,0,0,0.0,4,4,2,4.00,,,,,,,,,,,,,,,,,,
Jakobi Meyers,JAC,WR,2183835,CLE,30,7,75,6,N/R,,,40,1,,1,2,20.0,0,0,2.0,3,2,2,3.00,,,,,,,,,,,,,,,,,,
Amon-Ra St. Brown,DET,WR,2967690,NO,16,6,100,100,1,,,67,2,,0,0,6.7,0,0,0.0,3,14,10,3.00,,,,,,,,,,,,,,,,,,
Demarcus Robinson,SF,WR,2061095,@LAR,25,8,1,1,N/R,,,50,1,,0,0,25.0,0,0,0.0,3,3,2,3.00,,,,,,,,,,,,,,,,,,
Josh Palmer,BUF,WR,2867325,@HOU,27,7,1,1,N/R,,,34,1,,0,0,34.0,0,0,0.0,3,2,1,3.00,,,,,,,,,,,,,,,,,,
Parker Washington,JAC,WR,3168820,CLE,30,7,98,53,19,,,83,1,,0,0,16.6,0,0,0.0,3,6,5,3.00,,,,,,,,,,,,,,,,,,
Dontayvion Wicks,PHI,WR,3122375,WAS,15,10,16,2,N/R,,,73,1,,0,0,36.5,0,0,0.0,2,4,2,2.00,,,,,,,,,,,,,,,,,,
Matthew Golden,GB,WR,28874927,@MIN,32,11,78,16,32,,,95,0,,0,0,15.8,0,0,0.0,2,12,6,2.00,,,,,,,,,,,,,,,,,,
Caleb Douglas,MIA,WR,28900321,@LV,20,6,29,2,N/R,,,94,0,,0,0,18.8,0,0,0.0,2,7,5,2.00,,,,,,,,,,,,,,,,,,
Ladd McConkey,LAC,WR,3163962,ARI,11,7,100,82,N/R,,,82,1,,0,0,16.4,0,0,0.0,2,7,5,2.00,,,,,,,,,,,,,,,,,,
Nico Collins,HOU,WR,2878193,BUF,26,8,100,99,8,,,75,1,,1,7,10.7,0,0,7.0,2,10,7,2.00,,,,,,,,,,,,,,,,,,
Deebo Samuel,SF,WR,2139735,@LAR,25,8,81,21,39,,,48,1,,1,12,8.0,0,0,12.0,1,7,6,1.00,,,,,,,,,,,,,,,,,,
CeeDee Lamb,DAL,WR,2865251,@NYG,13,14,100,99,7,,,44,1,,1,0,8.8,0,0,0.0,1,8,5,1.00,,,,,,,,,,,,,,,,,,
Kalif Raymond,CHI,WR,1999329,@CAR,24,10,1,1,N/R,,,84,0,,0,0,10.5,0,0,0.0,1,9,8,1.00,,,,,,,,,,,,,,,,,,
Devaughn Vele,NO,WR,3121113,@DET,31,8,9,2,38,,,69,1,,0,0,9.9,0,0,0.0,1,9,7,1.00,,,,,,,,,,,,,,,,,,
Stefon Diggs,WAS,WR,2000038,@PHI,23,7,87,15,30,,,55,1,,0,0,13.8,0,0,0.0,1,9,4,1.00,,,,,,,,,,,,,,,,,,
Jahdae Walker,CHI,WR,29174299,@CAR,24,10,1,1,N/R,,,1,1,,0,0,1.0,0,0,0.0,1,1,1,1.00,,,,,,,,,,,,,,,,,,
Mike Evans,SF,WR,1824909,@LAR,25,8,99,58,22,,,49,1,,0,0,8.2,0,0,0.0,1,7,6,1.00,,,,,,,,,,,,,,,,,,
Garrett Wilson,NYJ,WR,3123864,@TEN,21,13,100,91,16,,,79,0,,0,0,13.2,0,0,0.0,1,7,6,1.00,,,,,,,,,,,,,,,,,,
Rashee Rice,KC,WR,3124978,DEN,3,5,100,97,15,,,19,1,,0,0,9.5,0,0,0.0,1,2,2,1.00,,,,,,,,,,,,,,,,,,
Jack Bech,LV,WR,26700682,MIA,4,13,3,1,N/R,,,23,1,,0,0,7.7,0,0,0.0,1,4,3,1.00,,,,,,,,,,,,,,,,,,
Puka Nacua,LAR,WR,3121687,SF,5,11,100,100,2,,,74,0,,0,0,14.8,0,0,0.0,1,9,5,1.00,,,,,,,,,,,,,,,,,,
Elic Ayomanor,TEN,WR,28900714,NYJ,9,9,6,1,N/R,,,11,1,,0,0,11.0,0,0,0.0,1,3,1,1.00,,,,,,,,,,,,,,,,,,
Antonio Williams,WAS,WR,28877974,@PHI,23,7,12,1,N/R,,,64,1,,0,0,16.0,0,0,0.0,1,4,4,1.00,,,,,,,,,,,,,,,,,,
Josh Cameron,JAC,WR,26726935,CLE,30,7,1,1,N/R,,,20,1,,0,0,10.0,0,0,0.0,1,2,2,1.00,,,,,,,,,,,,,,,,,,
Tetairoa McMillan,CAR,WR,28877124,CHI,29,5,100,93,18,,,75,0,,0,0,15.0,0,1,0.0,1,8,5,1.00,,,,,,,,,,,,,,,,,,
Kendrick Bourne,ARI,WR,2088428,@LAC,19,14,1,1,N/R,,,75,0,,0,0,9.4,0,0,0.0,1,8,8,1.00,,,,,,,,,,,,,,,,,,
Stephon Robinson Jr.,ARI,WR,2961667,@LAC,19,14,1,1,N/R,,,0,0,,0,0,0.0,0,0,0.0,0,0,0,-,,,,,,,,,,,,,,,,,,
Courtland Sutton,DEN,WR,2218461,@KC,2,10,98,33,40,,,11,0,,0,0,5.5,0,0,0.0,0,5,2,0.00,,,,,,,,,,,,,,,,,,
Chris Blair,ATL,WR,2965618,@PIT,1,11,1,1,N/R,,,0,0,,0,0,0.0,0,0,0.0,0,0,0,0.00,,,,,,,,,,,,,,,,,,
Mason Tipton,NO,WR,3135304,@DET,31,8,1,1,N/R,,,0,0,,0,0,0.0,0,0,0.0,0,0,0,-,,,,,,,,,,,,,,,,,,
Dorian Singer,JAC,WR,26730616,CLE,30,7,1,0,N/R,,,0,0,,0,0,0.0,0,0,0.0,0,0,0,-,,,,,,,,,,,,,,,,,,
Mecole Hardman,BUF,WR,2248618,@HOU,27,7,1,1,N/R,,,0,0,,0,0,0.0,0,0,0.0,0,0,0,-,,,,,,,,,,,,,,,,,,
Tre Turner,LV,WR,2966451,MIA,4,13,1,1,N/R,,,0,0,,0,0,0.0,0,0,0.0,0,0,0,-,,,,,,,,,,,,,,,,,,
Jose Barbon,DAL,WR,2963601,@NYG,13,14,1,1,N/R,,,0,0,,0,0,0.0,0,0,0.0,0,0,0,-,,,,,,,,,,,,,,,,,,
Jacob Cowing,SF,WR,3133200,@LAR,25,8,1,1,N/R,,,0,0,,0,0,0.0,0,0,0.0,0,0,0,0.00,,,,,,,,,,,,,,,,,,
Connor Wedington,SEA,WR,2866341,NE,22,11,1,1,N/R,,,0,0,,0,0,0.0,0,0,0.0,0,0,0,-,,,,,,,,,,,,,,,,,,
Jaylen Jones,LAC,WR,26698771,ARI,11,7,1,1,N/R,,,0,0,,0,0,0.0,0,0,0.0,0,0,0,-,,,,,,,,,,,,,,,,,,
Josh Harper,LV,WR,1766833,MIA,4,13,1,1,N/R,,,0,0,,0,0,0.0,0,0,0.0,0,0,0,-,,,,,,,,,,,,,,,,,,
Ronnie Bell,LV,WR,2968474,MIA,4,13,1,1,N/R,,,0,0,,0,0,0.0,0,0,0.0,0,0,0,-,,,,,,,,,,,,,,,,,,
R.J. Starkey,GB,WR,2980231,@MIN,32,11,1,1,N/R,,,0,0,,0,0,0.0,0,0,0.0,0,0,0,-,,,,,,,,,,,,,,,,,,
Devon Williams,BAL,WR,2966004,@IND,28,13,0,0,N/R,,,0,0,,0,0,0.0,0,0,0.0,0,0,0,-,,,,,,,,,,,,,,,,,,
Ayir Asante,NYG,WR,3124133,DAL,7,8,1,1,N/R,,,0,0,,0,0,0.0,0,0,0.0,0,0,0,-,,,,,,,,,,,,,,,,,,
Lewis Bond,HOU,WR,26695655,BUF,26,8,1,1,N/R,,,0,0,,0,0,0.0,0,0,0.0,0,0,0,-,,,,,,,,,,,,,,,,,,
Jacob De Jesus,KC,WR,29121519,DEN,3,5,1,1,N/R,,,0,0,,0,0,0.0,0,0,0.0,0,0,0,-,,,,,,,,,,,,,,,,,,
LaJohntay Wester,BAL,WR,3170389,@IND,28,13,1,1,N/R,,,15,0,,0,0,7.5,0,0,0.0,0,2,2,0.00,,,,,,,,,,,,,,,,,,
Mac Hippenhammer,CIN,WR,2868995,TB,10,6,0,0,N/R,,,0,0,,0,0,0.0,0,0,0.0,0,0,0,-,,,,,,,,,,,,,,,,,,
Zavion Thomas,CHI,WR,28909795,@CAR,24,10,6,1,N/R,,,0,0,,0,0,0.0,0,0,0.0,0,0,0,0.00,,,,,,,,,,,,,,,,,,
Ainias Smith,CAR,WR,3131553,CHI,29,5,1,0,N/R,,,0,0,,0,0,0.0,0,0,0.0,0,0,0,-,,,,,,,,,,,,,,,,,,
Kyron Hudson,CHI,WR,26720252,@CAR,24,10,0,0,N/R,,,0,0,,0,0,0.0,0,0,0.0,0,0,0,-,,,,,,,,,,,,,,,,,,
E.J. Williams Jr.,LV,WR,3162445,MIA,4,13,1,0,N/R,,,0,0,,0,0,0.0,0,0,0.0,0,0,0,-,,,,,,,,,,,,,,,,,,
Marcus Sanders Jr.,MIN,WR,28924530,GB,17,6,1,0,N/R,,,0,0,,0,0,0.0,0,0,0.0,0,0,0,-,,,,,,,,,,,,,,,,,,
Jamoi Mayes,CIN,WR,26719064,TB,10,6,1,0,N/R,,,0,0,,0,0,0.0,0,0,0.0,0,0,0,-,,,,,,,,,,,,,,,,,,
Trevon Grimes,PHI,WR,2826772,WAS,15,10,1,1,N/R,,,0,0,,0,0,0.0,0,0,0.0,0,0,0,-,,,,,,,,,,,,,,,,,,
Michael Dereus,BAL,WR,3161102,@IND,28,13,1,1,N/R,,,0,0,,0,0,0.0,0,0,0.0,0,0,0,-,,,,,,,,,,,,,,,,,,
Miles Boykin,CHI,WR,2186656,@CAR,24,10,1,0,N/R,,,0,0,,0,0,0.0,0,0,0.0,0,0,0,-,,,,,,,,,,,,,,,,,,
Russell Gage,SF,WR,2131694,@LAR,25,8,1,1,N/R,,,0,0,,0,0,0.0,0,0,0.0,0,0,0,-,,,,,,,,,,,,,,,,,,
David Sills,TB,WR,2179491,@CIN,14,10,1,1,N/R,,,0,0,,0,0,0.0,0,0,0.0,0,0,0,-,,,,,,,,,,,,,,,,,,
Devin Duvernay,ARI,WR,2246849,@LAC,19,14,1,1,N/R,,,0,0,,0,0,0.0,0,0,0.0,0,0,0,0.00,,,,,,,,,,,,,,,,,,
Erik Ezukanma,PHI,WR,2962352,WAS,15,10,1,1,N/R,,,0,0,,0,0,0.0,0,0,0.0,0,0,0,-,,,,,,,,,,,,,,,,,,
Ra'Shaun Henry,SEA,WR,2248189,NE,22,11,0,0,N/R,,,0,0,,0,0,0.0,0,0,0.0,0,0,0,-,,,,,,,,,,,,,,,,,,
Rashad Rochelle,SEA,WR,28873470,NE,22,11,1,1,N/R,,,0,0,,0,0,0.0,0,0,0.0,0,0,0,-,,,,,,,,,,,,,,,,,,
Peter LeBlanc,CHI,WR,3131648,@CAR,24,10,1,1,N/R,,,0,0,,0,0,0.0,0,0,0.0,0,0,0,-,,,,,,,,,,,,,,,,,,
CJ Williams,JAC,WR,28875641,CLE,30,7,1,0,N/R,,,0,0,,0,0,0.0,0,0,0.0,0,0,0,0.00,,,,,,,,,,,,,,,,,,
Papi White,TEN,WR,2139547,NYJ,9,9,1,0,N/R,,,0,0,,0,0,0.0,0,0,0.0,0,0,0,-,,,,,,,,,,,,,,,,,,
Travell Harris,CLE,WR,2865807,@JAC,18,11,0,0,N/R,,,0,0,,0,0,0.0,0,0,0.0,0,0,0,-,,,,,,,,,,,,,,,,,,
Le'Meke Brockington,ATL,WR,26695012,@PIT,1,11,0,0,N/R,,,0,0,,0,0,0.0,0,0,0.0,0,0,0,-,,,,,,,,,,,,,,,,,,
Daniel Sobkowicz,HOU,WR,26716333,BUF,26,8,1,0,N/R,,,0,0,,0,0,0.0,0,0,0.0,0,0,0,-,,,,,,,,,,,,,,,,,,
Mante Morrow,LAC,WR,50049265,ARI,11,7,1,0,N/R,,,0,0,,0,0,0.0,0,0,0.0,0,0,0,-,,,,,,,,,,,,,,,,,,
Matthew Henry,TB,WR,29408013,@CIN,14,10,0,0,N/R,,,0,0,,0,0,0.0,0,0,0.0,0,0,0,-,,,,,,,,,,,,,,,,,,
Antonio Brown,TB,WR,1272852,@CIN,14,10,1,1,N/R,,,0,0,,0,0,0.0,0,0,0.0,0,0,0,-,,,,,,,,,,,,,,,,,,
Silas Bolden,HOU,WR,3176940,BUF,26,8,1,1,N/R,,,0,0,,0,0,0.0,0,0,0.0,0,0,0,-,,,,,,,,,,,,,,,,,,
Malik Cunningham,DET,WR,2866334,NO,16,6,1,1,N/R,,,0,0,,0,0,0.0,0,0,0.0,0,0,0,-,,,,,,,,,,,,,,,,,,
K.J. Hamler,BUF,WR,2804432,@HOU,27,7,1,0,N/R,,,0,0,,0,0,0.0,0,0,0.0,0,0,0,-,,,,,,,,,,,,,,,,,,
Brevin Easton,JAC,WR,28887494,CLE,30,7,1,0,N/R,,,0,0,,0,0,0.0,0,0,0.0,0,0,0,-,,,,,,,,,,,,,,,,,,
Wesley Grimes,SF,WR,28883053,@LAR,25,8,1,0,N/R,,,0,0,,0,0,0.0,0,0,0.0,0,0,0,-,,,,,,,,,,,,,,,,,,
Tory Horton,SEA,WR,3165177,NE,22,11,6,1,N/R,,,0,0,,0,0,0.0,0,0,0.0,0,0,0,-,,,,,,,,,,,,,,,,,,
Ryan Miller,MIA,WR,2964726,@LV,20,6,1,1,N/R,,,0,0,,0,0,0.0,0,0,0.0,0,0,0,0.00,,,,,,,,,,,,,,,,,,
Ketron Jackson Jr.,LV,WR,26698032,MIA,4,13,1,1,N/R,,,0,0,,0,0,0.0,0,0,0.0,0,0,0,-,,,,,,,,,,,,,,,,,,
Xavier Loyd,KC,WR,26695352,DEN,3,5,1,0,N/R,,,0,0,,0,0,0.0,0,0,0.0,0,0,0,-,,,,,,,,,,,,,,,,,,
Javon Baker,SF,WR,3170860,@LAR,25,8,1,1,N/R,,,0,0,,0,0,0.0,0,0,0.0,0,0,0,-,,,,,,,,,,,,,,,,,,
Josh Pearson,TB,WR,3159217,@CIN,14,10,1,1,N/R,,,0,0,,0,0,0.0,0,0,0.0,0,0,0,-,,,,,,,,,,,,,,,,,,
Jalen Virgil,BUF,WR,2240825,@HOU,27,7,1,1,N/R,,,0,0,,0,0,0.0,0,0,0.0,0,0,0,-,,,,,,,,,,,,,,,,,,
Kendric Pryor,CIN,WR,2251888,TB,10,6,0,0,N/R,,,0,0,,0,0,0.0,0,0,0.0,0,0,0,-,,,,,,,,,,,,,,,,,,
Junior Bergen,NYJ,WR,26731678,@TEN,21,13,1,1,N/R,,,0,0,,0,0,0.0,0,0,0.0,0,0,0,-,,,,,,,,,,,,,,,,,,
Jalen McMillan,TB,WR,3162347,@CIN,14,10,17,1,N/R,,,0,0,,0,0,0.0,0,0,0.0,0,0,0,-,,,,,,,,,,,,,,,,,,
Skyler Bell,BUF,WR,26726589,@HOU,27,7,4,1,N/R,,,0,0,,0,0,0.0,0,0,0.0,0,0,0,-,,,,,,,,,,,,,,,,,,
Collin Johnson,LV,WR,2240315,MIA,4,13,1,0,N/R,,,0,0,,0,0,0.0,0,0,0.0,0,0,0,-,,,,,,,,,,,,,,,,,,
Cam Johnson,CAR,WR,2966680,CHI,29,5,1,1,N/R,,,0,0,,0,0,0.0,0,0,0.0,0,0,0,-,,,,,,,,,,,,,,,,,,
Gage Larvadain,CLE,WR,26718347,@JAC,18,11,1,1,N/R,,,0,0,,0,0,0.0,0,0,0.0,0,0,0,-,,,,,,,,,,,,,,,,,,
Kayshon Boutte,HOU,WR,3163170,BUF,26,8,35,1,N/R,,,21,0,,0,0,21.0,0,0,0.0,0,2,1,0.00,,,,,,,,,,,,,,,,,,
Phillip Brooks,KC,WR,2961854,DEN,3,5,1,1,N/R,,,0,0,,0,0,0.0,0,0,0.0,0,0,0,-,,,,,,,,,,,,,,,,,,
David Durden,DAL,WR,2836832,@NYG,13,14,1,1,N/R,,,0,0,,0,0,0.0,0,0,0.0,0,0,0,-,,,,,,,,,,,,,,,,,,
DaRon Brown,FA,WR,1762348,BYE,---,0,1,1,N/R,,,0,0,,0,0,0.0,0,0,0.0,0,0,0,-,,,,,,,,,,,,,,,,,,
Kole Wilson,CLE,WR,28950335,@JAC,18,11,1,0,N/R,,,0,0,,0,0,0.0,0,0,0.0,0,0,0,-,,,,,,,,,,,,,,,,,,
Derius Davis,LAC,WR,2966544,ARI,11,7,1,1,N/R,,,0,0,,0,0,0.0,0,0,0.0,0,1,0,0.00,,,,,,,,,,,,,,,,,,
Kevin Kassis,SEA,WR,2261023,NE,22,11,1,1,N/R,,,0,0,,0,0,0.0,0,0,0.0,0,0,0,-,,,,,,,,,,,,,,,,,,
Taysir Mack,SF,WR,2253350,@LAR,25,8,1,1,N/R,,,0,0,,0,0,0.0,0,0,0.0,0,0,0,-,,,,,,,,,,,,,,,,,,
Andrew Armstrong,KC,WR,28926946,DEN,3,5,1,1,N/R,,,0,0,,0,0,0.0,0,0,0.0,0,0,0,-,,,,,,,,,,,,,,,,,,
Thomas Ives,CHI,WR,3116774,@CAR,24,10,1,1,N/R,,,0,0,,0,0,0.0,0,0,0.0,0,0,0,-,,,,,,,,,,,,,,,,,,
Landon Parker,IND,WR,2962034,BAL,12,13,1,1,N/R,,,0,0,,0,0,0.0,0,0,0.0,0,0,0,-,,,,,,,,,,,,,,,,,,
Winston Wright Jr.,CLE,WR,3123346,@JAC,18,11,1,0,N/R,,,0,0,,0,0,0.0,0,0,0.0,0,0,0,-,,,,,,,,,,,,,,,,,,
TJ Sheffield,TEN,WR,3131565,NYJ,9,9,1,0,N/R,,,0,0,,0,0,0.0,0,0,0.0,0,0,0,-,,,,,,,,,,,,,,,,,,
JoJo Ward,ARI,WR,3159155,@LAC,19,14,1,0,N/R,,,0,0,,0,0,0.0,0,0,0.0,0,0,0,-,,,,,,,,,,,,,,,,,,
Reggie Brown,KC,WR,2961395,DEN,3,5,1,1,N/R,,,0,0,,0,0,0.0,0,0,0.0,0,0,0,-,,,,,,,,,,,,,,,,,,
Michael Gallup,WAS,WR,2240415,@PHI,23,7,1,1,N/R,,,0,0,,0,0,0.0,0,0,0.0,0,0,0,-,,,,,,,,,,,,,,,,,,
Jayden Reed,GB,WR,2967762,@MIN,32,11,82,8,47,,,20,0,,0,0,6.7,0,0,0.0,0,7,3,0.00,,,,,,,,,,,,,,,,,,
Jaaron Hayek,KC,WR,3128825,DEN,3,5,1,1,N/R,,,0,0,,0,0,0.0,0,0,0.0,0,0,0,-,,,,,,,,,,,,,,,,,,
Julian Hicks,SEA,WR,2866554,NE,22,11,1,1,N/R,,,0,0,,0,0,0.0,0,0,0.0,0,0,0,-,,,,,,,,,,,,,,,,,,
Anthony Gould,IND,WR,3122031,BAL,12,13,1,1,N/R,,,0,0,,0,0,0.0,0,0,0.0,0,0,0,-,,,,,,,,,,,,,,,,,,
Nelson Agholor,BAL,WR,1996508,@IND,28,13,1,1,N/R,,,0,0,,0,0,0.0,0,0,0.0,0,0,0,-,,,,,,,,,,,,,,,,,,
John Jackson III,CHI,WR,3123560,@CAR,24,10,1,1,N/R,,,0,0,,0,0,0.0,0,0,0.0,0,0,0,-,,,,,,,,,,,,,,,,,,
Jalin Hyatt,NYG,WR,3171911,DAL,7,8,1,1,N/R,,,0,0,,0,0,0.0,0,0,0.0,0,0,0,-,,,,,,,,,,,,,,,,,,
Arthur Williams,NYJ,WR,2185867,@TEN,21,13,1,1,N/R,,,0,0,,0,0,0.0,0,0,0.0,0,0,0,-,,,,,,,,,,,,,,,,,,
Xavier Weaver,ARI,WR,3131562,@LAC,19,14,1,1,N/R,,,0,0,,0,0,0.0,0,0,0.0,0,0,0,-,,,,,,,,,,,,,,,,,,
Dax Milne,CAR,WR,2975629,CHI,29,5,1,1,N/R,,,0,0,,0,0,0.0,0,0,0.0,0,0,0,-,,,,,,,,,,,,,,,,,,
Manasseh Bailey,NYJ,WR,3159152,@TEN,21,13,1,1,N/R,,,0,0,,0,0,0.0,0,0,0.0,0,0,0,-,,,,,,,,,,,,,,,,,,
Jha'Quan Jackson,TB,WR,3122336,@CIN,14,10,1,1,N/R,,,0,0,,0,0,0.0,0,0,0.0,0,0,0,-,,,,,,,,,,,,,,,,,,
Barion Brown,NO,WR,28900204,@DET,31,8,1,1,N/R,,,0,0,,1,3,0.0,0,0,3.0,0,0,0,0.00,,,,,,,,,,,,,,,,,,
Savion Williams,GB,WR,3161844,@MIN,32,11,1,1,N/R,,,0,0,,0,0,0.0,0,0,0.0,0,0,0,-,,,,,,,,,,,,,,,,,,
Equanimeous St. Brown,SF,WR,2186674,@LAR,25,8,1,1,N/R,,,0,0,,0,0,0.0,0,0,0.0,0,0,0,-,,,,,,,,,,,,,,,,,,
Tez Johnson,TB,WR,3161539,@CIN,14,10,2,1,N/R,,,0,0,,1,-4,0.0,0,0,-4.0,0,1,0,0.00,,,,,,,,,,,,,,,,,,
Malik Heath,ATL,WR,3171033,@PIT,1,11,1,1,N/R,,,0,0,,0,0,0.0,0,0,0.0,0,0,0,-,,,,,,,,,,,,,,,,,,
Derek Wright,CAR,WR,3124074,CHI,29,5,1,1,N/R,,,0,0,,0,0,0.0,0,0,0.0,0,0,0,-,,,,,,,,,,,,,,,,,,
Luke Floriea,CLE,WR,3164098,@JAC,18,11,1,0,N/R,,,0,0,,0,0,0.0,0,0,0.0,0,0,0,-,,,,,,,,,,,,,,,,,,
Justyn Ross,KC,WR,2965335,DEN,3,5,1,0,N/R,,,0,0,,0,0,0.0,0,0,0.0,0,0,0,-,,,,,,,,,,,,,,,,,,
Ja'seem Reed,CAR,WR,26717711,CHI,29,5,1,1,N/R,,,0,0,,0,0,0.0,0,0,0.0,0,0,0,-,,,,,,,,,,,,,,,,,,
Kyle Philips,LV,WR,2966039,MIA,4,13,1,1,N/R,,,0,0,,0,0,0.0,0,0,0.0,0,0,0,-,,,,,,,,,,,,,,,,,,
Austin Watkins Jr.,PHI,WR,2961443,WAS,15,10,1,1,N/R,,,0,0,,0,0,0.0,0,0,0.0,0,0,0,-,,,,,,,,,,,,,,,,,,
Roc Taylor,CAR,WR,26733219,CHI,29,5,0,0,N/R,,,0,0,,0,0,0.0,0,0,0.0,0,0,0,-,,,,,,,,,,,,,,,,,,
Dayton Wade,BAL,WR,3121829,@IND,28,13,0,0,N/R,,,0,0,,0,0,0.0,0,0,0.0,0,0,0,-,,,,,,,,,,,,,,,,,,
Tee Higgins,CIN,WR,2809208,TB,10,6,100,93,14,,,59,0,,0,0,19.7,0,0,0.0,0,6,3,0.00,,,,,,,,,,,,,,,,,,
Coleman Owen,IND,WR,3137926,BAL,12,13,1,0,N/R,,,0,0,,0,0,0.0,0,0,0.0,0,0,0,-,,,,,,,,,,,,,,,,,,
Ted Hurst,TB,WR,29421796,@CIN,14,10,9,1,N/R,,,36,0,,0,0,12.0,0,0,0.0,0,3,3,0.00,,,,,,,,,,,,,,,,,,
Tai Felton,MIN,WR,26702969,GB,17,6,1,1,N/R,,,0,0,,0,0,0.0,0,0,0.0,0,0,0,0.00,,,,,,,,,,,,,,,,,,
Demario Douglas,NE,WR,3126241,@SEA,6,11,2,1,N/R,,,20,0,,0,0,4.0,0,0,0.0,0,7,5,0.00,,,,,,,,,,,,,,,,,,
Isaiah Williams,NYJ,WR,3126581,@TEN,21,13,1,1,N/R,,,7,0,,0,0,7.0,0,0,0.0,0,1,1,0.00,,,,,,,,,,,,,,,,,,
DeVontres Dukes,DEN,WR,2261694,@KC,2,10,1,1,N/R,,,0,0,,0,0,0.0,0,0,0.0,0,0,0,-,,,,,,,,,,,,,,,,,,
Emeka Emezie,ATL,WR,2867204,@PIT,1,11,1,0,N/R,,,0,0,,0,0,0.0,0,0,0.0,0,0,0,-,,,,,,,,,,,,,,,,,,
Myles Price,MIN,WR,3168525,GB,17,6,1,1,N/R,,,0,0,,0,0,0.0,0,0,0.0,0,0,0,0.00,,,,,,,,,,,,,,,,,,
J.J. Jones,JAC,WR,26701622,CLE,30,7,1,1,N/R,,,0,0,,0,0,0.0,0,0,0.0,0,0,0,-,,,,,,,,,,,,,,,,,,
Terique Owens,SF,WR,3124921,@LAR,25,8,1,1,N/R,,,0,0,,0,0,0.0,0,0,0.0,0,0,0,-,,,,,,,,,,,,,,,,,,
Tahj Washington,PHI,WR,3122529,WAS,15,10,1,1,N/R,,,0,0,,0,0,0.0,0,0,0.0,0,0,0,-,,,,,,,,,,,,,,,,,,
John Hall,SEA,WR,29119112,NE,22,11,1,1,N/R,,,0,0,,0,0,0.0,0,0,0.0,0,0,0,-,,,,,,,,,,,,,,,,,,
Jalen Sample,WAS,WR,29100602,@PHI,23,7,1,1,N/R,,,0,0,,0,0,0.0,0,0,0.0,0,0,0,-,,,,,,,,,,,,,,,,,,
Drake London,ATL,WR,3127902,@PIT,1,11,100,98,21,,,29,0,,1,6,14.5,0,0,6.0,0,4,2,0.00,,,,,,,,,,,,,,,,,,
Taylor Grimes,DEN,WR,2963130,@KC,2,10,1,1,N/R,,,0,0,,0,0,0.0,0,0,0.0,0,0,0,-,,,,,,,,,,,,,,,,,,
Dalton Schoen,KC,WR,2179601,DEN,3,5,1,1,N/R,,,0,0,,0,0,0.0,0,0,0.0,0,0,0,-,,,,,,,,,,,,,,,,,,
Jaylen Johnson,LAC,WR,2975613,ARI,11,7,1,0,N/R,,,0,0,,0,0,0.0,0,0,0.0,0,0,0,-,,,,,,,,,,,,,,,,,,
Hal Presley,TEN,WR,26727031,NYJ,9,9,1,1,N/R,,,0,0,,0,0,0.0,0,0,0.0,0,0,0,-,,,,,,,,,,,,,,,,,,
Mario Williams,LAR,WR,26697388,SF,5,11,1,0,N/R,,,0,0,,0,0,0.0,0,0,0.0,0,0,0,-,,,,,,,,,,,,,,,,,,
LaQuvionte Gonzalez,LAR,WR,2925157,SF,5,11,1,1,N/R,,,0,0,,0,0,0.0,0,0,0.0,0,0,0,-,,,,,,,,,,,,,,,,,,
Kyrese Rowan,NO,WR,3131544,@DET,31,8,1,0,N/R,,,0,0,,0,0,0.0,0,0,0.0,0,0,0,-,,,,,,,,,,,,,,,,,,
Donovan Peoples-Jones,NO,WR,2819119,@DET,31,8,1,1,N/R,,,0,0,,0,0,0.0,0,0,0.0,0,0,0,-,,,,,,,,,,,,,,,,,,
Tyler Vaughns,PIT,WR,2242770,ATL,8,9,1,0,N/R,,,0,0,,0,0,0.0,0,0,0.0,0,0,0,-,,,,,,,,,,,,,,,,,,
Brandon Powell,MIN,WR,2926490,GB,17,6,1,1,N/R,,,0,0,,0,0,0.0,0,0,0.0,0,0,0,-,,,,,,,,,,,,,,,,,,
Travis Hunter,JAC,WR,28909849,CLE,30,7,11,1,N/R,,,8,0,,1,3,8.0,0,0,3.0,0,1,1,0.00,,,,,,,,,,,,,,,,,,
Derrick Johnson,NYG,WR,2130883,DAL,7,8,1,1,N/R,,,0,0,,0,0,0.0,0,0,0.0,0,0,0,-,,,,,,,,,,,,,,,,,,
Brenden Rice,GB,WR,3166803,@MIN,32,11,1,1,N/R,,,0,0,,0,0,0.0,0,0,0.0,0,0,0,-,,,,,,,,,,,,,,,,,,
Zay Jones,HOU,WR,2080270,BUF,26,8,1,1,N/R,,,0,0,,0,0,0.0,0,0,0.0,0,0,0,-,,,,,,,,,,,,,,,,,,
Demetris Robertson,SEA,WR,2250830,NE,22,11,0,0,N/R,,,0,0,,0,0,0.0,0,0,0.0,0,0,0,-,,,,,,,,,,,,,,,,,,
Andy Isabella,SF,WR,2182851,@LAR,25,8,1,1,N/R,,,0,0,,0,0,0.0,0,0,0.0,0,0,0,-,,,,,,,,,,,,,,,,,,
Maurice Alexander,CHI,WR,28926362,@CAR,24,10,1,1,N/R,,,0,0,,0,0,0.0,0,0,0.0,0,0,0,-,,,,,,,,,,,,,,,,,,
Jayden Higgins,HOU,WR,26708551,BUF,26,8,5,1,N/R,,,0,0,,0,0,0.0,0,0,0.0,0,0,0,-,,,,,,,,,,,,,,,,,,
Xavier Legette,CAR,WR,3131575,CHI,29,5,2,1,N/R,,,0,0,,0,0,0.0,0,0,0.0,0,2,0,0.00,,,,,,,,,,,,,,,,,,
Xavier White,IND,WR,3127688,BAL,12,13,1,0,N/R,,,0,0,,0,0,0.0,0,0,0.0,0,0,0,-,,,,,,,,,,,,,,,,,,
Corey Sutton,DET,WR,2239648,NO,16,6,1,0,N/R,,,0,0,,0,0,0.0,0,0,0.0,0,0,0,-,,,,,,,,,,,,,,,,,,
Jhamon Ausbon,PHI,WR,2758267,WAS,15,10,1,1,N/R,,,0,0,,0,0,0.0,0,0,0.0,0,0,0,-,,,,,,,,,,,,,,,,,,
Dillon Bell,MIN,WR,28903382,GB,17,6,1,1,N/R,,,0,0,,0,0,0.0,0,0,0.0,0,0,0,-,,,,,,,,,,,,,,,,,,
Alex Bachman,LAR,WR,2186388,SF,5,11,1,1,N/R,,,0,0,,0,0,0.0,0,0,0.0,0,0,0,-,,,,,,,,,,,,,,,,,,
Tre Walker,BUF,WR,2864807,@HOU,27,7,1,0,N/R,,,0,0,,0,0,0.0,0,0,0.0,0,0,0,-,,,,,,,,,,,,,,,,,,
Carnell Tate,TEN,WR,29124411,NYJ,9,9,93,17,42,,,38,0,,0,0,9.5,0,0,0.0,0,6,4,0.00,,,,,,,,,,,,,,,,,,
Malik Nabers,NYG,WR,26697761,DAL,7,8,100,75,13,,,69,0,,0,0,11.5,0,0,0.0,0,9,6,0.00,,,,,,,,,,,,,,,,,,
Tayvion Robinson,CAR,WR,3126630,CHI,29,5,1,1,N/R,,,0,0,,0,0,0.0,0,0,0.0,0,0,0,-,,,,,,,,,,,,,,,,,,
T.J. Luther,CAR,WR,2963021,CHI,29,5,1,1,N/R,,,0,0,,0,0,0.0,0,0,0.0,0,0,0,-,,,,,,,,,,,,,,,,,,
Bryce Lance,NO,WR,26725855,@DET,31,8,7,1,N/R,,,42,0,,0,0,14.0,0,0,0.0,0,4,3,0.00,,,,,,,,,,,,,,,,,,
Ryan Flournoy,DAL,WR,28891456,@NYG,13,14,7,1,N/R,,,22,0,,0,0,11.0,0,0,0.0,0,4,2,0.00,,,,,,,,,,,,,,,,,,
Jordan Hudson,DAL,WR,28875996,@NYG,13,14,1,1,N/R,,,0,0,,0,0,0.0,0,0,0.0,0,0,0,-,,,,,,,,,,,,,,,,,,
Andre Miller,GB,WR,2963411,@MIN,32,11,1,1,N/R,,,0,0,,0,0,0.0,0,0,0.0,0,0,0,-,,,,,,,,,,,,,,,,,,
Tyquan Thornton,KC,WR,2965066,DEN,3,5,3,1,N/R,,,0,0,,0,0,0.0,0,0,0.0,0,1,0,0.00,,,,,,,,,,,,,,,,,,
Nate McCollum,ARI,WR,3162296,@LAC,19,14,1,1,N/R,,,0,0,,0,0,0.0,0,0,0.0,0,0,0,-,,,,,,,,,,,,,,,,,,
Pat Bryant,DEN,WR,26697415,@KC,2,10,7,1,N/R,,,42,0,,0,0,10.5,0,0,0.0,0,6,4,0.00,,,,,,,,,,,,,,,,,,
Charles Holland,CIN,WR,3117020,TB,10,6,1,1,N/R,,,0,0,,0,0,0.0,0,0,0.0,0,0,0,-,,,,,,,,,,,,,,,,,,
Dyami Brown,WAS,WR,2965973,@PHI,23,7,1,1,N/R,,,0,0,,0,0,0.0,0,0,0.0,0,2,0,0.00,,,,,,,,,,,,,,,,,,
Isaiah Winstead,PIT,WR,2835033,ATL,8,9,0,0,N/R,,,0,0,,0,0,0.0,0,0,0.0,0,0,0,-,,,,,,,,,,,,,,,,,,
Jequez Ezzard,WAS,WR,2260702,@PHI,23,7,1,0,N/R,,,0,0,,0,0,0.0,0,0,0.0,0,0,0,-,,,,,,,,,,,,,,,,,,
Brandon Aiyuk,SF,WR,2967489,@LAR,25,8,3,1,N/R,,,0,0,,0,0,0.0,0,0,0.0,0,0,0,-,,,,,,,,,,,,,,,,,,
Traeshon Holden,DAL,WR,3163354,@NYG,13,14,1,1,N/R,,,0,0,,0,0,0.0,0,0,0.0,0,0,0,-,,,,,,,,,,,,,,,,,,
Juwann Winfree,HOU,WR,3116589,BUF,26,8,1,1,N/R,,,0,0,,0,0,0.0,0,0,0.0,0,0,0,-,,,,,,,,,,,,,,,,,,
Rakim Jarrett,PIT,WR,3166901,ATL,8,9,1,1,N/R,,,0,0,,0,0,0.0,0,0,0.0,0,0,0,-,,,,,,,,,,,,,,,,,,
Braxton Berrios,NYG,WR,2130981,DAL,7,8,1,1,N/R,,,0,0,,0,0,0.0,0,0,0.0,0,0,0,0.00,,,,,,,,,,,,,,,,,,
Max Tomczak,BUF,WR,26725930,@HOU,27,7,1,1,N/R,,,0,0,,0,0,0.0,0,0,0.0,0,0,0,-,,,,,,,,,,,,,,,,,,
Davante Adams,LAR,WR,1893167,SF,5,11,100,80,23,,,26,0,,0,0,8.7,0,0,0.0,0,6,3,0.00,,,,,,,,,,,,,,,,,,
Joseph Manjack IV,DEN,WR,26720249,@KC,2,10,1,1,N/R,,,0,0,,0,0,0.0,0,0,0.0,0,0,0,-,,,,,,,,,,,,,,,,,,
Shae Wyatt,SF,WR,26695205,@LAR,25,8,1,0,N/R,,,0,0,,0,0,0.0,0,0,0.0,0,0,0,-,,,,,,,,,,,,,,,,,,
Brandon Smith,PIT,WR,2865783,ATL,8,9,1,1,N/R,,,0,0,,0,0,0.0,0,0,0.0,0,0,0,-,,,,,,,,,,,,,,,,,,
Olamide Zaccheaus,ATL,WR,2186266,@PIT,1,11,1,1,N/R,,,5,0,,0,0,5.0,0,0,0.0,0,1,1,0.00,,,,,,,,,,,,,,,,,,
Slade Bolden,ATL,WR,2960931,@PIT,1,11,1,1,N/R,,,0,0,,0,0,0.0,0,0,0.0,0,0,0,-,,,,,,,,,,,,,,,,,,
Landon Lenoir,CHI,WR,2247199,@CAR,24,10,0,0,N/R,,,0,0,,0,0,0.0,0,0,0.0,0,0,0,-,,,,,,,,,,,,,,,,,,
Daniel Jackson,HOU,WR,3178022,BUF,26,8,1,0,N/R,,,0,0,,0,0,0.0,0,0,0.0,0,0,0,-,,,,,,,,,,,,,,,,,,
Thyrick Pitts,GB,WR,2816155,@MIN,32,11,0,0,N/R,,,0,0,,0,0,0.0,0,0,0.0,0,0,0,-,,,,,,,,,,,,,,,,,,
Jordan Addison,MIN,WR,3162290,GB,17,6,91,15,41,,,0,0,,0,0,0.0,0,0,0.0,0,2,0,0.00,,,,,,,,,,,,,,,,,,
Kelvin McKnight,DEN,WR,2186057,@KC,2,10,1,1,N/R,,,0,0,,0,0,0.0,0,0,0.0,0,0,0,-,,,,,,,,,,,,,,,,,,
Xavier Malone,ATL,WR,29128526,@PIT,1,11,0,0,N/R,,,0,0,,0,0,0.0,0,0,0.0,0,0,0,-,,,,,,,,,,,,,,,,,,
Keon Coleman,BUF,WR,26717289,@HOU,27,7,5,1,N/R,,,1,0,,0,0,1.0,0,0,0.0,0,1,1,0.00,,,,,,,,,,,,,,,,,,
Trayvon Rudolph,MIN,WR,3167411,GB,17,6,1,1,N/R,,,0,0,,0,0,0.0,0,0,0.0,0,0,0,-,,,,,,,,,,,,,,,,,,
Kaden Prather,GB,WR,26694721,@MIN,32,11,1,0,N/R,,,0,0,,0,0,0.0,0,0,0.0,0,0,0,-,,,,,,,,,,,,,,,,,,
Jalen Moreno-Cropper,NO,WR,3122722,@DET,31,8,1,1,N/R,,,0,0,,0,0,0.0,0,0,0.0,0,0,0,-,,,,,,,,,,,,,,,,,,
Marquez Callaway,LV,WR,2247505,MIA,4,13,1,1,N/R,,,0,0,,0,0,0.0,0,0,0.0,0,0,0,-,,,,,,,,,,,,,,,,,,
George Pickens,DAL,WR,3123212,@NYG,13,14,100,100,10,,,28,0,,0,0,9.3,0,0,0.0,0,6,3,0.00,,,,,,,,,,,,,,,,,,
Matt Landers,TEN,WR,2871748,NYJ,9,9,1,1,N/R,,,0,0,,0,0,0.0,0,0,0.0,0,0,0,-,,,,,,,,,,,,,,,,,,
Mikah Holder,WAS,WR,2924894,@PHI,23,7,1,0,N/R,,,0,0,,0,0,0.0,0,0,0.0,0,0,0,-,,,,,,,,,,,,,,,,,,
Ja'Kobi Lane,BAL,WR,29158151,@IND,28,13,61,4,N/R,,,11,0,,0,0,11.0,0,0,0.0,0,3,1,0.00,,,,,,,,,,,,,,,,,,
Kolbe Katsis,DEN,WR,29423982,@KC,2,10,1,1,N/R,,,0,0,,0,0,0.0,0,0,0.0,0,0,0,-,,,,,,,,,,,,,,,,,,
Luke McCaffrey,WAS,WR,3121502,@PHI,23,7,2,1,N/R,,,0,0,,0,0,0.0,0,0,0.0,0,0,0,-,,,,,,,,,,,,,,,,,,
Makai Lemon,PHI,WR,29123772,WAS,15,10,79,3,N/R,,,-5,0,,0,0,-1.7,0,0,0.0,0,4,3,0.00,,,,,,,,,,,,,,,,,,
Jared Smart,ARI,WR,3123048,@LAC,19,14,1,0,N/R,,,0,0,,0,0,0.0,0,0,0.0,0,0,0,-,,,,,,,,,,,,,,,,,,
Isaac TeSlaa,DET,WR,29122587,NO,16,6,8,1,N/R,,,0,0,,0,0,0.0,0,0,0.0,0,1,0,0.00,,,,,,,,,,,,,,,,,,
Dane Key,DEN,WR,28873407,@KC,2,10,1,0,N/R,,,0,0,,0,0,0.0,0,0,0.0,0,0,0,-,,,,,,,,,,,,,,,,,,
Keilahn Harris,PIT,WR,29119117,ATL,8,9,0,0,N/R,,,0,0,,0,0,0.0,0,0,0.0,0,0,0,-,,,,,,,,,,,,,,,,,,
Mike Harley,MIA,WR,2826762,@LV,20,6,1,1,N/R,,,0,0,,0,0,0.0,0,0,0.0,0,0,0,-,,,,,,,,,,,,,,,,,,
Mike Williams,LAC,WR,2082516,ARI,11,7,1,1,N/R,,,0,0,,0,0,0.0,0,0,0.0,0,0,0,-,,,,,,,,,,,,,,,,,,
Tylan Wallace,CLE,WR,2866424,@JAC,18,11,1,1,N/R,,,0,0,,0,0,0.0,0,0,0.0,0,0,0,0.00,,,,,,,,,,,,,,,,,,
Robbie Chosen,WAS,WR,1886746,@PHI,23,7,1,1,N/R,,,0,0,,0,0,0.0,0,0,0.0,0,0,0,-,,,,,,,,,,,,,,,,,,
Jacob Copeland,PIT,WR,2964883,ATL,8,9,1,1,N/R,,,0,0,,0,0,0.0,0,0,0.0,0,0,0,-,,,,,,,,,,,,,,,,,,
Je'Quan Burton,MIA,WR,2962576,@LV,20,6,0,0,N/R,,,0,0,,0,0,0.0,0,0,0.0,0,0,0,-,,,,,,,,,,,,,,,,,,
Colbie Young,CIN,WR,28934874,TB,10,6,1,1,N/R,,,0,0,,0,0,0.0,0,0,0.0,0,0,0,0.00,,,,,,,,,,,,,,,,,,
Cody White,LV,WR,2865884,MIA,4,13,1,0,N/R,,,0,0,,0,0,0.0,0,0,0.0,0,1,0,0.00,,,,,,,,,,,,,,,,,,
Malik Knowles,SF,WR,2966553,@LAR,25,8,1,1,N/R,,,0,0,,0,0,0.0,0,0,0.0,0,0,0,-,,,,,,,,,,,,,,,,,,
Trevion Thompson,TEN,WR,2133481,NYJ,9,9,1,0,N/R,,,0,0,,0,0,0.0,0,0,0.0,0,0,0,-,,,,,,,,,,,,,,,,,,
Harvey Binford,IND,WR,2252503,BAL,12,13,1,0,N/R,,,0,0,,0,0,0.0,0,0,0.0,0,0,0,-,,,,,,,,,,,,,,,,,,
Xavier Johnson,CIN,WR,2984078,TB,10,6,1,1,N/R,,,0,0,,0,0,0.0,0,0,0.0,0,0,0,-,,,,,,,,,,,,,,,,,,
Stanley Morgan,TEN,WR,2179632,NYJ,9,9,1,1,N/R,,,0,0,,0,0,0.0,0,0,0.0,0,0,0,-,,,,,,,,,,,,,,,,,,
Jon'Vea Johnson,CHI,WR,2136691,@CAR,24,10,1,1,N/R,,,0,0,,0,0,0.0,0,0,0.0,0,0,0,-,,,,,,,,,,,,,,,,,,
Jalen McCleskey,NO,WR,2185697,@DET,31,8,1,1,N/R,,,0,0,,0,0,0.0,0,0,0.0,0,0,0,-,,,,,,,,,,,,,,,,,,
Quentin Johnston,LAC,WR,3162609,ARI,11,7,97,52,29,,,17,0,,0,0,8.5,0,0,0.0,0,6,2,0.00,,,,,,,,,,,,,,,,,,
Germie Bernard,PIT,WR,28878358,ATL,8,9,8,1,N/R,,,0,0,,0,0,0.0,0,0,0.0,0,0,0,0.00,,,,,,,,,,,,,,,,,,
Kevin Austin Jr.,NO,WR,2969073,@DET,31,8,1,0,N/R,,,0,0,,0,0,0.0,0,0,0.0,0,0,0,0.00,,,,,,,,,,,,,,,,,,
Dontay Demus Jr.,BAL,WR,2963923,@IND,28,13,1,1,N/R,,,0,0,,0,0,0.0,0,0,0.0,0,0,0,-,,,,,,,,,,,,,,,,,,
Siaosi Mariner,BAL,WR,3161110,@IND,28,13,1,1,N/R,,,0,0,,0,0,0.0,0,0,0.0,0,0,0,-,,,,,,,,,,,,,,,,,,
Tamorrion Terry,SEA,WR,2866340,NE,22,11,1,1,N/R,,,0,0,,0,0,0.0,0,0,0.0,0,0,0,-,,,,,,,,,,,,,,,,,,
Odieu Hiliare,ATL,WR,3138422,@PIT,1,11,0,0,N/R,,,0,0,,0,0,0.0,0,0,0.0,0,0,0,-,,,,,,,,,,,,,,,,,,
Jamal Custis,PIT,WR,2139136,ATL,8,9,0,0,N/R,,,0,0,,0,0,0.0,0,0,0.0,0,0,0,-,,,,,,,,,,,,,,,,,,
Gary Chambers,BUF,WR,1851098,@HOU,27,7,1,1,N/R,,,0,0,,0,0,0.0,0,0,0.0,0,0,0,-,,,,,,,,,,,,,,,,,,
Bobo Beathard,ARI,WR,1840609,@LAC,19,14,1,1,N/R,,,0,0,,0,0,0.0,0,0,0.0,0,0,0,-,,,,,,,,,,,,,,,,,,
Efton Chism III,NE,WR,3163509,@SEA,6,11,1,1,N/R,,,0,0,,0,0,0.0,0,0,0.0,0,0,0,-,,,,,,,,,,,,,,,,,,
Bug Howard,TB,WR,2060469,@CIN,14,10,1,1,N/R,,,0,0,,0,0,0.0,0,0,0.0,0,0,0,-,,,,,,,,,,,,,,,,,,
Kody Case,IND,WR,2867551,BAL,12,13,1,1,N/R,,,0,0,,0,0,0.0,0,0,0.0,0,0,0,-,,,,,,,,,,,,,,,,,,
Aaron Anderson,CLE,WR,28877406,@JAC,18,11,1,1,N/R,,,0,0,,0,0,0.0,0,0,0.0,0,0,0,-,,,,,,,,,,,,,,,,,,
Darnell Mooney,NYG,WR,2240651,DAL,7,8,4,1,N/R,,,27,0,,0,0,13.5,0,0,0.0,0,2,2,0.00,,,,,,,,,,,,,,,,,,
Ricky White III,SEA,WR,3169795,NE,22,11,1,0,N/R,,,0,0,,0,0,0.0,0,0,0.0,0,0,0,-,,,,,,,,,,,,,,,,,,
Dai'Jean Dixon,NO,WR,2864965,@DET,31,8,1,1,N/R,,,0,0,,0,0,0.0,0,0,0.0,0,0,0,-,,,,,,,,,,,,,,,,,,
Brady Boyd,JAC,WR,26696036,CLE,30,7,1,0,N/R,,,0,0,,0,0,0.0,0,0,0.0,0,0,0,-,,,,,,,,,,,,,,,,,,
Ray-Ray McCloud,CHI,WR,2179226,@CAR,24,10,1,1,N/R,,,0,0,,0,0,0.0,0,0,0.0,0,0,0,-,,,,,,,,,,,,,,,,,,
Jeremy Gallon,LV,WR,2129680,MIA,4,13,1,0,N/R,,,0,0,,0,0,0.0,0,0,0.0,0,0,0,-,,,,,,,,,,,,,,,,,,
Wan'Dale Robinson,TEN,WR,3124107,NYJ,9,9,83,23,45,,,38,0,,0,0,7.6,0,0,0.0,0,6,5,0.00,,,,,,,,,,,,,,,,,,
Lawrence Keys III,DET,WR,2969108,NO,16,6,1,1,N/R,,,0,0,,0,0,0.0,0,0,0.0,0,0,0,-,,,,,,,,,,,,,,,,,,
Gabriel Benyard,CAR,WR,29417586,CHI,29,5,1,0,N/R,,,0,0,,0,0,0.0,0,0,0.0,0,0,0,-,,,,,,,,,,,,,,,,,,
Michael Young Jr.,HOU,WR,2868607,BUF,26,8,1,1,N/R,,,0,0,,0,0,0.0,0,0,0.0,0,0,0,-,,,,,,,,,,,,,,,,,,
Dontae Fleming,MIN,WR,3164185,GB,17,6,1,0,N/R,,,0,0,,0,0,0.0,0,0,0.0,0,0,0,-,,,,,,,,,,,,,,,,,,
Changa Hodge,ARI,WR,2262609,@LAC,19,14,1,1,N/R,,,0,0,,0,0,0.0,0,0,0.0,0,0,0,-,,,,,,,,,,,,,,,,,,
Allen Lazard,NYJ,WR,2141655,@TEN,21,13,1,1,N/R,,,0,0,,0,0,0.0,0,0,0.0,0,0,0,-,,,,,,,,,,,,,,,,,,
John Mitchell,SEA,WR,2252295,NE,22,11,1,1,N/R,,,0,0,,0,0,0.0,0,0,0.0,0,0,0,-,,,,,,,,,,,,,,,,,,
Javon McKinley,PIT,WR,2260685,ATL,8,9,1,1,N/R,,,0,0,,0,0,0.0,0,0,0.0,0,0,0,-,,,,,,,,,,,,,,,,,,
Tim Jones,JAC,WR,2839207,CLE,30,7,1,0,N/R,,,0,0,,0,0,0.0,0,0,0.0,0,0,0,-,,,,,,,,,,,,,,,,,,
Brennan Eagles,DAL,WR,2965527,@NYG,13,14,1,1,N/R,,,0,0,,0,0,0.0,0,0,0.0,0,0,0,-,,,,,,,,,,,,,,,,,,
Makai Polk,ATL,WR,3122839,@PIT,1,11,1,1,N/R,,,0,0,,0,0,0.0,0,0,0.0,0,0,0,-,,,,,,,,,,,,,,,,,,
Malcome Kennedy,NO,WR,2175065,@DET,31,8,1,0,N/R,,,0,0,,0,0,0.0,0,0,0.0,0,0,0,-,,,,,,,,,,,,,,,,,,
Tyler Hudson,LAR,WR,3122893,SF,5,11,1,1,N/R,,,0,0,,0,0,0.0,0,0,0.0,0,0,0,-,,,,,,,,,,,,,,,,,,
Tyrone Broden,SEA,WR,3133378,NE,22,11,1,1,N/R,,,0,0,,0,0,0.0,0,0,0.0,0,0,0,-,,,,,,,,,,,,,,,,,,
Terry Wright,MIA,WR,3116837,@LV,20,6,0,0,N/R,,,0,0,,0,0,0.0,0,0,0.0,0,0,0,-,,,,,,,,,,,,,,,,,,
Deven Thompkins,LV,WR,2969006,MIA,4,13,1,0,N/R,,,0,0,,0,0,0.0,0,0,0.0,0,0,0,-,,,,,,,,,,,,,,,,,,
Golden Tate,TEN,WR,1265470,NYJ,9,9,1,1,N/R,,,0,0,,0,0,0.0,0,0,0.0,0,0,0,-,,,,,,,,,,,,,,,,,,
Ryan McDaniel,JAC,WR,2879694,CLE,30,7,1,0,N/R,,,0,0,,0,0,0.0,0,0,0.0,0,0,0,-,,,,,,,,,,,,,,,,,,
Deonte Harty,BAL,WR,3116892,@IND,28,13,1,1,N/R,,,0,0,,0,0,0.0,0,0,0.0,0,0,0,-,,,,,,,,,,,,,,,,,,
Kevin Shaa,CHI,WR,2965479,@CAR,24,10,0,0,N/R,,,0,0,,0,0,0.0,0,0,0.0,0,0,0,-,,,,,,,,,,,,,,,,,,
Sean Ryan,BAL,WR,2963218,@IND,28,13,0,0,N/R,,,0,0,,0,0,0.0,0,0,0.0,0,0,0,-,,,,,,,,,,,,,,,,,,
Jordyn Tyson,NO,WR,28900885,@DET,31,8,54,1,N/R,,,0,0,,0,0,0.0,0,0,0.0,0,0,0,-,,,,,,,,,,,,,,,,,,
Deon Cain,BUF,WR,2179211,@HOU,27,7,1,1,N/R,,,0,0,,0,0,0.0,0,0,0.0,0,0,0,-,,,,,,,,,,,,,,,,,,
Tyler Boyd,TEN,WR,2071582,NYJ,9,9,1,1,N/R,,,0,0,,0,0,0.0,0,0,0.0,0,0,0,-,,,,,,,,,,,,,,,,,,
Joseph Ngata,PHI,WR,3122907,WAS,15,10,1,1,N/R,,,0,0,,0,0,0.0,0,0,0.0,0,0,0,-,,,,,,,,,,,,,,,,,,
Dymere Miller,NYJ,WR,3163055,@TEN,21,13,1,1,N/R,,,0,0,,0,0,0.0,0,0,0.0,0,0,0,-,,,,,,,,,,,,,,,,,,
Cedrick Wilson Jr.,DET,WR,2240685,NO,16,6,1,1,N/R,,,0,0,,0,0,0.0,0,0,0.0,0,0,0,-,,,,,,,,,,,,,,,,,,
Kekoa Crawford,KC,WR,2260488,DEN,3,5,1,0,N/R,,,0,0,,0,0,0.0,0,0,0.0,0,0,0,-,,,,,,,,,,,,,,,,,,
Justin Hall,MIN,WR,2865819,GB,17,6,1,1,N/R,,,0,0,,0,0,0.0,0,0,0.0,0,0,0,-,,,,,,,,,,,,,,,,,,
Aleva Hifo,ARI,WR,3159106,@LAC,19,14,1,0,N/R,,,0,0,,0,0,0.0,0,0,0.0,0,0,0,-,,,,,,,,,,,,,,,,,,
Jaylen Smith,SEA,WR,2181185,NE,22,11,1,0,N/R,,,0,0,,0,0,0.0,0,0,0.0,0,0,0,-,,,,,,,,,,,,,,,,,,
Duece Watts,PIT,WR,3163069,ATL,8,9,0,0,N/R,,,0,0,,0,0,0.0,0,0,0.0,0,0,0,-,,,,,,,,,,,,,,,,,,
Treylon Burks,WAS,WR,3122944,@PHI,23,7,1,1,N/R,,,0,0,,0,0,0.0,0,0,0.0,0,0,0,-,,,,,,,,,,,,,,,,,,
Calvin Austin III,NYG,WR,2866214,DAL,7,8,1,1,N/R,,,0,0,,0,0,0.0,0,0,0.0,0,0,0,-,,,,,,,,,,,,,,,,,,
Tyler Simmons,PIT,WR,3159178,ATL,8,9,1,1,N/R,,,0,0,,0,0,0.0,0,0,0.0,0,0,0,-,,,,,,,,,,,,,,,,,,
Omari Evans,KC,WR,28875329,DEN,3,5,1,1,N/R,,,0,0,,0,0,0.0,0,0,0.0,0,0,0,-,,,,,,,,,,,,,,,,,,
KaVontae Turpin,DAL,WR,2180870,@NYG,13,14,2,1,N/R,,,8,0,,0,0,8.0,0,0,0.0,0,1,1,0.00,,,,,,,,,,,,,,,,,,
Braylon Sanders,WAS,WR,2869933,@PHI,23,7,1,1,N/R,,,0,0,,0,0,0.0,0,0,0.0,0,0,0,-,,,,,,,,,,,,,,,,,,
Aron Cruickshank,PIT,WR,2961237,ATL,8,9,1,1,N/R,,,0,0,,0,0,0.0,0,0,0.0,0,0,0,-,,,,,,,,,,,,,,,,,,
Latreal Jones,TB,WR,28875290,@CIN,14,10,1,1,N/R,,,0,0,,0,0,0.0,0,0,0.0,0,0,0,-,,,,,,,,,,,,,,,,,,
Johnny Johnson III,HOU,WR,2864938,BUF,26,8,1,1,N/R,,,0,0,,0,0,0.0,0,0,0.0,0,0,0,-,,,,,,,,,,,,,,,,,,
Colton Dowell,PIT,WR,2828751,ATL,8,9,1,1,N/R,,,0,0,,0,0,0.0,0,0,0.0,0,0,0,-,,,,,,,,,,,,,,,,,,
Malik McClain,NYJ,WR,26693641,@TEN,21,13,1,0,N/R,,,0,0,,0,0,0.0,0,0,0.0,0,0,0,-,,,,,,,,,,,,,,,,,,
A.T. Perry,PIT,WR,2965235,ATL,8,9,1,1,N/R,,,0,0,,0,0,0.0,0,0,0.0,0,0,0,-,,,,,,,,,,,,,,,,,,
Michael Wilson,ARI,WR,2965181,@LAC,19,14,93,20,35,,,56,0,,0,0,11.2,0,0,0.0,0,7,5,0.00,,,,,,,,,,,,,,,,,,
Corey Rucker,LV,WR,3163046,MIA,4,13,0,0,N/R,,,0,0,,0,0,0.0,0,0,0.0,0,0,0,-,,,,,,,,,,,,,,,,,,
Jaquarii Roberson,LAR,WR,2805613,SF,5,11,1,0,N/R,,,0,0,,0,0,0.0,0,0,0.0,0,0,0,-,,,,,,,,,,,,,,,,,,
Tracy Moore,FA,WR,1685895,BYE,---,0,1,1,N/R,,,0,0,,0,0,0.0,0,0,0.0,0,0,0,-,,,,,,,,,,,,,,,,,,
Jalen Nailor,LV,WR,2967232,MIA,4,13,29,3,N/R,,,27,0,,0,0,9.0,0,0,0.0,0,5,3,0.00,,,,,,,,,,,,,,,,,,
Jahmal Banks,BAL,WR,3162810,@IND,28,13,1,1,N/R,,,0,0,,0,0,0.0,0,0,0.0,0,0,0,-,,,,,,,,,,,,,,,,,,
Riley Lees,CIN,WR,2247038,TB,10,6,1,1,N/R,,,0,0,,0,0,0.0,0,0,0.0,0,0,0,-,,,,,,,,,,,,,,,,,,
Davonte Allen,BUF,WR,1892454,@HOU,27,7,1,1,N/R,,,0,0,,0,0,0.0,0,0,0.0,0,0,0,-,,,,,,,,,,,,,,,,,,
Brock Rechsteiner,NO,WR,26725349,@DET,31,8,1,0,N/R,,,0,0,,0,0,0.0,0,0,0.0,0,0,0,-,,,,,,,,,,,,,,,,,,
Cyrus Holder,CHI,WR,2242794,@CAR,24,10,0,0,N/R,,,0,0,,0,0,0.0,0,0,0.0,0,0,0,-,,,,,,,,,,,,,,,,,,
Marcus Simms,SEA,WR,3125670,NE,22,11,0,0,N/R,,,0,0,,0,0,0.0,0,0,0.0,0,0,0,-,,,,,,,,,,,,,,,,,,
Jalen Royals,KC,WR,28924106,DEN,3,5,1,1,N/R,,,0,0,,0,0,0.0,0,0,0.0,0,0,0,0.00,,,,,,,,,,,,,,,,,,
Malik Turner,SF,WR,2136527,@LAR,25,8,1,1,N/R,,,0,0,,0,0,0.0,0,0,0.0,0,0,0,-,,,,,,,,,,,,,,,,,,
Caullin Lacy,NYJ,WR,3172596,@TEN,21,13,1,0,N/R,,,0,0,,0,0,0.0,0,0,0.0,0,0,0,-,,,,,,,,,,,,,,,,,,
Rashon Ceaser,TEN,WR,2237133,NYJ,9,9,1,1,N/R,,,0,0,,0,0,0.0,0,0,0.0,0,0,0,-,,,,,,,,,,,,,,,,,,
Praise Olatoke,CAR,WR,29385901,CHI,29,5,1,1,N/R,,,0,0,,0,0,0.0,0,0,0.0,0,0,0,-,,,,,,,,,,,,,,,,,,
Shawn Poindexter,SF,WR,3116832,@LAR,25,8,1,1,N/R,,,0,0,,0,0,0.0,0,0,0.0,0,0,0,-,,,,,,,,,,,,,,,,,,
Nick Easley,BUF,WR,2804380,@HOU,27,7,0,0,N/R,,,0,0,,0,0,0.0,0,0,0.0,0,0,0,-,,,,,,,,,,,,,,,,,,
Bryce Oliver,TEN,WR,2967309,NYJ,9,9,1,0,N/R,,,0,0,,0,0,0.0,0,0,0.0,0,0,0,-,,,,,,,,,,,,,,,,,,
Dareke Young,LV,WR,27017067,MIA,4,13,1,1,N/R,,,0,0,,0,0,0.0,0,0,0.0,0,0,0,0.00,,,,,,,,,,,,,,,,,,
Alec Pierce,IND,WR,2965664,BAL,12,13,98,34,34,,,61,0,,0,0,15.2,0,0,0.0,0,6,4,0.00,,,,,,,,,,,,,,,,,,
Cornelius Johnson,BAL,WR,3133361,@IND,28,13,1,1,N/R,,,0,0,,0,0,0.0,0,0,0.0,0,0,0,-,,,,,,,,,,,,,,,,,,
T.J. Rahming,MIA,WR,3116702,@LV,20,6,1,1,N/R,,,0,0,,0,0,0.0,0,0,0.0,0,0,0,-,,,,,,,,,,,,,,,,,,
Tyler Scott,LAR,WR,3163215,SF,5,11,1,1,N/R,,,0,0,,0,0,0.0,0,0,0.0,0,0,0,-,,,,,,,,,,,,,,,,,,
Kaden Davis,CHI,WR,28868815,@CAR,24,10,1,1,N/R,,,0,0,,0,0,0.0,0,0,0.0,0,0,0,0.00,,,,,,,,,,,,,,,,,,
Tay Martin,DET,WR,2865709,NO,16,6,1,0,N/R,,,0,0,,0,0,0.0,0,0,0.0,0,0,0,0.00,,,,,,,,,,,,,,,,,,
Jacoby Jones,WAS,WR,28878082,@PHI,23,7,1,0,N/R,,,0,0,,0,0,0.0,0,0,0.0,0,0,0,-,,,,,,,,,,,,,,,,,,
Mason Kinsey,TEN,WR,3161133,NYJ,9,9,1,1,N/R,,,0,0,,0,0,0.0,0,0,0.0,0,0,0,-,,,,,,,,,,,,,,,,,,
Sam Wiglusz,LAR,WR,2984114,SF,5,11,1,0,N/R,,,0,0,,0,0,0.0,0,0,0.0,0,0,0,-,,,,,,,,,,,,,,,,,,
Bailey Gaither,BAL,WR,2184609,@IND,28,13,1,0,N/R,,,0,0,,0,0,0.0,0,0,0.0,0,0,0,-,,,,,,,,,,,,,,,,,,
DeAngelo Hardy,BAL,WR,29376463,@IND,28,13,1,1,N/R,,,0,0,,0,0,0.0,0,0,0.0,0,0,0,-,,,,,,,,,,,,,,,,,,
Marcus Riley,NYJ,WR,3133994,@TEN,21,13,1,1,N/R,,,0,0,,0,0,0.0,0,0,0.0,0,0,0,-,,,,,,,,,,,,,,,,,,
Osirus Mitchell,GB,WR,2249164,@MIN,32,11,1,1,N/R,,,0,0,,0,0,0.0,0,0,0.0,0,0,0,-,,,,,,,,,,,,,,,,,,
Xavier Smith,LAR,WR,2986749,SF,5,11,1,1,N/R,,,0,0,,0,0,0.0,0,0,0.0,0,0,0,0.00,,,,,,,,,,,,,,,,,,
Amari Cooper,LV,WR,1984220,MIA,4,13,1,1,N/R,,,0,0,,0,0,0.0,0,0,0.0,0,0,0,-,,,,,,,,,,,,,,,,,,
Tre'Shaun Harrison,TEN,WR,2963056,NYJ,9,9,1,1,N/R,,,0,0,,0,0,0.0,0,0,0.0,0,0,0,-,,,,,,,,,,,,,,,,,,
Jordan Williams-Lambert,CHI,WR,2237119,@CAR,24,10,0,0,N/R,,,0,0,,0,0,0.0,0,0,0.0,0,0,0,-,,,,,,,,,,,,,,,,,,
John Hurst,IND,WR,3159214,BAL,12,13,1,1,N/R,,,0,0,,0,0,0.0,0,0,0.0,0,0,0,-,,,,,,,,,,,,,,,,,,
Kendrick Law,DET,WR,28874888,NO,16,6,1,0,N/R,,,0,0,,0,0,0.0,0,0,0.0,0,0,0,-,,,,,,,,,,,,,,,,,,
Chase Cota,CLE,WR,2965589,@JAC,18,11,1,1,N/R,,,0,0,,0,0,0.0,0,0,0.0,0,0,0,-,,,,,,,,,,,,,,,,,,
Johnny Wilson,PHI,WR,3163268,WAS,15,10,1,1,N/R,,,0,0,,0,0,0.0,0,0,0.0,0,0,0,-,,,,,,,,,,,,,,,,,,
DeAndre Carter,CLE,WR,2174795,@JAC,18,11,1,1,N/R,,,0,0,,0,0,0.0,0,0,0.0,0,0,0,-,,,,,,,,,,,,,,,,,,
David Bell,CLE,WR,3131708,@JAC,18,11,1,1,N/R,,,0,0,,0,0,0.0,0,0,0.0,0,0,0,-,,,,,,,,,,,,,,,,,,
Jason Brownlee,KC,WR,3170352,DEN,3,5,1,1,N/R,,,0,0,,0,0,0.0,0,0,0.0,0,0,0,-,,,,,,,,,,,,,,,,,,
Felton Davis,KC,WR,2186422,DEN,3,5,1,0,N/R,,,0,0,,0,0,0.0,0,0,0.0,0,0,0,-,,,,,,,,,,,,,,,,,,
Darece Roberson Jr.,SEA,WR,26654230,NE,22,11,1,1,N/R,,,0,0,,0,0,0.0,0,0,0.0,0,0,0,-,,,,,,,,,,,,,,,,,,
Jaylin Lane,WAS,WR,3162484,@PHI,23,7,1,1,N/R,,,4,0,,0,0,4.0,0,0,0.0,0,1,1,0.00,,,,,,,,,,,,,,,,,,
Sy Barnett,NO,WR,29116249,@DET,31,8,1,0,N/R,,,0,0,,0,0,0.0,0,0,0.0,0,0,0,-,,,,,,,,,,,,,,,,,,
Diontae Johnson,CLE,WR,2194164,@JAC,18,11,1,1,N/R,,,0,0,,0,0,0.0,0,0,0.0,0,0,0,-,,,,,,,,,,,,,,,,,,
Sam Pinckney,CAR,WR,2961512,CHI,29,5,1,1,N/R,,,0,0,,0,0,0.0,0,0,0.0,0,0,0,-,,,,,,,,,,,,,,,,,,
Isaac Zico,ARI,WR,3117099,@LAC,19,14,1,1,N/R,,,0,0,,0,0,0.0,0,0,0.0,0,0,0,-,,,,,,,,,,,,,,,,,,
Ahmarean Brown,BUF,WR,3123946,@HOU,27,7,1,1,N/R,,,0,0,,0,0,0.0,0,0,0.0,0,0,0,-,,,,,,,,,,,,,,,,,,
Bryan Thompson,BUF,WR,2827539,@HOU,27,7,1,1,N/R,,,0,0,,0,0,0.0,0,0,0.0,0,0,0,-,,,,,,,,,,,,,,,,,,
Ja'Marr Chase,CIN,WR,2966320,TB,10,6,100,100,5,,,12,0,,0,0,6.0,0,0,0.0,0,4,2,0.00,,,,,,,,,,,,,,,,,,
Tyler Snead,PIT,WR,2983342,ATL,8,9,1,1,N/R,,,0,0,,0,0,0.0,0,0,0.0,0,0,0,-,,,,,,,,,,,,,,,,,,
Anthony Smith,DAL,WR,3164577,@NYG,13,14,1,0,N/R,,,0,0,,0,0,0.0,0,0,0.0,0,0,0,-,,,,,,,,,,,,,,,,,,
CJ Daniels,LAR,WR,3167404,SF,5,11,1,1,N/R,,,0,0,,0,0,0.0,0,0,0.0,0,0,0,-,,,,,,,,,,,,,,,,,,
Blake Proehl,MIN,WR,2827939,GB,17,6,1,0,N/R,,,0,0,,0,0,0.0,0,0,0.0,0,0,0,-,,,,,,,,,,,,,,,,,,
Jaxon Janke,HOU,WR,2976447,BUF,26,8,1,0,N/R,,,0,0,,0,0,0.0,0,0,0.0,0,0,0,-,,,,,,,,,,,,,,,,,,
Samson Nacua,NO,WR,2260501,@DET,31,8,1,0,N/R,,,0,0,,0,0,0.0,0,0,0.0,0,0,0,-,,,,,,,,,,,,,,,,,,
Romeo Doubs,NE,WR,2961886,@SEA,6,11,79,7,N/R,,,0,0,,0,0,0.0,0,0,0.0,0,3,0,0.00,,,,,,,,,,,,,,,,,,
Josh Kelly,HOU,WR,3121933,BUF,26,8,1,1,N/R,,,0,0,,0,0,0.0,0,0,0.0,0,0,0,-,,,,,,,,,,,,,,,,,,
Justin Watson,HOU,WR,2137198,BUF,26,8,1,1,N/R,,,0,0,,0,0,0.0,0,0,0.0,0,0,0,-,,,,,,,,,,,,,,,,,,
Calvin Jackson Jr.,MIA,WR,2968105,@LV,20,6,0,0,N/R,,,0,0,,0,0,0.0,0,0,0.0,0,0,0,-,,,,,,,,,,,,,,,,,,
Josh Reese,PHI,WR,2174982,WAS,15,10,1,1,N/R,,,0,0,,0,0,0.0,0,0,0.0,0,0,0,-,,,,,,,,,,,,,,,,,,
Brycen Tremayne,CAR,WR,2967463,CHI,29,5,1,1,N/R,,,0,0,,0,0,0.0,0,0,0.0,0,0,0,0.00,,,,,,,,,,,,,,,,,,
Simi Fehoko,ARI,WR,2965289,@LAC,19,14,1,0,N/R,,,0,0,,0,0,0.0,0,0,0.0,0,0,0,0.00,,,,,,,,,,,,,,,,,,
Rashod Owens,CIN,WR,3169153,TB,10,6,1,1,N/R,,,0,0,,0,0,0.0,0,0,0.0,0,0,0,-,,,,,,,,,,,,,,,,,,
Mathew Sexton,MIA,WR,2240073,@LV,20,6,0,0,N/R,,,0,0,,0,0,0.0,0,0,0.0,0,0,0,-,,,,,,,,,,,,,,,,,,
Hayden Hatten,SEA,WR,3125550,NE,22,11,1,1,N/R,,,0,0,,0,0,0.0,0,0,0.0,0,0,0,-,,,,,,,,,,,,,,,,,,
Gunner Olszewski,NYG,WR,3117210,DAL,7,8,1,1,N/R,,,0,0,,0,0,0.0,0,0,0.0,0,0,0,-,,,,,,,,,,,,,,,,,,
Jazz Ferguson,SEA,WR,2180620,NE,22,11,1,1,N/R,,,0,0,,0,0,0.0,0,0,0.0,0,0,0,-,,,,,,,,,,,,,,,,,,
Cornell Powell,PIT,WR,2239529,ATL,8,9,1,1,N/R,,,0,0,,0,0,0.0,0,0,0.0,0,0,0,-,,,,,,,,,,,,,,,,,,
Quintez Cephus,BUF,WR,2251870,@HOU,27,7,1,0,N/R,,,0,0,,0,0,0.0,0,0,0.0,0,0,0,-,,,,,,,,,,,,,,,,,,
Brennan Presley,LAR,WR,3169136,SF,5,11,1,0,N/R,,,0,0,,0,0,0.0,0,0,0.0,0,0,0,-,,,,,,,,,,,,,,,,,,
Laquon Treadwell,IND,WR,2079899,BAL,12,13,1,1,N/R,,,0,0,,0,0,0.0,0,0,0.0,0,1,0,0.00,,,,,,,,,,,,,,,,,,
Michael Pittman,PIT,WR,2240188,ATL,8,9,85,15,48,,,58,0,,0,0,19.3,0,0,0.0,0,3,3,0.00,,,,,,,,,,,,,,,,,,
Omar Cooper Jr.,NYJ,WR,28900921,@TEN,21,13,13,1,N/R,,,30,0,,0,0,30.0,0,0,0.0,0,1,1,0.00,,,,,,,,,,,,,,,,,,
Shaquan Davis,PIT,WR,3137942,ATL,8,9,1,0,N/R,,,0,0,,0,0,0.0,0,0,0.0,0,0,0,-,,,,,,,,,,,,,,,,,,
Jimmy Kibble,NE,WR,28925542,@SEA,6,11,1,0,N/R,,,0,0,,0,0,0.0,0,0,0.0,0,0,0,-,,,,,,,,,,,,,,,,,,
Lil'Jordan Humphrey,DEN,WR,2246852,@KC,2,10,1,1,N/R,,,0,0,,0,0,0.0,0,0,0.0,0,0,0,-,,,,,,,,,,,,,,,,,,
Jeret Smith,KC,WR,2176561,DEN,3,5,1,1,N/R,,,0,0,,0,0,0.0,0,0,0.0,0,0,0,-,,,,,,,,,,,,,,,,,,
Nikko Remigio,KC,WR,2964863,DEN,3,5,1,1,N/R,,,0,0,,0,0,0.0,0,0,0.0,0,0,0,0.00,,,,,,,,,,,,,,,,,,
Josh Vann,CAR,WR,2965222,CHI,29,5,1,1,N/R,,,0,0,,0,0,0.0,0,0,0.0,0,0,0,-,,,,,,,,,,,,,,,,,,
Octavian Smith Jr.,BAL,WR,28900666,@IND,28,13,1,0,N/R,,,0,0,,0,0,0.0,0,0,0.0,0,0,0,-,,,,,,,,,,,,,,,,,,
Cooper Kupp,SEA,WR,2006951,NE,22,11,26,2,N/R,,,35,0,,0,0,17.5,0,0,0.0,0,3,2,0.00,,,,,,,,,,,,,,,,,,
Cyrus Allen,KC,WR,28875899,DEN,3,5,18,1,N/R,,,0,0,,0,0,0.0,0,0,0.0,0,1,0,0.00,,,,,,,,,,,,,,,,,,
Tyler Johnson,DAL,WR,1620002,@NYG,13,14,1,1,N/R,,,0,0,,0,0,0.0,0,0,0.0,0,0,0,-,,,,,,,,,,,,,,,,,,
Detrich Clark,ATL,WR,2925203,@PIT,1,11,1,1,N/R,,,0,0,,0,0,0.0,0,0,0.0,0,0,0,-,,,,,,,,,,,,,,,,,,
Kobe Prentice,NYG,WR,28909320,DAL,7,8,1,0,N/R,,,0,0,,0,0,0.0,0,0,0.0,0,0,0,-,,,,,,,,,,,,,,,,,,
Garrett Greene,TB,WR,3162974,@CIN,14,10,1,1,N/R,,,0,0,,0,0,0.0,0,0,0.0,0,0,0,-,,,,,,,,,,,,,,,,,,
Quez Watkins,PHI,WR,2262953,WAS,15,10,1,0,N/R,,,0,0,,0,0,0.0,0,0,0.0,0,0,0,-,,,,,,,,,,,,,,,,,,
Chris Finke,CHI,WR,2186662,@CAR,24,10,1,1,N/R,,,0,0,,0,0,0.0,0,0,0.0,0,0,0,-,,,,,,,,,,,,,,,,,,
DeAndre Hopkins,BAL,WR,1737078,@IND,28,13,1,1,N/R,,,0,0,,0,0,0.0,0,0,0.0,0,0,0,-,,,,,,,,,,,,,,,,,,
Jordan Matthews,CAR,WR,1759816,CHI,29,5,1,0,N/R,,,0,0,,0,0,0.0,0,0,0.0,0,0,0,-,,,,,,,,,,,,,,,,,,
Malik Williams,BUF,WR,2780940,@HOU,27,7,1,0,N/R,,,0,0,,0,0,0.0,0,0,0.0,0,0,0,-,,,,,,,,,,,,,,,,,,
Trevon Clark,BAL,WR,3127826,@IND,28,13,1,0,N/R,,,0,0,,0,0,0.0,0,0,0.0,0,0,0,-,,,,,,,,,,,,,,,,,,
Jauan Jennings,MIN,WR,2180514,GB,17,6,25,1,N/R,,,0,0,,0,0,0.0,0,0,0.0,0,1,0,0.00,,,,,,,,,,,,,,,,,,
Devante Davis,PHI,WR,1868418,WAS,15,10,1,1,N/R,,,0,0,,0,0,0.0,0,0,0.0,0,0,0,-,,,,,,,,,,,,,,,,,,
Josh Jarboe,FA,WR,1684461,BYE,---,0,1,1,N/R,,,0,0,,0,0,0.0,0,0,0.0,0,0,0,-,,,,,,,,,,,,,,,,,,
Anthony Miller,BAL,WR,2082810,@IND,28,13,1,0,N/R,,,0,0,,0,0,0.0,0,0,0.0,0,0,0,-,,,,,,,,,,,,,,,,,,
Aaron Bailey,BAL,WR,2820501,@IND,28,13,1,0,N/R,,,0,0,,0,0,0.0,0,0,0.0,0,0,0,-,,,,,,,,,,,,,,,,,,
Michael Briscoe,MIN,WR,26706359,GB,17,6,1,1,N/R,,,0,0,,0,0,0.0,0,0,0.0,0,0,0,-,,,,,,,,,,,,,,,,,,
Dillon Mitchell,MIN,WR,2221967,GB,17,6,1,0,N/R,,,0,0,,0,0,0.0,0,0,0.0,0,0,0,-,,,,,,,,,,,,,,,,,,
Ontaria Wilson,NYJ,WR,2865393,@TEN,21,13,1,1,N/R,,,0,0,,0,0,0.0,0,0,0.0,0,0,0,-,,,,,,,,,,,,,,,,,,
Avery Davis,DET,WR,2868630,NO,16,6,1,0,N/R,,,0,0,,0,0,0.0,0,0,0.0,0,0,0,-,,,,,,,,,,,,,,,,,,
Ashton Dulin,IND,WR,3116796,BAL,12,13,1,1,N/R,,,0,0,,0,0,0.0,0,0,0.0,0,1,0,0.00,,,,,,,,,,,,,,,,,,
Mack Hollins,NE,WR,2010349,@SEA,6,11,1,1,N/R,,,51,0,,0,0,12.8,0,0,0.0,0,5,4,0.00,,,,,,,,,,,,,,,,,,
Isaiah Washington,BAL,WR,2256694,@IND,28,13,1,0,N/R,,,0,0,,0,0,0.0,0,0,0.0,0,0,0,-,,,,,,,,,,,,,,,,,,
Damien Alford,NO,WR,3168395,@DET,31,8,1,0,N/R,,,0,0,,0,0,0.0,0,0,0.0,0,0,0,-,,,,,,,,,,,,,,,,,,
Justin Lockhart,KC,WR,3125802,DEN,3,5,1,1,N/R,,,0,0,,0,0,0.0,0,0,0.0,0,0,0,-,,,,,,,,,,,,,,,,,,
KeAndre Lambert-Smith,LAC,WR,3163041,ARI,11,7,1,1,N/R,,,0,0,,0,0,0.0,0,0,0.0,0,0,0,0.00,,,,,,,,,,,,,,,,,,
JaQuae Jackson,LAC,WR,29166460,ARI,11,7,1,1,N/R,,,0,0,,0,0,0.0,0,0,0.0,0,0,0,-,,,,,,,,,,,,,,,,,,
Dean Patterson,TB,WR,26696444,@CIN,14,10,1,1,N/R,,,0,0,,0,0,0.0,0,0,0.0,0,0,0,-,,,,,,,,,,,,,,,,,,
Darius Cooper,PHI,WR,3165205,WAS,15,10,1,1,N/R,,,0,0,,0,0,0.0,0,0,0.0,0,0,0,0.00,,,,,,,,,,,,,,,,,,
Jonathon Rumph,NYJ,WR,2175993,@TEN,21,13,0,0,N/R,,,0,0,,0,0,0.0,0,0,0.0,0,0,0,-,,,,,,,,,,,,,,,,,,
Tom Kennedy,DET,WR,3117113,NO,16,6,1,1,N/R,,,0,0,,0,0,0.0,0,0,0.0,0,0,0,0.00,,,,,,,,,,,,,,,,,,
Kobe Hudson,CAR,WR,3161851,CHI,29,5,1,1,N/R,,,0,0,,0,0,0.0,0,0,0.0,0,0,0,-,,,,,,,,,,,,,,,,,,
DJ Chark,ATL,WR,2131689,@PIT,1,11,1,1,N/R,,,0,0,,0,0,0.0,0,0,0.0,0,0,0,-,,,,,,,,,,,,,,,,,,
Brian Thomas Jr.,JAC,WR,3132164,CLE,30,7,97,29,43,,,40,0,,0,0,13.3,0,0,0.0,0,3,3,0.00,,,,,,,,,,,,,,,,,,
Jalen Walthall,NYJ,WR,26713535,@TEN,21,13,1,0,N/R,,,0,0,,0,0,0.0,0,0,0.0,0,0,0,-,,,,,,,,,,,,,,,,,,
Andrew Parchment,CAR,WR,2252355,CHI,29,5,0,0,N/R,,,0,0,,0,0,0.0,0,0,0.0,0,0,0,-,,,,,,,,,,,,,,,,,,
Ty Scott,SEA,WR,2960933,NE,22,11,1,1,N/R,,,0,0,,0,0,0.0,0,0,0.0,0,0,0,-,,,,,,,,,,,,,,,,,,
Michael Wortham,JAC,WR,29137521,CLE,30,7,1,1,N/R,,,0,0,,0,0,0.0,0,0,0.0,0,0,0,-,,,,,,,,,,,,,,,,,,
Alex Wesley,CHI,WR,2142830,@CAR,24,10,0,0,N/R,,,0,0,,0,0,0.0,0,0,0.0,0,0,0,-,,,,,,,,,,,,,,,,,,
Samori Toure,PHI,WR,2245831,WAS,15,10,1,1,N/R,,,0,0,,0,0,0.0,0,0,0.0,0,0,0,-,,,,,,,,,,,,,,,,,,
Chris Tyree,NO,WR,3171678,@DET,31,8,1,1,N/R,,,0,0,,0,0,0.0,0,0,0.0,0,0,0,-,,,,,,,,,,,,,,,,,,
Jenson Stoshak,CAR,WR,2237669,CHI,29,5,1,1,N/R,,,0,0,,0,0,0.0,0,0,0.0,0,0,0,-,,,,,,,,,,,,,,,,,,
Phillip Dorsett,LV,WR,1836058,MIA,4,13,1,1,N/R,,,0,0,,0,0,0.0,0,0,0.0,0,0,0,-,,,,,,,,,,,,,,,,,,
Ty Fryfogle,KC,WR,2866135,DEN,3,5,1,0,N/R,,,0,0,,0,0,0.0,0,0,0.0,0,0,0,-,,,,,,,,,,,,,,,,,,
Caleb Scott,LV,WR,2139757,MIA,4,13,1,1,N/R,,,0,0,,0,0,0.0,0,0,0.0,0,0,0,-,,,,,,,,,,,,,,,,,,
Brandon Hayes,PHI,WR,3170373,WAS,15,10,1,1,N/R,,,0,0,,0,0,0.0,0,0,0.0,0,0,0,-,,,,,,,,,,,,,,,,,,
Savon Scarver,CHI,WR,2869196,@CAR,24,10,0,0,N/R,,,0,0,,0,0,0.0,0,0,0.0,0,0,0,-,,,,,,,,,,,,,,,,,,
Kameron Brown,TB,WR,2191099,@CIN,14,10,1,0,N/R,,,0,0,,0,0,0.0,0,0,0.0,0,0,0,-,,,,,,,,,,,,,,,,,,
De'Quan Hampton,SEA,WR,2180325,NE,22,11,1,0,N/R,,,0,0,,0,0,0.0,0,0,0.0,0,0,0,-,,,,,,,,,,,,,,,,,,
T.J. Simmons,TB,WR,2240254,@CIN,14,10,1,1,N/R,,,0,0,,0,0,0.0,0,0,0.0,0,0,0,-,,,,,,,,,,,,,,,,,,
Taylor Morin,PHI,WR,3127330,WAS,15,10,1,1,N/R,,,0,0,,0,0,0.0,0,0,0.0,0,0,0,-,,,,,,,,,,,,,,,,,,
Anthony Johnson,PIT,WR,2258536,ATL,8,9,1,1,N/R,,,0,0,,0,0,0.0,0,0,0.0,0,0,0,-,,,,,,,,,,,,,,,,,,
Monaray Baldwin,MIA,WR,26727563,@LV,20,6,1,1,N/R,,,0,0,,0,0,0.0,0,0,0.0,0,0,0,-,,,,,,,,,,,,,,,,,,
Keshunn Abram,NYJ,WR,3126551,@TEN,21,13,1,1,N/R,,,0,0,,0,0,0.0,0,0,0.0,0,0,0,-,,,,,,,,,,,,,,,,,,
Jaelon Darden,SEA,WR,2836391,NE,22,11,1,1,N/R,,,0,0,,0,0,0.0,0,0,0.0,0,0,0,-,,,,,,,,,,,,,,,,,,
Hamze El-Zayat,NYJ,WR,2820465,@TEN,21,13,0,0,N/R,,,0,0,,0,0,0.0,0,0,0.0,0,0,0,-,,,,,,,,,,,,,,,,,,
Brandon Lewis,TEN,WR,3044909,NYJ,9,9,1,1,N/R,,,0,0,,0,0,0.0,0,0,0.0,0,0,0,-,,,,,,,,,,,,,,,,,,
Johnny King,PHI,WR,3163632,WAS,15,10,0,0,N/R,,,0,0,,0,0,0.0,0,0,0.0,0,0,0,-,,,,,,,,,,,,,,,,,,
Trevon Bradford,LAC,WR,2240172,ARI,11,7,1,0,N/R,,,0,0,,0,0,0.0,0,0,0.0,0,0,0,-,,,,,,,,,,,,,,,,,,
David Moore,CAR,WR,2818351,CHI,29,5,1,1,N/R,,,0,0,,0,0,0.0,0,0,0.0,0,0,0,-,,,,,,,,,,,,,,,,,,
Jalen Brooks,ARI,WR,3165078,@LAC,19,14,1,1,N/R,,,0,0,,0,0,0.0,0,0,0.0,0,0,0,0.00,,,,,,,,,,,,,,,,,,
Eric Rivers,TB,WR,29122776,@CIN,14,10,1,1,N/R,,,0,0,,0,0,0.0,0,0,0.0,0,0,0,-,,,,,,,,,,,,,,,,,,
Cameron Dorner,NE,WR,29721343,@SEA,6,11,1,1,N/R,,,0,0,,0,0,0.0,0,0,0.0,0,0,0,-,,,,,,,,,,,,,,,,,,
Cade McDonald,CLE,WR,3132630,@JAC,18,11,1,1,N/R,,,0,0,,0,0,0.0,0,0,0.0,0,0,0,-,,,,,,,,,,,,,,,,,,
Kevin Coleman Jr.,MIA,WR,28909178,@LV,20,6,1,1,N/R,,,0,0,,0,0,0.0,0,0,0.0,0,2,0,0.00,,,,,,,,,,,,,,,,,,
Jimmy Horn Jr.,CAR,WR,26717166,CHI,29,5,1,1,N/R,,,0,0,,0,0,0.0,0,1,0.0,0,1,0,0.00,,,,,,,,,,,,,,,,,,
Kenzel Doe,PIT,WR,2185868,ATL,8,9,1,1,N/R,,,0,0,,0,0,0.0,0,0,0.0,0,0,0,-,,,,,,,,,,,,,,,,,,
Branden Mack,DEN,WR,2256707,@KC,2,10,1,0,N/R,,,0,0,,0,0,0.0,0,0,0.0,0,0,0,-,,,,,,,,,,,,,,,,,,
Charlie Jones,NYG,WR,2868959,DAL,7,8,1,1,N/R,,,0,0,,0,0,0.0,0,0,0.0,0,0,0,-,,,,,,,,,,,,,,,,,,
DeVonta Smith,PHI,WR,2866975,WAS,15,10,100,96,12,,,53,0,,0,0,17.7,0,0,0.0,0,6,3,0.00,,,,,,,,,,,,,,,,,,
DaMarkus Lodge,CIN,WR,2186347,TB,10,6,1,1,N/R,,,0,0,,0,0,0.0,0,0,0.0,0,0,0,-,,,,,,,,,,,,,,,,,,
Khalil McClain,MIA,WR,2866259,@LV,20,6,0,0,N/R,,,0,0,,0,0,0.0,0,0,0.0,0,0,0,-,,,,,,,,,,,,,,,,,,
Lujuan Winningham,JAC,WR,2828807,CLE,30,7,1,0,N/R,,,0,0,,0,0,0.0,0,0,0.0,0,0,0,-,,,,,,,,,,,,,,,,,,
Sterling Shepard,HOU,WR,1996786,BUF,26,8,1,1,N/R,,,0,0,,0,0,0.0,0,0,0.0,0,0,0,-,,,,,,,,,,,,,,,,,,
Micah Simon,CAR,WR,2188221,CHI,29,5,1,0,N/R,,,0,0,,0,0,0.0,0,0,0.0,0,0,0,-,,,,,,,,,,,,,,,,,,
Kisean Johnson,GB,WR,26730190,@MIN,32,11,1,0,N/R,,,0,0,,0,0,0.0,0,0,0.0,0,0,0,-,,,,,,,,,,,,,,,,,,
Jameson Williams,DET,WR,3125968,NO,16,6,100,81,25,,,45,0,,0,0,11.2,0,0,0.0,0,9,4,0.00,,,,,,,,,,,,,,,,,,
Kyle Sheets,KC,WR,29379128,DEN,3,5,1,1,N/R,,,0,0,,0,0,0.0,0,0,0.0,0,0,0,-,,,,,,,,,,,,,,,,,,
Jaray Jenkins,PIT,WR,2965695,ATL,8,9,1,0,N/R,,,0,0,,0,0,0.0,0,0,0.0,0,0,0,-,,,,,,,,,,,,,,,,,,
Luke Wysong,MIN,WR,26717211,GB,17,6,1,1,N/R,,,0,0,,0,0,0.0,0,0,0.0,0,0,0,-,,,,,,,,,,,,,,,,,,
Sincere Brown,LAC,WR,3173147,ARI,11,7,1,1,N/R,,,0,0,,0,0,0.0,0,0,0.0,0,0,0,-,,,,,,,,,,,,,,,,,,
Brenen Thompson,LAC,WR,28909756,ARI,11,7,2,1,N/R,,,0,0,,0,0,0.0,0,0,0.0,0,0,0,0.00,,,,,,,,,,,,,,,,,,
Jalon Calhoun,DET,WR,3124664,NO,16,6,0,0,N/R,,,0,0,,0,0,0.0,0,0,0.0,0,0,0,-,,,,,,,,,,,,,,,,,,
Konata Mumpfield,LAR,WR,26694679,SF,5,11,1,1,N/R,,,0,0,,0,0,0.0,0,0,0.0,0,1,0,0.00,,,,,,,,,,,,,,,,,,
Troy Franklin,DEN,WR,26693436,@KC,2,10,10,1,N/R,,,0,0,,1,5,0.0,0,0,5.0,0,1,0,0.00,,,,,,,,,,,,,,,,,,
Darius Slayton,NYG,WR,2183982,DAL,7,8,2,1,N/R,,,0,0,,0,0,0.0,0,0,0.0,0,0,0,-,,,,,,,,,,,,,,,,,,
Kade Warner,TB,WR,2804353,@CIN,14,10,1,0,N/R,,,0,0,,0,0,0.0,0,0,0.0,0,0,0,-,,,,,,,,,,,,,,,,,,
Terry McLaurin,WAS,WR,2139279,@PHI,23,7,100,58,31,,,14,0,,0,0,7.0,0,0,0.0,0,4,2,0.00,,,,,,,,,,,,,,,,,,
J. Michael Sturdivant,GB,WR,26723673,@MIN,32,11,1,1,N/R,,,0,0,,0,0,0.0,0,0,0.0,0,0,0,-,,,,,,,,,,,,,,,,,,
Tyjon Lindsey,SEA,WR,2804338,NE,22,11,0,0,N/R,,,0,0,,0,0,0.0,0,0,0.0,0,0,0,-,,,,,,,,,,,,,,,,,,
Elijah Moore,PHI,WR,2963569,WAS,15,10,1,1,N/R,,,0,0,,0,0,0.0,0,0,0.0,0,0,0,-,,,,,,,,,,,,,,,,,,
Jeremiah Haydel,LAR,WR,2815197,SF,5,11,1,0,N/R,,,0,0,,0,0,0.0,0,0,0.0,0,0,0,-,,,,,,,,,,,,,,,,,,
Thomas Hennigan,MIN,WR,2780930,GB,17,6,1,0,N/R,,,0,0,,0,0,0.0,0,0,0.0,0,0,0,-,,,,,,,,,,,,,,,,,,
Thomas Sperbeck,TB,WR,2819114,@CIN,14,10,1,0,N/R,,,0,0,,0,0,0.0,0,0,0.0,0,0,0,-,,,,,,,,,,,,,,,,,,
Andrei Iosivas,CIN,WR,2966908,TB,10,6,2,1,N/R,,,12,0,,0,0,6.0,0,0,0.0,0,3,2,0.00,,,,,,,,,,,,,,,,,,
Jerand Bradley,LAC,WR,26701763,ARI,11,7,1,1,N/R,,,0,0,,0,0,0.0,0,0,0.0,0,0,0,-,,,,,,,,,,,,,,,,,,
Omari Kelly,CHI,WR,28875866,@CAR,24,10,1,1,N/R,,,0,0,,0,0,0.0,0,0,0.0,0,0,0,-,,,,,,,,,,,,,,,,,,
Jackson Meeks,DET,WR,26700892,NO,16,6,1,1,N/R,,,0,0,,0,0,0.0,0,0,0.0,0,0,0,0.00,,,,,,,,,,,,,,,,,,
Michael Woods II,DEN,WR,2965459,@KC,2,10,1,0,N/R,,,0,0,,0,0,0.0,0,0,0.0,0,0,0,-,,,,,,,,,,,,,,,,,,
Isaiah Weston,CLE,WR,2247180,@JAC,18,11,0,0,N/R,,,0,0,,0,0,0.0,0,0,0.0,0,0,0,-,,,,,,,,,,,,,,,,,,
Tyler Lockett,LV,WR,1860834,MIA,4,13,1,1,N/R,,,0,0,,0,0,0.0,0,0,0.0,0,0,0,-,,,,,,,,,,,,,,,,,,
Brandin Cooks,BUF,WR,1880880,@HOU,27,7,1,1,N/R,,,0,0,,0,0,0.0,0,0,0.0,0,0,0,-,,,,,,,,,,,,,,,,,,
Malachi Corley,CLE,WR,3162613,@JAC,18,11,1,1,N/R,,,0,0,,0,0,0.0,0,0,0.0,0,0,0,0.00,,,,,,,,,,,,,,,,,,
David Wallis,NE,WR,29383209,@SEA,6,11,1,1,N/R,,,0,0,,0,0,0.0,0,0,0.0,0,0,0,-,,,,,,,,,,,,,,,,,,
Reece Horn,CIN,WR,2239232,TB,10,6,1,1,N/R,,,0,0,,0,0,0.0,0,0,0.0,0,0,0,-,,,,,,,,,,,,,,,,,,
Stephen Gosnell,BUF,WR,3162073,@HOU,27,7,0,0,N/R,,,0,0,,0,0,0.0,0,0,0.0,0,0,0,-,,,,,,,,,,,,,,,,,,
Bryson Green,ARI,WR,26696745,@LAC,19,14,1,1,N/R,,,0,0,,0,0,0.0,0,0,0.0,0,0,0,-,,,,,,,,,,,,,,,,,,
Talolo Limu-Jones,CAR,WR,2250273,CHI,29,5,1,1,N/R,,,0,0,,0,0,0.0,0,0,0.0,0,0,0,-,,,,,,,,,,,,,,,,,,
DT Sheffield,NYJ,WR,29122875,@TEN,21,13,1,1,N/R,,,0,0,,0,0,0.0,0,0,0.0,0,0,0,-,,,,,,,,,,,,,,,,,,
Dylan Drummond,ATL,WR,2963946,@PIT,1,11,1,1,N/R,,,0,0,,0,0,0.0,0,0,0.0,0,0,0,-,,,,,,,,,,,,,,,,,,
Kai Locksley,MIA,WR,2186493,@LV,20,6,1,0,N/R,,,0,0,,0,0,0.0,0,0,0.0,0,0,0,-,,,,,,,,,,,,,,,,,,
Mitchell Tinsley,HOU,WR,3162481,BUF,26,8,1,0,N/R,,,0,0,,0,0,0.0,0,0,0.0,0,0,0,-,,,,,,,,,,,,,,,,,,
A.J. Richardson,ARI,WR,3117015,@LAC,19,14,1,1,N/R,,,0,0,,0,0,0.0,0,0,0.0,0,0,0,-,,,,,,,,,,,,,,,,,,
Sam Brown Jr.,GB,WR,29052184,@MIN,32,11,1,1,N/R,,,0,0,,0,0,0.0,0,0,0.0,0,0,0,-,,,,,,,,,,,,,,,,,,
Chris Godwin,TB,WR,2818150,@CIN,14,10,96,41,28,,,40,0,,1,3,10.0,0,0,3.0,0,4,4,0.00,,,,,,,,,,,,,,,,,,
Sean Modster,BAL,WR,3116763,@IND,28,13,1,1,N/R,,,0,0,,0,0,0.0,0,0,0.0,0,0,0,-,,,,,,,,,,,,,,,,,,
Shemar Bridges,BAL,WR,28866847,@IND,28,13,1,1,N/R,,,0,0,,0,0,0.0,0,0,0.0,0,0,0,-,,,,,,,,,,,,,,,,,,
Jesse Matthews,ATL,WR,2976870,@PIT,1,11,0,0,N/R,,,0,0,,0,0,0.0,0,0,0.0,0,0,0,-,,,,,,,,,,,,,,,,,,
Kyle Williams,NE,WR,3167684,@SEA,6,11,3,1,N/R,,,0,0,,0,0,0.0,0,0,0.0,0,0,0,0.00,,,,,,,,,,,,,,,,,,
Brelan Chancellor,PIT,WR,2130622,ATL,8,9,1,1,N/R,,,0,0,,0,0,0.0,0,0,0.0,0,0,0,-,,,,,,,,,,,,,,,,,,
Darius Lassiter,JAC,WR,28874276,CLE,30,7,1,1,N/R,,,0,0,,0,0,0.0,0,0,0.0,0,0,0,-,,,,,,,,,,,,,,,,,,
DeVonte Christopher,FA,WR,1621175,BYE,---,0,1,1,N/R,,,0,0,,0,0,0.0,0,0,0.0,0,0,0,-,,,,,,,,,,,,,,,,,,
Zakhari Franklin,LV,WR,3127917,MIA,4,13,1,1,N/R,,,0,0,,0,0,0.0,0,0,0.0,0,0,0,-,,,,,,,,,,,,,,,,,,
Bub Means,CLE,WR,3123413,@JAC,18,11,1,1,N/R,,,0,0,,0,0,0.0,0,0,0.0,0,0,0,-,,,,,,,,,,,,,,,,,,
Van Jefferson,WAS,WR,2186342,@PHI,23,7,1,1,N/R,,,0,0,,0,0,0.0,0,0,0.0,0,0,0,-,,,,,,,,,,,,,,,,,,
Brian Cobbs,ARI,WR,2961430,@LAC,19,14,1,1,N/R,,,0,0,,0,0,0.0,0,0,0.0,0,0,0,-,,,,,,,,,,,,,,,,,,
Shaleak Knotts,MIN,WR,28901305,GB,17,6,1,1,N/R,,,0,0,,0,0,0.0,0,0,0.0,0,0,0,-,,,,,,,,,,,,,,,,,,
Trey Palmer,NO,WR,3122273,@DET,31,8,1,1,N/R,,,0,0,,0,0,0.0,0,0,0.0,0,0,0,-,,,,,,,,,,,,,,,,,,
Dez Fitzpatrick,LAC,WR,2251151,ARI,11,7,1,1,N/R,,,0,0,,0,0,0.0,0,0,0.0,0,0,0,-,,,,,,,,,,,,,,,,,,
Donaven McCulley,MIA,WR,26702279,@LV,20,6,1,1,N/R,,,0,0,,0,0,0.0,0,0,0.0,0,0,0,-,,,,,,,,,,,,,,,,,,
Ramel Keyton,TEN,WR,3123657,NYJ,9,9,1,0,N/R,,,0,0,,0,0,0.0,0,0,0.0,0,0,0,-,,,,,,,,,,,,,,,,,,
Kalil Pimpleton,NYG,WR,2805116,DAL,7,8,1,0,N/R,,,0,0,,0,0,0.0,0,0,0.0,0,0,0,-,,,,,,,,,,,,,,,,,,
Courtney Jackson,TEN,WR,3123345,NYJ,9,9,1,0,N/R,,,0,0,,0,0,0.0,0,0,0.0,0,0,0,-,,,,,,,,,,,,,,,,,,
Jaylon Moore,JAC,WR,2181988,CLE,30,7,1,1,N/R,,,0,0,,0,0,0.0,0,0,0.0,0,0,0,-,,,,,,,,,,,,,,,,,,
Tyreek Hill,MIA,WR,2131163,@LV,20,6,6,1,N/R,,,0,0,,0,0,0.0,0,0,0.0,0,0,0,-,,,,,,,,,,,,,,,,,,
De'Zhaun Stribling,SF,WR,26696676,@LAR,25,8,88,5,N/R,,,0,0,,0,0,0.0,0,0,0.0,0,0,0,0.00,,,,,,,,,,,,,,,,,,
Jaivon Heiligh,CIN,WR,2962413,TB,10,6,1,1,N/R,,,0,0,,0,0,0.0,0,0,0.0,0,0,0,-,,,,,,,,,,,,,,,,,,
Khalil Shakir,BUF,WR,2969119,@HOU,27,7,46,3,N/R,,,50,0,,0,0,12.5,0,0,0.0,0,6,4,0.00,,,,,,,,,,,,,,,,,,
Devin Gray,KC,WR,2925207,DEN,3,5,1,1,N/R,,,0,0,,0,0,0.0,0,0,0.0,0,0,0,-,,,,,,,,,,,,,,,,,,
Marquise Brown,PHI,WR,2804128,WAS,15,10,7,1,N/R,,,0,0,,0,0,0.0,0,0,0.0,0,0,0,-,,,,,,,,,,,,,,,,,,
Reggie Roberson Jr.,TEN,WR,2835560,NYJ,9,9,1,1,N/R,,,0,0,,0,0,0.0,0,0,0.0,0,0,0,-,,,,,,,,,,,,,,,,,,
Devonte Robinson,GB,WR,2139449,@MIN,32,11,1,0,N/R,,,0,0,,0,0,0.0,0,0,0.0,0,0,0,-,,,,,,,,,,,,,,,,,,
Ben Patterson,CLE,WR,50048410,@JAC,18,11,1,1,N/R,,,0,0,,0,0,0.0,0,0,0.0,0,0,0,-,,,,,,,,,,,,,,,,,,
Braydon Johnson,BUF,WR,2864986,@HOU,27,7,0,0,N/R,,,0,0,,0,0,0.0,0,0,0.0,0,0,0,-,,,,,,,,,,,,,,,,,,
Devin Carter,CAR,WR,2966243,CHI,29,5,1,0,N/R,,,0,0,,0,0,0.0,0,0,0.0,0,0,0,-,,,,,,,,,,,,,,,,,,
Elijah Cooks,CAR,WR,2804732,CHI,29,5,1,1,N/R,,,0,0,,0,0,0.0,0,0,0.0,0,0,0,-,,,,,,,,,,,,,,,,,,
Daniel Arias,ARI,WR,2966863,@LAC,19,14,1,0,N/R,,,0,0,,0,0,0.0,0,0,0.0,0,0,0,-,,,,,,,,,,,,,,,,,,
Davon Grayson,KC,WR,2080267,DEN,3,5,1,1,N/R,,,0,0,,0,0,0.0,0,0,0.0,0,0,0,-,,,,,,,,,,,,,,,,,,
Isaiah Wooden,CLE,WR,3139308,@JAC,18,11,1,1,N/R,,,0,0,,0,0,0.0,0,0,0.0,0,0,0,-,,,,,,,,,,,,,,,,,,
Malik Washington,MIA,WR,3124729,@LV,20,6,18,1,N/R,,,53,0,,0,0,17.7,0,1,0.0,0,8,3,0.00,,,,,,,,,,,,,,,,,,
Blayne Taylor,IND,WR,28914781,BAL,12,13,1,1,N/R,,,0,0,,0,0,0.0,0,0,0.0,0,0,0,-,,,,,,,,,,,,,,,,,,
Stephen Guidry,DAL,WR,2961462,@NYG,13,14,1,1,N/R,,,0,0,,0,0,0.0,0,0,0.0,0,0,0,-,,,,,,,,,,,,,,,,,,
Terrace Marshall Jr.,MIA,WR,2963214,@LV,20,6,1,1,N/R,,,0,0,,0,0,0.0,0,0,0.0,0,0,0,-,,,,,,,,,,,,,,,,,,
Chase Roberts,LV,WR,26728791,MIA,4,13,1,0,N/R,,,0,0,,0,0,0.0,0,0,0.0,0,0,0,-,,,,,,,,,,,,,,,,,,
Isaiah McKoy,IND,WR,2965743,BAL,12,13,1,1,N/R,,,0,0,,0,0,0.0,0,0,0.0,0,0,0,-,,,,,,,,,,,,,,,,,,
Chimere Dike,TEN,WR,3162452,NYJ,9,9,4,1,N/R,,,7,0,,0,0,7.0,0,1,0.0,0,1,1,0.00,,,,,,,,,,,,,,,,,,
Ajou Ajou,IND,WR,3161800,BAL,12,13,1,1,N/R,,,0,0,,0,0,0.0,0,0,0.0,0,0,0,-,,,,,,,,,,,,,,,,,,
Damon Hazelton,HOU,WR,2252367,BUF,26,8,1,0,N/R,,,0,0,,0,0,0.0,0,0,0.0,0,0,0,-,,,,,,,,,,,,,,,,,,
Jared Wayne,HOU,WR,3126867,BUF,26,8,1,0,N/R,,,12,0,,0,0,12.0,0,0,0.0,0,1,1,0.00,,,,,,,,,,,,,,,,,,
A.J. Henning,MIA,WR,3169276,@LV,20,6,1,1,N/R,,,0,0,,0,0,0.0,0,0,0.0,0,0,0,-,,,,,,,,,,,,,,,,,,
Zion Bowens,WAS,WR,3168734,@PHI,23,7,1,1,N/R,,,0,0,,0,0,0.0,0,0,0.0,0,0,0,-,,,,,,,,,,,,,,,,,,
Malachi Carter,CIN,WR,2961890,TB,10,6,1,1,N/R,,,0,0,,0,0,0.0,0,0,0.0,0,0,0,-,,,,,,,,,,,,,,,,,,
Dohnte Meyers,CIN,WR,2978569,TB,10,6,1,0,N/R,,,18,0,,1,10,18.0,0,0,10.0,0,1,1,0.00,,,,,,,,,,,,,,,,,,
Jalen Hurd,NE,WR,2131633,@SEA,6,11,1,1,N/R,,,0,0,,0,0,0.0,0,0,0.0,0,0,0,-,,,,,,,,,,,,,,,,,,
Cameron Camper,NYJ,WR,28874582,@TEN,21,13,1,1,N/R,,,0,0,,0,0,0.0,0,0,0.0,0,0,0,-,,,,,,,,,,,,,,,,,,
Jonathan Adams Jr.,DET,WR,2805617,NO,16,6,1,1,N/R,,,0,0,,0,0,0.0,0,0,0.0,0,0,0,-,,,,,,,,,,,,,,,,,,
Tre Tucker,LV,WR,3121848,MIA,4,13,63,12,N/R,,,27,0,,0,0,13.5,0,0,0.0,0,4,2,0.00,,,,,,,,,,,,,,,,,,
Will Sheppard,GB,WR,3161602,@MIN,32,11,1,0,N/R,,,0,0,,0,0,0.0,0,0,0.0,0,0,0,-,,,,,,,,,,,,,,,,,,
Jeff Weimer,KC,WR,28878520,DEN,3,5,1,1,N/R,,,0,0,,0,0,0.0,0,0,0.0,0,0,0,-,,,,,,,,,,,,,,,,,,
Dylan Cantrell,WAS,WR,2080023,@PHI,23,7,1,0,N/R,,,0,0,,0,0,0.0,0,0,0.0,0,0,0,-,,,,,,,,,,,,,,,,,,
Devin Ross,LV,WR,2082532,MIA,4,13,1,1,N/R,,,0,0,,0,0,0.0,0,0,0.0,0,0,0,-,,,,,,,,,,,,,,,,,,
Hank Beatty,TEN,WR,28915401,NYJ,9,9,1,1,N/R,,,0,0,,0,0,0.0,0,0,0.0,0,0,0,-,,,,,,,,,,,,,,,,,,
Milton Williams,LV,WR,2175046,MIA,4,13,1,1,N/R,,,0,0,,0,0,0.0,0,0,0.0,0,0,0,-,,,,,,,,,,,,,,,,,,
D'Wayne Eskridge,MIA,WR,2252411,@LV,20,6,1,0,N/R,,,0,0,,0,0,0.0,0,0,0.0,0,0,0,-,,,,,,,,,,,,,,,,,,
Malik Benson,LV,WR,29121426,MIA,4,13,3,1,N/R,,,6,0,,1,-8,6.0,0,0,-8.0,0,2,1,0.00,,,,,,,,,,,,,,,,,,
Amba Etta-Tawo,HOU,WR,2001582,BUF,26,8,1,1,N/R,,,0,0,,0,0,0.0,0,0,0.0,0,0,0,-,,,,,,,,,,,,,,,,,,
Cephus Johnson III,TB,WR,2868267,@CIN,14,10,1,0,N/R,,,0,0,,0,0,0.0,0,0,0.0,0,0,0,-,,,,,,,,,,,,,,,,,,
Jalen Wayne,GB,WR,2869352,@MIN,32,11,0,0,N/R,,,0,0,,0,0,0.0,0,0,0.0,0,0,0,-,,,,,,,,,,,,,,,,,,
Theo Wease Jr.,LAC,WR,3124276,ARI,11,7,1,1,N/R,,,0,0,,0,0,0.0,0,0,0.0,0,0,0,-,,,,,,,,,,,,,,,,,,
Jalen Tolbert,MIA,WR,2868238,@LV,20,6,1,1,N/R,,,0,0,,0,0,0.0,0,0,0.0,0,0,0,-,,,,,,,,,,,,,,,,,,
Tommy Mellott,NO,WR,3162687,@DET,31,8,1,1,N/R,,,0,0,,0,0,0.0,0,0,0.0,0,0,0,-,,,,,,,,,,,,,,,,,,
Garett Maag,MIN,WR,2962429,GB,17,6,1,1,N/R,,,0,0,,0,0,0.0,0,0,0.0,0,0,0,-,,,,,,,,,,,,,,,,,,
Michael Johnson,PHI,WR,2185524,WAS,15,10,0,0,N/R,,,0,0,,0,0,0.0,0,0,0.0,0,0,0,-,,,,,,,,,,,,,,,,,,
Thayer Thomas,DEN,WR,2865035,@KC,2,10,1,0,N/R,,,0,0,,0,0,0.0,0,0,0.0,0,0,0,-,,,,,,,,,,,,,,,,,,
Jordan Whittington,LAR,WR,3122843,SF,5,11,1,1,N/R,,,8,0,,0,0,8.0,0,0,0.0,0,1,1,0.00,,,,,,,,,,,,,,,,,,
Emmanuel Butler,NO,WR,2142440,@DET,31,8,1,1,N/R,,,0,0,,0,0,0.0,0,0,0.0,0,0,0,-,,,,,,,,,,,,,,,,,,
Keith Kirkwood,BAL,WR,2925874,@IND,28,13,1,1,N/R,,,0,0,,0,0,0.0,0,0,0.0,0,0,0,-,,,,,,,,,,,,,,,,,,
Ben Skowronek,PIT,WR,2247046,ATL,8,9,1,1,N/R,,,0,0,,0,0,0.0,0,0,0.0,0,0,0,0.00,,,,,,,,,,,,,,,,,,
Kelvin Harmon,DAL,WR,2246942,@NYG,13,14,1,0,N/R,,,0,0,,0,0,0.0,0,0,0.0,0,0,0,-,,,,,,,,,,,,,,,,,,
Antoine Green,DET,WR,2962502,NO,16,6,1,1,N/R,,,0,0,,0,0,0.0,0,0,0.0,0,0,0,-,,,,,,,,,,,,,,,,,,
Keelan Marion,ATL,WR,3162048,@PIT,1,11,1,1,N/R,,,0,0,,0,0,0.0,0,0,0.0,0,0,0,-,,,,,,,,,,,,,,,,,,
Jack Sorenson,CIN,WR,2240110,TB,10,6,0,0,N/R,,,0,0,,0,0,0.0,0,0,0.0,0,0,0,-,,,,,,,,,,,,,,,,,,
Warren Jackson,LAR,WR,2803784,SF,5,11,1,0,N/R,,,0,0,,0,0,0.0,0,0,0.0,0,0,0,-,,,,,,,,,,,,,,,,,,
Kristian Wilkerson,ATL,WR,3161137,@PIT,1,11,1,0,N/R,,,0,0,,0,0,0.0,0,0,0.0,0,0,0,-,,,,,,,,,,,,,,,,,,
Dallas Daniels,DEN,WR,3166474,@KC,2,10,1,0,N/R,,,0,0,,0,0,0.0,0,0,0.0,0,0,0,-,,,,,,,,,,,,,,,,,,
Dimitri Stanley,GB,WR,2962329,@MIN,32,11,0,0,N/R,,,0,0,,0,0,0.0,0,0,0.0,0,0,0,-,,,,,,,,,,,,,,,,,,
Nick Williams,DEN,WR,28908782,@KC,2,10,1,0,N/R,,,0,0,,0,0,0.0,0,0,0.0,0,0,0,-,,,,,,,,,,,,,,,,,,
Jeremiah Webb,NE,WR,3135525,@SEA,6,11,1,1,N/R,,,0,0,,0,0,0.0,0,0,0.0,0,0,0,-,,,,,,,,,,,,,,,,,,
Dont'e Thornton Jr.,LV,WR,26694424,MIA,4,13,1,1,N/R,,,0,0,,0,0,0.0,0,0,0.0,0,0,0,-,,,,,,,,,,,,,,,,,,
Austin Proehl,NYG,WR,2130950,DAL,7,8,1,1,N/R,,,0,0,,0,0,0.0,0,0,0.0,0,0,0,-,,,,,,,,,,,,,,,,,,
Moochie Dixon,NO,WR,3168156,@DET,31,8,1,0,N/R,,,0,0,,0,0,0.0,0,0,0.0,0,0,0,-,,,,,,,,,,,,,,,,,,
Cortez Braham Jr.,BAL,WR,28919816,@IND,28,13,1,1,N/R,,,0,0,,0,0,0.0,0,0,0.0,0,0,0,-,,,,,,,,,,,,,,,,,,
Cam Ross,DEN,WR,3122246,@KC,2,10,1,1,N/R,,,0,0,,0,0,0.0,0,0,0.0,0,0,0,-,,,,,,,,,,,,,,,,,,
Whop Philyor,MIN,WR,2867503,GB,17,6,1,0,N/R,,,0,0,,0,0,0.0,0,0,0.0,0,0,0,-,,,,,,,,,,,,,,,,,,
D.J. Montgomery,IND,WR,3116788,BAL,12,13,1,1,N/R,,,0,0,,0,0,0.0,0,0,0.0,0,0,0,-,,,,,,,,,,,,,,,,,,
Sage Surratt,ARI,WR,2806063,@LAC,19,14,1,0,N/R,,,0,0,,0,0,0.0,0,0,0.0,0,0,0,-,,,,,,,,,,,,,,,,,,
Emanuel Hall,WAS,WR,2185471,@PHI,23,7,1,0,N/R,,,0,0,,0,0,0.0,0,0,0.0,0,0,0,-,,,,,,,,,,,,,,,,,,
Ja'Corey Brooks,WAS,WR,26702195,@PHI,23,7,1,1,N/R,,,0,0,,0,0,0.0,0,0,0.0,0,0,0,-,,,,,,,,,,,,,,,,,,
JuJu Smith-Schuster,NYG,WR,2139620,DAL,7,8,1,1,N/R,,,0,0,,0,0,0.0,0,0,0.0,0,0,0,-,,,,,,,,,,,,,,,,,,
Da'Quan Felton,NYJ,WR,3128608,@TEN,21,13,1,1,N/R,,,0,0,,0,0,0.0,0,0,0.0,0,0,0,-,,,,,,,,,,,,,,,,,,
Jordan Bly,NYG,WR,26697040,DAL,7,8,1,0,N/R,,,0,0,,0,0,0.0,0,0,0.0,0,0,0,-,,,,,,,,,,,,,,,,,,
Kazmeir Allen,WAS,WR,2962093,@PHI,23,7,1,1,N/R,,,0,0,,0,0,0.0,0,0,0.0,0,0,0,-,,,,,,,,,,,,,,,,,,
Tutu Atwell,LAR,WR,2965372,SF,5,11,1,1,N/R,,,0,0,,0,0,0.0,0,0,0.0,0,0,0,-,,,,,,,,,,,,,,,,,,
Justin Marshall,SEA,WR,2866624,NE,22,11,1,1,N/R,,,0,0,,0,0,0.0,0,0,0.0,0,0,0,-,,,,,,,,,,,,,,,,,,
K.J. Osborn,TEN,WR,2184383,NYJ,9,9,1,1,N/R,,,0,0,,0,0,0.0,0,0,0.0,0,0,0,-,,,,,,,,,,,,,,,,,,
Hunter Renfrow,CAR,WR,2144726,CHI,29,5,1,1,N/R,,,0,0,,0,0,0.0,0,0,0.0,0,0,0,-,,,,,,,,,,,,,,,,,,
Noah Thomas,CIN,WR,28922853,TB,10,6,1,1,N/R,,,0,0,,0,0,0.0,0,0,0.0,0,0,0,-,,,,,,,,,,,,,,,,,,
Anthony Ratliff-Williams,SEA,WR,2179349,NE,22,11,1,1,N/R,,,0,0,,0,0,0.0,0,0,0.0,0,0,0,-,,,,,,,,,,,,,,,,,,
James Proche,TEN,WR,2180769,NYJ,9,9,1,1,N/R,,,0,0,,0,0,0.0,0,0,0.0,0,0,0,-,,,,,,,,,,,,,,,,,,
Jordan Watkins,SF,WR,3164736,@LAR,25,8,1,1,N/R,,,0,0,,0,0,0.0,0,0,0.0,0,0,0,-,,,,,,,,,,,,,,,,,,
Dontario Drummond,DAL,WR,3122376,@NYG,13,14,1,0,N/R,,,0,0,,0,0,0.0,0,0,0.0,0,0,0,-,,,,,,,,,,,,,,,,,,
Josh Johnson,DET,WR,2867095,NO,16,6,0,0,N/R,,,0,0,,0,0,0.0,0,0,0.0,0,0,0,-,,,,,,,,,,,,,,,,,,
Jerome Kapp,NYJ,WR,29118901,@TEN,21,13,1,1,N/R,,,0,0,,0,0,0.0,0,0,0.0,0,0,0,-,,,,,,,,,,,,,,,,,,
Jerreth Sterns,LAR,WR,3123544,SF,5,11,1,1,N/R,,,0,0,,0,0,0.0,0,0,0.0,0,0,0,-,,,,,,,,,,,,,,,,,,
Neil Pau'u,BUF,WR,2807947,@HOU,27,7,1,1,N/R,,,0,0,,0,0,0.0,0,0,0.0,0,0,0,-,,,,,,,,,,,,,,,,,,
Robert Lewis,MIN,WR,3166596,GB,17,6,1,1,N/R,,,0,0,,0,0,0.0,0,0,0.0,0,0,0,-,,,,,,,,,,,,,,,,,,
Tyren Montgomery,TEN,WR,28935910,NYJ,9,9,1,0,N/R,,,0,0,,0,0,0.0,0,0,0.0,0,0,0,-,,,,,,,,,,,,,,,,,,
Charleston Rambo,PHI,WR,2867306,WAS,15,10,1,0,N/R,,,0,0,,0,0,0.0,0,0,0.0,0,0,0,-,,,,,,,,,,,,,,,,,,
Lincoln Victor,DEN,WR,3127480,@KC,2,10,1,0,N/R,,,0,0,,0,0,0.0,0,0,0.0,0,0,0,-,,,,,,,,,,,,,,,,,,
Robert Woods,PIT,WR,1754280,ATL,8,9,1,1,N/R,,,0,0,,0,0,0.0,0,0,0.0,0,0,0,-,,,,,,,,,,,,,,,,,,
Tim Patrick,NYJ,WR,2818910,@TEN,21,13,1,1,N/R,,,0,0,,0,0,0.0,0,0,0.0,0,0,0,-,,,,,,,,,,,,,,,,,,
Taye Barber,TB,WR,2962839,@CIN,14,10,1,1,N/R,,,0,0,,0,0,0.0,0,0,0.0,0,0,0,-,,,,,,,,,,,,,,,,,,
Malik Taylor,DET,WR,3117089,NO,16,6,0,0,N/R,,,0,0,,0,0,0.0,0,0,0.0,0,0,0,-,,,,,,,,,,,,,,,,,,
Jimmy Holiday,KC,WR,3163391,DEN,3,5,1,1,N/R,,,0,0,,0,0,0.0,0,0,0.0,0,0,0,-,,,,,,,,,,,,,,,,,,
Kameron Johnson,TB,WR,29380891,@CIN,14,10,1,1,N/R,,,0,0,,0,0,0.0,0,0,0.0,0,0,0,0.00,,,,,,,,,,,,,,,,,,
Josh Imatorbhebhe,JAC,WR,2240184,CLE,30,7,1,0,N/R,,,0,0,,0,0,0.0,0,0,0.0,0,0,0,-,,,,,,,,,,,,,,,,,,
Odell Beckham Jr.,NYG,WR,1824823,DAL,7,8,5,1,N/R,,,0,0,,0,0,0.0,0,0,0.0,0,0,0,0.00,,,,,,,,,,,,,,,,,,
Jermaine Burton,CIN,WR,3163951,TB,10,6,1,1,N/R,,,0,0,,0,0,0.0,0,0,0.0,0,0,0,-,,,,,,,,,,,,,,,,,,
Irvin Charles,SEA,WR,2185963,NE,22,11,1,1,N/R,,,0,0,,0,0,0.0,0,0,0.0,0,0,0,-,,,,,,,,,,,,,,,,,,
Jahan Dotson,ATL,WR,2962944,@PIT,1,11,1,1,N/R,,,19,0,,0,0,19.0,0,0,0.0,0,3,1,0.00,,,,,,,,,,,,,,,,,,
Steven Sims,ARI,WR,3116703,@LAC,19,14,1,1,N/R,,,0,0,,0,0,0.0,0,0,0.0,0,0,0,-,,,,,,,,,,,,,,,,,,
Sahmir Hagans,IND,WR,26697142,BAL,12,13,1,0,N/R,,,0,0,,0,0,0.0,0,0,0.0,0,0,0,-,,,,,,,,,,,,,,,,,,
Tre Harris,LAC,WR,3162525,ARI,11,7,8,1,46,,,20,0,,0,0,6.7,0,0,0.0,0,6,3,0.00,,,,,,,,,,,,,,,,,,
Jonathan Duhart,DET,WR,3117025,NO,16,6,0,0,N/R,,,0,0,,0,0,0.0,0,0,0.0,0,0,0,-,,,,,,,,,,,,,,,,,,
Jaylin Noel,HOU,WR,26697286,BUF,26,8,5,1,N/R,,,53,0,,0,0,26.5,0,0,0.0,0,2,2,0.00,,,,,,,,,,,,,,,,,,
Devonte Ross,LAC,WR,26703014,ARI,11,7,1,0,N/R,,,0,0,,0,0,0.0,0,0,0.0,0,0,0,-,,,,,,,,,,,,,,,,,,
DaVaris Daniels,NE,WR,1888751,@SEA,6,11,1,1,N/R,,,0,0,,0,0,0.0,0,0,0.0,0,0,0,-,,,,,,,,,,,,,,,,,,
Austin Trammell,JAC,WR,2838491,CLE,30,7,1,0,N/R,,,0,0,,0,0,0.0,0,0,0.0,0,0,0,-,,,,,,,,,,,,,,,,,,
Kalija Lipscomb,TEN,WR,2247525,NYJ,9,9,1,1,N/R,,,0,0,,0,0,0.0,0,0,0.0,0,0,0,-,,,,,,,,,,,,,,,,,,
Ja'Lynn Polk,NO,WR,3162664,@DET,31,8,1,1,N/R,,,0,0,,0,0,0.0,0,0,0.0,0,0,0,-,,,,,,,,,,,,,,,,,,
Josh Downs,IND,WR,3162970,BAL,12,13,78,8,44,,,37,0,,0,0,18.5,0,0,0.0,0,4,2,0.00,,,,,,,,,,,,,,,,,,
Chris Brazzell II,CAR,WR,26904572,CHI,29,5,2,1,N/R,,,0,0,,0,0,0.0,0,0,0.0,0,0,0,-,,,,,,,,,,,,,,,,,,
Juwan Green,KC,WR,2967680,DEN,3,5,1,1,N/R,,,0,0,,0,0,0.0,0,0,0.0,0,0,0,-,,,,,,,,,,,,,,,,,,
Joaquin Davis,PIT,WR,26726311,ATL,8,9,0,0,N/R,,,0,0,,0,0,0.0,0,0,0.0,0,0,0,-,,,,,,,,,,,,,,,,,,
Montana Lemonious-Craig,PIT,WR,3166692,ATL,8,9,1,0,N/R,,,0,0,,0,0,0.0,0,0,0.0,0,0,0,-,,,,,,,,,,,,,,,,,,
Joseph Scates,JAC,WR,28873479,CLE,30,7,1,1,N/R,,,0,0,,0,0,0.0,0,0,0.0,0,0,0,-,,,,,,,,,,,,,,,,,,
Tanner Knue,TB,WR,2964657,@CIN,14,10,1,1,N/R,,,0,0,,0,0,0.0,0,0,0.0,0,0,0,-,,,,,,,,,,,,,,,,,,
Trebor Pena,JAC,WR,3168420,CLE,30,7,1,1,N/R,,,0,0,,0,0,0.0,0,0,0.0,0,0,0,-,,,,,,,,,,,,,,,,,,
Cortrelle Simpson,TB,WR,3117088,@CIN,14,10,1,0,N/R,,,0,0,,0,0,0.0,0,0,0.0,0,0,0,-,,,,,,,,,,,,,,,,,,
Donte Sylencieux,BAL,WR,26664285,@IND,28,13,1,0,N/R,,,0,0,,0,0,0.0,0,0,0.0,0,0,0,-,,,,,,,,,,,,,,,,,,
Damion Jeanpiere,CAR,WR,3117009,CHI,29,5,0,0,N/R,,,0,0,,0,0,0.0,0,0,0.0,0,0,0,-,,,,,,,,,,,,,,,,,,
Rashid Shaheed,SEA,WR,2250863,NE,22,11,64,4,N/R,,,4,0,,0,0,4.0,0,0,0.0,0,3,1,0.00,,,,,,,,,,,,,,,,,,
Lideatrick Griffin,GB,WR,3171022,@MIN,32,11,1,1,N/R,,,0,0,,0,0,0.0,0,0,0.0,0,0,0,-,,,,,,,,,,,,,,,,,,
Britain Covey,PHI,WR,2185571,WAS,15,10,1,1,N/R,,,0,0,,0,0,0.0,0,0,0.0,0,0,0,0.00,,,,,,,,,,,,,,,,,,
Chris Coleman,MIA,WR,2804779,@LV,20,6,1,0,N/R,,,0,0,,0,0,0.0,0,0,0.0,0,0,0,-,,,,,,,,,,,,,,,,,,
Keytaon Thompson,DET,WR,2744571,NO,16,6,0,0,N/R,,,0,0,,0,0,0.0,0,0,0.0,0,0,0,-,,,,,,,,,,,,,,,,,,
Cole Burgess,PIT,WR,29362393,ATL,8,9,1,1,N/R,,,0,0,,0,0,0.0,0,0,0.0,0,0,0,-,,,,,,,,,,,,,,,,,,
Andre Baccellia,ARI,WR,3159102,@LAC,19,14,1,1,N/R,,,0,0,,0,0,0.0,0,0,0.0,0,0,0,-,,,,,,,,,,,,,,,,,,
Casey Washington,CAR,WR,3126493,CHI,29,5,1,1,N/R,,,0,0,,0,0,0.0,0,0,0.0,0,0,0,-,,,,,,,,,,,,,,,,,,
Liam Clifford,LAC,WR,26695271,ARI,11,7,1,0,N/R,,,0,0,,0,0,0.0,0,0,0.0,0,0,0,-,,,,,,,,,,,,,,,,,,
Marvin Mims,DEN,WR,3162586,@KC,2,10,2,1,N/R,,,0,0,,0,0,0.0,0,0,0.0,0,0,0,0.00,,,,,,,,,,,,,,,,,,
Montrell Washington,HOU,WR,2866191,BUF,26,8,1,1,N/R,,,0,0,,0,0,0.0,0,0,0.0,0,0,0,-,,,,,,,,,,,,,,,,,,
Brandon Johnson,PIT,WR,2247509,ATL,8,9,1,1,N/R,,,0,0,,0,0,0.0,0,0,0.0,0,0,0,-,,,,,,,,,,,,,,,,,,
Tru Edwards,LAR,WR,26710155,SF,5,11,1,0,N/R,,,0,0,,0,0,0.0,0,0,0.0,0,0,0,-,,,,,,,,,,,,,,,,,,
Quartney Davis,IND,WR,2249179,BAL,12,13,1,0,N/R,,,0,0,,0,0,0.0,0,0,0.0,0,0,0,-,,,,,,,,,,,,,,,,,,
Laviska Shenault Jr.,BUF,WR,2866321,@HOU,27,7,1,0,N/R,,,0,0,,0,0,0.0,0,0,0.0,0,0,0,-,,,,,,,,,,,,,,,,,,
Jake Herslow,SEA,WR,2252298,NE,22,11,0,0,N/R,,,0,0,,0,0,0.0,0,0,0.0,0,0,0,-,,,,,,,,,,,,,,,,,,
Tyler Harrell,NYJ,WR,1691256,@TEN,21,13,1,1,N/R,,,0,0,,0,0,0.0,0,0,0.0,0,0,0,-,,,,,,,,,,,,,,,,,,
Kaden Wetjen,PIT,WR,28876038,ATL,8,9,1,1,N/R,,,0,0,,0,0,0.0,0,0,0.0,0,0,0,0.00,,,,,,,,,,,,,,,,,,
Montorie Foster Jr.,SEA,WR,3169784,NE,22,11,1,1,N/R,,,0,0,,0,0,0.0,0,0,0.0,0,0,0,0.00,,,,,,,,,,,,,,,,,,
Dominic Lovett,DET,WR,26696063,NO,16,6,1,1,N/R,,,0,0,,0,0,0.0,0,0,0.0,0,0,0,-,,,,,,,,,,,,,,,,,,
Harrison Wallace III,ARI,WR,26698495,@LAC,19,14,1,0,N/R,,,0,0,,0,0,0.0,0,0,0.0,0,0,0,-,,,,,,,,,,,,,,,,,,
Derrick Dillon,CLE,WR,2180617,@JAC,18,11,0,0,N/R,,,0,0,,0,0,0.0,0,0,0.0,0,0,0,-,,,,,,,,,,,,,,,,,,
Tre Mosley,CIN,WR,3121001,TB,10,6,1,1,N/R,,,0,0,,0,0,0.0,0,0,0.0,0,0,0,-,,,,,,,,,,,,,,,,,,
Daewood Davis,CAR,WR,2867589,CHI,29,5,0,0,N/R,,,0,0,,0,0,0.0,0,0,0.0,0,0,0,-,,,,,,,,,,,,,,,,,,
Milton Wright,LAC,WR,3131611,ARI,11,7,1,1,N/R,,,0,0,,0,0,0.0,0,0,0.0,0,0,0,-,,,,,,,,,,,,,,,,,,
Christian Kirk,SF,WR,2180820,@LAR,25,8,4,1,N/R,,,0,0,,0,0,0.0,0,0,0.0,0,0,0,-,,,,,,,,,,,,,,,,,,
Seth Williams,LV,WR,2965944,MIA,4,13,1,0,N/R,,,0,0,,0,0,0.0,0,0,0.0,0,0,0,-,,,,,,,,,,,,,,,,,,
Josh Reynolds,NYJ,WR,2131796,@TEN,21,13,1,1,N/R,,,0,0,,0,0,0.0,0,0,0.0,0,0,0,-,,,,,,,,,,,,,,,,,,
Xavier Gipson,PHI,WR,3127427,WAS,15,10,1,1,N/R,,,0,0,,0,0,0.0,0,0,0.0,0,0,0,-,,,,,,,,,,,,,,,,,,
Armanti Foreman,MIN,WR,2925428,GB,17,6,1,1,N/R,,,0,0,,0,0,0.0,0,0,0.0,0,0,0,-,,,,,,,,,,,,,,,,,,
Malik Henry,NO,WR,3116830,@DET,31,8,1,1,N/R,,,0,0,,0,0,0.0,0,0,0.0,0,0,0,-,,,,,,,,,,,,,,,,,,
Chandler Brayboy,NE,WR,3121489,@SEA,6,11,1,0,N/R,,,0,0,,0,0,0.0,0,0,0.0,0,0,0,-,,,,,,,,,,,,,,,,,,
Ja'Mori Maclin,BUF,WR,3162257,@HOU,27,7,1,0,N/R,,,0,0,,0,0,0.0,0,0,0.0,0,0,0,-,,,,,,,,,,,,,,,,,,
DJ Turner,HOU,WR,2251084,BUF,26,8,1,1,N/R,,,0,0,,0,0,0.0,0,0,0.0,0,0,0,-,,,,,,,,,,,,,,,,,,
Scott Miller,CHI,WR,2180075,@CAR,24,10,1,1,N/R,,,0,0,,0,0,0.0,0,0,0.0,0,0,0,-,,,,,,,,,,,,,,,,,,
Quincy Skinner Jr.,NYJ,WR,26697082,@TEN,21,13,1,1,N/R,,,0,0,,0,0,0.0,0,0,0.0,0,0,0,-,,,,,,,,,,,,,,,,,,
Nick DeGennaro,NE,WR,3166956,@SEA,6,11,1,1,N/R,,,0,0,,0,0,0.0,0,0,0.0,0,0,0,-,,,,,,,,,,,,,,,,,,
Keenan Allen,IND,WR,1737096,BAL,12,13,36,2,N/R,,,32,0,,0,0,5.3,0,0,0.0,0,6,6,0.00,,,,,,,,,,,,,,,,,,
Jaelen Gill,CLE,WR,2967603,@JAC,18,11,0,0,N/R,,,0,0,,0,0,0.0,0,0,0.0,0,0,0,-,,,,,,,,,,,,,,,,,,
Jaylen Waddle,DEN,WR,2962110,@KC,2,10,100,76,26,,,2,0,,0,0,2.0,0,0,0.0,0,3,1,0.00,,,,,,,,,,,,,,,,,,
Jamal Agnew,ATL,WR,2818264,@PIT,1,11,1,1,N/R,,,0,0,,0,0,0.0,0,0,0.0,0,0,0,-,,,,,,,,,,,,,,,,,,
Will Pauling,SF,WR,26697818,@LAR,25,8,1,0,N/R,,,0,0,,0,0,0.0,0,0,0.0,0,0,0,-,,,,,,,,,,,,,,,,,,
Austin Willis,DET,WR,2175115,NO,16,6,0,0,N/R,,,0,0,,0,0,0.0,0,0,0.0,0,0,0,-,,,,,,,,,,,,,,,,,,
Willie Johnson,JAC,WR,2263021,CLE,30,7,1,1,N/R,,,0,0,,0,0,0.0,0,0,0.0,0,0,0,-,,,,,,,,,,,,,,,,,,
Danny Davis,GB,WR,2866956,@MIN,32,11,1,1,N/R,,,0,0,,0,0,0.0,0,0,0.0,0,0,0,-,,,,,,,,,,,,,,,,,,
Chris Bell,MIA,WR,28877196,@LV,20,6,28,1,N/R,,,25,0,,0,0,25.0,0,0,0.0,0,2,1,0.00,,,,,,,,,,,,,,,,,,
Jeff Foreman,LV,WR,3121012,MIA,4,13,1,1,N/R,,,0,0,,0,0,0.0,0,0,0.0,0,0,0,-,,,,,,,,,,,,,,,,,,
Romello Brinson,DAL,WR,26694913,@NYG,13,14,1,0,N/R,,,0,0,,0,0,0.0,0,0,0.0,0,0,0,-,,,,,,,,,,,,,,,,,,
Jeff Caldwell,KC,WR,28900417,DEN,3,5,1,1,N/R,,,0,0,,0,0,0.0,0,0,0.0,0,0,0,-,,,,,,,,,,,,,,,,,,
Travis Toivonen,MIN,WR,2261149,GB,17,6,1,0,N/R,,,0,0,,0,0,0.0,0,0,0.0,0,0,0,-,,,,,,,,,,,,,,,,,,
Joshua Cephus,JAC,WR,3127909,CLE,30,7,1,1,N/R,,,0,0,,0,0,0.0,0,0,0.0,0,0,0,-,,,,,,,,,,,,,,,,,,
Jakobie Keeney-James,PIT,WR,3122024,ATL,8,9,1,1,N/R,,,0,0,,0,0,0.0,0,0,0.0,0,0,0,-,,,,,,,,,,,,,,,,,,
Elijhah Badger,KC,WR,3163150,DEN,3,5,1,0,N/R,,,0,0,,0,0,0.0,0,0,0.0,0,0,0,-,,,,,,,,,,,,,,,,,,
John Jiles,NE,WR,29362392,@SEA,6,11,1,0,N/R,,,0,0,,0,0,0.0,0,0,0.0,0,0,0,-,,,,,,,,,,,,,,,,,,
Luke Grimm,LAC,WR,3166697,ARI,11,7,1,1,N/R,,,0,0,,0,0,0.0,0,0,0.0,0,0,0,-,,,,,,,,,,,,,,,,,,
Jordan Moore,CIN,WR,26698828,TB,10,6,0,0,N/R,,,0,0,,0,0,0.0,0,0,0.0,0,0,0,-,,,,,,,,,,,,,,,,,,
Dan Chisena,CAR,WR,3159144,CHI,29,5,1,1,N/R,,,0,0,,0,0,0.0,0,0,0.0,0,0,0,-,,,,,,,,,,,,,,,,,,
Tarik Black,DET,WR,2819115,NO,16,6,1,0,N/R,,,0,0,,0,0,0.0,0,0,0.0,0,0,0,-,,,,,,,,,,,,,,,,,,
Steve Ishmael,IND,WR,2925153,BAL,12,13,1,1,N/R,,,0,0,,0,0,0.0,0,0,0.0,0,0,0,-,,,,,,,,,,,,,,,,,,
Khadarel Hodge,SF,WR,2954080,@LAR,25,8,1,1,N/R,,,0,0,,0,0,0.0,0,0,0.0,0,0,0,0.00,,,,,,,,,,,,,,,,,,
Reggie Virgil,ARI,WR,28883008,@LAC,19,14,1,1,N/R,,,0,0,,0,0,0.0,0,0,0.0,0,0,0,-,,,,,,,,,,,,,,,,,,
Michael Bandy,DEN,WR,2245832,@KC,2,10,1,0,N/R,,,0,0,,0,0,0.0,0,0,0.0,0,0,0,-,,,,,,,,,,,,,,,,,,
Deontez Alexander,SEA,WR,2926949,NE,22,11,1,1,N/R,,,0,0,,0,0,0.0,0,0,0.0,0,0,0,-,,,,,,,,,,,,,,,,,,
KC Concepcion,CLE,WR,29123718,@JAC,18,11,87,8,N/R,,,43,0,,3,15,10.8,0,1,5.0,0,5,4,0.00,,,,,,,,,,,,,,,,,,
Jalen Williams,NYG,WR,2820236,DAL,7,8,1,1,N/R,,,0,0,,0,0,0.0,0,0,0.0,0,0,0,-,,,,,,,,,,,,,,,,,,
Roman Wilson,PIT,WR,3169495,ATL,8,9,2,1,N/R,,,26,0,,0,0,8.7,0,0,0.0,0,6,3,0.00,,,,,,,,,,,,,,,,,,
Malachi Fields,NYG,WR,26706066,DAL,7,8,29,1,N/R,,,25,0,,0,0,12.5,0,0,0.0,0,4,2,0.00,,,,,,,,,,,,,,,,,,
Devontez Walker,BAL,WR,26702084,@IND,28,13,1,1,N/R,,,0,0,,0,0,0.0,0,0,0.0,0,0,0,-,,,,,,,,,,,,,,,,,,
Jerjuan Newton,DEN,WR,3125586,@KC,2,10,1,1,N/R,,,0,0,,0,0,0.0,0,0,0.0,0,0,0,-,,,,,,,,,,,,,,,,,,
Isaiah Hodgins,NYG,WR,2783899,DAL,7,8,1,1,N/R,,,0,0,,0,0,0.0,0,0,0.0,0,0,0,-,,,,,,,,,,,,,,,,,,
John Metchie III,CAR,WR,3121171,CHI,29,5,1,1,N/R,,,0,0,,0,0,0.0,0,0,0.0,0,0,0,-,,,,,,,,,,,,,,,,,,
Nick Nash,WAS,WR,3123884,@PHI,23,7,1,1,N/R,,,0,0,,0,0,0.0,0,0,0.0,0,0,0,-,,,,,,,,,,,,,,,,,,
Parris Campbell,DAL,WR,2139271,@NYG,13,14,1,1,N/R,,,0,0,,0,0,0.0,0,0,0.0,0,0,0,-,,,,,,,,,,,,,,,,,,
Luther Burden III,CHI,WR,28874444,@CAR,24,10,99,72,24,,,63,0,,1,2,12.6,0,1,2.0,0,5,5,0.00,,,,,,,,,,,,,,,,,,
A.J. Brown,NE,WR,2258303,@SEA,6,11,100,62,N/R,,,26,0,,0,0,8.7,0,0,0.0,0,4,3,0.00,,,,,,,,,,,,,,,,,,
Lance McCutcheon,TEN,WR,2836356,NYJ,9,9,1,0,N/R,,,0,0,,0,0,0.0,0,0,0.0,0,0,0,-,,,,,,,,,,,,,,,,,,
Jalen Reagor,MIA,WR,2803733,@LV,20,6,1,1,N/R,,,0,0,,0,0,0.0,0,0,0.0,0,0,0,-,,,,,,,,,,,,,,,,,,
Jadakis Bonds,GB,WR,2982608,@MIN,32,11,1,1,N/R,,,0,0,,0,0,0.0,0,0,0.0,0,0,0,-,,,,,,,,,,,,,,,,,,
Bryant Mitchell,TB,WR,3103642,@CIN,14,10,1,1,N/R,,,0,0,,0,0,0.0,0,0,0.0,0,0,0,-,,,,,,,,,,,,,,,,,,
Eli Pancol,IND,WR,3121378,BAL,12,13,1,0,N/R,,,0,0,,0,0,0.0,0,0,0.0,0,0,0,-,,,,,,,,,,,,,,,,,,
Gabe Davis,BUF,WR,2804813,@HOU,27,7,1,1,N/R,,,0,0,,0,0,0.0,0,0,0.0,0,0,0,-,,,,,,,,,,,,,,,,,,
Malick Meiga,CAR,WR,3168821,CHI,29,5,1,1,N/R,,,0,0,,0,0,0.0,0,0,0.0,0,0,0,-,,,,,,,,,,,,,,,,,,
Rome Odunze,CHI,WR,3162979,@CAR,24,10,99,52,36,,,52,0,,0,0,26.0,0,0,0.0,0,3,2,0.00,,,,,,,,,,,,,,,,,,
Treyvhon Saunders,HOU,WR,28927179,BUF,26,8,1,0,N/R,,,0,0,,0,0,0.0,0,0,0.0,0,0,0,-,,,,,,,,,,,,,,,,,,
Xavier Restrepo,TEN,WR,3163221,NYJ,9,9,1,1,N/R,,,0,0,,0,0,0.0,0,0,0.0,0,0,0,-,,,,,,,,,,,,,,,,,,
Gavin Holmes,TEN,WR,2868689,NYJ,9,9,1,0,N/R,,,0,0,,0,0,0.0,0,0,0.0,0,0,0,-,,,,,,,,,,,,,,,,,,
Kelly Akharaiyi,ARI,WR,28874246,@LAC,19,14,1,1,N/R,,,0,0,,0,0,0.0,0,0,0.0,0,0,0,-,,,,,,,,,,,,,,,,,,
Roderick Daniels Jr.,NO,WR,26696826,@DET,31,8,1,0,N/R,,,0,0,,0,0,0.0,0,0,0.0,0,0,0,-,,,,,,,,,,,,,,,,,,
Kyle Dixon,NE,WR,50049245,@SEA,6,11,1,1,N/R,,,0,0,,0,0,0.0,0,0,0.0,0,0,0,-,,,,,,,,,,,,,,,,,,
Jerry Jeudy,CLE,WR,2741201,@JAC,18,11,42,3,N/R,,,26,0,,0,0,13.0,0,0,0.0,0,4,2,0.00,,,,,,,,,,,,,,,,,,
Calvin Ridley,TEN,WR,2186328,NYJ,9,9,32,3,N/R,,,0,0,,0,0,0.0,0,0,0.0,0,0,0,0.00,,,,,,,,,,,,,,,,,,
Tyshaun James,ATL,WR,2876686,@PIT,1,11,0,0,N/R,,,0,0,,0,0,0.0,0,0,0.0,0,0,0,-,,,,,,,,,,,,,,,,,,
John Rhys Plumlee,PIT,WR,3126959,ATL,8,9,1,1,N/R,,,0,0,,0,0,0.0,0,0,0.0,0,0,0,-,,,,,,,,,,,,,,,,,,
Demeer Blankumsee,NE,WR,3166844,@SEA,6,11,1,1,N/R,,,0,0,,0,0,0.0,0,0,0.0,0,0,0,-,,,,,,,,,,,,,,,,,,
Tank Dell,HOU,WR,2963970,BUF,26,8,21,1,N/R,,,0,0,,0,0,0.0,0,0,0.0,0,0,0,-,,,,,,,,,,,,,,,,,,
Dalevon Campbell,LAC,WR,3126518,ARI,11,7,1,1,N/R,,,0,0,,0,0,0.0,0,0,0.0,0,0,0,-,,,,,,,,,,,,,,,,,,
Moose Muhammad III,CAR,WR,3162427,CHI,29,5,1,0,N/R,,,0,0,,0,0,0.0,0,0,0.0,0,0,0,-,,,,,,,,,,,,,,,,,,
JP Richardson,CHI,WR,26693430,@CAR,24,10,1,0,N/R,,,0,0,,0,0,0.0,0,0,0.0,0,0,0,-,,,,,,,,,,,,,,,,,,
Bryce Ford-Wheaton,NYG,WR,2963723,DAL,7,8,1,1,N/R,,,0,0,,0,0,0.0,0,0,0.0,0,0,0,-,,,,,,,,,,,,,,,,,,
Phil Lutz,NE,WR,29152034,@SEA,6,11,1,1,N/R,,,0,0,,0,0,0.0,0,0,0.0,0,0,0,-,,,,,,,,,,,,,,,,,,
Leon Johnson III,LAC,WR,29125075,ARI,11,7,1,1,N/R,,,0,0,,0,0,0.0,0,0,0.0,0,0,0,-,,,,,,,,,,,,,,,,,,
Cedric Tillman,NO,WR,2962120,@DET,31,8,1,1,N/R,,,0,0,,0,0,0.0,0,0,0.0,0,0,0,-,,,,,,,,,,,,,,,,,,
Adam Thielen,PIT,WR,2059362,ATL,8,9,2,2,N/R,,,0,0,,0,0,0.0,0,0,0.0,0,0,0,-,,,,,,,,,,,,,,,,,,
Curtis Samuel,BUF,WR,2131252,@HOU,27,7,1,1,N/R,,,0,0,,0,0,0.0,0,0,0.0,0,0,0,-,,,,,,,,,,,,,,,,,,
DK Metcalf,PIT,WR,2260185,ATL,8,9,97,43,33,,,40,0,,0,0,10.0,0,0,0.0,0,10,4,0.00,,,,,,,,,,,,,,,,,,
Ihmir Smith-Marsette,ARI,WR,2865894,@LAC,19,14,1,1,N/R,,,0,0,,0,0,0.0,0,0,0.0,0,0,0,-,,,,,,,,,,,,,,,,,,
Jontre Kirklin,SF,WR,2804559,@LAR,25,8,1,0,N/R,,,0,0,,0,0,0.0,0,0,0.0,0,0,0,-,,,,,,,,,,,,,,,,,,
Skyy Moore,GB,WR,3126874,@MIN,32,11,1,1,N/R,,,0,0,,0,0,0.0,0,0,0.0,0,1,0,0.00,,,,,,,,,,,,,,,,,,
Daje Johnson,ATL,WR,1996830,@PIT,1,11,1,1,N/R,,,0,0,,0,0,0.0,0,0,0.0,0,0,0,-,,,,,,,,,,,,,,,,,,
Tavonn Salter,ATL,WR,3153041,@PIT,1,11,1,1,N/R,,,0,0,,0,0,0.0,0,0,0.0,0,0,0,-,,,,,,,,,,,,,,,,,,
Giles Jackson,PHI,WR,3133264,WAS,15,10,1,1,N/R,,,0,0,,0,0,0.0,0,0,0.0,0,0,0,-,,,,,,,,,,,,,,,,,,
Dalen Cambre,NYG,WR,3131659,DAL,7,8,1,1,N/R,,,0,0,,0,0,0.0,0,0,0.0,0,0,0,-,,,,,,,,,,,,,,,,,,
Artavis Scott,HOU,WR,2133477,BUF,26,8,1,1,N/R,,,0,0,,0,0,0.0,0,0,0.0,0,0,0,-,,,,,,,,,,,,,,,,,,
Trent Sherfield,BUF,WR,2139758,@HOU,27,7,1,1,N/R,,,0,0,,0,0,0.0,0,0,0.0,0,0,0,-,,,,,,,,,,,,,,,,,,
Isaiah Neyor,GB,WR,3121203,@MIN,32,11,1,1,N/R,,,0,0,,0,0,0.0,0,0,0.0,0,0,0,-,,,,,,,,,,,,,,,,,,
Mac Dalena,BUF,WR,3165469,@HOU,27,7,0,0,N/R,,,0,0,,0,0,0.0,0,0,0.0,0,0,0,-,,,,,,,,,,,,,,,,,,
Grant DuBose,BUF,WR,26720345,@HOU,27,7,1,0,N/R,,,0,0,,0,0,0.0,0,0,0.0,0,0,0,-,,,,,,,,,,,,,,,,,,
Kyre Duplessis,DEN,WR,26699047,@KC,2,10,1,1,N/R,,,0,0,,0,0,0.0,0,0,0.0,0,0,0,-,,,,,,,,,,,,,,,,,,
Ricky Pearsall,SF,WR,3122949,@LAR,25,8,4,1,N/R,,,0,0,,0,0,0.0,0,0,0.0,0,0,0,-,,,,,,,,,,,,,,,,,,
Elijah Sarratt,BAL,WR,28888850,@IND,28,13,2,1,N/R,,,0,0,,0,0,0.0,0,0,0.0,0,0,0,-,,,,,,,,,,,,,,,,,,
C.J. Johnson,SEA,WR,3123939,NE,22,11,1,1,N/R,,,0,0,,0,0,0.0,0,0,0.0,0,0,0,-,,,,,,,,,,,,,,,,,,
Drew Estrada,HOU,WR,2242283,BUF,26,8,1,0,N/R,,,0,0,,0,0,0.0,0,0,0.0,0,0,0,-,,,,,,,,,,,,,,,,,,
Dante Pettis,BUF,WR,2139642,@HOU,27,7,1,1,N/R,,,0,0,,0,0,0.0,0,0,0.0,0,0,0,-,,,,,,,,,,,,,,,,,,
Kawaan Baker,GB,WR,2264866,@MIN,32,11,1,0,N/R,,,0,0,,0,0,0.0,0,0,0.0,0,0,0,-,,,,,,,,,,,,,,,,,,
Easop Winston,NYJ,WR,3159184,@TEN,21,13,0,0,N/R,,,0,0,,0,0,0.0,0,0,0.0,0,0,0,-,,,,,,,,,,,,,,,,,,
Braxton Westfield,IND,WR,2240959,BAL,12,13,1,1,N/R,,,0,0,,0,0,0.0,0,0,0.0,0,0,0,-,,,,,,,,,,,,,,,,,,
Emmanuel Henderson Jr.,SEA,WR,28909837,NE,22,11,1,1,N/R,,,0,0,,0,0,0.0,0,0,0.0,0,0,0,-,,,,,,,,,,,,,,,,,,
Jake Bobo,SEA,WR,2962336,NE,22,11,1,1,N/R,,,0,0,,0,0,0.0,0,0,0.0,0,0,0,-,,,,,,,,,,,,,,,,,,
Noah Brown,LV,WR,2139270,MIA,4,13,1,1,N/R,,,0,0,,0,0,0.0,0,0,0.0,0,0,0,-,,,,,,,,,,,,,,,,,,
Cody Chrest,GB,WR,2241883,@MIN,32,11,1,1,N/R,,,0,0,,0,0,0.0,0,0,0.0,0,0,0,-,,,,,,,,,,,,,,,,,,
River Cracraft,WAS,WR,2890282,@PHI,23,7,1,0,N/R,,,0,0,,0,0,0.0,0,0,0.0,0,0,0,-,,,,,,,,,,,,,,,,,,
Antonio Nunn,ATL,WR,2258543,@PIT,1,11,1,1,N/R,,,0,0,,0,0,0.0,0,0,0.0,0,0,0,-,,,,,,,,,,,,,,,,,,
Marquez Valdes-Scantling,DAL,WR,2071540,@NYG,13,14,1,1,N/R,,,0,0,,0,0,0.0,0,0,0.0,0,0,0,-,,,,,,,,,,,,,,,,,,
Jeshaun Jones,MIN,WR,2961918,GB,17,6,1,1,N/R,,,0,0,,0,0,0.0,0,0,0.0,0,0,0,-,,,,,,,,,,,,,,,,,,
Marvin Harrison Jr.,ARI,WR,26701883,@LAC,19,14,99,43,37,,,33,0,,0,0,33.0,0,0,0.0,0,3,1,0.00,,,,,,,,,,,,,,,,,,
Danny Gray,PHI,WR,3168336,WAS,15,10,1,1,N/R,,,0,0,,0,0,0.0,0,0,0.0,0,0,0,-,,,,,,,,,,,,,,,,,,
Ty James,MIN,WR,3135294,GB,17,6,1,0,N/R,,,0,0,,0,0,0.0,0,0,0.0,0,0,0,-,,,,,,,,,,,,,,,,,,
Allen Robinson,DET,WR,1889923,NO,16,6,1,1,N/R,,,0,0,,0,0,0.0,0,0,0.0,0,0,0,-,,,,,,,,,,,,,,,,,,
Mike Strachan,WAS,WR,26650288,@PHI,23,7,1,0,N/R,,,0,0,,0,0,0.0,0,0,0.0,0,0,0,-,,,,,,,,,,,,,,,,,,
Trenton Irwin,SF,WR,3117052,@LAR,25,8,1,1,N/R,,,0,0,,0,0,0.0,0,0,0.0,0,0,0,-,,,,,,,,,,,,,,,,,,
Zachariah Branch,ATL,WR,29123979,@PIT,1,11,8,1,N/R,,,0,0,,0,0,0.0,0,0,0.0,0,0,0,0.00,,,,,,,,,,,,,,,,,,
Ife Adeyi,PHI,WR,3124097,WAS,15,10,1,1,N/R,,,0,0,,0,0,0.0,0,0,0.0,0,0,0,-,,,,,,,,,,,,,,,,,,
Trishton Jackson,ARI,WR,2253371,@LAC,19,14,1,1,N/R,,,0,0,,0,0,0.0,0,0,0.0,0,0,0,-,,,,,,,,,,,,,,,,,,
Anthony Schwartz,MIA,WR,2965374,@LV,20,6,1,1,N/R,,,0,0,,0,0,0.0,0,0,0.0,0,0,0,-,,,,,,,,,,,,,,,,,,
EJ Horton Jr.,IND,WR,3168807,BAL,12,13,1,1,N/R,,,0,0,,0,0,0.0,0,0,0.0,0,0,0,-,,,,,,,,,,,,,,,,,,
Jamaal Pritchett,NYJ,WR,28877767,@TEN,21,13,1,1,N/R,,,0,0,,0,0,0.0,0,0,0.0,0,0,0,-,,,,,,,,,,,,,,,,,,
Arian Smith,NYJ,WR,3163930,@TEN,21,13,1,1,N/R,,,0,0,,0,0,0.0,0,0,0.0,0,1,0,0.00,,,,,,,,,,,,,,,,,,
Dennis Houston,TB,WR,2866062,@CIN,14,10,1,1,N/R,,,0,0,,0,0,0.0,0,0,0.0,0,0,0,-,,,,,,,,,,,,,,,,,,
Jadon Haselwood,PHI,WR,3122363,WAS,15,10,1,1,N/R,,,0,0,,0,0,0.0,0,0,0.0,0,0,0,-,,,,,,,,,,,,,,,,,,
Xavier Guillory,BAL,WR,3161932,@IND,28,13,1,1,N/R,,,0,0,,0,0,0.0,0,0,0.0,0,0,0,-,,,,,,,,,,,,,,,,,,
Tejhaun Palmer,NE,WR,26702915,@SEA,6,11,1,0,N/R,,,0,0,,0,0,0.0,0,0,0.0,0,0,0,-,,,,,,,,,,,,,,,,,,
Reggie White Jr.,NYG,WR,3116826,DAL,7,8,1,1,N/R,,,0,0,,0,0,0.0,0,0,0.0,0,0,0,-,,,,,,,,,,,,,,,,,,
Jamari Thrash,CLE,WR,3127827,@JAC,18,11,1,0,N/R,,,0,0,,0,0,0.0,0,0,0.0,0,0,0,-,,,,,,,,,,,,,,,,,,
Khalil Tate,PHI,WR,3159159,WAS,15,10,1,0,N/R,,,0,0,,0,0,0.0,0,0,0.0,0,0,0,-,,,,,,,,,,,,,,,,,,
Omar Bayless,KC,WR,2179863,DEN,3,5,1,0,N/R,,,0,0,,0,0,0.0,0,0,0.0,0,0,0,-,,,,,,,,,,,,,,,,,,
Jacolby George,CAR,WR,26700358,CHI,29,5,1,1,N/R,,,0,0,,0,0,0.0,0,0,0.0,0,0,0,-,,,,,,,,,,,,,,,,,,
Kearis Jackson,HOU,WR,2963747,BUF,26,8,1,1,N/R,,,0,0,,0,0,0.0,0,0,0.0,0,0,0,-,,,,,,,,,,,,,,,,,,
DeVonte Dedmon,MIA,WR,2137691,@LV,20,6,1,0,N/R,,,0,0,,0,0,0.0,0,0,0.0,0,0,0,-,,,,,,,,,,,,,,,,,,
Christion Jones,MIA,WR,1893141,@LV,20,6,1,1,N/R,,,0,0,,0,0,0.0,0,0,0.0,0,0,0,-,,,,,,,,,,,,,,,,,,
DeAndre Thompkins,GB,WR,2131257,@MIN,32,11,1,1,N/R,,,0,0,,0,0,0.0,0,0,0.0,0,0,0,-,,,,,,,,,,,,,,,,,,
Antwane Wells Jr.,ATL,WR,3161901,@PIT,1,11,1,1,N/R,,,0,0,,0,0,0.0,0,0,0.0,0,0,0,-,,,,,,,,,,,,,,,,,,
Travis Jonsen,TB,WR,3159190,@CIN,14,10,1,1,N/R,,,0,0,,0,0,0.0,0,0,0.0,0,0,0,-,,,,,,,,,,,,,,,,,,
Rashod Bateman,BAL,WR,2960940,@IND,28,13,19,2,N/R,,,0,0,,0,0,0.0,0,0,0.0,0,1,0,0.00,,,,,,,,,,,,,,,,,,
Vinny Anthony II,ATL,WR,28921356,@PIT,1,11,1,1,N/R,,,0,0,,0,0,0.0,0,0,0.0,0,0,0,-,,,,,,,,,,,,,,,,,,
Corey Crooms Jr.,DAL,WR,3123126,@NYG,13,14,1,0,N/R,,,0,0,,0,0,0.0,0,0,0.0,0,0,0,-,,,,,,,,,,,,,,,,,,
Deion Burks,IND,WR,26694367,BAL,12,13,1,1,N/R,,,0,0,,0,0,0.0,0,0,0.0,0,0,0,0.00,,,,,,,,,,,,,,,,,,
Nsimba Webster,CHI,WR,3117157,@CAR,24,10,1,0,N/R,,,0,0,,0,0,0.0,0,0,0.0,0,0,0,-,,,,,,,,,,,,,,,,,,
JJ Laap,LAR,WR,29379354,SF,5,11,1,1,N/R,,,0,0,,0,0,0.0,0,0,0.0,0,0,0,-,,,,,,,,,,,,,,,,,,
Tre Nixon,NE,WR,2260187,@SEA,6,11,1,1,N/R,,,0,0,,0,0,0.0,0,0,0.0,0,0,0,-,,,,,,,,,,,,,,,,,,
Marcus Rosemy-Jacksaint,PHI,WR,3163938,WAS,15,10,1,0,N/R,,,0,0,,0,0,0.0,0,0,0.0,0,0,0,-,,,,,,,,,,,,,,,,,,
Jonathan Mingo,DAL,WR,3126905,@NYG,13,14,1,1,N/R,,,10,0,,0,0,10.0,0,0,0.0,0,1,1,0.00,,,,,,,,,,,,,,,,,,
Johnathon Johnson,WAS,WR,3159233,@PHI,23,7,1,1,N/R,,,0,0,,0,0,0.0,0,0,0.0,0,0,0,-,,,,,,,,,,,,,,,,,,
Rico Bussey,PIT,WR,2251993,ATL,8,9,1,0,N/R,,,0,0,,0,0,0.0,0,0,0.0,0,0,0,-,,,,,,,,,,,,,,,,,,
Nick Westbrook-Ikhine,IND,WR,2185954,BAL,12,13,1,1,N/R,,,0,0,,0,0,0.0,0,0,0.0,0,0,0,-,,,,,,,,,,,,,,,,,,
Xavier Worthy,KC,WR,26730787,DEN,3,5,73,5,N/R,,,18,0,,0,0,6.0,0,0,0.0,0,6,3,0.00,,,,,,,,,,,,,,,,,,
Jaden Smith,DAL,WR,3133126,@NYG,13,14,1,1,N/R,,,0,0,,0,0,0.0,0,0,0.0,0,0,0,-,,,,,,,,,,,,,,,,,,
Quentin Skinner,BUF,WR,3166676,@HOU,27,7,0,0,N/R,,,0,0,,0,0,0.0,0,0,0.0,0,0,0,-,,,,,,,,,,,,,,,,,,
Lucky Jackson,DET,WR,2184739,NO,16,6,0,0,N/R,,,0,0,,0,0,0.0,0,0,0.0,0,0,0,-,,,,,,,,,,,,,,,,,,
Adonai Mitchell,NYJ,WR,26701928,@TEN,21,13,15,1,N/R,,,60,0,,0,0,20.0,0,0,0.0,0,3,3,0.00,,,,,,,,,,,,,,,,,,
Raylen Sharpe,IND,WR,26698282,BAL,12,13,1,0,N/R,,,0,0,,0,0,0.0,0,0,0.0,0,0,0,-,,,,,,,,,,,,,,,,,,
Camden Brown,DAL,WR,28877638,@NYG,13,14,1,0,N/R,,,0,0,,0,0,0.0,0,0,0.0,0,0,0,-,,,,,,,,,,,,,,,,,,
Xavier Hutchinson,HOU,WR,3161943,BUF,26,8,2,1,N/R,,,32,0,,0,0,10.7,0,0,0.0,0,6,3,0.00,,,,,,,,,,,,,,,,,,
Shedrick Jackson,LV,WR,2962459,MIA,4,13,0,0,N/R,,,0,0,,0,0,0.0,0,0,0.0,0,0,0,-,,,,,,,,,,,,,,,,,,
Tyler Kahmann,IND,WR,29729510,BAL,12,13,1,0,N/R,,,0,0,,0,0,0.0,0,0,0.0,0,0,0,-,,,,,,,,,,,,,,,,,,
Ed Lee,NE,WR,2830185,@SEA,6,11,0,0,N/R,,,0,0,,0,0,0.0,0,0,0.0,0,0,0,-,,,,,,,,,,,,,,,,,,
Jaden Bradley,WAS,WR,26713355,@PHI,23,7,1,1,N/R,,,0,0,,0,0,0.0,0,0,0.0,0,0,0,-,,,,,,,,,,,,,,,,,,
Sam James,LAR,WR,2965746,SF,5,11,1,1,N/R,,,0,0,,0,0,0.0,0,0,0.0,0,0,0,-,,,,,,,,,,,,,,,,,,
Oliver Martin,JAC,WR,2878230,CLE,30,7,1,1,N/R,,,0,0,,0,0,0.0,0,0,0.0,0,0,0,-,,,,,,,,,,,,,,,,,,
Chris Moore,BAL,WR,1871375,@IND,28,13,1,1,N/R,,,53,0,,0,0,53.0,0,0,0.0,0,2,1,0.00,,,,,,,,,,,,,,,,,,
Braxton Burmeister,LAR,WR,2815157,SF,5,11,1,1,N/R,,,0,0,,0,0,0.0,0,0,0.0,0,0,0,-,,,,,,,,,,,,,,,,,,
Key'Shawn Smith,KC,WR,3161656,DEN,3,5,1,0,N/R,,,0,0,,0,0,0.0,0,0,0.0,0,0,0,-,,,,,,,,,,,,,,,,,,
T.J. Vasher,DAL,WR,2252275,@NYG,13,14,1,1,N/R,,,0,0,,0,0,0.0,0,0,0.0,0,0,0,-,,,,,,,,,,,,,,,,,,
Drake Stoops,LAR,WR,2961345,SF,5,11,1,1,N/R,,,0,0,,0,0,0.0,0,0,0.0,0,0,0,-,,,,,,,,,,,,,,,,,,
Marcus Green,PHI,WR,2181212,WAS,15,10,1,1,N/R,,,0,0,,0,0,0.0,0,0,0.0,0,0,0,-,,,,,,,,,,,,,,,,,,
Shaq Roland,CHI,WR,2926785,@CAR,24,10,1,1,N/R,,,0,0,,0,0,0.0,0,0,0.0,0,0,0,-,,,,,,,,,,,,,,,,,,
JaVonta Payton,ARI,WR,3126147,@LAC,19,14,1,1,N/R,,,0,0,,0,0,0.0,0,0,0.0,0,0,0,-,,,,,,,,,,,,,,,,,,
Eli Stove,LAC,WR,2241806,ARI,11,7,1,0,N/R,,,0,0,,0,0,0.0,0,0,0.0,0,0,0,-,,,,,,,,,,,,,,,,,,
Emeka Egbuka,TB,WR,26696165,@CIN,14,10,100,89,17,,,63,0,,0,0,12.6,0,0,0.0,0,6,5,0.00,,,,,,,,,,,,,,,,,,
Levi Wentz,PIT,WR,3164057,ATL,8,9,0,0,N/R,,,0,0,,0,0,0.0,0,0,0.0,0,0,0,-,,,,,,,,,,,,,,,,,,
Zach Pascal,NYG,WR,1989197,DAL,7,8,1,1,N/R,,,0,0,,0,0,0.0,0,0,0.0,0,0,0,-,,,,,,,,,,,,,,,,,,
Henry Litwin,CHI,WR,28869012,@CAR,24,10,1,1,N/R,,,0,0,,0,0,0.0,0,0,0.0,0,0,0,-,,,,,,,,,,,,,,,,,,
Malik Flowers,LV,WR,2865446,MIA,4,13,1,1,N/R,,,0,0,,0,0,0.0,0,0,0.0,0,0,0,-,,,,,,,,,,,,,,,,,,
Reggie Davis,DAL,WR,2820499,@NYG,13,14,1,1,N/R,,,0,0,,0,0,0.0,0,0,0.0,0,0,0,-,,,,,,,,,,,,,,,,,,
Jonathan Brady,LV,WR,28901278,MIA,4,13,1,1,N/R,,,0,0,,0,0,0.0,0,0,0.0,0,0,0,-,,,,,,,,,,,,,,,,,,
Zach D'Orazio,NE,WR,2175721,@SEA,6,11,1,1,N/R,,,0,0,,0,0,0.0,0,0,0.0,0,0,0,-,,,,,,,,,,,,,,,,,,
Johnnie Dixon,DAL,WR,2131248,@NYG,13,14,1,0,N/R,,,0,0,,0,0,0.0,0,0,0.0,0,0,0,-,,,,,,,,,,,,,,,,,,
Terrill Davis,MIN,WR,50007644,GB,17,6,1,1,N/R,,,0,0,,0,0,0.0,0,0,0.0,0,0,0,-,,,,,,,,,,,,,,,,,,
Jadon Janke,GB,WR,2976448,@MIN,32,11,1,1,N/R,,,0,0,,0,0,0.0,0,0,0.0,0,0,0,-,,,,,,,,,,,,,,,,,,
Greg Dortch,BUF,WR,2223207,@HOU,27,7,1,1,N/R,,,0,0,,0,0,0.0,0,0,0.0,0,0,0,0.00,,,,,,,,,,,,,,,,,,
Tyler Davis,MIA,WR,2219915,@LV,20,6,0,0,N/R,,,0,0,,0,0,0.0,0,0,0.0,0,0,0,-,,,,,,,,,,,,,,,,,,
Beaux Collins,ATL,WR,26694592,@PIT,1,11,1,1,N/R,,,0,0,,0,0,0.0,0,0,0.0,0,0,0,-,,,,,,,,,,,,,,,,,,
De'Mornay Pierson-El,DEN,WR,2925144,@KC,2,10,1,0,N/R,,,0,0,,0,0,0.0,0,0,0.0,0,0,0,-,,,,,,,,,,,,,,,,,,
Devron Harper,MIN,WR,3121796,GB,17,6,1,1,N/R,,,0,0,,0,0,0.0,0,0,0.0,0,0,0,-,,,,,,,,,,,,,,,,,,
Trent Taylor,SF,WR,2060838,@LAR,25,8,1,0,N/R,,,0,0,,0,0,0.0,0,0,0.0,0,0,0,-,,,,,,,,,,,,,,,,,,
Tyrell Shavers,BUF,WR,2741208,@HOU,27,7,1,1,N/R,,,0,0,,0,0,0.0,0,0,0.0,0,0,0,-,,,,,,,,,,,,,,,,,,
Tyler Adams,IND,WR,2820164,BAL,12,13,1,0,N/R,,,0,0,,0,0,0.0,0,0,0.0,0,0,0,-,,,,,,,,,,,,,,,,,,
Ke'Shawn Williams,CIN,WR,3171149,TB,10,6,1,1,N/R,,,0,0,,0,0,0.0,0,0,0.0,0,0,0,-,,,,,,,,,,,,,,,,,,
Keric Wheatfall,PHI,WR,3122481,WAS,15,10,0,0,N/R,,,0,0,,0,0,0.0,0,0,0.0,0,0,0,-,,,,,,,,,,,,,,,,,,
Chris Hilton Jr.,GB,WR,26700928,@MIN,32,11,1,1,N/R,,,0,0,,0,0,0.0,0,0,0.0,0,0,0,-,,,,,,,,,,,,,,,,,,
Jamison Crowder,WAS,WR,1850749,@PHI,23,7,1,1,N/R,,,0,0,,0,0,0.0,0,0,0.0,0,0,0,-,,,,,,,,,,,,,,,,,,
Isaiah Bond,CLE,WR,28910521,@JAC,18,11,1,1,N/R,,,0,0,,0,0,0.0,0,0,0.0,0,0,0,0.00,,,,,,,,,,,,,,,,,,
Dallas Goedert,PHI,TE,2132551,WAS,27,10,97,84,7,,,77,2,,0,0,19.2,0,0,0.0,10,5,4,10.00,,,,,,,,,,,,,,,,,,
Dalton Kincaid,BUF,TE,2982991,@HOU,32,7,87,41,8,,,130,0,,0,0,26.0,0,0,0.0,5,6,5,5.00,,,,,,,,,,,,,,,,,,
Isaiah Likely,NYG,TE,2961906,DAL,29,8,95,71,2,,,78,2,,0,0,9.8,0,0,0.0,5,8,8,5.00,,,,,,,,,,,,,,,,,,
Trey McBride,ARI,TE,2963385,@LAC,28,14,100,99,1,,,95,1,,0,0,10.6,0,0,0.0,4,13,9,4.00,,,,,,,,,,,,,,,,,,
Evan Engram,DEN,TE,2079887,@KC,18,10,8,1,N/R,,,43,1,,0,0,10.8,0,0,0.0,4,5,4,4.00,,,,,,,,,,,,,,,,,,
Mike Gesicki,CIN,TE,2139298,TB,30,6,4,1,24,,,78,1,,0,0,15.6,0,0,0.0,3,7,5,3.00,,,,,,,,,,,,,,,,,,
Pat Freiermuth,PIT,TE,2961270,ATL,25,9,11,2,20,,,46,1,,0,0,9.2,0,0,0.0,3,5,5,3.00,,,,,,,,,,,,,,,,,,
Juwan Johnson,NO,TE,2186637,@DET,31,8,76,31,10,,,54,1,,0,0,18.0,0,0,0.0,3,7,3,3.00,,,,,,,,,,,,,,,,,,
Cole Kmet,CHI,TE,2868619,@CAR,12,10,2,1,N/R,,,35,1,,0,0,17.5,0,0,0.0,3,3,2,3.00,,,,,,,,,,,,,,,,,,
T.J. Hockenson,MIN,TE,2251097,GB,20,6,27,5,22,,,36,1,,0,0,9.0,0,0,0.0,3,5,4,3.00,,,,,,,,,,,,,,,,,,
Tyler Warren,IND,TE,3168800,BAL,16,13,99,82,6,,,13,1,,0,0,4.3,0,0,0.0,2,5,3,2.00,,,,,,,,,,,,,,,,,,
Noah Fant,NO,TE,2251095,@DET,31,8,1,1,N/R,,,33,1,,0,0,8.2,0,0,0.0,2,8,4,2.00,,,,,,,,,,,,,,,,,,
Brenton Strange,JAC,TE,3121696,CLE,13,7,63,14,18,,,23,1,,0,0,11.5,0,0,0.0,2,3,2,2.00,,,,,,,,,,,,,,,,,,
Tucker Kraft,GB,TE,3133332,@MIN,26,11,98,78,5,,,65,0,,0,0,21.7,0,0,0.0,2,6,3,2.00,,,,,,,,,,,,,,,,,,
Travis Kelce,KC,TE,1725130,DEN,23,5,93,50,11,,,71,0,,0,0,23.7,0,0,0.0,2,5,3,2.00,,,,,,,,,,,,,,,,,,
Kenyon Sadiq,NYJ,TE,29125433,@TEN,17,13,41,5,N/R,,,21,0,,1,3,7.0,1,0,3.0,1,3,3,1.00,,,,,,,,,,,,,,,,,,
Jonnu Smith,GB,TE,2081506,@MIN,26,11,1,1,N/R,,,50,0,,0,0,25.0,0,0,0.0,1,3,2,1.00,,,,,,,,,,,,,,,,,,
Sam LaPorta,DET,TE,3124197,NO,14,6,98,80,3,,,48,0,,0,0,9.6,0,0,0.0,1,8,5,1.00,,,,,,,,,,,,,,,,,,
Eli Raridon,NE,TE,28924611,@SEA,15,11,3,1,N/R,,,2,1,,0,0,2.0,0,0,0.0,1,1,1,1.00,,,,,,,,,,,,,,,,,,
David Njoku,LAC,TE,2136474,ARI,24,7,12,3,21,,,58,0,,0,0,11.6,0,0,0.0,1,5,5,1.00,,,,,,,,,,,,,,,,,,
Mark Andrews,BAL,TE,2131121,@IND,21,13,88,35,12,,,49,0,,0,0,12.2,0,0,0.0,1,6,4,1.00,,,,,,,,,,,,,,,,,,
Nick Eubanks,IND,TE,2260646,BAL,16,13,1,1,N/R,,,0,0,,0,0,0.0,0,0,0.0,0,0,0,-,,,,,,,,,,,,,,,,,,
Kylen Granson,TEN,TE,2247146,NYJ,3,9,1,1,N/R,,,0,0,,0,0,0.0,0,0,0.0,0,0,0,0.00,,,,,,,,,,,,,,,,,,
Tommy Tremble,CAR,TE,2969027,CHI,22,5,1,1,N/R,,,25,0,,0,0,8.3,0,0,0.0,0,5,3,0.00,,,,,,,,,,,,,,,,,,
Christian Trahan,CIN,TE,2961033,TB,30,6,1,1,N/R,,,0,0,,0,0,0.0,0,0,0.0,0,0,0,-,,,,,,,,,,,,,,,,,,
Lance Mason,PIT,TE,28936051,ATL,25,9,1,1,N/R,,,0,0,,0,0,0.0,0,0,0.0,0,0,0,-,,,,,,,,,,,,,,,,,,
Dalton Schultz,HOU,TE,2136748,BUF,19,8,51,10,14,,,35,0,,0,0,8.8,0,0,0.0,0,8,4,0.00,,,,,,,,,,,,,,,,,,
Jordan Murray,CHI,TE,2963239,@CAR,12,10,0,0,N/R,,,0,0,,0,0,0.0,0,0,0.0,0,0,0,-,,,,,,,,,,,,,,,,,,
Naz Bohannon,JAC,TE,2893513,CLE,13,7,1,0,N/R,,,0,0,,0,0,0.0,0,0,0.0,0,0,0,-,,,,,,,,,,,,,,,,,,
Oronde Gadsden II,LAC,TE,26727374,ARI,24,7,13,2,N/R,,,32,0,,0,0,16.0,0,0,0.0,0,2,2,0.00,,,,,,,,,,,,,,,,,,
Jordan Akins,JAC,TE,2142712,CLE,13,7,1,1,N/R,,,0,0,,0,0,0.0,0,0,0.0,0,0,0,-,,,,,,,,,,,,,,,,,,
Princeton Fant,DAL,TE,2865409,@NYG,6,14,1,1,N/R,,,0,0,,0,0,0.0,0,0,0.0,0,0,0,-,,,,,,,,,,,,,,,,,,
Peyton Hendershot,KC,TE,2867545,DEN,23,5,1,1,N/R,,,0,0,,0,0,0.0,0,0,0.0,0,0,0,-,,,,,,,,,,,,,,,,,,
Kole Taylor,CIN,TE,3163049,TB,30,6,1,1,N/R,,,0,0,,0,0,0.0,0,0,0.0,0,0,0,-,,,,,,,,,,,,,,,,,,
Tre' McKitty,WAS,TE,2804040,@PHI,8,7,1,1,N/R,,,0,0,,0,0,0.0,0,0,0.0,0,0,0,-,,,,,,,,,,,,,,,,,,
Colson Yankoff,WAS,TE,2961827,@PHI,8,7,1,1,N/R,,,0,0,,0,0,0.0,0,0,0.0,0,0,0,0.00,,,,,,,,,,,,,,,,,,
Eric Saubert,SEA,TE,2001018,NE,1,11,1,1,N/R,,,0,0,,0,0,0.0,0,0,0.0,0,0,0,0.00,,,,,,,,,,,,,,,,,,
C.J. Conrad,NYG,TE,2180481,DAL,29,8,1,1,N/R,,,0,0,,0,0,0.0,0,0,0.0,0,0,0,-,,,,,,,,,,,,,,,,,,
Noah Gray,KC,TE,2866903,DEN,23,5,1,1,N/R,,,5,0,,0,0,5.0,0,0,0.0,0,1,1,0.00,,,,,,,,,,,,,,,,,,
Luke Lachey,GB,TE,3163014,@MIN,26,11,1,0,N/R,,,0,0,,0,0,0.0,0,0,0.0,0,0,0,-,,,,,,,,,,,,,,,,,,
Lake McRee,PIT,TE,26697547,ATL,25,9,1,0,N/R,,,0,0,,0,0,0.0,0,0,0.0,0,0,0,-,,,,,,,,,,,,,,,,,,
Bryce Pierre,CAR,TE,28877722,CHI,22,5,1,1,N/R,,,0,0,,0,0,0.0,0,0,0.0,0,0,0,-,,,,,,,,,,,,,,,,,,
Drake Dabney,GB,TE,3168310,@MIN,26,11,1,1,N/R,,,0,0,,0,0,0.0,0,0,0.0,0,0,0,-,,,,,,,,,,,,,,,,,,
Ben Johnson,LAC,TE,395994,ARI,24,7,1,1,N/R,,,0,0,,0,0,0.0,0,0,0.0,0,0,0,-,,,,,,,,,,,,,,,,,,
Teagan Quitoriano,ARI,TE,2965963,@LAC,28,14,1,1,N/R,,,0,0,,0,0,0.0,0,0,0.0,0,0,0,-,,,,,,,,,,,,,,,,,,
Michael Mayer,LV,TE,3171673,MIA,5,13,34,22,9,,,32,0,,0,0,5.3,0,0,0.0,0,7,6,0.00,,,,,,,,,,,,,,,,,,
Anthony Firkser,DET,TE,2818971,NO,14,6,1,1,N/R,,,0,0,,0,0,0.0,0,0,0.0,0,0,0,-,,,,,,,,,,,,,,,,,,
Jake Burt,NE,TE,3159209,@SEA,15,11,1,1,N/R,,,0,0,,0,0,0.0,0,0,0.0,0,0,0,-,,,,,,,,,,,,,,,,,,
Brevin Jordan,HOU,TE,2964787,BUF,19,8,1,1,N/R,,,0,0,,0,0,0.0,0,0,0.0,0,0,0,-,,,,,,,,,,,,,,,,,,
Stephen Carlson,CHI,TE,3116783,@CAR,12,10,1,1,N/R,,,0,0,,0,0,0.0,0,0,0.0,0,0,0,-,,,,,,,,,,,,,,,,,,
Zach Davidson,NYG,TE,26653246,DAL,29,8,1,0,N/R,,,0,0,,0,0,0.0,0,0,0.0,0,0,0,-,,,,,,,,,,,,,,,,,,
Dominique Dafney,CAR,TE,3172375,CHI,22,5,0,0,N/R,,,0,0,,0,0,0.0,0,0,0.0,0,0,0,-,,,,,,,,,,,,,,,,,,
Jake Ferguson,DAL,TE,2867159,@NYG,6,14,83,32,23,,,6,0,,0,0,3.0,0,0,0.0,0,2,2,0.00,,,,,,,,,,,,,,,,,,
Andrew Vollert,IND,TE,2161771,BAL,16,13,1,0,N/R,,,0,0,,0,0,0.0,0,0,0.0,0,0,0,-,,,,,,,,,,,,,,,,,,
Layne Pryor,HOU,TE,26729515,BUF,19,8,1,0,N/R,,,0,0,,0,0,0.0,0,0,0.0,0,0,0,-,,,,,,,,,,,,,,,,,,
CJ Dippre,TB,TE,26698858,@CIN,4,10,1,0,N/R,,,0,0,,0,0,0.0,0,0,0.0,0,0,0,-,,,,,,,,,,,,,,,,,,
David Martin-Robinson,TEN,TE,2962690,NYJ,3,9,1,0,N/R,,,0,0,,0,0,0.0,0,0,0.0,0,0,0,0.00,,,,,,,,,,,,,,,,,,
Jake Tonges,SF,TE,2870660,@LAR,11,8,3,1,N/R,,,0,0,,0,0,0.0,0,0,0.0,0,0,0,0.00,,,,,,,,,,,,,,,,,,
Jelani Woods,NYJ,TE,2787078,@TEN,17,13,1,1,N/R,,,0,0,,0,0,0.0,0,0,0.0,0,0,0,0.00,,,,,,,,,,,,,,,,,,
Kalif Jackson,MIA,TE,2180433,@LV,9,6,0,0,N/R,,,0,0,,0,0,0.0,0,0,0.0,0,0,0,-,,,,,,,,,,,,,,,,,,
McCallan Castles,GB,TE,2964061,@MIN,26,11,1,1,N/R,,,0,0,,0,0,0.0,0,0,0.0,0,0,0,-,,,,,,,,,,,,,,,,,,
Kyle Pitts,ATL,TE,2964514,@PIT,7,11,97,72,13,,,0,0,,0,0,0.0,0,0,0.0,0,1,0,0.00,,,,,,,,,,,,,,,,,,
Grayson Gunter,JAC,TE,2247058,CLE,13,7,1,0,N/R,,,0,0,,0,0,0.0,0,0,0.0,0,0,0,-,,,,,,,,,,,,,,,,,,
Isaiah Searight,NYG,TE,2182104,DAL,29,8,1,0,N/R,,,0,0,,0,0,0.0,0,0,0.0,0,0,0,-,,,,,,,,,,,,,,,,,,
C.J. Uzomah,PHI,TE,2174118,WAS,27,10,1,1,N/R,,,0,0,,0,0,0.0,0,0,0.0,0,0,0,-,,,,,,,,,,,,,,,,,,
Scott Orndoff,PHI,TE,2060508,WAS,27,10,1,1,N/R,,,0,0,,0,0,0.0,0,0,0.0,0,0,0,-,,,,,,,,,,,,,,,,,,
Johnny Pascuzzi,LAC,TE,26699834,ARI,24,7,1,1,N/R,,,0,0,,0,0,0.0,0,0,0.0,0,0,0,-,,,,,,,,,,,,,,,,,,
Devin Culp,TB,TE,2967413,@CIN,4,10,1,1,N/R,,,0,0,,0,0,0.0,0,0,0.0,0,0,0,-,,,,,,,,,,,,,,,,,,
Grant Calcaterra,PHI,TE,2804129,WAS,27,10,1,1,N/R,,,0,0,,0,0,0.0,0,0,0.0,0,0,0,-,,,,,,,,,,,,,,,,,,
Ty Pezza,BAL,TE,28925533,@IND,21,13,1,1,N/R,,,0,0,,0,0,0.0,0,0,0.0,0,0,0,-,,,,,,,,,,,,,,,,,,
Max Bredeson,MIN,TE,26727130,GB,20,6,1,1,N/R,,,0,0,,0,0,0.0,0,0,0.0,0,0,0,0.00,,,,,,,,,,,,,,,,,,
Dawson Knox,BUF,TE,2186345,@HOU,32,7,2,1,N/R,,,7,0,,0,0,7.0,0,0,0.0,0,1,1,0.00,,,,,,,,,,,,,,,,,,
Austin Stogner,ATL,TE,3121976,@PIT,7,11,1,1,N/R,,,0,0,,0,0,0.0,0,0,0.0,0,0,0,-,,,,,,,,,,,,,,,,,,
Kehinde Oginni,ATL,TE,28867199,@PIT,7,11,1,1,N/R,,,0,0,,0,0,0.0,0,0,0.0,0,0,0,-,,,,,,,,,,,,,,,,,,
Cam Sutton,SEA,TE,2968097,NE,1,11,1,1,N/R,,,0,0,,0,0,0.0,0,0,0.0,0,0,0,-,,,,,,,,,,,,,,,,,,
Sam Roush,CHI,TE,28877184,@CAR,12,10,1,1,N/R,,,0,0,,0,0,0.0,0,0,0.0,0,0,0,0.00,,,,,,,,,,,,,,,,,,
Gunnar Helm,TEN,TE,26696189,NYJ,3,9,5,1,N/R,,,28,0,,0,0,7.0,0,0,0.0,0,5,4,0.00,,,,,,,,,,,,,,,,,,
Josh Babicz,GB,TE,2869854,@MIN,26,11,0,0,N/R,,,0,0,,0,0,0.0,0,0,0.0,0,0,0,-,,,,,,,,,,,,,,,,,,
Jibri Blount,MIA,TE,2202419,@LV,9,6,1,1,N/R,,,0,0,,0,0,0.0,0,0,0.0,0,0,0,-,,,,,,,,,,,,,,,,,,
Feleipe Franks,CAR,TE,2221829,CHI,22,5,1,1,N/R,,,0,0,,0,0,0.0,0,0,0.0,0,0,0,0.00,,,,,,,,,,,,,,,,,,
Erik Krommenhoek,LAC,TE,2868233,ARI,24,7,1,1,N/R,,,0,0,,0,0,0.0,0,0,0.0,0,0,0,-,,,,,,,,,,,,,,,,,,
Sal Cannella,CLE,TE,2804541,@JAC,2,11,1,0,N/R,,,0,0,,0,0,0.0,0,0,0.0,0,0,0,-,,,,,,,,,,,,,,,,,,
Cheyenne O'Grady,CIN,TE,2185503,TB,30,6,1,1,N/R,,,0,0,,0,0,0.0,0,0,0.0,0,0,0,-,,,,,,,,,,,,,,,,,,
Daniel Bellinger,TEN,TE,2963615,NYJ,3,9,1,1,N/R,,,7,0,,0,0,7.0,0,0,0.0,0,1,1,0.00,,,,,,,,,,,,,,,,,,
Zach Horton,DET,TE,26698603,NO,14,6,1,1,N/R,,,0,0,,0,0,0.0,0,0,0.0,0,0,0,-,,,,,,,,,,,,,,,,,,
Brock Wright,DET,TE,2807423,NO,14,6,1,1,N/R,,,5,0,,0,0,5.0,0,0,0.0,0,1,1,0.00,,,,,,,,,,,,,,,,,,
Leonard Taylor,JAC,TE,2966865,CLE,13,7,1,1,N/R,,,0,0,,0,0,0.0,0,0,0.0,0,0,0,-,,,,,,,,,,,,,,,,,,
Jerome Washington,ARI,TE,2179406,@LAC,28,14,1,1,N/R,,,0,0,,0,0,0.0,0,0,0.0,0,0,0,-,,,,,,,,,,,,,,,,,,
Hunter Thedford,CLE,TE,2180777,@JAC,2,11,0,0,N/R,,,0,0,,0,0,0.0,0,0,0.0,0,0,0,-,,,,,,,,,,,,,,,,,,
Thomas Yassmin,GB,TE,2966406,@MIN,26,11,1,1,N/R,,,0,0,,0,0,0.0,0,0,0.0,0,0,0,-,,,,,,,,,,,,,,,,,,
Nick Muse,ATL,TE,2818056,@PIT,7,11,1,1,N/R,,,0,0,,0,0,0.0,0,0,0.0,0,0,0,0.00,,,,,,,,,,,,,,,,,,
Dylan Leonard,DEN,TE,3127183,@KC,18,10,1,0,N/R,,,0,0,,0,0,0.0,0,0,0.0,0,0,0,-,,,,,,,,,,,,,,,,,,
AJ Barner,SEA,TE,3169283,NE,1,11,27,4,N/R,,,13,0,,0,0,6.5,0,0,0.0,0,2,2,0.00,,,,,,,,,,,,,,,,,,
Justin Rigg,TEN,TE,2245145,NYJ,3,9,1,1,N/R,,,0,0,,0,0,0.0,0,0,0.0,0,0,0,-,,,,,,,,,,,,,,,,,,
Garrett Walston,SF,TE,2239574,@LAR,11,8,1,1,N/R,,,0,0,,0,0,0.0,0,0,0.0,0,0,0,-,,,,,,,,,,,,,,,,,,
Tyree Jackson,WAS,TE,2184377,@PHI,8,7,1,0,N/R,,,0,0,,0,0,0.0,0,0,0.0,0,0,0,-,,,,,,,,,,,,,,,,,,
Patrick Herbert,LAC,TE,3121535,ARI,24,7,1,0,N/R,,,0,0,,0,0,0.0,0,0,0.0,0,0,0,-,,,,,,,,,,,,,,,,,,
Cameron Latu,NE,TE,2964535,@SEA,15,11,1,1,N/R,,,0,0,,0,0,0.0,0,0,0.0,0,0,0,0.00,,,,,,,,,,,,,,,,,,
Drew Biber,CLE,TE,26727217,@JAC,2,11,1,1,N/R,,,0,0,,0,0,0.0,0,0,0.0,0,0,0,-,,,,,,,,,,,,,,,,,,
Elijah Arroyo,SEA,TE,26700496,NE,1,11,2,1,N/R,,,0,0,,0,0,0.0,0,0,0.0,0,0,0,0.00,,,,,,,,,,,,,,,,,,
Damien Caffrey,CHI,TE,3138466,@CAR,12,10,1,1,N/R,,,0,0,,0,0,0.0,0,0,0.0,0,0,0,-,,,,,,,,,,,,,,,,,,
Eli Stowers,PHI,TE,26696120,WAS,27,10,5,1,N/R,,,0,0,,0,0,0.0,0,0,0.0,0,0,0,-,,,,,,,,,,,,,,,,,,
Jack Westover,WAS,TE,2964293,@PHI,8,7,1,1,N/R,,,0,0,,0,0,0.0,0,0,0.0,0,0,0,-,,,,,,,,,,,,,,,,,,
Daniel Crawford,GB,TE,2188929,@MIN,26,11,0,0,N/R,,,0,0,,0,0,0.0,0,0,0.0,0,0,0,-,,,,,,,,,,,,,,,,,,
Kenny Fletcher Jr.,IND,TE,28873912,BAL,16,13,1,1,N/R,,,0,0,,0,0,0.0,0,0,0.0,0,0,0,-,,,,,,,,,,,,,,,,,,
Gavin Bartholomew,MIN,TE,26702972,GB,20,6,1,1,N/R,,,0,0,,0,0,0.0,0,0,0.0,0,0,0,0.00,,,,,,,,,,,,,,,,,,
Miles Kitselman,DET,TE,28912020,NO,14,6,1,1,N/R,,,0,0,,0,0,0.0,0,0,0.0,0,0,0,-,,,,,,,,,,,,,,,,,,
Louis Hansen,HOU,TE,26727305,BUF,19,8,1,1,N/R,,,0,0,,0,0,0.0,0,0,0.0,0,0,0,-,,,,,,,,,,,,,,,,,,
JJ Howland,TB,TE,2864966,@CIN,4,10,1,1,N/R,,,0,0,,0,0,0.0,0,0,0.0,0,0,0,-,,,,,,,,,,,,,,,,,,
Shawn Bowman,ARI,TE,2962851,@LAC,28,14,1,1,N/R,,,0,0,,0,0,0.0,0,0,0.0,0,0,0,-,,,,,,,,,,,,,,,,,,
Dylan Parham,DEN,TE,2223195,@KC,18,10,1,1,N/R,,,0,0,,0,0,0.0,0,0,0.0,0,0,0,-,,,,,,,,,,,,,,,,,,
Chamon Metayer,CAR,TE,26693575,CHI,22,5,1,1,N/R,,,0,0,,0,0,0.0,0,0,0.0,0,0,0,-,,,,,,,,,,,,,,,,,,
Chris Pierce Jr.,CAR,TE,2835008,CHI,22,5,1,1,N/R,,,0,0,,0,0,0.0,0,0,0.0,0,0,0,-,,,,,,,,,,,,,,,,,,
Marlin Klein,HOU,TE,28927889,BUF,19,8,2,1,N/R,,,16,0,,0,0,16.0,0,0,0.0,0,1,1,0.00,,,,,,,,,,,,,,,,,,
Derrick Deese Jr.,DET,TE,2969083,NO,14,6,0,0,N/R,,,0,0,,0,0,0.0,0,0,0.0,0,0,0,-,,,,,,,,,,,,,,,,,,
Foster Moreau,HOU,TE,2180634,BUF,19,8,1,1,N/R,,,15,0,,0,0,7.5,0,0,0.0,0,2,2,0.00,,,,,,,,,,,,,,,,,,
E.J. Jenkins,PHI,TE,2820917,WAS,27,10,1,1,N/R,,,0,0,,0,0,0.0,0,0,0.0,0,0,0,0.00,,,,,,,,,,,,,,,,,,
Jack Endries,CIN,TE,28916552,TB,30,6,1,1,N/R,,,0,0,,0,0,0.0,0,0,0.0,0,0,0,-,,,,,,,,,,,,,,,,,,
Brevyn Spann-Ford,DAL,TE,2961760,@NYG,6,14,1,1,N/R,,,14,0,,0,0,7.0,0,0,0.0,0,2,2,0.00,,,,,,,,,,,,,,,,,,
Dax Raymond,PIT,TE,2189163,ATL,25,9,1,1,N/R,,,0,0,,0,0,0.0,0,0,0.0,0,0,0,-,,,,,,,,,,,,,,,,,,
Noah Gindorff,PIT,TE,2869790,ATL,25,9,1,1,N/R,,,0,0,,0,0,0.0,0,0,0.0,0,0,0,-,,,,,,,,,,,,,,,,,,
Jay Rome,PIT,TE,1877289,ATL,25,9,0,0,N/R,,,0,0,,0,0,0.0,0,0,0.0,0,0,0,-,,,,,,,,,,,,,,,,,,
George Kittle,SF,TE,2818265,@LAR,11,8,98,57,16,,,12,0,,0,0,6.0,0,0,0.0,0,5,2,0.00,,,,,,,,,,,,,,,,,,
Tyler Neville,DAL,TE,3164475,@NYG,6,14,1,0,N/R,,,0,0,,0,0,0.0,0,0,0.0,0,0,0,-,,,,,,,,,,,,,,,,,,
Adam Trautman,DEN,TE,2182228,@KC,18,10,1,1,N/R,,,10,0,,0,0,5.0,0,0,0.0,0,3,2,0.00,,,,,,,,,,,,,,,,,,
Heinrich Haarberg,CAR,TE,26701120,CHI,22,5,1,1,N/R,,,0,0,,0,0,0.0,0,0,0.0,0,0,0,-,,,,,,,,,,,,,,,,,,
Graham Adomitis,IND,TE,2184656,BAL,16,13,1,0,N/R,,,0,0,,0,0,0.0,0,0,0.0,0,0,0,-,,,,,,,,,,,,,,,,,,
Ko Kieft,TB,TE,2239763,@CIN,4,10,1,1,N/R,,,0,0,,0,0,0.0,0,0,0.0,0,0,0,0.00,,,,,,,,,,,,,,,,,,
Tanner Conner,NYG,TE,2260697,DAL,29,8,1,1,N/R,,,0,0,,0,0,0.0,0,0,0.0,0,0,0,-,,,,,,,,,,,,,,,,,,
Giovanni Ricci,DET,TE,2189091,NO,14,6,1,1,N/R,,,0,0,,0,0,0.0,0,0,0.0,0,0,0,-,,,,,,,,,,,,,,,,,,
Caden Prieskorn,CAR,TE,3162059,CHI,22,5,1,1,N/R,,,0,0,,0,0,0.0,0,0,0.0,0,0,0,-,,,,,,,,,,,,,,,,,,
Oscar Delp,NO,TE,28873644,@DET,31,8,2,1,N/R,,,0,0,,0,0,0.0,0,0,0.0,0,0,0,-,,,,,,,,,,,,,,,,,,
Jared Wiley,KC,TE,3123819,DEN,23,5,1,1,N/R,,,0,0,,0,0,0.0,0,0,0.0,0,0,0,-,,,,,,,,,,,,,,,,,,
Harrison Bryant,SEA,TE,2241240,NE,1,11,1,1,N/R,,,0,0,,0,0,0.0,0,0,0.0,0,0,0,-,,,,,,,,,,,,,,,,,,
Tyler Conklin,DET,TE,2165249,NO,14,6,1,1,N/R,,,0,0,,0,0,0.0,0,0,0.0,0,0,0,0.00,,,,,,,,,,,,,,,,,,
Dan Villari,LAR,TE,3169258,SF,10,11,1,1,N/R,,,0,0,,0,0,0.0,0,0,0.0,0,0,0,-,,,,,,,,,,,,,,,,,,
Ian Thomas,LV,TE,2253359,MIA,5,13,1,1,N/R,,,0,0,,0,0,0.0,0,0,0.0,0,0,0,0.00,,,,,,,,,,,,,,,,,,
Blake Whiteheart,CLE,TE,2964419,@JAC,2,11,1,1,N/R,,,14,0,,0,0,14.0,0,0,0.0,0,1,1,0.00,,,,,,,,,,,,,,,,,,
Keith Towbridge,WAS,TE,2819975,@PHI,8,7,1,1,N/R,,,0,0,,0,0,0.0,0,0,0.0,0,0,0,-,,,,,,,,,,,,,,,,,,
DJ Thomas-Jones,PIT,TE,3168777,ATL,25,9,1,1,N/R,,,0,0,,0,0,0.0,0,0,0.0,0,0,0,-,,,,,,,,,,,,,,,,,,
Elijah Higgins,ARI,TE,3122914,@LAC,28,14,1,1,N/R,,,0,0,,0,0,0.0,0,0,0.0,0,0,0,0.00,,,,,,,,,,,,,,,,,,
Pharaoh Brown,IND,TE,2819155,BAL,16,13,1,1,N/R,,,0,0,,0,0,0.0,0,0,0.0,0,0,0,-,,,,,,,,,,,,,,,,,,
Jody Fortson,KC,TE,3117124,DEN,23,5,1,0,N/R,,,0,0,,0,0,0.0,0,0,0.0,0,0,0,-,,,,,,,,,,,,,,,,,,
Darren Waller,CAR,TE,1850793,CHI,22,5,10,2,N/R,,,28,0,,0,0,14.0,0,0,0.0,0,2,2,0.00,,,,,,,,,,,,,,,,,,
Neal Johnson,NYJ,TE,3131532,@TEN,17,13,1,1,N/R,,,0,0,,0,0,0.0,0,0,0.0,0,0,0,-,,,,,,,,,,,,,,,,,,
Moliki Matavao,NO,TE,26693980,@DET,31,8,1,1,N/R,,,0,0,,0,0,0.0,0,0,0.0,0,0,0,-,,,,,,,,,,,,,,,,,,
Ben Sims,MIA,TE,2964709,@LV,9,6,1,1,N/R,,,0,0,,0,0,0.0,0,0,0.0,0,0,0,-,,,,,,,,,,,,,,,,,,
Treyton Welch,NO,TE,3123913,@DET,31,8,1,0,N/R,,,0,0,,0,0,0.0,0,0,0.0,0,0,0,0.00,,,,,,,,,,,,,,,,,,
Tucker Fisk,LAC,TE,2866766,ARI,24,7,1,1,N/R,,,0,0,,0,0,0.0,0,0,0.0,0,0,0,-,,,,,,,,,,,,,,,,,,
Brenden Bates,CLE,TE,2963924,@JAC,2,11,1,1,N/R,,,0,0,,0,0,0.0,0,0,0.0,0,0,0,-,,,,,,,,,,,,,,,,,,
Matt Seybert,LAC,TE,2184386,ARI,24,7,1,0,N/R,,,0,0,,0,0,0.0,0,0,0.0,0,0,0,-,,,,,,,,,,,,,,,,,,
Zack Kuntz,DAL,TE,2963243,@NYG,6,14,1,1,N/R,,,0,0,,0,0,0.0,0,0,0.0,0,0,0,-,,,,,,,,,,,,,,,,,,
Nick Vannett,SEA,TE,1871322,NE,1,11,1,1,N/R,,,0,0,,0,0,0.0,0,0,0.0,0,0,0,-,,,,,,,,,,,,,,,,,,
Tip Reiman,ARI,TE,3169268,@LAC,28,14,1,1,N/R,,,0,0,,0,0,0.0,0,0,0.0,0,0,0,-,,,,,,,,,,,,,,,,,,
Nick Kallerup,SEA,TE,3123192,NE,1,11,0,0,N/R,,,0,0,,0,0,0.0,0,0,0.0,0,0,0,-,,,,,,,,,,,,,,,,,,
Colston Loveland,CHI,TE,28874696,@CAR,12,10,100,93,4,,,0,0,,0,0,0.0,0,0,0.0,0,2,0,0.00,,,,,,,,,,,,,,,,,,
Cole Fotheringham,NE,TE,2240503,@SEA,15,11,1,1,N/R,,,0,0,,0,0,0.0,0,0,0.0,0,0,0,-,,,,,,,,,,,,,,,,,,
JJ Galbreath,IND,TE,26719274,BAL,16,13,1,0,N/R,,,0,0,,0,0,0.0,0,0,0.0,0,0,0,-,,,,,,,,,,,,,,,,,,
James Mitchell,DAL,TE,2963242,@NYG,6,14,1,1,N/R,,,0,0,,0,0,0.0,0,0,0.0,0,0,0,-,,,,,,,,,,,,,,,,,,
Zach Ertz,WAS,TE,1685963,@PHI,8,7,1,1,N/R,,,0,0,,0,0,0.0,0,0,0.0,0,0,0,-,,,,,,,,,,,,,,,,,,
Donald Parham Jr.,PIT,TE,2183713,ATL,25,9,1,1,N/R,,,0,0,,0,0,0.0,0,0,0.0,0,0,0,-,,,,,,,,,,,,,,,,,,
Ethan Conner,MIA,TE,29121831,@LV,9,6,1,1,N/R,,,0,0,,0,0,0.0,0,0,0.0,0,0,0,-,,,,,,,,,,,,,,,,,,
Josh Cuevas,BAL,TE,26706410,@IND,21,13,1,1,N/R,,,0,0,,0,0,0.0,0,0,0.0,0,0,0,0.00,,,,,,,,,,,,,,,,,,
Mitchell Evans,CAR,TE,26693662,CHI,22,5,1,1,N/R,,,9,0,,0,0,9.0,0,0,0.0,0,2,1,0.00,,,,,,,,,,,,,,,,,,
Alize Mack,TEN,TE,2186666,NYJ,3,9,1,0,N/R,,,0,0,,0,0,0.0,0,0,0.0,0,0,0,-,,,,,,,,,,,,,,,,,,
Mark Vital,KC,TE,2354807,DEN,23,5,1,1,N/R,,,0,0,,0,0,0.0,0,0,0.0,0,0,0,-,,,,,,,,,,,,,,,,,,
Jared Scott,IND,TE,2866491,BAL,16,13,1,0,N/R,,,0,0,,0,0,0.0,0,0,0.0,0,0,0,-,,,,,,,,,,,,,,,,,,
Cole Herdman,TEN,TE,2136567,NYJ,3,9,1,1,N/R,,,0,0,,0,0,0.0,0,0,0.0,0,0,0,-,,,,,,,,,,,,,,,,,,
Quintin Morris,JAC,TE,2864581,CLE,13,7,1,1,N/R,,,0,0,,0,0,0.0,0,0,0.0,0,1,0,0.00,,,,,,,,,,,,,,,,,,
Harold Fannin Jr.,CLE,TE,28900882,@JAC,2,11,97,78,15,,,21,0,,0,0,10.5,0,0,0.0,0,3,2,0.00,,,,,,,,,,,,,,,,,,
Charlie Kolar,LAC,TE,2866273,ARI,24,7,1,1,N/R,,,0,0,,0,0,0.0,0,0,0.0,0,0,0,0.00,,,,,,,,,,,,,,,,,,
Tanner Hudson,CIN,TE,2926606,TB,30,6,1,1,N/R,,,4,0,,0,0,4.0,0,0,0.0,0,1,1,0.00,,,,,,,,,,,,,,,,,,
Dalton Keene,HOU,TE,2805113,BUF,19,8,1,1,N/R,,,0,0,,0,0,0.0,0,0,0.0,0,0,0,-,,,,,,,,,,,,,,,,,,
Luke Deal,DET,TE,3122054,NO,14,6,1,1,N/R,,,0,0,,0,0,0.0,0,0,0.0,0,0,0,-,,,,,,,,,,,,,,,,,,
John Michael Gyllenborg,KC,TE,26695610,DEN,23,5,1,1,N/R,,,0,0,,0,0,0.0,0,0,0.0,0,0,0,-,,,,,,,,,,,,,,,,,,
Caleb Lohner,DEN,TE,3177905,@KC,18,10,1,1,N/R,,,0,0,,0,0,0.0,0,0,0.0,0,0,0,-,,,,,,,,,,,,,,,,,,
Johnny Lumpkin,GB,TE,2963046,@MIN,26,11,0,0,N/R,,,0,0,,0,0,0.0,0,0,0.0,0,0,0,-,,,,,,,,,,,,,,,,,,
Chris Myarick,LV,TE,3117054,MIA,5,13,1,1,N/R,,,0,0,,0,0,0.0,0,0,0.0,0,0,0,0.00,,,,,,,,,,,,,,,,,,
Ben Sinnott,WAS,TE,3168647,@PHI,8,7,1,1,N/R,,,0,0,,0,0,0.0,0,0,0.0,0,0,0,0.00,,,,,,,,,,,,,,,,,,
Armani Rogers,BUF,TE,2258253,@HOU,32,7,1,1,N/R,,,0,0,,0,0,0.0,0,0,0.0,0,0,0,-,,,,,,,,,,,,,,,,,,
Bauer Sharp,TB,TE,26730919,@CIN,4,10,1,1,N/R,,,0,0,,0,0,0.0,0,0,0.0,0,0,0,0.00,,,,,,,,,,,,,,,,,,
Ja'Tavion Sanders,CAR,TE,26731381,CHI,22,5,1,1,N/R,,,0,0,,0,0,0.0,0,0,0.0,0,0,0,-,,,,,,,,,,,,,,,,,,
Tyler Moore,IND,TE,26695106,BAL,16,13,1,1,N/R,,,0,0,,0,0,0.0,0,0,0.0,0,0,0,-,,,,,,,,,,,,,,,,,,
Carson Towt,IND,TE,3158076,BAL,16,13,1,1,N/R,,,0,0,,0,0,0.0,0,0,0.0,0,0,0,-,,,,,,,,,,,,,,,,,,
Joe Royer,CLE,TE,3169621,@JAC,2,11,1,1,N/R,,,0,0,,0,0,0.0,0,0,0.0,0,0,0,-,,,,,,,,,,,,,,,,,,
Julian Hill,NE,TE,2961743,@SEA,15,11,1,1,N/R,,,0,0,,0,0,0.0,0,0,0.0,0,0,0,-,,,,,,,,,,,,,,,,,,
Mason Pline,KC,TE,29176455,DEN,23,5,1,1,N/R,,,0,0,,0,0,0.0,0,0,0.0,0,0,0,-,,,,,,,,,,,,,,,,,,
Austin Allen,GB,TE,2804325,@MIN,26,11,1,1,N/R,,,0,0,,0,0,0.0,0,0,0.0,0,0,0,-,,,,,,,,,,,,,,,,,,
Mark Redman,GB,TE,3162063,@MIN,26,11,1,1,N/R,,,0,0,,0,0,0.0,0,0,0.0,0,0,0,0.00,,,,,,,,,,,,,,,,,,
Will Mallory,IND,TE,2962073,BAL,16,13,1,1,N/R,,,0,0,,0,0,0.0,0,0,0.0,0,0,0,-,,,,,,,,,,,,,,,,,,
Brayden Lenius,ATL,TE,28867632,@PIT,7,11,1,1,N/R,,,0,0,,0,0,0.0,0,0,0.0,0,0,0,-,,,,,,,,,,,,,,,,,,
Theo Johnson,NYG,TE,3162129,DAL,29,8,2,1,N/R,,,9,0,,0,0,9.0,0,0,0.0,0,1,1,0.00,,,,,,,,,,,,,,,,,,
Jackson Hawes,BUF,TE,3135324,@HOU,32,7,1,1,N/R,,,0,0,,0,0,0.0,0,0,0.0,0,0,0,0.00,,,,,,,,,,,,,,,,,,
Christian Scotland-Williamson,PIT,TE,2926331,ATL,25,9,1,1,N/R,,,0,0,,0,0,0.0,0,0,0.0,0,0,0,-,,,,,,,,,,,,,,,,,,
Matthew Hibner,BAL,TE,3169490,@IND,21,13,1,1,N/R,,,13,0,,0,0,13.0,0,0,0.0,0,1,1,0.00,,,,,,,,,,,,,,,,,,
Michael Ezeike,SEA,TE,2966873,NE,1,11,0,0,N/R,,,0,0,,0,0,0.0,0,0,0.0,0,0,0,-,,,,,,,,,,,,,,,,,,
Chase Harrell,SF,TE,2179546,@LAR,11,8,1,0,N/R,,,0,0,,0,0,0.0,0,0,0.0,0,0,0,-,,,,,,,,,,,,,,,,,,
Cade Stover,HOU,TE,3125978,BUF,19,8,1,1,N/R,,,-2,0,,0,0,-2.0,0,0,0.0,0,1,1,0.00,,,,,,,,,,,,,,,,,,
Albert Okwuegbunam,LV,TE,2245117,MIA,5,13,1,1,N/R,,,0,0,,0,0,0.0,0,0,0.0,0,0,0,-,,,,,,,,,,,,,,,,,,
Anthony Norris,DEN,TE,1906458,@KC,18,10,1,0,N/R,,,0,0,,0,0,0.0,0,0,0.0,0,0,0,-,,,,,,,,,,,,,,,,,,
Keenen Brown,HOU,TE,2139241,BUF,19,8,1,1,N/R,,,0,0,,0,0,0.0,0,0,0.0,0,0,0,-,,,,,,,,,,,,,,,,,,
Geoff Swaim,CLE,TE,2174207,@JAC,2,11,1,0,N/R,,,0,0,,0,0,0.0,0,0,0.0,0,0,0,-,,,,,,,,,,,,,,,,,,
Patrick Gurd,LV,TE,3169599,MIA,5,13,1,1,N/R,,,0,0,,0,0,0.0,0,0,0.0,0,0,0,-,,,,,,,,,,,,,,,,,,
Thaddeus Moss,CIN,TE,2246946,TB,30,6,1,1,N/R,,,0,0,,0,0,0.0,0,0,0.0,0,0,0,-,,,,,,,,,,,,,,,,,,
Dallen Bentley,DEN,TE,29164633,@KC,18,10,1,1,N/R,,,0,0,,0,0,0.0,0,0,0.0,0,0,0,-,,,,,,,,,,,,,,,,,,
RJ Maryland,GB,TE,28915341,@MIN,26,11,1,1,N/R,,,0,0,,0,0,0.0,0,0,0.0,0,0,0,-,,,,,,,,,,,,,,,,,,
Connor Davis,CLE,TE,3170411,@JAC,2,11,1,1,N/R,,,0,0,,0,0,0.0,0,0,0.0,0,0,0,-,,,,,,,,,,,,,,,,,,
Tanner McLachlan,SF,TE,2980252,@LAR,11,8,1,1,N/R,,,0,0,,0,0,0.0,0,0,0.0,0,0,0,-,,,,,,,,,,,,,,,,,,
Jermaine Terry II,CLE,TE,26700676,@JAC,2,11,1,0,N/R,,,0,0,,0,0,0.0,0,0,0.0,0,0,0,-,,,,,,,,,,,,,,,,,,
Alex Gray,ATL,TE,2828649,@PIT,7,11,1,1,N/R,,,0,0,,0,0,0.0,0,0,0.0,0,0,0,-,,,,,,,,,,,,,,,,,,
Joel Wilson,TEN,TE,2962072,NYJ,3,9,1,1,N/R,,,0,0,,0,0,0.0,0,0,0.0,0,0,0,-,,,,,,,,,,,,,,,,,,
Joshua Simon,ATL,TE,3123950,@PIT,7,11,1,1,N/R,,,0,0,,0,0,0.0,0,0,0.0,0,0,0,-,,,,,,,,,,,,,,,,,,
Zaire Mitchell-Paden,HOU,TE,26695325,BUF,19,8,1,1,N/R,,,0,0,,0,0,0.0,0,0,0.0,0,0,0,-,,,,,,,,,,,,,,,,,,
Patrick Murtagh,DEN,TE,29375400,@KC,18,10,1,0,N/R,,,0,0,,0,0,0.0,0,0,0.0,0,0,0,-,,,,,,,,,,,,,,,,,,
Hunter Long,ARI,TE,2867428,@LAC,28,14,1,1,N/R,,,0,0,,0,0,0.0,0,0,0.0,0,0,0,0.00,,,,,,,,,,,,,,,,,,
Jake Phillips,PIT,TE,2253478,ATL,25,9,1,1,N/R,,,0,0,,0,0,0.0,0,0,0.0,0,0,0,-,,,,,,,,,,,,,,,,,,
Lawrence Cager,WAS,TE,2183845,@PHI,8,7,1,0,N/R,,,0,0,,0,0,0.0,0,0,0.0,0,0,0,-,,,,,,,,,,,,,,,,,,
DJ Rogers,DAL,TE,26693776,@NYG,6,14,1,1,N/R,,,0,0,,0,0,0.0,0,0,0.0,0,0,0,-,,,,,,,,,,,,,,,,,,
Matt Sokol,PIT,TE,2131215,ATL,25,9,0,0,N/R,,,0,0,,0,0,0.0,0,0,0.0,0,0,0,-,,,,,,,,,,,,,,,,,,
Nick Guggemos,BUF,TE,26661732,@HOU,32,7,1,1,N/R,,,0,0,,0,0,0.0,0,0,0.0,0,0,0,-,,,,,,,,,,,,,,,,,,
Travis Koontz,LV,TE,3127726,MIA,5,13,0,0,N/R,,,0,0,,0,0,0.0,0,0,0.0,0,0,0,-,,,,,,,,,,,,,,,,,,
Jalin Conyers,MIA,TE,3168876,@LV,9,6,1,1,N/R,,,0,0,,0,0,0.0,0,0,0.0,0,0,0,-,,,,,,,,,,,,,,,,,,
Hayden Large,CHI,TE,29122200,@CAR,12,10,1,0,N/R,,,0,0,,0,0,0.0,0,0,0.0,0,0,0,-,,,,,,,,,,,,,,,,,,
Carsen Ryan,CLE,TE,28873701,@JAC,2,11,1,1,N/R,,,0,0,,0,0,0.0,0,0,0.0,0,0,0,0.00,,,,,,,,,,,,,,,,,,
Pro Wells,CIN,TE,2965260,TB,30,6,0,0,N/R,,,0,0,,0,0,0.0,0,0,0.0,0,0,0,-,,,,,,,,,,,,,,,,,,
Jeremiah Hall,NYG,TE,2804133,DAL,29,8,1,1,N/R,,,0,0,,0,0,0.0,0,0,0.0,0,0,0,-,,,,,,,,,,,,,,,,,,
Jalen Wydermyer,IND,TE,3131559,BAL,16,13,1,1,N/R,,,0,0,,0,0,0.0,0,0,0.0,0,0,0,-,,,,,,,,,,,,,,,,,,
Sam Pitz,BAL,TE,29722440,@IND,21,13,0,0,N/R,,,0,0,,0,0,0.0,0,0,0.0,0,0,0,-,,,,,,,,,,,,,,,,,,
Kyle Markway,LAR,TE,2185055,SF,10,11,1,1,N/R,,,0,0,,0,0,0.0,0,0,0.0,0,0,0,-,,,,,,,,,,,,,,,,,,
Travis Vokolek,ARI,TE,2870478,@LAC,28,14,1,1,N/R,,,0,0,,0,0,0.0,0,0,0.0,0,0,0,-,,,,,,,,,,,,,,,,,,
Alec Holler,DAL,TE,2966128,@NYG,6,14,1,1,N/R,,,0,0,,0,0,0.0,0,0,0.0,0,0,0,-,,,,,,,,,,,,,,,,,,
Greg Dulcich,MIA,TE,2964274,@LV,9,6,27,5,N/R,,,18,0,,0,0,9.0,0,0,0.0,0,2,2,0.00,,,,,,,,,,,,,,,,,,
Taysom Hill,NO,TE,2818935,@DET,31,8,1,1,N/R,,,0,0,,0,0,0.0,0,0,0.0,0,0,0,-,,,,,,,,,,,,,,,,,,
Luke Schoonmaker,DAL,TE,2968473,@NYG,6,14,1,1,N/R,,,12,0,,0,0,12.0,0,0,0.0,0,1,1,0.00,,,,,,,,,,,,,,,,,,
Kevin Foelsch,PIT,TE,29380772,ATL,25,9,1,1,N/R,,,0,0,,0,0,0.0,0,0,0.0,0,0,0,-,,,,,,,,,,,,,,,,,,
Kenny Yeboah,ARI,TE,2256993,@LAC,28,14,1,1,N/R,,,0,0,,0,0,0.0,0,0,0.0,0,0,0,-,,,,,,,,,,,,,,,,,,
Ben Yurosek,MIN,TE,3163725,GB,20,6,1,1,N/R,,,0,0,,0,0,0.0,0,0,0.0,0,0,0,-,,,,,,,,,,,,,,,,,,
Mason Taylor,NYJ,TE,28878064,@TEN,17,13,5,1,N/R,,,-2,0,,0,0,-1.0,0,0,0.0,0,3,2,0.00,,,,,,,,,,,,,,,,,,
Dylan Soehner,NO,TE,2261259,@DET,31,8,1,1,N/R,,,0,0,,0,0,0.0,0,0,0.0,0,0,0,-,,,,,,,,,,,,,,,,,,
Luke Benson,LAC,TE,3126340,ARI,24,7,1,1,N/R,,,0,0,,0,0,0.0,0,0,0.0,0,0,0,-,,,,,,,,,,,,,,,,,,
Tyler Mabry,CAR,TE,3159198,CHI,22,5,1,1,N/R,,,0,0,,0,0,0.0,0,0,0.0,0,0,0,-,,,,,,,,,,,,,,,,,,
Marcus Santos-Silva,CLE,TE,2893412,@JAC,2,11,1,1,N/R,,,0,0,,0,0,0.0,0,0,0.0,0,0,0,-,,,,,,,,,,,,,,,,,,
Mitch Van Vooren,DAL,TE,29738519,@NYG,6,14,1,0,N/R,,,0,0,,0,0,0.0,0,0,0.0,0,0,0,-,,,,,,,,,,,,,,,,,,
Maximilian Mang,NYG,TE,3161969,DAL,29,8,1,1,N/R,,,0,0,,0,0,0.0,0,0,0.0,0,0,0,-,,,,,,,,,,,,,,,,,,
Seydou Traore,MIA,TE,26696643,@LV,9,6,1,1,N/R,,,0,0,,0,0,0.0,0,0,0.0,0,0,0,0.00,,,,,,,,,,,,,,,,,,
DeShon Williams,SEA,TE,2868230,NE,1,11,1,0,N/R,,,0,0,,0,0,0.0,0,0,0.0,0,0,0,-,,,,,,,,,,,,,,,,,,
Marcedes Lewis,DEN,TE,415313,@KC,18,10,1,1,N/R,,,0,0,,0,0,0.0,0,0,0.0,0,0,0,-,,,,,,,,,,,,,,,,,,
Evan Svoboda,LAC,TE,28877391,ARI,24,7,1,1,N/R,,,0,0,,0,0,0.0,0,0,0.0,0,0,0,-,,,,,,,,,,,,,,,,,,
Camren McDonald,LAR,TE,2965370,SF,10,11,1,1,N/R,,,0,0,,0,0,0.0,0,0,0.0,0,0,0,-,,,,,,,,,,,,,,,,,,
Scotty Washington,BAL,TE,2186416,@IND,21,13,0,0,N/R,,,0,0,,0,0,0.0,0,0,0.0,0,0,0,-,,,,,,,,,,,,,,,,,,
Christian Sims,LAR,TE,3133400,SF,10,11,1,0,N/R,,,0,0,,0,0,0.0,0,0,0.0,0,0,0,-,,,,,,,,,,,,,,,,,,
Messiah Swinson,GB,TE,2966595,@MIN,26,11,1,1,N/R,,,0,0,,0,0,0.0,0,0,0.0,0,0,0,-,,,,,,,,,,,,,,,,,,
Connor Heyward,LV,TE,2867599,MIA,5,13,1,1,N/R,,,0,0,,1,1,0.0,0,0,1.0,0,0,0,0.00,,,,,,,,,,,,,,,,,,
Shaun Beyer,GB,TE,2251090,@MIN,26,11,1,1,N/R,,,0,0,,0,0,0.0,0,0,0.0,0,0,0,-,,,,,,,,,,,,,,,,,,
Rysen John,CHI,TE,3159167,@CAR,12,10,1,1,N/R,,,0,0,,0,0,0.0,0,0,0.0,0,0,0,-,,,,,,,,,,,,,,,,,,
Hunter Henry,NE,TE,2079848,@SEA,15,11,55,10,17,,,26,0,,0,0,8.7,0,0,0.0,0,3,3,0.00,,,,,,,,,,,,,,,,,,
Colby Parkinson,LAR,TE,2867522,SF,10,11,5,1,N/R,,,6,0,,0,0,6.0,0,0,0.0,0,2,1,0.00,,,,,,,,,,,,,,,,,,
Cary Angeline,PHI,TE,2242759,WAS,27,10,1,1,N/R,,,0,0,,0,0,0.0,0,0,0.0,0,0,0,-,,,,,,,,,,,,,,,,,,
Gerald Everett,CHI,TE,2142692,@CAR,12,10,1,1,N/R,,,0,0,,0,0,0.0,0,0,0.0,0,0,0,-,,,,,,,,,,,,,,,,,,
Jacob Harris,TB,TE,2189290,@CIN,4,10,1,0,N/R,,,0,0,,0,0,0.0,0,0,0.0,0,0,0,-,,,,,,,,,,,,,,,,,,
Cam Grandy,MIN,TE,29148608,GB,20,6,1,1,N/R,,,0,0,,0,0,0.0,0,0,0.0,0,0,0,-,,,,,,,,,,,,,,,,,,
Ben Beise,TB,TE,28866830,@CIN,4,10,1,1,N/R,,,0,0,,0,0,0.0,0,0,0.0,0,0,0,-,,,,,,,,,,,,,,,,,,
Brian Walker,BAL,TE,29113614,@IND,21,13,1,1,N/R,,,0,0,,0,0,0.0,0,0,0.0,0,0,0,-,,,,,,,,,,,,,,,,,,
Thomas Fidone II,NYG,TE,26699695,DAL,29,8,1,1,N/R,,,0,0,,0,0,0.0,0,0,0.0,0,0,0,-,,,,,,,,,,,,,,,,,,
Rohan Jones,LAR,TE,28887229,SF,10,11,1,1,N/R,,,0,0,,0,0,0.0,0,0,0.0,0,0,0,-,,,,,,,,,,,,,,,,,,
Jeremy Ruckert,NYJ,TE,2965446,@TEN,17,13,1,1,N/R,,,4,0,,0,0,4.0,0,0,0.0,0,1,1,0.00,,,,,,,,,,,,,,,,,,
Johnny Mundt,PHI,TE,2818622,WAS,27,10,1,1,N/R,,,0,0,,0,0,0.0,0,0,0.0,0,0,0,0.00,,,,,,,,,,,,,,,,,,
Quentin Moore,WAS,TE,26702243,@PHI,8,7,1,1,N/R,,,0,0,,0,0,0.0,0,0,0.0,0,0,0,-,,,,,,,,,,,,,,,,,,
Eli Wolf,WAS,TE,3161106,@PHI,8,7,1,1,N/R,,,0,0,,0,0,0.0,0,0,0.0,0,0,0,-,,,,,,,,,,,,,,,,,,
Max Klare,LAR,TE,28921209,SF,10,11,2,1,N/R,,,0,0,,0,0,0.0,0,0,0.0,0,0,0,-,,,,,,,,,,,,,,,,,,
Gee Scott Jr.,NYJ,TE,3163073,@TEN,17,13,1,0,N/R,,,0,0,,0,0,0.0,0,0,0.0,0,0,0,-,,,,,,,,,,,,,,,,,,
Durham Smythe,BAL,TE,2082845,@IND,21,13,1,1,N/R,,,4,0,,0,0,4.0,0,0,0.0,0,1,1,0.00,,,,,,,,,,,,,,,,,,
Nate Wieting,NYG,TE,2179741,DAL,29,8,0,0,N/R,,,0,0,,0,0,0.0,0,0,0.0,0,0,0,-,,,,,,,,,,,,,,,,,,
Stone Smartt,NO,TE,2864800,@DET,31,8,1,1,N/R,,,0,0,,0,0,0.0,0,0,0.0,0,0,0,-,,,,,,,,,,,,,,,,,,
Cade Brewer,SEA,TE,2868649,NE,1,11,1,1,N/R,,,0,0,,0,0,0.0,0,0,0.0,0,0,0,-,,,,,,,,,,,,,,,,,,
Tanner Arkin,NE,TE,26713728,@SEA,15,11,1,0,N/R,,,0,0,,0,0,0.0,0,0,0.0,0,0,0,0.00,,,,,,,,,,,,,,,,,,
Michael Trigg,DAL,TE,26720219,@NYG,6,14,1,0,N/R,,,0,0,,0,0,0.0,0,0,0.0,0,0,0,-,,,,,,,,,,,,,,,,,,
Hakeem Butler,DEN,TE,2185654,@KC,18,10,1,0,N/R,,,0,0,,0,0,0.0,0,0,0.0,0,0,0,-,,,,,,,,,,,,,,,,,,
Gunnar Oakes,DET,TE,2805178,NO,14,6,1,1,N/R,,,0,0,,0,0,0.0,0,0,0.0,0,0,0,-,,,,,,,,,,,,,,,,,,
Justin Shorter,LV,TE,2965077,MIA,5,13,1,1,N/R,,,0,0,,0,0,0.0,0,0,0.0,0,0,0,-,,,,,,,,,,,,,,,,,,
Josh Kattus,CIN,TE,28901524,TB,30,6,1,1,N/R,,,0,0,,0,0,0.0,0,0,0.0,0,0,0,-,,,,,,,,,,,,,,,,,,
Chase Curtis,NYJ,TE,3171155,@TEN,17,13,1,1,N/R,,,0,0,,0,0,0.0,0,0,0.0,0,0,0,-,,,,,,,,,,,,,,,,,,
Anthony Torres,LAR,TE,2960827,SF,10,11,1,1,N/R,,,0,0,,0,0,0.0,0,0,0.0,0,0,0,-,,,,,,,,,,,,,,,,,,
Charlie Woerner,ATL,TE,2248629,@PIT,7,11,1,1,N/R,,,0,0,,0,0,0.0,0,0,0.0,0,0,0,0.00,,,,,,,,,,,,,,,,,,
Marshall Lang,MIN,TE,3164086,GB,20,6,1,0,N/R,,,0,0,,0,0,0.0,0,0,0.0,0,0,0,-,,,,,,,,,,,,,,,,,,
Josh Whyle,GB,TE,2962513,@MIN,26,11,1,1,N/R,,,0,0,,0,0,0.0,0,0,0.0,0,0,0,0.00,,,,,,,,,,,,,,,,,,
Carter Runyon,LV,TE,29184228,MIA,5,13,1,1,N/R,,,0,0,,0,0,0.0,0,0,0.0,0,0,0,-,,,,,,,,,,,,,,,,,,
Billy Brown,IND,TE,2820079,BAL,16,13,1,1,N/R,,,0,0,,0,0,0.0,0,0,0.0,0,0,0,-,,,,,,,,,,,,,,,,,,
John Copenhaver,JAC,TE,3162185,CLE,13,7,1,0,N/R,,,0,0,,0,0,0.0,0,0,0.0,0,0,0,-,,,,,,,,,,,,,,,,,,
Matt Lauter,MIN,TE,26725448,GB,20,6,1,1,N/R,,,0,0,,0,0,0.0,0,0,0.0,0,0,0,-,,,,,,,,,,,,,,,,,,
Bryson Nesbit,MIN,TE,26695112,GB,20,6,1,1,N/R,,,0,0,,0,0,0.0,0,0,0.0,0,0,0,-,,,,,,,,,,,,,,,,,,
Stevo Klotz,LAC,TE,3164867,ARI,24,7,1,1,N/R,,,0,0,,0,0,0.0,0,0,0.0,0,0,0,-,,,,,,,,,,,,,,,,,,
Payne Durham,TB,TE,2968469,@CIN,4,10,1,1,N/R,,,0,0,,0,0,0.0,0,0,0.0,0,0,0,0.00,,,,,,,,,,,,,,,,,,
Devon Garrison,SEA,TE,29456571,NE,1,11,1,1,N/R,,,0,0,,0,0,0.0,0,0,0.0,0,0,0,-,,,,,,,,,,,,,,,,,,
Carl Tucker,MIA,TE,2179354,@LV,9,6,1,1,N/R,,,0,0,,0,0,0.0,0,0,0.0,0,0,0,-,,,,,,,,,,,,,,,,,,
Isaac Rex,LAC,TE,3127763,ARI,24,7,1,1,N/R,,,0,0,,0,0,0.0,0,0,0.0,0,0,0,-,,,,,,,,,,,,,,,,,,
John FitzPatrick,GB,TE,2975736,@MIN,26,11,1,1,N/R,,,0,0,,0,0,0.0,0,0,0.0,0,0,0,-,,,,,,,,,,,,,,,,,,
Justin Johnson,ARI,TE,3117392,@LAC,28,14,1,1,N/R,,,0,0,,0,0,0.0,0,0,0.0,0,0,0,-,,,,,,,,,,,,,,,,,,
Thomas Odukoya,NE,TE,2964832,@SEA,15,11,1,1,N/R,,,0,0,,0,0,0.0,0,0,0.0,0,0,0,-,,,,,,,,,,,,,,,,,,
Thomas Gordon,DET,TE,3124711,NO,14,6,1,1,N/R,,,0,0,,0,0,0.0,0,0,0.0,0,0,0,-,,,,,,,,,,,,,,,,,,
Austin Fort,TEN,TE,2131959,NYJ,3,9,1,0,N/R,,,0,0,,0,0,0.0,0,0,0.0,0,0,0,-,,,,,,,,,,,,,,,,,,
Jeremiah Franklin,MIA,TE,28876766,@LV,9,6,0,0,N/R,,,0,0,,0,0,0.0,0,0,0.0,0,0,0,-,,,,,,,,,,,,,,,,,,
Robert Tonyan,PIT,TE,2820026,ATL,25,9,1,1,N/R,,,0,0,,0,0,0.0,0,0,0.0,0,0,0,0.00,,,,,,,,,,,,,,,,,,
Tim Brown,TB,TE,2236987,@CIN,4,10,1,1,N/R,,,0,0,,0,0,0.0,0,0,0.0,0,0,0,-,,,,,,,,,,,,,,,,,,
Steven Stilianos,DET,TE,2961775,NO,14,6,0,0,N/R,,,0,0,,0,0,0.0,0,0,0.0,0,0,0,-,,,,,,,,,,,,,,,,,,
Jake Roh,ATL,TE,2925215,@PIT,7,11,1,1,N/R,,,0,0,,0,0,0.0,0,0,0.0,0,0,0,-,,,,,,,,,,,,,,,,,,
Nate Adkins,DEN,TE,2977285,@KC,18,10,1,1,N/R,,,0,0,,0,0,0.0,0,0,0.0,0,0,0,0.00,,,,,,,,,,,,,,,,,,
Qadir Ismail,CHI,TE,2968088,@CAR,12,10,0,0,N/R,,,0,0,,0,0,0.0,0,0,0.0,0,0,0,-,,,,,,,,,,,,,,,,,,
Drew Sample,CIN,TE,2139646,TB,30,6,1,1,N/R,,,19,0,,0,0,6.3,0,0,0.0,0,3,3,0.00,,,,,,,,,,,,,,,,,,
Jack Velling,ATL,TE,28923845,@PIT,7,11,1,1,N/R,,,0,0,,0,0,0.0,0,0,0.0,0,0,0,-,,,,,,,,,,,,,,,,,,
Lincoln Sefcik,NYJ,TE,26701907,@TEN,17,13,0,0,N/R,,,0,0,,0,0,0.0,0,0,0.0,0,0,0,-,,,,,,,,,,,,,,,,,,
Tre Watson,MIA,TE,26699319,@LV,9,6,1,1,N/R,,,0,0,,0,0,0.0,0,0,0.0,0,0,0,-,,,,,,,,,,,,,,,,,,
Tyler Higbee,LAR,TE,1853103,SF,10,11,2,1,N/R,,,12,0,,0,0,6.0,0,1,0.0,0,2,2,0.00,,,,,,,,,,,,,,,,,,
Tanner Taula,TB,TE,2865559,@CIN,4,10,1,0,N/R,,,0,0,,0,0,0.0,0,0,0.0,0,0,0,-,,,,,,,,,,,,,,,,,,
Lucas Krull,DEN,TE,2961761,@KC,18,10,1,1,N/R,,,0,0,,0,0,0.0,0,0,0.0,0,0,0,-,,,,,,,,,,,,,,,,,,
Kris Leach,DEN,TE,2838551,@KC,18,10,1,0,N/R,,,0,0,,0,0,0.0,0,0,0.0,0,0,0,-,,,,,,,,,,,,,,,,,,
Brayden Willis,SF,TE,2963088,@LAR,11,8,1,1,N/R,,,0,0,,0,0,0.0,0,0,0.0,0,0,0,-,,,,,,,,,,,,,,,,,,
Riley Sharp,BAL,TE,3047671,@IND,21,13,0,0,N/R,,,0,0,,0,0,0.0,0,0,0.0,0,0,0,-,,,,,,,,,,,,,,,,,,
Dom Wood-Anderson,SEA,TE,2967157,NE,1,11,0,0,N/R,,,0,0,,0,0,0.0,0,0,0.0,0,0,0,-,,,,,,,,,,,,,,,,,,
Jake Briningstool,KC,TE,26697836,DEN,23,5,1,1,N/R,,,9,0,,0,0,9.0,0,0,0.0,0,1,1,0.00,,,,,,,,,,,,,,,,,,
Jordan Petaia,LAC,TE,29711196,ARI,24,7,1,0,N/R,,,0,0,,0,0,0.0,0,0,0.0,0,0,0,-,,,,,,,,,,,,,,,,,,
Charles Scarff,BAL,TE,2141604,@IND,21,13,0,0,N/R,,,0,0,,0,0,0.0,0,0,0.0,0,0,0,-,,,,,,,,,,,,,,,,,,
Erick All,CIN,TE,3121555,TB,30,6,1,1,N/R,,,0,0,,0,0,0.0,0,0,0.0,0,0,0,0.00,,,,,,,,,,,,,,,,,,
Irv Smith,HOU,TE,2257888,BUF,19,8,1,1,N/R,,,0,0,,0,0,0.0,0,0,0.0,0,0,0,-,,,,,,,,,,,,,,,,,,
Josiah Deguara,NYG,TE,2181108,DAL,29,8,1,1,N/R,,,0,0,,0,0,0.0,0,0,0.0,0,0,0,-,,,,,,,,,,,,,,,,,,
Ryan Becker,ATL,TE,3159083,@PIT,7,11,1,1,N/R,,,0,0,,0,0,0.0,0,0,0.0,0,0,0,-,,,,,,,,,,,,,,,,,,
Dae'Quan Wright,CLE,TE,28874125,@JAC,2,11,1,1,N/R,,,0,0,,0,0,0.0,0,0,0.0,0,0,0,-,,,,,,,,,,,,,,,,,,
Rivaldo Fairweather,ARI,TE,3165468,@LAC,28,14,1,1,N/R,,,0,0,,0,0,0.0,0,0,0.0,0,0,0,-,,,,,,,,,,,,,,,,,,
Josh Oliver,MIN,TE,2184618,GB,20,6,1,1,N/R,,,22,0,,0,0,11.0,0,0,0.0,0,4,2,0.00,,,,,,,,,,,,,,,,,,
Izaiah Gathings,KC,TE,2961109,DEN,23,5,1,1,N/R,,,0,0,,0,0,0.0,0,0,0.0,0,0,0,-,,,,,,,,,,,,,,,,,,
Jacob Breeland,BAL,TE,2180288,@IND,21,13,1,0,N/R,,,0,0,,0,0,0.0,0,0,0.0,0,0,0,-,,,,,,,,,,,,,,,,,,
Chigoziem Okonkwo,WAS,TE,2965208,@PHI,8,7,26,4,N/R,,,16,0,,0,0,8.0,0,0,0.0,0,3,2,0.00,,,,,,,,,,,,,,,,,,
Zach Heins,LAC,TE,2976450,ARI,24,7,1,0,N/R,,,0,0,,0,0,0.0,0,0,0.0,0,0,0,-,,,,,,,,,,,,,,,,,,
John Raine,ATL,TE,2241250,@PIT,7,11,0,0,N/R,,,0,0,,0,0,0.0,0,0,0.0,0,0,0,-,,,,,,,,,,,,,,,,,,
Tyler Davis,NE,TE,2182811,@SEA,15,11,1,1,N/R,,,0,0,,0,0,0.0,0,0,0.0,0,0,0,-,,,,,,,,,,,,,,,,,,
MyCole Pruitt,PIT,TE,1760327,ATL,25,9,1,1,N/R,,,0,0,,0,0,0.0,0,0,0.0,0,0,0,-,,,,,,,,,,,,,,,,,,
Scooter Harrington,CHI,TE,2251139,@CAR,12,10,1,1,N/R,,,0,0,,0,0,0.0,0,0,0.0,0,0,0,-,,,,,,,,,,,,,,,,,,
Justin Joly,MIA,TE,28927892,@LV,9,6,1,1,N/R,,,0,0,,0,0,0.0,0,0,0.0,0,0,0,-,,,,,,,,,,,,,,,,,,
Connor Hulstein,NYJ,TE,26756957,@TEN,17,13,0,0,N/R,,,0,0,,0,0,0.0,0,0,0.0,0,0,0,-,,,,,,,,,,,,,,,,,,
Hayden Hurst,LAC,TE,2185053,ARI,24,7,1,1,N/R,,,0,0,,0,0,0.0,0,0,0.0,0,0,0,-,,,,,,,,,,,,,,,,,,
Jake Hausmann,WAS,TE,2260981,@PHI,8,7,1,1,N/R,,,0,0,,0,0,0.0,0,0,0.0,0,0,0,-,,,,,,,,,,,,,,,,,,
Bernhard Seikovits,ARI,TE,26665068,@LAC,28,14,1,0,N/R,,,0,0,,0,0,0.0,0,0,0.0,0,0,0,-,,,,,,,,,,,,,,,,,,
Lachlan Pitts,CHI,TE,2818058,@CAR,12,10,1,1,N/R,,,0,0,,0,0,0.0,0,0,0.0,0,0,0,-,,,,,,,,,,,,,,,,,,
Chris Manhertz,NYG,TE,2167520,DAL,29,8,1,1,N/R,,,0,0,,0,0,0.0,0,0,0.0,0,0,0,0.00,,,,,,,,,,,,,,,,,,
N'Keal Harry,SEA,TE,2221807,NE,1,11,1,1,N/R,,,0,0,,0,0,0.0,0,0,0.0,0,0,0,-,,,,,,,,,,,,,,,,,,
Baylor Cupp,ARI,TE,3122788,@LAC,28,14,1,1,N/R,,,0,0,,0,0,0.0,0,0,0.0,0,0,0,-,,,,,,,,,,,,,,,,,,
Cole Turner,MIA,TE,2961855,@LV,9,6,1,1,N/R,,,0,0,,0,0,0.0,0,0,0.0,0,0,0,-,,,,,,,,,,,,,,,,,,
Will Dissly,LAC,TE,2139628,ARI,24,7,1,1,N/R,,,0,0,,0,0,0.0,0,0,0.0,0,0,0,-,,,,,,,,,,,,,,,,,,
Justin Tukes,PHI,TE,2174961,WAS,27,10,1,1,N/R,,,0,0,,0,0,0.0,0,0,0.0,0,0,0,-,,,,,,,,,,,,,,,,,,
Cody Hardy,NO,TE,28891820,@DET,31,8,1,1,N/R,,,0,0,,0,0,0.0,0,0,0.0,0,0,0,-,,,,,,,,,,,,,,,,,,
Tanner Koziol,JAC,TE,28874303,CLE,13,7,1,1,N/R,,,0,0,,0,0,0.0,0,0,0.0,0,0,0,-,,,,,,,,,,,,,,,,,,
Jamal Pettigrew,LAR,TE,2240263,SF,10,11,1,1,N/R,,,0,0,,0,0,0.0,0,0,0.0,0,0,0,-,,,,,,,,,,,,,,,,,,
Charlie Taumoepeau,DET,TE,2183178,NO,14,6,1,1,N/R,,,0,0,,0,0,0.0,0,0,0.0,0,0,0,-,,,,,,,,,,,,,,,,,,
Nikola Kalinic,CHI,TE,28867671,@CAR,12,10,1,1,N/R,,,0,0,,0,0,0.0,0,0,0.0,0,0,0,-,,,,,,,,,,,,,,,,,,
Austin Hooper,ATL,TE,2067004,@PIT,7,11,1,1,N/R,,,0,0,,0,0,0.0,0,0,0.0,0,0,0,0.00,,,,,,,,,,,,,,,,,,
Luke Farrell,SF,TE,2260977,@LAR,11,8,1,1,N/R,,,19,0,,0,0,9.5,0,0,0.0,0,2,2,0.00,,,,,,,,,,,,,,,,,,
Ross Dwelley,CAR,TE,2924888,CHI,22,5,1,1,N/R,,,0,0,,0,0,0.0,0,0,0.0,0,0,0,-,,,,,,,,,,,,,,,,,,
Geor'quarius Spivey,KC,TE,2965537,DEN,23,5,1,1,N/R,,,0,0,,0,0,0.0,0,0,0.0,0,0,0,-,,,,,,,,,,,,,,,,,,
Darion Clark,CHI,TE,3157668,@CAR,12,10,1,1,N/R,,,0,0,,0,0,0.0,0,0,0.0,0,0,0,-,,,,,,,,,,,,,,,,,,
Curtis Hodges,CAR,TE,2760856,CHI,22,5,1,1,N/R,,,0,0,,0,0,0.0,0,0,0.0,0,0,0,-,,,,,,,,,,,,,,,,,,
Joel Honigford,ARI,TE,2878156,@LAC,28,14,1,1,N/R,,,0,0,,0,0,0.0,0,0,0.0,0,0,0,-,,,,,,,,,,,,,,,,,,
Temuchin Hodges,PIT,TE,2071631,ATL,25,9,1,1,N/R,,,0,0,,0,0,0.0,0,0,0.0,0,0,0,-,,,,,,,,,,,,,,,,,,
Hayden Rucci,SF,TE,3131519,@LAR,11,8,1,1,N/R,,,0,0,,0,0,0.0,0,0,0.0,0,0,0,-,,,,,,,,,,,,,,,,,,
Artayvious Lynn,DAL,TE,2240334,@NYG,6,14,1,1,N/R,,,0,0,,0,0,0.0,0,0,0.0,0,0,0,-,,,,,,,,,,,,,,,,,,
Luke Musgrave,GB,TE,3129283,@MIN,26,11,1,1,N/R,,,0,0,,0,0,0.0,0,0,0.0,0,0,0,-,,,,,,,,,,,,,,,,,,
Andrew Ogletree,IND,TE,26725942,BAL,16,13,1,1,N/R,,,0,0,,0,0,0.0,0,0,0.0,0,1,0,0.00,,,,,,,,,,,,,,,,,,
Nolan Givan,DET,TE,2252366,NO,14,6,0,0,N/R,,,0,0,,0,0,0.0,0,0,0.0,0,0,0,-,,,,,,,,,,,,,,,,,,
Seth Green,NO,TE,2239758,@DET,31,8,1,0,N/R,,,0,0,,0,0,0.0,0,0,0.0,0,0,0,-,,,,,,,,,,,,,,,,,,
Drew Belcher,WAS,TE,3117011,@PHI,8,7,1,1,N/R,,,0,0,,0,0,0.0,0,0,0.0,0,0,0,-,,,,,,,,,,,,,,,,,,
Moritz Boehringer,CIN,TE,2235403,TB,30,6,1,1,N/R,,,0,0,,0,0,0.0,0,0,0.0,0,0,0,-,,,,,,,,,,,,,,,,,,
Terrance Ferguson,LAR,TE,26701481,SF,10,11,25,3,N/R,,,0,0,,0,0,0.0,0,0,0.0,0,1,0,0.00,,,,,,,,,,,,,,,,,,
Khalil Dinkins,SF,TE,26697764,@LAR,11,8,1,1,N/R,,,0,0,,0,0,0.0,0,0,0.0,0,0,0,-,,,,,,,,,,,,,,,,,,
Brock Bowers,LV,TE,26693971,MIA,5,13,100,12,N/R,,,0,0,,0,0,0.0,0,0,0.0,0,0,0,-,,,,,,,,,,,,,,,,,,
Griffin Hebert,PHI,TE,2816291,WAS,27,10,1,1,N/R,,,0,0,,0,0,0.0,0,0,0.0,0,0,0,-,,,,,,,,,,,,,,,,,,
Briley Moore-McKinney,TEN,TE,2247169,NYJ,3,9,1,1,N/R,,,0,0,,0,0,0.0,0,0,0.0,0,0,0,-,,,,,,,,,,,,,,,,,,
Mason Fairchild,NO,TE,3127029,@DET,31,8,1,1,N/R,,,0,0,,0,0,0.0,0,0,0.0,0,0,0,-,,,,,,,,,,,,,,,,,,
Michael Jacobson,NO,TE,2202932,@DET,31,8,1,0,N/R,,,0,0,,0,0,0.0,0,0,0.0,0,0,0,-,,,,,,,,,,,,,,,,,,
Jack Stoll,CLE,TE,2239684,@JAC,2,11,1,1,N/R,,,0,0,,0,0,0.0,0,0,0.0,0,0,0,-,,,,,,,,,,,,,,,,,,
Colin Granger,CAR,TE,3177592,CHI,22,5,1,1,N/R,,,0,0,,0,0,0.0,0,0,0.0,0,0,0,-,,,,,,,,,,,,,,,,,,
Jaren Kanak,TEN,TE,28875704,NYJ,3,9,1,1,N/R,,,0,0,,0,0,0.0,0,0,0.0,0,0,0,-,,,,,,,,,,,,,,,,,,
Trey Knox,MIN,TE,3122488,GB,20,6,1,1,N/R,,,0,0,,0,0,0.0,0,0,0.0,0,0,0,-,,,,,,,,,,,,,,,,,,
Bruno Labelle,ARI,TE,2240557,@LAC,28,14,1,1,N/R,,,0,0,,0,0,0.0,0,0,0.0,0,0,0,-,,,,,,,,,,,,,,,,,,
Will Kacmarek,MIA,TE,26717403,@LV,9,6,1,1,N/R,,,0,0,,0,0,0.0,0,0,0.0,0,1,0,0.00,,,,,,,,,,,,,,,,,,
La'Michael Pettway,NE,TE,2185504,@SEA,15,11,1,1,N/R,,,0,0,,0,0,0.0,0,0,0.0,0,0,0,-,,,,,,,,,,,,,,,,,,
Cade Otton,TB,TE,2815179,@CIN,4,10,27,6,19,,,26,0,,0,0,8.7,0,0,0.0,0,5,3,0.00,,,,,,,,,,,,,,,,,,
Keleki Latu,BUF,TE,26723643,@HOU,32,7,1,1,N/R,,,0,0,,0,0,0.0,0,0,0.0,0,0,0,0.00,,,,,,,,,,,,,,,,,,
Jameson Geers,ARI,TE,26694253,@LAC,28,14,1,0,N/R,,,0,0,,0,0,0.0,0,0,0.0,0,0,0,-,,,,,,,,,,,,,,,,,,
Nate Boerkircher,JAC,TE,3162867,CLE,13,7,1,1,N/R,,,9,0,,0,0,9.0,0,0,0.0,0,1,1,0.00,,,,,,,,,,,,,,,,,,
Mike Rigerman,BAL,TE,29376329,@IND,21,13,1,1,N/R,,,0,0,,0,0,0.0,0,0,0.0,0,0,0,-,,,,,,,,,,,,,,,,,,
Pat Conroy,LV,TE,3138345,MIA,5,13,1,0,N/R,,,0,0,,0,0,0.0,0,0,0.0,0,0,0,-,,,,,,,,,,,,,,,,,,
Carson Williams,LV,TE,2355180,MIA,5,13,1,1,N/R,,,0,0,,0,0,0.0,0,0,0.0,0,0,0,-,,,,,,,,,,,,,,,,,,
Oscar Cardenas,ARI,TE,3127887,@LAC,28,14,1,0,N/R,,,0,0,,0,0,0.0,0,0,0.0,0,0,0,-,,,,,,,,,,,,,,,,,,
Davis Allen,LAR,TE,3123267,SF,10,11,1,1,N/R,,,13,0,,0,0,13.0,0,0,0.0,0,1,1,0.00,,,,,,,,,,,,,,,,,,
Gerrit Prince,KC,TE,2969148,DEN,23,5,1,1,N/R,,,0,0,,0,0,0.0,0,0,0.0,0,0,0,-,,,,,,,,,,,,,,,,,,
Darnell Washington,PIT,TE,3163963,ATL,25,9,2,1,N/R,,,18,0,,0,0,9.0,0,0,0.0,0,2,2,0.00,,,,,,,,,,,,,,,,,,
Jacob Warren,NE,TE,2963488,@SEA,15,11,1,0,N/R,,,0,0,,0,0,0.0,0,0,0.0,0,0,0,-,,,,,,,,,,,,,,,,,,
Thomas Greaney,CLE,TE,2967042,@JAC,2,11,1,0,N/R,,,0,0,,0,0,0.0,0,0,0.0,0,0,0,-,,,,,,,,,,,,,,,,,,
John Stephens Jr.,DAL,TE,2962043,@NYG,6,14,1,1,N/R,,,0,0,,0,0,0.0,0,0,0.0,0,0,0,-,,,,,,,,,,,,,,,,,,
Shane Zylstra,NE,TE,26688308,@SEA,15,11,1,1,N/R,,,0,0,,0,0,0.0,0,0,0.0,0,0,0,-,,,,,,,,,,,,,,,,,,
Jaheim Bell,PIT,TE,3169583,ATL,25,9,1,1,N/R,,,0,0,,0,0,0.0,0,0,0.0,0,0,0,-,,,,,,,,,,,,,,,,,,
Sean McKeon,IND,TE,2239736,BAL,16,13,1,1,N/R,,,0,0,,0,0,0.0,0,0,0.0,0,0,0,-,,,,,,,,,,,,,,,,,,
Dallin Holker,NO,TE,2975555,@DET,31,8,1,1,N/R,,,0,0,,0,0,0.0,0,0,0.0,0,0,0,-,,,,,,,,,,,,,,,,,,
Riley Nowakowski,PIT,TE,3175781,ATL,25,9,1,1,N/R,,,0,0,,0,0,0.0,0,0,0.0,0,0,0,0.00,,,,,,,,,,,,,,,,,,
John Bates,WAS,TE,2257291,@PHI,8,7,1,1,N/R,,,13,0,,0,0,6.5,0,0,0.0,0,3,2,0.00,,,,,,,,,,,,,,,,,,
Mo Alie-Cox,IND,TE,2815925,BAL,16,13,1,1,N/R,,,0,0,,0,0,0.0,0,0,0.0,0,0,0,0.00,,,,,,,,,,,,,,,,,,
Evan McPherson,CIN,K,2962681,TB,20,6,71,62,3,0,,,,,4,,9.50,,,,9.50,,,,4,0,1,1,1,1,0,0,2,2,3,3,,,,,,
Jason Sanders,NYJ,K,2131909,@TEN,16,13,2,1,N/R,0,,,,,4,,8.00,,,,8.00,,,,3,0,0,0,1,1,0,0,2,3,2,2,,,,,,
Tyler Loop,BAL,K,3174704,@IND,31,13,53,43,10,0,,,,,2,,7.50,,,,7.50,,,,2,0,0,0,0,0,1,1,1,1,5,5,,,,,,
Chad Ryland,ARI,K,2964074,@LAC,14,14,4,1,24,0,,,,,5,,7.00,,,,7.00,,,,4,0,1,1,1,1,2,2,0,1,2,2,,,,,,
Trey Smack,GB,K,28899321,@MIN,3,11,22,14,20,0,,,,,3,,6.50,,,,6.50,,,,3,0,1,1,0,0,1,1,1,1,1,2,,,,,,
Chase McLaughlin,TB,K,2165272,@CIN,19,10,51,39,8,0,,,,,2,,5.50,,,,5.50,,,,2,0,0,0,1,1,0,0,1,1,3,3,,,,,,
Tyler Bass,BUF,K,2188356,@HOU,17,7,18,8,13,0,,,,,3,,5.50,,,,5.50,,,,3,0,0,0,2,2,1,1,0,0,3,3,,,,,,
Nick Folk,ATL,K,410721,@PIT,2,11,15,7,N/R,0,,,,,4,,5.50,,,,5.50,,,,2,0,0,0,0,0,1,2,1,2,1,1,,,,,,
Eddy Pineiro,SF,K,2221833,@LAR,18,8,68,57,6,0,,,,,3,,5.50,,,,5.50,,,,2,0,1,1,0,0,0,0,1,2,3,3,,,,,,
Cam Little,JAC,K,26702477,CLE,28,7,97,92,5,0,,,,,2,,5.00,,,,5.00,,,,2,0,0,0,0,0,2,2,0,0,4,4,,,,,,
Ka'imi Fairbairn,HOU,K,1996562,BUF,25,8,100,97,2,0,,,,,1,,5.00,,,,5.00,,,,1,0,0,0,0,0,0,0,1,1,4,4,,,,,,
Cairo Santos,CHI,K,2132690,@CAR,32,10,59,50,9,0,,,,,1,,5.00,,,,5.00,,,,1,0,0,0,0,0,1,1,0,0,8,8,,,,,,
Matt Gay,LV,K,2870511,MIA,23,13,6,2,N/R,0,,,,,2,,4.50,,,,4.50,,,,2,0,0,0,1,1,1,1,0,0,3,3,,,,,,
Chris Boswell,PIT,K,1724930,ATL,12,9,29,20,19,0,,,,,3,,4.00,,,,4.00,,,,2,0,1,1,0,0,1,1,0,1,2,2,,,,,,
Ryan Fitzgerald,CAR,K,3126649,CHI,29,5,2,1,23,0,,,,,1,,4.00,,,,4.00,,,,1,0,0,0,0,0,1,1,0,0,4,5,,,,,,
Spencer Shrader,IND,K,3131541,BAL,15,13,51,41,22,0,,,,,1,,4.00,,,,4.00,,,,1,0,0,0,0,0,0,0,1,1,2,3,,,,,,
Drew Stevens,WAS,K,28873746,@PHI,5,7,3,1,N/R,0,,,,,2,,3.50,,,,3.50,,,,1,0,0,0,0,0,0,0,1,2,1,2,,,,,,
Riley Patterson,MIA,K,2865368,@LV,7,6,2,1,N/R,0,,,,,3,,3.50,,,,3.50,,,,2,0,0,0,1,1,1,2,0,0,1,1,,,,,,
Harrison Butker,KC,K,2078888,DEN,26,5,62,50,11,0,,,,,1,,3.00,,,,3.00,,,,1,0,1,1,0,0,0,0,0,0,4,4,,,,,,
Will Reichard,MIN,K,3121084,GB,27,6,57,47,14,0,,,,,1,,3.00,,,,3.00,,,,1,0,0,0,1,1,0,0,0,0,4,4,,,,,,
Jake Bates,DET,K,3173439,NO,24,6,92,86,12,0,,,,,1,,3.00,,,,3.00,,,,1,0,1,1,0,0,0,0,0,0,4,4,,,,,,
Andres Borregales,NE,K,26699665,@SEA,9,11,28,16,18,0,,,,,1,,2.50,,,,2.50,,,,1,0,0,0,0,0,0,0,1,1,1,1,,,,,,
Jason Myers,SEA,K,2169640,NE,4,11,100,97,4,0,,,,,2,,2.50,,,,2.50,,,,2,0,1,1,1,1,0,0,0,0,1,1,,,,,,
Joey Slye,TEN,K,3116871,NYJ,10,9,17,13,N/R,0,,,,,1,,2.50,,,,2.50,,,,1,0,0,0,0,0,1,1,0,0,1,1,,,,,,
Daniel Carlson,NO,K,2079862,@DET,21,8,6,2,21,0,,,,,2,,2.50,,,,2.50,,,,1,0,1,1,0,0,0,0,0,1,3,3,,,,,,
Jake Elliott,PHI,K,2080295,WAS,22,10,15,7,17,0,,,,,1,,2.50,,,,2.50,,,,1,0,0,0,1,1,0,0,0,0,3,3,,,,,,
Dominic Zvada,NYG,K,28876817,DAL,30,8,5,3,N/R,0,,,,,0,,2.00,,,,2.00,,,,0,0,0,0,0,0,0,0,0,0,4,4,,,,,,
Wil Lutz,DEN,K,2008545,@KC,1,10,29,16,16,0,,,,,1,,1.50,,,,1.50,,,,1,0,0,0,1,1,0,0,0,0,1,1,,,,,,
Andre Szmyt,CLE,K,2868551,@JAC,8,11,2,1,N/R,0,,,,,1,,1.50,,,,1.50,,,,1,0,1,1,0,0,0,0,0,0,1,1,,,,,,
Cameron Dicker,LAC,K,2961997,ARI,13,7,99,96,7,0,,,,,0,,1.00,,,,1.00,,,,0,0,0,0,0,0,0,0,0,0,2,2,,,,,,
Brandon Aubrey,DAL,K,2815718,@NYG,11,14,100,100,1,0,,,,,0,,1.00,,,,1.00,,,,0,0,0,0,0,0,0,0,0,0,2,3,,,,,,
Harrison Mevis,LAR,K,3162619,SF,6,11,77,69,15,0,,,,,0,,0.50,,,,0.50,,,,0,0,0,0,0,0,0,0,0,0,1,1,,,,,,
Brad Craddock,CLE,K,2001577,@JAC,8,11,1,0,N/R,0,,,,,0,,-,,,,0.00,,,,0,0,0,0,0,0,0,0,0,0,0,0,,,,,,
Gabe Brkic,GB,K,2962313,@MIN,3,11,1,1,N/R,0,,,,,0,,-,,,,0.00,,,,0,0,0,0,0,0,0,0,0,0,0,0,,,,,,
Maddux Trujillo,BUF,K,26716700,@HOU,17,7,1,0,N/R,0,,,,,0,,-,,,,0.00,,,,0,0,0,0,0,0,0,0,0,0,0,0,,,,,,
Ryan Coe,TB,K,3130147,@CIN,19,10,1,1,N/R,0,,,,,0,,-,,,,0.00,,,,0,0,0,0,0,0,0,0,0,0,0,0,,,,,,
Matt Prater,BUF,K,1109832,@HOU,17,7,1,1,N/R,0,,,,,0,,-,,,,0.00,,,,0,0,0,0,0,0,0,0,0,0,0,0,,,,,,
Tanner Brown,NO,K,3167644,@DET,21,8,1,1,N/R,0,,,,,0,,-,,,,0.00,,,,0,0,0,0,0,0,0,0,0,0,0,0,,,,,,
Gabriel Plascencia,CHI,K,29120994,@CAR,32,10,2,2,N/R,0,,,,,0,,-,,,,0.00,,,,0,0,0,0,0,0,0,0,0,0,0,0,,,,,,
Joshua Karty,ARI,K,3163734,@LAC,14,14,1,1,N/R,0,,,,,0,,-,,,,0.00,,,,0,0,0,0,0,0,0,0,0,0,0,0,,,,,,
Jake Moody,BAL,K,2968527,@IND,31,13,2,1,N/R,0,,,,,0,,-,,,,0.00,,,,0,0,0,0,0,0,0,0,0,0,0,0,,,,,,
Alex Hale,GB,K,2963565,@MIN,3,11,2,2,N/R,0,,,,,0,,-,,,,0.00,,,,0,0,0,0,0,0,0,0,0,0,0,0,,,,,,
John Parker Romo,ATL,K,2245258,@PIT,2,11,1,1,N/R,0,,,,,0,,-,,,,0.00,,,,0,0,0,0,0,0,0,0,0,0,0,0,,,,,,
Justin Tucker,BAL,K,1985374,@IND,31,13,1,1,N/R,0,,,,,0,,-,,,,0.00,,,,0,0,0,0,0,0,0,0,0,0,0,0,,,,,,
Corey Acosta,SF,K,2176444,@LAR,18,8,1,1,N/R,0,,,,,0,,-,,,,0.00,,,,0,0,0,0,0,0,0,0,0,0,0,0,,,,,,
Anders Carlson,NYJ,K,2866578,@TEN,16,13,1,1,N/R,0,,,,,0,,-,,,,0.00,,,,0,0,0,0,0,0,0,0,0,0,0,0,,,,,,
Cade York,NYJ,K,3121034,@TEN,16,13,2,2,N/R,0,,,,,0,,-,,,,0.00,,,,0,0,0,0,0,0,0,0,0,0,0,0,,,,,,
Jude McAtamney,NYG,K,28922958,DAL,30,8,1,1,N/R,0,,,,,0,,-,,,,0.00,,,,0,0,0,0,0,0,0,0,0,0,0,0,,,,,,
Zane Gonzalez,MIA,K,2061033,@LV,7,6,1,1,N/R,0,,,,,0,,-,,,,0.00,,,,0,0,0,0,0,0,0,0,0,0,0,0,,,,,,
Mark McNamee,GB,K,50008565,@MIN,3,11,1,1,N/R,0,,,,,0,,-,,,,0.00,,,,0,0,0,0,0,0,0,0,0,0,0,0,,,,,,
Christopher Dunn,LAR,K,2963497,SF,6,11,1,1,N/R,0,,,,,0,,-,,,,0.00,,,,0,0,0,0,0,0,0,0,0,0,0,0,,,,,,
Jake Verity,TB,K,2247367,@CIN,19,10,1,1,N/R,0,,,,,0,,-,,,,0.00,,,,0,0,0,0,0,0,0,0,0,0,0,0,,,,,,
Laith Marjan,PIT,K,26693647,ATL,12,9,1,1,N/R,0,,,,,0,,-,,,,0.00,,,,0,0,0,0,0,0,0,0,0,0,0,0,,,,,,
Jonathan Kim,CHI,K,3126558,@CAR,32,10,1,1,N/R,0,,,,,0,,-,,,,0.00,,,,0,0,0,0,0,0,0,0,0,0,0,0,,,,,,
James McCourt,LV,K,2247018,MIA,23,13,1,1,N/R,0,,,,,0,,-,,,,0.00,,,,0,0,0,0,0,0,0,0,0,0,0,0,,,,,,
Lucas Havrisik,GB,K,2870581,@MIN,3,11,1,1,N/R,0,,,,,0,,-,,,,0.00,,,,0,0,0,0,0,0,0,0,0,0,0,0,,,,,,
Greg Zuerlein,NYJ,K,1971893,@TEN,16,13,1,1,N/R,0,,,,,0,,-,,,,0.00,,,,0,0,0,0,0,0,0,0,0,0,0,0,,,,,,
Jose Borregales,TB,K,2262788,@CIN,19,10,1,1,N/R,0,,,,,0,,-,,,,0.00,,,,0,0,0,0,0,0,0,0,0,0,0,0,,,,,,
Austin Seibert,WAS,K,2179668,@PHI,5,7,1,1,N/R,0,,,,,0,,-,,,,0.00,,,,0,0,0,0,0,0,0,0,0,0,0,0,,,,,,
Jaden Oberkrom,CLE,K,1996859,@JAC,8,11,1,1,N/R,0,,,,,0,,-,,,,0.00,,,,0,0,0,0,0,0,0,0,0,0,0,0,,,,,,
James Turner,GB,K,3133204,@MIN,3,11,1,1,N/R,0,,,,,0,,-,,,,0.00,,,,0,0,0,0,0,0,0,0,0,0,0,0,,,,,,
Andrew Furney,NYJ,K,2135490,@TEN,16,13,1,1,N/R,0,,,,,0,,-,,,,0.00,,,,0,0,0,0,0,0,0,0,0,0,0,0,,,,,,
Jared Roberts,FA,K,2008709,BYE,---,0,1,1,N/R,0,,,,,0,,-,,,,0.00,,,,0,0,0,0,0,0,0,0,0,0,0,0,,,,,,
Trey Wolff,TEN,K,2962857,NYJ,10,9,1,1,N/R,0,,,,,0,,-,,,,0.00,,,,0,0,0,0,0,0,0,0,0,0,0,0,,,,,,
JJ Molson,GB,K,2240197,@MIN,3,11,1,1,N/R,0,,,,,0,,-,,,,0.00,,,,0,0,0,0,0,0,0,0,0,0,0,0,,,,,,
John Hoyland,BAL,K,3174826,@IND,31,13,1,1,N/R,0,,,,,0,,-,,,,0.00,,,,0,0,0,0,0,0,0,0,0,0,0,0,,,,,,
Chris Freeman,HOU,K,3169797,BUF,25,8,1,1,N/R,0,,,,,0,,-,,,,0.00,,,,0,0,0,0,0,0,0,0,0,0,0,0,,,,,,
Quinn Nordin,NE,K,2260323,@SEA,9,11,2,1,N/R,0,,,,,0,,-,,,,0.00,,,,0,0,0,0,0,0,0,0,0,0,0,0,,,,,,
Lenny Krieg,GB,K,29711189,@MIN,3,11,1,1,N/R,0,,,,,0,,-,,,,0.00,,,,0,0,0,0,0,0,0,0,0,0,0,0,,,,,,
Jack Podlesny,GB,K,2975696,@MIN,3,11,1,1,N/R,0,,,,,0,,-,,,,0.00,,,,0,0,0,0,0,0,0,0,0,0,0,0,,,,,,
John Baron,CHI,K,2144875,@CAR,32,10,1,1,N/R,0,,,,,0,,-,,,,0.00,,,,0,0,0,0,0,0,0,0,0,0,0,0,,,,,,
Graham Gano,NYG,K,558839,DAL,30,8,1,1,N/R,0,,,,,0,,-,,,,0.00,,,,0,0,0,0,0,0,0,0,0,0,0,0,,,,,,
Justin Rohrwasser,NE,K,2194734,@SEA,9,11,1,1,N/R,0,,,,,0,,-,,,,0.00,,,,0,0,0,0,0,0,0,0,0,0,0,0,,,,,,
Ben Sauls,NYG,K,3169819,DAL,30,8,1,1,N/R,0,,,,,0,,-,,,,0.00,,,,0,0,0,0,0,0,0,0,0,0,0,0,,,,,,
B.T. Potter,TB,K,2962281,@CIN,19,10,1,1,N/R,0,,,,,0,,-,,,,0.00,,,,0,0,0,0,0,0,0,0,0,0,0,0,,,,,,
Matthew Trickett,ATL,K,2961405,@PIT,2,11,1,1,N/R,0,,,,,0,,-,,,,0.00,,,,0,0,0,0,0,0,0,0,0,0,0,0,,,,,,
Parker White,GB,K,2758258,@MIN,3,11,1,1,N/R,0,,,,,0,,-,,,,0.00,,,,0,0,0,0,0,0,0,0,0,0,0,0,,,,,,
Clayton Hatfield,IND,K,3116797,BAL,15,13,1,1,N/R,0,,,,,0,,-,,,,0.00,,,,0,0,0,0,0,0,0,0,0,0,0,0,,,,,,
Jonathan Garibay,DAL,K,3127678,@NYG,11,14,2,2,N/R,0,,,,,0,,-,,,,0.00,,,,0,0,0,0,0,0,0,0,0,0,0,0,,,,,,
Kansei Matsuzawa,LV,K,29154102,MIA,23,13,1,1,N/R,0,,,,,0,,-,,,,0.00,,,,0,0,0,0,0,0,0,0,0,0,0,0,,,,,,
Anthony Fera,FA,K,1664152,BYE,---,0,1,1,N/R,0,,,,,0,,-,,,,0.00,,,,0,0,0,0,0,0,0,0,0,0,0,0,,,,,,
Mike Badgley,BUF,K,2925140,@HOU,17,7,1,1,N/R,0,,,,,0,,-,,,,0.00,,,,0,0,0,0,0,0,0,0,0,0,0,0,,,,,,
Caden Davis,BUF,K,3124063,@HOU,17,7,1,1,N/R,0,,,,,0,,-,,,,0.00,,,,0,0,0,0,0,0,0,0,0,0,0,0,,,,,,
Charlie Smyth,NO,K,29375393,@DET,21,8,3,1,N/R,0,,,,,0,,-,,,,0.00,,,,0,0,0,0,0,0,0,0,0,0,0,0,,,,,,
Dan Conroy,FA,K,1631001,BYE,---,0,1,1,N/R,0,,,,,0,,-,,,,0.00,,,,0,0,0,0,0,0,0,0,0,0,0,0,,,,,,
Blake Grupe,NYJ,K,2876348,@TEN,16,13,13,7,N/R,0,,,,,0,,-,,,,0.00,,,,0,0,0,0,0,0,0,0,0,0,0,0,,,,,,
Mason Shipley,NO,K,26731594,@DET,21,8,1,1,N/R,0,,,,,0,,-,,,,0.00,,,,0,0,0,0,0,0,0,0,0,0,0,0,,,,,,
Younghoe Koo,NYJ,K,2820093,@TEN,16,13,1,1,N/R,0,,,,,0,,-,,,,0.00,,,,0,0,0,0,0,0,0,0,0,0,0,0,,,,,,
Alex Quevedo,NO,K,29090668,@DET,21,8,1,1,N/R,0,,,,,0,,-,,,,0.00,,,,0,0,0,0,0,0,0,0,0,0,0,0,,,,,,
Andrew Mevis,JAC,K,2820471,CLE,28,7,2,2,N/R,0,,,,,0,,-,,,,0.00,,,,0,0,0,0,0,0,0,0,0,0,0,0,,,,,,
Austin MacGinnis,LAR,K,3158715,SF,6,11,2,2,N/R,0,,,,,0,,-,,,,0.00,,,,0,0,0,0,0,0,0,0,0,0,0,0,,,,,,
Blake Haubeil,CAR,K,2826774,CHI,29,5,1,1,N/R,0,,,,,0,,-,,,,0.00,,,,0,0,0,0,0,0,0,0,0,0,0,0,,,,,,
Dustin Hopkins,CLE,K,1664151,@JAC,8,11,1,1,N/R,0,,,,,0,,-,,,,0.00,,,,0,0,0,0,0,0,0,0,0,0,0,0,,,,,,
Greg Joseph,LV,K,2926810,MIA,23,13,1,1,N/R,0,,,,,0,,-,,,,0.00,,,,0,0,0,0,0,0,0,0,0,0,0,0,,,,,,
Tucker McCann,TEN,K,3161134,NYJ,10,9,1,1,N/R,0,,,,,0,,-,,,,0.00,,,,0,0,0,0,0,0,0,0,0,0,0,0,,,,,,
Brandon McManus,GB,K,2058320,@MIN,3,11,1,1,N/R,0,,,,,0,,-,,,,0.00,,,,0,0,0,0,0,0,0,0,0,0,0,0,,,,,,
Anthony Cantele,FA,K,1679724,BYE,---,0,1,1,N/R,0,,,,,0,,-,,,,0.00,,,,0,0,0,0,0,0,0,0,0,0,0,0,,,,,,
Matthew Wright,BUF,K,3116875,@HOU,17,7,1,1,N/R,0,,,,,0,,-,,,,0.00,,,,0,0,0,0,0,0,0,0,0,0,0,0,,,,,,
Steelers,PIT,DST,1922,ATL,32,9,93,82,,,,,1,2,,,238.00,,,13.00,238,,,10.00,,,,,,,,,,,,,4,0,0,0,13,10.00
Bengals,CIN,DST,1907,TB,31,6,9,4,,,,,1,0,,,282.00,,,21.00,282,,,7.00,,,,,,,,,,,,,4,4,0,0,21,7.00
Jaguars,JAC,DST,1913,CLE,30,7,88,77,,,,,0,1,,,272.00,,,10.00,272,,,6.50,,,,,,,,,,,,,5,1,1,0,10,6.50
Raiders,LV,DST,1920,MIA,29,13,10,7,,,,,0,1,,,259.00,,,13.00,259,,,6.50,,,,,,,,,,,,,5,1,1,0,13,6.50
Seahawks,SEA,DST,1926,NE,28,11,100,95,,,,,0,3,,,277.00,,,10.00,277,,,6.00,,,,,,,,,,,,,3,0,0,0,10,6.00
Chiefs,KC,DST,1914,DEN,27,5,35,18,,,,,0,1,,,176.00,,,10.00,176,,,6.00,,,,,,,,,,,,,4,1,1,0,10,6.00
Cardinals,ARI,DST,1901,@LAC,26,14,4,3,,,,,0,1,,,268.00,,,14.00,268,,,5.50,,,,,,,,,,,,,3,1,3,0,14,5.50
Buccaneers,TB,DST,1927,@CIN,23,10,14,7,,,,,1,1,,,351.00,,,27.00,351,,,5.00,,,,,,,,,,,,,1,0,0,0,27,5.00
49ers,SF,DST,1925,@LAR,24,8,20,9,,,,,0,1,,,290.00,,,7.00,290,,,5.00,,,,,,,,,,,,,0,1,2,0,7,5.00
Jets,NYJ,DST,1919,@TEN,25,13,7,5,,,,,0,0,,,195.00,,,10.00,195,,,5.00,,,,,,,,,,,,,3,1,0,0,10,5.00
Patriots,NE,DST,1931,@SEA,22,11,81,60,,,,,0,0,,,285.00,,,13.00,285,,,4.00,,,,,,,,,,,,,2,0,0,0,13,4.00
Lions,DET,DST,1910,NO,21,6,58,44,,,,,0,2,,,469.00,,,30.00,469,,,4.00,,,,,,,,,,,,,5,1,0,0,30,4.00
Vikings,MIN,DST,1916,GB,20,6,92,76,,,,,0,1,,,419.00,,,22.00,419,,,3.00,,,,,,,,,,,,,4,1,2,0,22,3.00
Bears,CHI,DST,1906,@CAR,19,10,25,15,,,,,0,1,,,478.00,,,37.00,478,,,2.50,,,,,,,,,,,,,2,2,1,0,37,2.50
Bills,BUF,DST,1904,@HOU,17,7,34,16,,,,,0,0,,,381.00,,,31.00,381,,,2.50,,,,,,,,,,,,,3,2,0,0,31,2.50
Falcons,ATL,DST,1902,@PIT,18,11,34,21,,,,,0,0,,,264.00,,,14.00,264,,,2.50,,,,,,,,,,,,,2,1,2,0,14,2.50
Packers,GB,DST,1911,@MIN,16,11,44,31,,,,,0,1,,,239.00,,,39.00,239,,,2.00,,,,,,,,,,,,,3,0,0,0,39,2.00
Ravens,BAL,DST,1903,@IND,15,13,83,65,,,,,0,1,,,251.00,,,23.00,251,,,2.00,,,,,,,,,,,,,2,1,1,0,23,2.00
Colts,IND,DST,1912,BAL,13,13,9,3,,,,,0,0,,,506.00,,,41.00,506,,,1.50,,,,,,,,,,,,,2,1,1,0,41,1.50
Broncos,DEN,DST,1909,@KC,11,10,100,93,,,,,0,1,,,392.00,,,31.00,392,,,1.50,,,,,,,,,,,,,2,0,1,0,31,1.50
Cowboys,DAL,DST,1908,@NYG,10,14,33,19,,,,,0,0,,,394.00,,,28.00,394,,,1.50,,,,,,,,,,,,,2,1,0,0,28,1.50
Commanders,WAS,DST,1929,@PHI,14,7,5,2,,,,,0,0,,,318.00,,,24.00,318,,,1.50,,,,,,,,,,,,,3,0,0,0,24,1.50
Panthers,CAR,DST,1905,CHI,9,5,5,2,,,,,0,0,,,552.00,,,59.00,552,,,1.50,,,,,,,,,,,,,2,1,1,0,59,1.50
Giants,NYG,DST,1918,DAL,12,8,16,7,,,,,0,1,,,244.00,,,20.00,244,,,1.50,,,,,,,,,,,,,0,0,0,0,20,1.50
Texans,HOU,DST,1932,BUF,6,8,100,89,,,,,0,0,,,409.00,,,36.00,409,,,1.00,,,,,,,,,,,,,2,0,1,0,36,1.00
Saints,NO,DST,1917,@DET,8,8,21,8,,,,,0,0,,,369.00,,,31.00,369,,,1.00,,,,,,,,,,,,,1,1,0,0,31,1.00
Dolphins,MIA,DST,1915,@LV,7,6,8,5,,,,,0,2,,,290.00,,,27.00,290,,,1.00,,,,,,,,,,,,,0,0,0,0,27,1.00
Chargers,LAC,DST,1924,ARI,4,7,91,85,,,,,0,0,,,393.00,,,26.00,393,,,0.50,,,,,,,,,,,,,1,0,0,0,26,0.50
Eagles,PHI,DST,1921,WAS,2,10,98,93,,,,,0,0,,,295.00,,,22.00,295,,,0.50,,,,,,,,,,,,,1,0,0,0,22,0.50
Rams,LAR,DST,1923,SF,5,11,99,90,,,,,0,1,,,379.00,,,27.00,379,,,0.50,,,,,,,,,,,,,0,0,0,0,27,0.50
Browns,CLE,DST,1930,@JAC,3,11,25,11,,,,,0,0,,,360.00,,,34.00,360,,,0.50,,,,,,,,,,,,,1,0,0,0,34,0.50
Titans,TEN,DST,1928,NYJ,1,9,14,10,,,,,0,0,,,367.00,,,23.00,367,,,0.00,,,,,,,,,,,,,0,0,0,0,23,0.00
