player,team,pos,cbs_id,Opp,OVP,Bye,Rost,Start,Expert,ATT,Comp,Yds,TD,Int,Att,Yds_2,Avg,TD_2,Lost,Avg_2,Total,Tar,Rec,Avg_3,FG,FG_2,FG_3,ATT_2,FG_4,Att_2,FG_5,Att_3,FG_6,Att_4,XP,Att_5,SACK,Fum,DWN,STY,Total_2,Total_3
Josh Allen,BUF,QB,2181054,NE,7,7,100,99,1,86,56,786,5,2,28,114,4.1,6,1,9.33,28,,,,,,,,,,,,,,,,,,,,,
Brock Purdy,SF,QB,2961306,DEN,22,8,100,78,4,83,60,789,9,1,10,93,9.3,1,0,8.33,25,,,,,,,,,,,,,,,,,,,,,
Bryce Young,CAR,QB,3161957,DET,32,5,92,58,11,121,72,939,7,2,3,16,5.3,1,0,6.67,20,,,,,,,,,,,,,,,,,,,,,
Tyler Shough,NO,QB,2964064,ATL,24,8,98,77,2,132,91,917,8,3,14,67,4.8,1,3,6.67,20,,,,,,,,,,,,,,,,,,,,,
Matthew Stafford,LAR,QB,1114942,@PHI,20,11,97,47,10,111,67,872,6,4,8,11,1.4,0,0,6.33,19,,,,,,,,,,,,,,,,,,,,,
Jordan Love,GB,QB,2239997,@TB,5,11,89,40,13,124,65,844,6,2,2,0,0.0,0,1,5.67,17,,,,,,,,,,,,,,,,,,,,,
Lamar Jackson,BAL,QB,2181169,TEN,1,13,100,94,3,76,53,745,4,1,17,124,7.3,1,1,5.33,16,,,,,,,,,,,,,,,,,,,,,
Jared Goff,DET,QB,2061053,@CAR,18,6,98,69,7,109,77,802,8,0,9,15,1.7,0,0,5.33,16,,,,,,,,,,,,,,,,,,,,,
Dak Prescott,DAL,QB,1824864,@HOU,27,14,100,75,8,105,73,730,7,1,10,59,5.9,0,0,5.33,16,,,,,,,,,,,,,,,,,,,,,
Joe Burrow,CIN,QB,2179798,JAC,12,6,100,79,5,103,73,743,6,1,8,32,4.0,0,1,5.33,16,,,,,,,,,,,,,,,,,,,,,
Deshaun Watson,CLE,QB,2133482,PIT,6,11,28,10,23,82,56,587,5,1,24,105,4.4,0,0,5.33,16,,,,,,,,,,,,,,,,,,,,,
Kirk Cousins,LV,QB,1272574,KC,4,13,39,14,18,92,62,661,9,3,12,-2,-0.2,0,0,5.00,15,,,,,,,,,,,,,,,,,,,,,
Patrick Mahomes,KC,QB,2142052,@LV,13,5,99,85,6,98,67,812,7,2,10,41,4.1,1,0,5.00,15,,,,,,,,,,,,,,,,,,,,,
Jalen Hurts,PHI,QB,2240246,LAR,9,10,99,65,12,87,56,620,5,3,16,87,5.4,1,0,4.33,13,,,,,,,,,,,,,,,,,,,,,
Geno Smith,NYJ,QB,1700358,@CHI,10,13,22,9,17,102,77,783,4,0,13,36,2.8,0,1,4.33,13,,,,,,,,,,,,,,,,,,,,,
Trevor Lawrence,JAC,QB,2967185,@CIN,28,7,100,75,9,81,54,616,7,2,8,34,4.2,0,0,4.33,13,,,,,,,,,,,,,,,,,,,,,
Malik Willis,MIA,QB,2804167,@MIN,14,6,34,4,N/R,86,49,627,1,2,17,101,5.9,1,1,4.00,12,,,,,,,,,,,,,,,,,,,,,
Caleb Williams,CHI,QB,26695775,NYJ,2,10,98,2,N/R,55,36,407,2,1,15,107,7.1,2,0,6.00,12,,,,,,,,,,,,,,,,,,,,,
Drew Lock,SEA,QB,2185479,LAC,23,11,5,1,N/R,48,35,422,4,0,2,13,6.5,0,0,6.00,12,,,,,,,,,,,,,,,,,,,,,
Aaron Rodgers,PIT,QB,419780,@CLE,15,9,16,3,N/R,113,66,700,4,2,7,12,1.7,0,1,3.67,11,,,,,,,,,,,,,,,,,,,,,
Bo Nix,DEN,QB,3121193,@SF,8,10,83,23,20,93,56,605,4,3,12,15,1.2,1,1,3.33,10,,,,,,,,,,,,,,,,,,,,,
C.J. Stroud,HOU,QB,3163079,DAL,25,8,79,42,21,120,72,794,3,0,7,54,7.7,0,2,3.00,9,,,,,,,,,,,,,,,,,,,,,
Jacoby Brissett,ARI,QB,1877247,@NYG,17,14,41,19,15,117,82,652,4,1,11,25,2.3,1,0,3.00,9,,,,,,,,,,,,,,,,,,,,,
Baker Mayfield,TB,QB,2080032,GB,19,10,58,4,N/R,96,61,615,2,2,11,65,5.9,1,3,3.00,9,,,,,,,,,,,,,,,,,,,,,
Sam Darnold,SEA,QB,2180320,LAC,23,11,78,33,16,47,32,392,4,2,1,5,5.0,0,0,4.00,8,,,,,,,,,,,,,,,,,,,,,
Case Keenum,CHI,QB,1137118,NYJ,2,10,13,7,N/R,34,24,247,2,0,4,6,1.5,1,0,7.00,7,,,,,,,,,,,,,,,,,,,,,
Carson Wentz,MIN,QB,1907522,MIA,21,6,4,1,N/R,39,23,276,3,0,8,5,0.6,0,0,3.50,7,,,,,,,,,,,,,,,,,,,,,
Marcus Mariota,WAS,QB,1880862,IND,30,7,13,6,14,47,30,294,4,0,6,14,2.3,0,0,3.00,6,,,,,,,,,,,,,,,,,,,,,
Justin Herbert,LAC,QB,2221960,@SEA,3,7,86,22,N/R,88,52,627,3,4,12,48,4.0,0,0,1.67,5,,,,,,,,,,,,,,,,,,,,,
Daniel Jones,IND,QB,2179245,@WAS,31,13,44,14,22,98,65,611,3,3,7,19,2.7,0,2,1.67,5,,,,,,,,,,,,,,,,,,,,,
Jaxson Dart,NYG,QB,26694019,ARI,29,8,28,1,N/R,34,26,250,3,0,11,54,4.9,0,0,2.50,5,,,,,,,,,,,,,,,,,,,,,
Cam Ward,TEN,QB,3168422,@BAL,11,9,24,5,N/R,88,55,504,2,1,9,30,3.3,2,0,1.33,4,,,,,,,,,,,,,,,,,,,,,
Michael Penix Jr.,ATL,QB,2963496,@NO,16,11,22,6,N/R,25,18,256,1,1,2,-2,-1.0,0,0,4.00,4,,,,,,,,,,,,,,,,,,,,,
Drake Maye,NE,QB,26695757,@BUF,26,11,92,30,24,80,51,585,1,6,15,82,5.5,0,1,1.33,4,,,,,,,,,,,,,,,,,,,,,
Jayden Daniels,WAS,QB,3123337,IND,30,7,89,4,N/R,51,29,260,3,0,12,100,8.3,0,0,1.50,3,,,,,,,,,,,,,,,,,,,,,
Kyler Murray,MIN,QB,2180829,MIA,21,6,80,39,19,34,18,186,1,2,4,26,6.5,0,0,1.50,3,,,,,,,,,,,,,,,,,,,,,
Cooper Rush,ATL,QB,2000176,@NO,16,11,1,1,N/R,39,22,229,1,4,2,20,10.0,0,1,1.00,2,,,,,,,,,,,,,,,,,,,,,
Tanner Morgan,MIN,QB,2804401,MIA,21,6,1,1,N/R,0,0,0,0,0,0,0,0.0,0,0,-,0,,,,,,,,,,,,,,,,,,,,,
Hendon Hooker,TEN,QB,2805110,@BAL,11,9,1,0,N/R,0,0,0,0,0,0,0,0.0,0,0,-,0,,,,,,,,,,,,,,,,,,,,,
Fernando Mendoza,LV,QB,28916321,KC,4,13,19,1,N/R,0,0,0,0,0,0,0,0.0,0,0,-,0,,,,,,,,,,,,,,,,,,,,,
Matt Corral,MIN,QB,2961962,MIA,21,6,1,1,N/R,0,0,0,0,0,0,0,0.0,0,0,-,0,,,,,,,,,,,,,,,,,,,,,
Sam Hartman,WAS,QB,2965037,IND,30,7,1,0,N/R,0,0,0,0,0,0,0,0.0,0,0,-,0,,,,,,,,,,,,,,,,,,,,,
Chase Garbers,LV,QB,2770158,KC,4,13,1,1,N/R,0,0,0,0,0,0,0,0.0,0,0,-,0,,,,,,,,,,,,,,,,,,,,,
Trevor Siemian,ATL,QB,2174210,@NO,16,11,1,0,N/R,0,0,0,0,0,0,0,0.0,0,0,-,0,,,,,,,,,,,,,,,,,,,,,
Ben Wooldridge,NE,QB,2965115,@BUF,26,11,1,1,N/R,0,0,0,0,0,0,0,0.0,0,0,-,0,,,,,,,,,,,,,,,,,,,,,
Easton Stick,TB,QB,2137911,GB,19,10,1,1,N/R,0,0,0,0,0,0,0,0.0,0,0,-,0,,,,,,,,,,,,,,,,,,,,,
Jack Coan,IND,QB,2804446,@WAS,31,13,1,1,N/R,0,0,0,0,0,0,0,0.0,0,0,-,0,,,,,,,,,,,,,,,,,,,,,
Derek Carr,NO,QB,1664819,ATL,24,8,1,1,N/R,0,0,0,0,0,0,0,0.0,0,0,-,0,,,,,,,,,,,,,,,,,,,,,
Manny Wilkins,GB,QB,2131504,@TB,5,11,1,1,N/R,0,0,0,0,0,0,0,0.0,0,0,-,0,,,,,,,,,,,,,,,,,,,,,
James Morgan,ARI,QB,2180077,@NYG,17,14,1,1,N/R,0,0,0,0,0,0,0,0.0,0,0,-,0,,,,,,,,,,,,,,,,,,,,,
Will Levis,NYJ,QB,2964377,@CHI,10,13,1,1,N/R,0,0,0,0,0,0,0,0.0,0,0,-,0,,,,,,,,,,,,,,,,,,,,,
Jason Bean,IND,QB,2962302,@WAS,31,13,1,1,N/R,0,0,0,0,0,0,0,0.0,0,0,-,0,,,,,,,,,,,,,,,,,,,,,
Davis Cheek,CAR,QB,2816170,DET,32,5,0,0,N/R,0,0,0,0,0,0,0,0.0,0,0,-,0,,,,,,,,,,,,,,,,,,,,,
Zack Annexstad,TB,QB,2961799,GB,19,10,1,1,N/R,0,0,0,0,0,0,0,0.0,0,0,-,0,,,,,,,,,,,,,,,,,,,,,
John Paddock,ATL,QB,2963887,@NO,16,11,0,0,N/R,0,0,0,0,0,0,0,0.0,0,0,-,0,,,,,,,,,,,,,,,,,,,,,
Kyron Drones,GB,QB,26698149,@TB,5,11,1,0,N/R,0,0,0,0,0,0,0,0.0,0,0,-,0,,,,,,,,,,,,,,,,,,,,,
Shane Buechele,BUF,QB,2240307,NE,7,7,1,0,N/R,0,0,0,0,0,0,0,0.0,0,0,-,0,,,,,,,,,,,,,,,,,,,,,
Drew Anderson,ARI,QB,3117010,@NYG,17,14,1,1,N/R,0,0,0,0,0,0,0,0.0,0,0,-,0,,,,,,,,,,,,,,,,,,,,,
Kyle Sloter,JAC,QB,2820013,@CIN,28,7,1,1,N/R,0,0,0,0,0,0,0,0.0,0,0,-,0,,,,,,,,,,,,,,,,,,,,,
Jake Haener,NYG,QB,2815170,ARI,29,8,1,1,N/R,0,0,0,0,0,0,0,0.0,0,0,-,0,,,,,,,,,,,,,,,,,,,,,
Ben DiNucci,DEN,QB,2179411,@SF,8,10,1,1,N/R,0,0,0,0,0,0,0,0.0,0,0,-,0,,,,,,,,,,,,,,,,,,,,,
Tim Boyle,TEN,QB,2071997,@BAL,11,9,1,0,N/R,0,0,0,0,0,0,0,0.0,0,0,-,0,,,,,,,,,,,,,,,,,,,,,
Josh Johnson,CIN,QB,1325808,JAC,12,6,1,1,N/R,0,0,0,0,0,0,0,0.0,0,0,-,0,,,,,,,,,,,,,,,,,,,,,
Joe Flacco,CIN,QB,1250697,JAC,12,6,2,1,N/R,0,0,0,0,0,0,0,0.0,0,0,0.00,0,,,,,,,,,,,,,,,,,,,,,
Cody Fajardo,LV,QB,1749732,KC,4,13,1,1,N/R,0,0,0,0,0,0,0,0.0,0,0,-,0,,,,,,,,,,,,,,,,,,,,,
Teddy Bridgewater,DET,QB,1825122,@CAR,18,6,1,1,N/R,0,0,0,0,0,0,0,0.0,0,0,-,0,,,,,,,,,,,,,,,,,,,,,
Kelly Bryant,FA,QB,2179210,BYE,---,0,1,1,N/R,0,0,0,0,0,0,0,0.0,0,0,-,0,,,,,,,,,,,,,,,,,,,,,
Sean Clifford,CIN,QB,2868998,JAC,12,6,1,0,N/R,0,0,0,0,0,0,0,0.0,0,0,-,0,,,,,,,,,,,,,,,,,,,,,
Dorian Thompson-Robinson,PHI,QB,2964729,LAR,9,10,1,0,N/R,0,0,0,0,0,0,0,0.0,0,0,-,0,,,,,,,,,,,,,,,,,,,,,
Trey Lance,LAC,QB,2969444,@SEA,3,7,1,1,N/R,0,0,0,0,0,0,0,0.0,0,0,-,0,,,,,,,,,,,,,,,,,,,,,
Chad Kanoff,TB,QB,2092376,GB,19,10,1,1,N/R,0,0,0,0,0,0,0,0.0,0,0,-,0,,,,,,,,,,,,,,,,,,,,,
Jacob Sirmon,CLE,QB,2964138,PIT,6,11,0,0,N/R,0,0,0,0,0,0,0,0.0,0,0,-,0,,,,,,,,,,,,,,,,,,,,,
Emory Jones,ATL,QB,2967045,@NO,16,11,1,1,N/R,0,0,0,0,0,0,0,0.0,0,0,-,0,,,,,,,,,,,,,,,,,,,,,
Justin Fields,KC,QB,1273205,@LV,13,5,2,1,N/R,0,0,0,0,0,0,0,0.0,0,0,0.00,0,,,,,,,,,,,,,,,,,,,,,
Quinn Ewers,JAC,QB,26746721,@CIN,28,7,1,1,N/R,0,0,0,0,0,0,0,0.0,0,0,0.00,0,,,,,,,,,,,,,,,,,,,,,
Felix Harper,CLE,QB,2261052,PIT,6,11,0,0,N/R,0,0,0,0,0,0,0,0.0,0,0,-,0,,,,,,,,,,,,,,,,,,,,,
Cade Klubnik,NYJ,QB,28874636,@CHI,10,13,2,1,N/R,0,0,0,0,0,0,0,0.0,0,0,-,0,,,,,,,,,,,,,,,,,,,,,
Joe Fagnano,BAL,QB,3121127,TEN,1,13,1,1,N/R,0,0,0,0,0,0,0,0.0,0,0,-,0,,,,,,,,,,,,,,,,,,,,,
Jaren Hall,SEA,QB,2975722,LAC,23,11,1,1,N/R,0,0,0,0,0,0,0,0.0,0,0,-,0,,,,,,,,,,,,,,,,,,,,,
Joe Milton III,DAL,QB,2962193,@HOU,27,14,1,1,N/R,0,0,0,0,0,0,0,0.0,0,0,-,0,,,,,,,,,,,,,,,,,,,,,
Matt Johnson,CIN,QB,1851039,JAC,12,6,1,1,N/R,0,0,0,0,0,0,0,0.0,0,0,-,0,,,,,,,,,,,,,,,,,,,,,
Ryan Aplin,FA,QB,1631205,BYE,---,0,1,1,N/R,0,0,0,0,0,0,0,0.0,0,0,-,0,,,,,,,,,,,,,,,,,,,,,
Jamie Newman,PHI,QB,2223214,LAR,9,10,1,1,N/R,0,0,0,0,0,0,0,0.0,0,0,-,0,,,,,,,,,,,,,,,,,,,,,
J.J. McCarthy,NYG,QB,26695214,MIA,21,8,5,1,N/R,0,0,0,0,0,0,0,0.0,0,0,-,0,,,,,,,,,,,,,,,,,,,,,
Stetson Bennett,LAR,QB,2871628,@PHI,20,11,1,1,N/R,3,2,13,0,0,1,9,9.0,0,0,0.00,0,,,,,,,,,,,,,,,,,,,,,
Brandon Peters,LAC,QB,2239738,@SEA,3,7,1,1,N/R,0,0,0,0,0,0,0,0.0,0,0,-,0,,,,,,,,,,,,,,,,,,,,,
Dillon Gabriel,CLE,QB,3121534,PIT,6,11,1,1,N/R,0,0,0,0,0,0,0,0.0,0,0,-,0,,,,,,,,,,,,,,,,,,,,,
Carter Bradley,JAC,QB,2961526,@CIN,28,7,1,0,N/R,0,0,0,0,0,0,0,0.0,0,0,-,0,,,,,,,,,,,,,,,,,,,,,
Sam Howell,DAL,QB,3123797,@HOU,27,14,1,1,N/R,0,0,0,0,0,0,0,0.0,0,0,-,0,,,,,,,,,,,,,,,,,,,,,
Chris Oladokun,KC,QB,2261701,@LV,13,5,1,1,N/R,0,0,0,0,0,0,0,0.0,0,0,-,0,,,,,,,,,,,,,,,,,,,,,
Russell Wilson,NYG,QB,1272242,ARI,29,8,1,1,N/R,0,0,0,0,0,0,0,0.0,0,0,-,0,,,,,,,,,,,,,,,,,,,,,
Luke Altmyer,DET,QB,26701853,@CAR,18,6,1,1,N/R,0,0,0,0,0,0,0,0.0,0,0,-,0,,,,,,,,,,,,,,,,,,,,,
Jalen Morton,IND,QB,3159098,@WAS,31,13,1,1,N/R,0,0,0,0,0,0,0,0.0,0,0,-,0,,,,,,,,,,,,,,,,,,,,,
C.J. Beathard,DET,QB,1998463,@CAR,18,6,1,0,N/R,0,0,0,0,0,0,0,0.0,0,0,-,0,,,,,,,,,,,,,,,,,,,,,
Tim DeMorat,WAS,QB,2966739,IND,30,7,1,1,N/R,0,0,0,0,0,0,0,0.0,0,0,-,0,,,,,,,,,,,,,,,,,,,,,
Kyle Trask,CAR,QB,2221839,DET,32,5,1,0,N/R,0,0,0,0,0,0,0,0.0,0,0,-,0,,,,,,,,,,,,,,,,,,,,,
Phillip Sims,SEA,QB,2175073,LAC,23,11,1,0,N/R,0,0,0,0,0,0,0,0.0,0,0,-,0,,,,,,,,,,,,,,,,,,,,,
Jake Dolegala,MIA,QB,3117019,@MIN,14,6,1,1,N/R,0,0,0,0,0,0,0,0.0,0,0,-,0,,,,,,,,,,,,,,,,,,,,,
Gavin Hardison,MIA,QB,3133986,@MIN,14,6,1,1,N/R,0,0,0,0,0,0,0,0.0,0,0,-,0,,,,,,,,,,,,,,,,,,,,,
E.J. Perry,JAC,QB,2804090,@CIN,28,7,1,1,N/R,0,0,0,0,0,0,0,0.0,0,0,-,0,,,,,,,,,,,,,,,,,,,,,
Anthony Richardson,IND,QB,3163263,@WAS,31,13,2,1,N/R,0,0,0,0,0,0,0,0.0,0,0,-,0,,,,,,,,,,,,,,,,,,,,,
Chase Litton,JAC,QB,2182351,@CIN,28,7,1,0,N/R,0,0,0,0,0,0,0,0.0,0,0,-,0,,,,,,,,,,,,,,,,,,,,,
Tanner Mordecai,SF,QB,2965998,DEN,22,8,1,1,N/R,0,0,0,0,0,0,0,0.0,0,0,-,0,,,,,,,,,,,,,,,,,,,,,
Joshua Dobbs,DET,QB,2071844,@CAR,18,6,1,1,N/R,0,0,0,0,0,0,0,0.0,0,0,-,0,,,,,,,,,,,,,,,,,,,,,
Casey Bauman,LAC,QB,2965414,@SEA,3,7,1,1,N/R,0,0,0,0,0,0,0,0.0,0,0,-,0,,,,,,,,,,,,,,,,,,,,,
Kurtis Rourke,SF,QB,3122216,DEN,22,8,1,1,N/R,0,0,0,0,0,0,0,0.0,0,0,-,0,,,,,,,,,,,,,,,,,,,,,
Jeff Driskel,WAS,QB,1824745,IND,30,7,1,1,N/R,0,0,0,0,0,0,0,0.0,0,0,-,0,,,,,,,,,,,,,,,,,,,,,
J.T. Barrett,PIT,QB,2060760,@CLE,15,9,1,1,N/R,0,0,0,0,0,0,0,0.0,0,0,-,0,,,,,,,,,,,,,,,,,,,,,
Austin Aune,ATL,QB,2053471,@NO,16,11,1,0,N/R,0,0,0,0,0,0,0,0.0,0,0,-,0,,,,,,,,,,,,,,,,,,,,,
Drew Plitt,CIN,QB,2252376,JAC,12,6,1,1,N/R,0,0,0,0,0,0,0,0.0,0,0,-,0,,,,,,,,,,,,,,,,,,,,,
Josh Love,CAR,QB,3159112,DET,32,5,0,0,N/R,0,0,0,0,0,0,0,0.0,0,0,-,0,,,,,,,,,,,,,,,,,,,,,
Joey Aguilar,JAC,QB,29123610,@CIN,28,7,1,1,N/R,0,0,0,0,0,0,0,0.0,0,0,-,0,,,,,,,,,,,,,,,,,,,,,
Athan Kaliakmanis,WAS,QB,26700919,IND,30,7,1,1,N/R,0,0,0,0,0,0,0,0.0,0,0,-,0,,,,,,,,,,,,,,,,,,,,,
Carson Strong,ARI,QB,2963002,@NYG,17,14,1,0,N/R,0,0,0,0,0,0,0,0.0,0,0,-,0,,,,,,,,,,,,,,,,,,,,,
Gardner Minshew,ARI,QB,2183083,@NYG,17,14,1,1,N/R,0,0,0,0,0,0,0,0.0,0,0,-,0,,,,,,,,,,,,,,,,,,,,,
Dresser Winn,LAR,QB,2828767,@PHI,20,11,1,1,N/R,0,0,0,0,0,0,0,0.0,0,0,-,0,,,,,,,,,,,,,,,,,,,,,
Connor Bazelak,TB,QB,3123601,GB,19,10,1,1,N/R,0,0,0,0,0,0,0,0.0,0,0,-,0,,,,,,,,,,,,,,,,,,,,,
Drew Allar,PIT,QB,28876938,@CLE,15,9,3,1,N/R,0,0,0,0,0,0,0,0.0,0,0,-,0,,,,,,,,,,,,,,,,,,,,,
Tanner McKee,PHI,QB,2963945,LAR,9,10,1,1,N/R,0,0,0,0,0,0,0,0.0,0,0,-,0,,,,,,,,,,,,,,,,,,,,,
Shedeur Sanders,CLE,QB,26710004,PIT,6,11,6,1,N/R,1,1,0,0,0,0,0,0.0,0,0,0.00,0,,,,,,,,,,,,,,,,,,,,,
Case Cookus,LAR,QB,2194263,@PHI,20,11,1,1,N/R,0,0,0,0,0,0,0,0.0,0,0,-,0,,,,,,,,,,,,,,,,,,,,,
Jalon Daniels,TB,QB,3166688,GB,19,10,8,2,N/R,3,0,0,0,1,1,9,9.0,0,0,0.00,0,,,,,,,,,,,,,,,,,,,,,
Mac Jones,SF,QB,2741202,DEN,22,8,3,1,N/R,0,0,0,0,0,2,-2,-1.0,0,0,0.00,0,,,,,,,,,,,,,,,,,,,,,
Andy Dalton,PHI,QB,1125961,LAR,9,10,1,1,N/R,1,0,0,0,1,0,0,0.0,0,0,0.00,0,,,,,,,,,,,,,,,,,,,,,
Ty Simpson,LAR,QB,28878532,@PHI,20,11,6,1,N/R,0,0,0,0,0,0,0,0.0,0,0,-,0,,,,,,,,,,,,,,,,,,,,,
Cole McDonald,ARI,QB,2257005,@NYG,17,14,1,0,N/R,0,0,0,0,0,0,0,0.0,0,0,-,0,,,,,,,,,,,,,,,,,,,,,
Seth Henigan,IND,QB,26697328,@WAS,31,13,1,1,N/R,0,0,0,0,0,0,0,0.0,0,0,-,0,,,,,,,,,,,,,,,,,,,,,
Cam Miller,MIA,QB,3175318,@MIN,14,6,1,1,N/R,0,0,0,0,0,0,0,0.0,0,0,-,0,,,,,,,,,,,,,,,,,,,,,
Steven Montez,DET,QB,2185536,@CAR,18,6,1,1,N/R,0,0,0,0,0,0,0,0.0,0,0,-,0,,,,,,,,,,,,,,,,,,,,,
Nick Mullens,JAC,QB,2819104,@CIN,28,7,1,1,N/R,0,0,0,0,0,3,-3,-1.0,0,0,0.00,0,,,,,,,,,,,,,,,,,,,,,
Sam Ehlinger,DEN,QB,2803330,@SF,8,10,1,1,N/R,0,0,0,0,0,0,0,0.0,0,0,-,0,,,,,,,,,,,,,,,,,,,,,
DJ Uiagalelei,LAC,QB,3162292,@SEA,3,7,1,1,N/R,0,0,0,0,0,0,0,0.0,0,0,-,0,,,,,,,,,,,,,,,,,,,,,
Davis Mills,HOU,QB,2867381,DAL,25,8,1,1,N/R,0,0,0,0,0,0,0,0.0,0,0,-,0,,,,,,,,,,,,,,,,,,,,,
Jordan Ta'amu-Perifanos,MIN,QB,2758265,MIA,21,6,1,0,N/R,0,0,0,0,0,0,0,0.0,0,0,-,0,,,,,,,,,,,,,,,,,,,,,
Jameis Winston,NYG,QB,1998197,ARI,29,8,12,3,N/R,49,25,229,0,1,4,15,3.8,0,0,0.00,0,,,,,,,,,,,,,,,,,,,,,
Ryan Williams,GB,QB,2219913,@TB,5,11,1,1,N/R,0,0,0,0,0,0,0,0.0,0,0,-,0,,,,,,,,,,,,,,,,,,,,,
Spencer Rattler,NO,QB,3125863,ATL,24,8,1,1,N/R,0,0,0,0,0,0,0,0.0,0,0,-,0,,,,,,,,,,,,,,,,,,,,,
Devin Leary,BAL,QB,2964337,TEN,1,13,1,0,N/R,0,0,0,0,0,0,0,0.0,0,0,-,0,,,,,,,,,,,,,,,,,,,,,
Taylor Elgersma,GB,QB,29675766,@TB,5,11,1,1,N/R,0,0,0,0,0,0,0,0.0,0,0,-,0,,,,,,,,,,,,,,,,,,,,,
Taylen Green,CLE,QB,26697553,PIT,6,11,1,1,N/R,0,0,0,0,0,0,0,0.0,0,0,-,0,,,,,,,,,,,,,,,,,,,,,
Will Howard,PIT,QB,3162310,@CLE,15,9,1,1,N/R,0,0,0,0,0,0,0,0.0,0,0,-,0,,,,,,,,,,,,,,,,,,,,,
Taryn Christion,PIT,QB,2183276,@CLE,15,9,1,0,N/R,0,0,0,0,0,0,0,0.0,0,0,-,0,,,,,,,,,,,,,,,,,,,,,
Reid Sinnett,CIN,QB,3159194,JAC,12,6,1,1,N/R,0,0,0,0,0,0,0,0.0,0,0,-,0,,,,,,,,,,,,,,,,,,,,,
Tyson Bagent,CHI,QB,29081346,NYJ,2,10,4,1,N/R,9,5,54,0,0,0,0,0.0,0,0,0.00,0,,,,,,,,,,,,,,,,,,,,,
Hunter Dekkers,NO,QB,3164837,ATL,24,8,1,1,N/R,0,0,0,0,0,0,0,0.0,0,0,-,0,,,,,,,,,,,,,,,,,,,,,
Jimmy Garoppolo,LAR,QB,1760229,@PHI,20,11,1,1,N/R,0,0,0,0,0,0,0,0.0,0,0,-,0,,,,,,,,,,,,,,,,,,,,,
Nate Sudfeld,SF,QB,2001862,DEN,22,8,1,0,N/R,0,0,0,0,0,0,0,0.0,0,0,-,0,,,,,,,,,,,,,,,,,,,,,
Clayton Tune,GB,QB,2964808,@TB,5,11,1,1,N/R,0,0,0,0,0,0,0,0.0,0,0,-,0,,,,,,,,,,,,,,,,,,,,,
Cole Kelley,WAS,QB,2247069,IND,30,7,1,1,N/R,0,0,0,0,0,0,0,0.0,0,0,-,0,,,,,,,,,,,,,,,,,,,,,
Griffin Neal,NO,QB,2233463,ATL,24,8,1,0,N/R,0,0,0,0,0,0,0,0.0,0,0,-,0,,,,,,,,,,,,,,,,,,,,,
Tommy DeVito,NE,QB,2865426,@BUF,26,11,1,1,N/R,5,3,30,0,0,1,2,2.0,0,0,0.00,0,,,,,,,,,,,,,,,,,,,,,
Danny Etling,GB,QB,2060804,@TB,5,11,1,1,N/R,0,0,0,0,0,0,0,0.0,0,0,-,0,,,,,,,,,,,,,,,,,,,,,
Holton Ahlers,SEA,QB,2962387,LAC,23,11,1,1,N/R,0,0,0,0,0,0,0,0.0,0,0,-,0,,,,,,,,,,,,,,,,,,,,,
Brett Rypien,HOU,QB,2181392,DAL,25,8,1,0,N/R,0,0,0,0,0,0,0,0.0,0,0,-,0,,,,,,,,,,,,,,,,,,,,,
Josh Woodrum,WAS,QB,1893731,IND,30,7,1,1,N/R,0,0,0,0,0,0,0,0.0,0,0,-,0,,,,,,,,,,,,,,,,,,,,,
Graham Mertz,HOU,QB,3122664,DAL,25,8,1,1,N/R,0,0,0,0,0,0,0,0.0,0,0,-,0,,,,,,,,,,,,,,,,,,,,,
Mike White,CAR,QB,2072143,DET,32,5,1,0,N/R,0,0,0,0,0,0,0,0.0,0,0,-,0,,,,,,,,,,,,,,,,,,,,,
Miller Moss,CHI,QB,26696204,NYJ,2,10,1,1,N/R,0,0,0,0,0,0,0,0.0,0,0,-,0,,,,,,,,,,,,,,,,,,,,,
Logan Woodside,ARI,QB,2060999,@NYG,17,14,1,0,N/R,0,0,0,0,0,0,0,0.0,0,0,-,0,,,,,,,,,,,,,,,,,,,,,
Philip Rivers,IND,QB,493041,@WAS,31,13,1,1,N/R,0,0,0,0,0,0,0,0.0,0,0,-,0,,,,,,,,,,,,,,,,,,,,,
Levi Lewis,SEA,QB,2819874,LAC,23,11,1,0,N/R,0,0,0,0,0,0,0,0.0,0,0,-,0,,,,,,,,,,,,,,,,,,,,,
Ryan Willis,CHI,QB,2179571,NYJ,2,10,0,0,N/R,0,0,0,0,0,0,0,0.0,0,0,-,0,,,,,,,,,,,,,,,,,,,,,
Cole Payton,PHI,QB,26725861,LAR,9,10,1,0,N/R,0,0,0,0,0,0,0,0.0,0,0,-,0,,,,,,,,,,,,,,,,,,,,,
Kenji Bahar,BAL,QB,2182974,TEN,1,13,1,1,N/R,0,0,0,0,0,0,0,0.0,0,0,-,0,,,,,,,,,,,,,,,,,,,,,
Brandon Bridge,FA,QB,1776297,BYE,---,0,1,1,N/R,0,0,0,0,0,0,0,0.0,0,0,-,0,,,,,,,,,,,,,,,,,,,,,
Bryce Perkins,CAR,QB,3159114,DET,32,5,1,1,N/R,0,0,0,0,0,0,0,0.0,0,0,-,0,,,,,,,,,,,,,,,,,,,,,
Austin Reed,BAL,QB,2967693,TEN,1,13,1,0,N/R,0,0,0,0,0,0,0,0.0,0,0,-,0,,,,,,,,,,,,,,,,,,,,,
Brian Lewerke,NYG,QB,2186429,ARI,29,8,0,0,N/R,0,0,0,0,0,0,0,0.0,0,0,-,0,,,,,,,,,,,,,,,,,,,,,
Behren Morton,NE,QB,26696177,@BUF,26,11,1,0,N/R,0,0,0,0,0,0,0,0.0,0,0,-,0,,,,,,,,,,,,,,,,,,,,,
Carson Beck,ARI,QB,3163129,@NYG,17,14,5,1,N/R,0,0,0,0,0,0,0,0.0,0,0,-,0,,,,,,,,,,,,,,,,,,,,,
Zach Wilson,NO,QB,2960892,ATL,24,8,1,1,N/R,0,0,0,0,0,0,0,0.0,0,0,-,0,,,,,,,,,,,,,,,,,,,,,
Nick Fitzgerald,TB,QB,2131743,GB,19,10,1,1,N/R,0,0,0,0,0,0,0,0.0,0,0,-,0,,,,,,,,,,,,,,,,,,,,,
Mark Gronowski,HOU,QB,26719097,DAL,25,8,1,1,N/R,0,0,0,0,0,0,0,0.0,0,0,-,0,,,,,,,,,,,,,,,,,,,,,
Ethan Garbers,CAR,QB,3162542,DET,32,5,1,1,N/R,0,0,0,0,0,0,0,0.0,0,0,-,0,,,,,,,,,,,,,,,,,,,,,
Diego Pavia,BAL,QB,28873851,TEN,1,13,1,1,N/R,0,0,0,0,0,0,0,0.0,0,0,-,0,,,,,,,,,,,,,,,,,,,,,
Jack Strand,ATL,QB,50048640,@NO,16,11,1,1,N/R,15,8,59,0,1,2,16,8.0,0,1,0.00,0,,,,,,,,,,,,,,,,,,,,,
Adrian Martinez,SF,QB,2966360,DEN,22,8,1,0,N/R,0,0,0,0,0,0,0,0.0,0,0,-,0,,,,,,,,,,,,,,,,,,,,,
Jarrett Guarantano,DEN,QB,2247508,@SF,8,10,1,1,N/R,0,0,0,0,0,0,0,0.0,0,0,-,0,,,,,,,,,,,,,,,,,,,,,
Collin Klein,FA,QB,1630750,BYE,---,0,1,1,N/R,0,0,0,0,0,0,0,0.0,0,0,-,0,,,,,,,,,,,,,,,,,,,,,
Nathan Rourke,ATL,QB,2818390,@NO,16,11,1,0,N/R,0,0,0,0,0,0,0,0.0,0,0,-,0,,,,,,,,,,,,,,,,,,,,,
Kyle Allen,BUF,QB,2131782,NE,7,7,1,1,N/R,0,0,0,0,0,0,0,0.0,0,0,-,0,,,,,,,,,,,,,,,,,,,,,
Andrew Peasley,NYJ,QB,2966161,@CHI,10,13,1,1,N/R,0,0,0,0,0,0,0,0.0,0,0,-,0,,,,,,,,,,,,,,,,,,,,,
Nick Stevens,DEN,QB,2927394,@SF,8,10,1,1,N/R,0,0,0,0,0,0,0,0.0,0,0,-,0,,,,,,,,,,,,,,,,,,,,,
D'Eriq King,CAR,QB,2247544,DET,32,5,1,1,N/R,0,0,0,0,0,0,0,0.0,0,0,-,0,,,,,,,,,,,,,,,,,,,,,
Kyle Shurmur,WAS,QB,2180561,IND,30,7,1,0,N/R,0,0,0,0,0,0,0,0.0,0,0,-,0,,,,,,,,,,,,,,,,,,,,,
Brandon Allen,NYG,QB,1852876,ARI,29,8,1,1,N/R,0,0,0,0,0,0,0,0.0,0,0,-,0,,,,,,,,,,,,,,,,,,,,,
K.J. Costello,NO,QB,2251134,ATL,24,8,1,0,N/R,0,0,0,0,0,0,0,0.0,0,0,-,0,,,,,,,,,,,,,,,,,,,,,
Garrett Nussmeier,KC,QB,26701706,@LV,13,5,1,1,N/R,0,0,0,0,0,0,0,0.0,0,0,-,0,,,,,,,,,,,,,,,,,,,,,
Eric Dungey,CIN,QB,3116821,JAC,12,6,0,0,N/R,0,0,0,0,0,0,0,0.0,0,0,-,0,,,,,,,,,,,,,,,,,,,,,
Brett Gabbert,MIA,QB,3123271,@MIN,14,6,1,1,N/R,0,0,0,0,0,0,0,0.0,0,0,-,0,,,,,,,,,,,,,,,,,,,,,
Luis Perez,LAC,QB,2927085,@SEA,3,7,1,0,N/R,0,0,0,0,0,0,0,0.0,0,0,-,0,,,,,,,,,,,,,,,,,,,,,
Jake Fromm,DET,QB,2803326,@CAR,18,6,1,0,N/R,0,0,0,0,0,0,0,0.0,0,0,-,0,,,,,,,,,,,,,,,,,,,,,
John Wolford,MIN,QB,2983467,MIA,21,6,1,1,N/R,0,0,0,0,0,0,0,0.0,0,0,-,0,,,,,,,,,,,,,,,,,,,,,
Skylar Thompson,BAL,QB,2239649,TEN,1,13,1,0,N/R,0,0,0,0,0,0,0,0.0,0,0,-,0,,,,,,,,,,,,,,,,,,,,,
Alex McGough,GB,QB,2132602,@TB,5,11,1,1,N/R,0,0,0,0,0,0,0,0.0,0,0,-,0,,,,,,,,,,,,,,,,,,,,,
Kyle McCord,MIA,QB,26702687,@MIN,14,6,1,1,N/R,0,0,0,0,0,0,0,0.0,0,0,-,0,,,,,,,,,,,,,,,,,,,,,
Kenny Pickett,CAR,QB,2804969,DET,32,5,1,1,N/R,1,0,0,0,0,2,20,10.0,0,0,0.00,0,,,,,,,,,,,,,,,,,,,,,
Matthew Caldwell,LAR,QB,26724746,@PHI,20,11,1,1,N/R,0,0,0,0,0,0,0,0.0,0,0,-,0,,,,,,,,,,,,,,,,,,,,,
Michael Pratt,TB,QB,3163083,GB,19,10,1,1,N/R,0,0,0,0,0,0,0,0.0,0,0,-,0,,,,,,,,,,,,,,,,,,,,,
Jarrett Stidham,DEN,QB,2180697,@SF,8,10,1,1,N/R,0,0,0,0,0,0,0,0.0,0,0,-,0,,,,,,,,,,,,,,,,,,,,,
Haynes King,CAR,QB,3162966,DET,32,5,1,1,N/R,0,0,0,0,0,0,0,0.0,0,0,-,0,,,,,,,,,,,,,,,,,,,,,
Jacob Clark,LV,QB,3123588,KC,4,13,0,0,N/R,0,0,0,0,0,0,0,0.0,0,0,-,0,,,,,,,,,,,,,,,,,,,,,
Riley Leonard,IND,QB,26699092,@WAS,31,13,1,0,N/R,0,0,0,0,0,0,0,0.0,0,0,-,0,,,,,,,,,,,,,,,,,,,,,
Chevan Cordeiro,SEA,QB,2968919,LAC,23,11,0,0,N/R,0,0,0,0,0,0,0,0.0,0,0,-,0,,,,,,,,,,,,,,,,,,,,,
Nate Stanley,MIN,QB,2251110,MIA,21,6,1,1,N/R,0,0,0,0,0,0,0,0.0,0,0,-,0,,,,,,,,,,,,,,,,,,,,,
Desmond Ridder,GB,QB,2864759,@TB,5,11,1,1,N/R,0,0,0,0,0,0,0,0.0,0,0,-,0,,,,,,,,,,,,,,,,,,,,,
Max Duggan,LAC,QB,3120848,@SEA,3,7,1,1,N/R,0,0,0,0,0,0,0,0.0,0,0,-,0,,,,,,,,,,,,,,,,,,,,,
Ben Bryant,NYJ,QB,2961091,@CHI,10,13,1,1,N/R,0,0,0,0,0,0,0,0.0,0,0,-,0,,,,,,,,,,,,,,,,,,,,,
Dalyn Williams,CHI,QB,2241450,NYJ,2,10,1,1,N/R,0,0,0,0,0,0,0,0.0,0,0,-,0,,,,,,,,,,,,,,,,,,,,,
Max Brosmer,MIN,QB,3122489,MIA,21,6,1,0,N/R,0,0,0,0,0,0,0,0.0,0,0,-,0,,,,,,,,,,,,,,,,,,,,,
Taylor Heinicke,LAC,QB,2174914,@SEA,3,7,1,1,N/R,0,0,0,0,0,0,0,0.0,0,0,-,0,,,,,,,,,,,,,,,,,,,,,
Tyler Huntley,BAL,QB,3159137,TEN,1,13,1,1,N/R,0,0,0,0,0,0,0,0.0,0,0,-,0,,,,,,,,,,,,,,,,,,,,,
Tua Tagovailoa,ATL,QB,2741209,@NO,16,11,6,1,N/R,0,0,0,0,0,0,0,0.0,0,0,-,0,,,,,,,,,,,,,,,,,,,,,
Colby Suits,NYJ,QB,2966664,@CHI,10,13,1,1,N/R,0,0,0,0,0,0,0,0.0,0,0,-,0,,,,,,,,,,,,,,,,,,,,,
Jalen Milroe,SEA,QB,26694943,LAC,23,11,1,0,N/R,0,0,0,0,0,0,0,0.0,0,0,-,0,,,,,,,,,,,,,,,,,,,,,
Will Grier,CAR,QB,2131571,DET,32,5,1,1,N/R,0,0,0,0,0,0,0,0.0,0,0,-,0,,,,,,,,,,,,,,,,,,,,,
Jake Browning,TB,QB,2180355,GB,19,10,1,1,N/R,0,0,0,0,0,0,0,0.0,0,0,-,0,,,,,,,,,,,,,,,,,,,,,
Brady Cook,MIA,QB,3163207,@MIN,14,6,1,0,N/R,0,0,0,0,0,0,0,0.0,0,0,-,0,,,,,,,,,,,,,,,,,,,,,
Anthony Gordon,KC,QB,2251387,@LV,13,5,1,1,N/R,0,0,0,0,0,0,0,0.0,0,0,-,0,,,,,,,,,,,,,,,,,,,,,
James Blackman,MIA,QB,2866514,@MIN,14,6,1,0,N/R,0,0,0,0,0,0,0,0.0,0,0,-,0,,,,,,,,,,,,,,,,,,,,,
Nolan Henderson,BAL,QB,2816145,TEN,1,13,1,1,N/R,0,0,0,0,0,0,0,0.0,0,0,-,0,,,,,,,,,,,,,,,,,,,,,
Bailey Zappe,NYJ,QB,2866483,@CHI,10,13,1,1,N/R,0,0,0,0,0,0,0,0.0,0,0,-,0,,,,,,,,,,,,,,,,,,,,,
Rocky Lombardi,CIN,QB,2867061,JAC,12,6,1,1,N/R,0,0,0,0,0,0,0,0.0,0,0,-,0,,,,,,,,,,,,,,,,,,,,,
Aidan O'Connell,LV,QB,2868716,KC,4,13,1,1,N/R,0,0,0,0,0,0,0,0.0,0,0,-,0,,,,,,,,,,,,,,,,,,,,,
Payton Thorne,CIN,QB,3132633,JAC,12,6,1,1,N/R,0,0,0,0,0,0,0,0.0,0,0,-,0,,,,,,,,,,,,,,,,,,,,,
Kedon Slovis,GB,QB,3123467,@TB,5,11,1,1,N/R,0,0,0,0,0,0,0,0.0,0,0,-,0,,,,,,,,,,,,,,,,,,,,,
Mitch Trubisky,TEN,QB,2060476,@BAL,11,9,1,1,N/R,0,0,0,0,0,0,0,0.0,0,0,-,0,,,,,,,,,,,,,,,,,,,,,
Jack Plummer,CAR,QB,2961162,DET,32,5,1,1,N/R,0,0,0,0,0,0,0,0.0,0,0,-,0,,,,,,,,,,,,,,,,,,,,,
Clayton Thorson,NYG,QB,2136556,ARI,29,8,1,0,N/R,0,0,0,0,0,0,0,0.0,0,0,-,0,,,,,,,,,,,,,,,,,,,,,
Tyrod Taylor,GB,QB,1243338,@TB,5,11,1,1,N/R,0,0,0,0,0,0,0,0.0,0,0,-,0,,,,,,,,,,,,,,,,,,,,,
Dustin Crum,KC,QB,2867334,@LV,13,5,1,0,N/R,0,0,0,0,0,0,0,0.0,0,0,-,0,,,,,,,,,,,,,,,,,,,,,
Mason Rudolph,PIT,QB,2131167,@CLE,15,9,1,1,N/R,1,0,0,0,0,1,3,3.0,0,0,0.00,0,,,,,,,,,,,,,,,,,,,,,
Kenneth Walker III,KC,RB,3121372,@LV,13,5,100,99,3,,,360,2,,65,82,5.5,2,0,7.5,23,18,11,7.67,,,,,,,,,,,,,,,,,,
Jahmyr Gibbs,DET,RB,3162723,@CAR,32,6,100,100,1,,,307,4,,65,156,4.7,2,1,8.7,22,21,18,7.33,,,,,,,,,,,,,,,,,,
Bijan Robinson,ATL,RB,3168163,@NO,28,11,100,100,2,,,349,2,,66,118,5.3,1,0,9.1,19,16,13,6.33,,,,,,,,,,,,,,,,,,
Derrick Henry,BAL,RB,2061188,TEN,24,13,100,100,4,,,301,6,,66,38,4.6,0,0,7.6,16,5,5,5.33,,,,,,,,,,,,,,,,,,
Jonathan Taylor,IND,RB,2866395,@WAS,3,13,100,100,6,,,258,4,,66,67,3.9,0,1,7.4,14,11,9,4.67,,,,,,,,,,,,,,,,,,
D'Andre Swift,CHI,RB,2871710,NYJ,19,10,100,93,10,,,253,3,,54,68,4.7,0,1,8.5,13,10,8,4.33,,,,,,,,,,,,,,,,,,
James Cook III,BUF,RB,2975698,NE,16,7,100,100,7,,,346,2,,58,16,6.0,0,1,4.0,11,8,4,3.67,,,,,,,,,,,,,,,,,,
Kyren Williams,LAR,RB,3121836,@PHI,14,11,100,97,15,,,214,1,,38,106,5.6,1,1,9.6,9,12,11,3.00,,,,,,,,,,,,,,,,,,
Ashton Jeanty,LV,RB,28874008,KC,11,13,100,98,16,,,206,0,,63,97,3.3,2,0,7.5,8,16,13,2.67,,,,,,,,,,,,,,,,,,
Kyle Monangai,CHI,RB,3177368,NYJ,19,10,95,24,32,,,178,1,,30,35,5.9,0,0,8.8,8,4,4,2.67,,,,,,,,,,,,,,,,,,
Jaylen Warren,PIT,RB,3126535,@CLE,10,9,100,76,9,,,216,0,,38,110,5.7,0,1,11.0,8,14,10,2.67,,,,,,,,,,,,,,,,,,
Javonte Williams,DAL,RB,2961719,@HOU,2,14,100,92,18,,,169,2,,43,56,3.9,1,0,5.6,7,12,10,2.33,,,,,,,,,,,,,,,,,,
Christian McCaffrey,SF,RB,2136743,DEN,30,8,100,100,5,,,166,3,,35,104,4.7,0,0,8.0,7,17,13,2.33,,,,,,,,,,,,,,,,,,
Chuba Hubbard,CAR,RB,2865693,DET,8,5,100,90,11,,,184,1,,41,77,4.5,2,0,8.6,7,9,9,2.33,,,,,,,,,,,,,,,,,,
Breece Hall,NYJ,RB,3123469,@CHI,20,13,100,22,N/R,,,163,1,,51,102,3.2,0,0,10.2,6,10,10,2.00,,,,,,,,,,,,,,,,,,
Bucky Irving,TB,RB,26693770,GB,31,10,100,83,17,,,180,1,,40,61,4.5,0,1,4.7,6,15,13,2.00,,,,,,,,,,,,,,,,,,
David Montgomery,HOU,RB,2261252,DAL,25,8,100,82,23,,,103,2,,37,48,2.8,1,0,6.9,6,7,7,2.00,,,,,,,,,,,,,,,,,,
Omarion Hampton,LAC,RB,28908905,@SEA,7,7,100,80,22,,,193,2,,50,21,3.9,0,2,10.5,6,3,2,2.00,,,,,,,,,,,,,,,,,,
Aaron Jones,MIN,RB,2071937,MIA,27,6,99,73,12,,,203,1,,52,34,3.9,0,0,6.8,5,7,5,1.67,,,,,,,,,,,,,,,,,,
TreVeyon Henderson,NE,RB,26699547,@BUF,26,11,99,48,35,,,99,1,,24,6,4.1,0,0,6.0,5,1,1,2.50,,,,,,,,,,,,,,,,,,
Bhayshul Tuten,JAC,RB,26732838,@CIN,15,7,100,84,20,,,204,2,,43,36,4.7,0,0,7.2,5,5,5,1.67,,,,,,,,,,,,,,,,,,
Cam Skattebo,NYG,RB,26697012,ARI,17,8,100,93,19,,,177,1,,50,59,3.5,0,0,8.4,4,8,7,1.33,,,,,,,,,,,,,,,,,,
Mike Washington Jr.,LV,RB,26693539,KC,11,13,76,8,N/R,,,102,1,,15,0,6.8,0,0,0.0,4,1,0,1.33,,,,,,,,,,,,,,,,,,
Jeremiyah Love,ARI,RB,29133405,@NYG,18,14,100,92,14,,,160,1,,41,44,3.9,1,0,4.4,4,12,10,1.33,,,,,,,,,,,,,,,,,,
Travis Etienne,NO,RB,2809206,ATL,1,8,98,16,N/R,,,128,0,,30,51,4.3,0,0,4.6,3,13,11,1.00,,,,,,,,,,,,,,,,,,
Chase Brown,CIN,RB,2965160,JAC,5,6,100,98,8,,,197,1,,49,32,4.0,0,0,3.2,3,13,10,1.00,,,,,,,,,,,,,,,,,,
Blake Corum,LAR,RB,3169252,@PHI,14,11,92,9,36,,,148,0,,28,13,5.3,0,0,4.3,2,5,3,0.67,,,,,,,,,,,,,,,,,,
Rachaad White,WAS,RB,3169147,IND,29,7,77,9,34,,,100,0,,22,51,4.5,1,0,5.7,2,9,9,0.67,,,,,,,,,,,,,,,,,,
Kendre Miller,NO,RB,3162256,ATL,1,8,27,5,37,,,44,1,,13,5,3.4,0,0,2.5,2,3,2,1.00,,,,,,,,,,,,,,,,,,
Saquon Barkley,PHI,RB,2185957,LAR,9,10,100,92,13,,,174,0,,34,6,5.1,0,0,2.0,2,6,3,0.67,,,,,,,,,,,,,,,,,,
Tony Pollard,TEN,RB,2184011,@BAL,12,9,97,37,26,,,173,0,,38,22,4.5,0,0,3.7,2,7,6,0.67,,,,,,,,,,,,,,,,,,
Rhamondre Stevenson,NE,RB,3125832,@BUF,26,11,98,45,25,,,116,0,,31,63,3.7,0,1,7.0,2,11,9,0.67,,,,,,,,,,,,,,,,,,
De'Von Achane,MIA,RB,3171161,@MIN,4,6,51,16,N/R,,,127,0,,34,49,3.7,0,0,7.0,2,12,7,0.67,,,,,,,,,,,,,,,,,,
Emanuel Wilson,SEA,RB,29104952,LAC,21,11,40,3,43,,,109,0,,32,0,3.4,0,0,0.0,2,1,0,0.67,,,,,,,,,,,,,,,,,,
Brian Robinson Jr.,ATL,RB,2741207,@NO,28,11,50,4,47,,,132,1,,30,16,4.4,0,0,8.0,2,2,2,0.67,,,,,,,,,,,,,,,,,,
Kaelon Black,SF,RB,3162599,DEN,30,8,84,4,44,,,107,0,,25,5,4.3,0,0,5.0,1,2,1,0.33,,,,,,,,,,,,,,,,,,
Chris Rodriguez Jr.,JAC,RB,2964667,@CIN,15,7,53,5,N/R,,,73,1,,20,0,3.6,0,0,0.0,1,0,0,0.33,,,,,,,,,,,,,,,,,,
MarShawn Lloyd,GB,RB,3162514,@TB,6,11,73,11,41,,,68,0,,23,13,3.0,1,1,3.2,1,6,4,0.33,,,,,,,,,,,,,,,,,,
Devin Singletary,NYG,RB,2241251,ARI,17,8,12,1,N/R,,,25,0,,9,22,2.8,1,0,5.5,1,5,4,0.50,,,,,,,,,,,,,,,,,,
Tyjae Spears,TEN,RB,3122588,@BAL,12,9,49,3,42,,,58,0,,13,41,4.5,0,0,10.2,1,6,4,0.33,,,,,,,,,,,,,,,,,,
Tyler Allgeier,ARI,RB,2975590,@NYG,18,14,54,3,48,,,70,0,,24,28,2.9,0,0,3.5,1,8,8,0.33,,,,,,,,,,,,,,,,,,
Jonah Coleman,DEN,RB,28877250,@SF,22,10,57,1,N/R,,,39,1,,10,19,3.9,0,0,6.3,1,3,3,0.50,,,,,,,,,,,,,,,,,,
Kyle Juszczyk,SF,RB,1683145,DEN,30,8,2,1,N/R,,,0,0,,0,27,0.0,1,0,13.5,1,4,2,0.33,,,,,,,,,,,,,,,,,,
Quinshon Judkins,CLE,RB,28878286,PIT,23,11,100,64,24,,,124,0,,42,53,3.0,0,0,5.9,1,9,9,0.33,,,,,,,,,,,,,,,,,,
Woody Marks,HOU,RB,3171045,DAL,25,8,71,7,33,,,65,1,,22,31,3.0,0,0,4.4,1,8,7,0.33,,,,,,,,,,,,,,,,,,
Jacory Croskey-Merritt,WAS,RB,3126952,IND,29,7,96,36,28,,,142,1,,47,5,3.0,0,0,1.7,1,3,3,0.33,,,,,,,,,,,,,,,,,,
Jordan Mason,MIN,RB,2967536,MIA,27,6,79,1,N/R,,,59,1,,15,0,3.9,0,0,0.0,1,0,0,1.00,,,,,,,,,,,,,,,,,,
Ollie Gordon II,MIA,RB,28873887,@MIN,4,6,76,14,40,,,48,1,,20,14,2.4,0,0,4.7,1,3,3,0.33,,,,,,,,,,,,,,,,,,
Tank Bigsby,PHI,RB,3162021,LAR,9,10,56,2,N/R,,,36,1,,14,10,2.6,0,1,3.3,1,3,3,0.33,,,,,,,,,,,,,,,,,,
Keaton Mitchell,LAC,RB,3164710,@SEA,7,7,43,3,38,,,85,0,,17,10,5.0,1,0,2.5,1,4,4,0.33,,,,,,,,,,,,,,,,,,
Braelon Allen,NYJ,RB,26726580,@CHI,20,13,90,45,21,,,61,1,,19,11,3.2,0,0,2.8,1,5,4,0.33,,,,,,,,,,,,,,,,,,
Evan Hull,ARI,RB,3124679,@NYG,18,14,1,1,N/R,,,0,0,,0,0,0.0,0,0,0.0,0,0,0,-,,,,,,,,,,,,,,,,,,
Montel Harris,FA,RB,1630429,BYE,---,0,1,1,N/R,,,0,0,,0,0,0.0,0,0,0.0,0,0,0,-,,,,,,,,,,,,,,,,,,
Camerun Peoples,CAR,RB,2967422,DET,8,5,1,0,N/R,,,0,0,,0,0,0.0,0,0,0.0,0,0,0,-,,,,,,,,,,,,,,,,,,
Jawon Chisholm,PIT,RB,2185207,@CLE,10,9,1,0,N/R,,,0,0,,0,0,0.0,0,0,0.0,0,0,0,-,,,,,,,,,,,,,,,,,,
Royce Freeman,LAC,RB,2139588,@SEA,7,7,1,1,N/R,,,0,0,,0,0,0.0,0,0,0.0,0,0,0,-,,,,,,,,,,,,,,,,,,
Alexander Mattison,MIA,RB,2257933,@MIN,4,6,1,1,N/R,,,0,0,,0,0,0.0,0,0,0.0,0,0,0,-,,,,,,,,,,,,,,,,,,
Zamir White,NO,RB,2963641,ATL,1,8,1,1,N/R,,,0,0,,0,0,0.0,0,0,0.0,0,0,0,-,,,,,,,,,,,,,,,,,,
Elijah Young,BUF,RB,3161976,NE,16,7,1,1,N/R,,,0,0,,0,0,0.0,0,0,0.0,0,0,0,-,,,,,,,,,,,,,,,,,,
Kareem Hunt,KC,RB,2079567,@LV,13,5,1,1,N/R,,,0,0,,0,0,0.0,0,0,0.0,0,0,0,-,,,,,,,,,,,,,,,,,,
Jarveon Howard,BUF,RB,2965481,NE,16,7,1,0,N/R,,,0,0,,0,0,0.0,0,0,0.0,0,0,0,-,,,,,,,,,,,,,,,,,,
Kenny McIntosh,SEA,RB,3121460,LAC,21,11,1,1,N/R,,,0,0,,0,0,0.0,0,0,0.0,0,0,0,-,,,,,,,,,,,,,,,,,,
Jeremy McNichols,WAS,RB,2139987,IND,29,7,1,1,N/R,,,0,0,,0,0,0.0,0,0,0.0,0,0,0,-,,,,,,,,,,,,,,,,,,
Micah Bernard,NE,RB,3122912,@BUF,26,11,1,1,N/R,,,0,0,,0,0,0.0,0,0,0.0,0,0,0,-,,,,,,,,,,,,,,,,,,
Alfonzo Graham,PIT,RB,26745241,@CLE,10,9,1,1,N/R,,,0,0,,0,0,0.0,0,0,0.0,0,0,0,-,,,,,,,,,,,,,,,,,,
Kairee Robinson,SEA,RB,3121812,LAC,21,11,1,1,N/R,,,0,0,,0,0,0.0,0,0,0.0,0,0,0,-,,,,,,,,,,,,,,,,,,
Alex Tecza,PIT,RB,28908694,@CLE,10,9,0,0,N/R,,,0,0,,0,0,0.0,0,0,0.0,0,0,0,-,,,,,,,,,,,,,,,,,,
Kejon Owens,MIN,RB,3165466,MIA,27,6,1,0,N/R,,,0,0,,0,0,0.0,0,0,0.0,0,0,0,-,,,,,,,,,,,,,,,,,,
EJ Smith,KC,RB,3163764,@LV,13,5,1,0,N/R,,,0,0,,0,0,0.0,0,0,0.0,0,0,0,-,,,,,,,,,,,,,,,,,,
Michael Burton,CLE,RB,1759407,PIT,23,11,1,1,N/R,,,0,0,,0,0,0.0,0,0,0.0,0,1,0,0.00,,,,,,,,,,,,,,,,,,
Austin Ekeler,WAS,RB,2820090,IND,29,7,3,1,N/R,,,0,0,,0,0,0.0,0,0,0.0,0,0,0,-,,,,,,,,,,,,,,,,,,
Jackson Acker,BUF,RB,26726610,NE,16,7,1,1,N/R,,,0,0,,0,0,0.0,0,0,0.0,0,0,0,-,,,,,,,,,,,,,,,,,,
De'Montre Tuggle,CHI,RB,3125318,NYJ,19,10,1,1,N/R,,,0,0,,0,0,0.0,0,0,0.0,0,0,0,-,,,,,,,,,,,,,,,,,,
Josh Pitsenberger,HOU,RB,28938986,DAL,25,8,1,1,N/R,,,0,0,,0,0,0.0,0,0,0.0,0,0,0,-,,,,,,,,,,,,,,,,,,
Garrett Groshek,MIN,RB,2251875,MIA,27,6,1,1,N/R,,,0,0,,0,0,0.0,0,0,0.0,0,0,0,-,,,,,,,,,,,,,,,,,,
Dontae McMillan,BAL,RB,3121365,TEN,24,13,1,0,N/R,,,0,0,,0,0,0.0,0,0,0.0,0,0,0,-,,,,,,,,,,,,,,,,,,
Audric Estime,NO,RB,26713577,ATL,1,8,1,1,N/R,,,0,0,,0,0,0.0,0,0,0.0,0,0,0,-,,,,,,,,,,,,,,,,,,
AJ Dillon,CAR,RB,2867083,DET,8,5,5,1,N/R,,,41,0,,12,-2,3.4,0,0,-2.0,0,1,1,0.00,,,,,,,,,,,,,,,,,,
Travis Homer,PIT,RB,2249831,@CLE,10,9,1,1,N/R,,,16,0,,3,0,5.3,0,0,0.0,0,0,0,0.00,,,,,,,,,,,,,,,,,,
Dee Hart,FA,RB,1824784,BYE,---,0,1,0,N/R,,,0,0,,0,0,0.0,0,0,0.0,0,0,0,-,,,,,,,,,,,,,,,,,,
Nathaniel Peat,DAL,RB,3121003,@HOU,2,14,1,1,N/R,,,0,0,,0,0,0.0,0,0,0.0,0,0,0,-,,,,,,,,,,,,,,,,,,
B.J. Baylor,ATL,RB,2868250,@NO,28,11,1,1,N/R,,,0,0,,0,0,0.0,0,0,0.0,0,0,0,-,,,,,,,,,,,,,,,,,,
Kennedy Brooks,PHI,RB,2867341,LAR,9,10,1,0,N/R,,,0,0,,0,0,0.0,0,0,0.0,0,0,0,-,,,,,,,,,,,,,,,,,,
Jarquez Hunter,MIA,RB,26700820,@MIN,4,6,1,1,N/R,,,0,0,,0,0,0.0,0,0,0.0,0,0,0,-,,,,,,,,,,,,,,,,,,
Terrell Jennings,NE,RB,3133899,@BUF,26,11,1,1,N/R,,,0,0,,0,0,0.0,0,0,0.0,0,0,0,-,,,,,,,,,,,,,,,,,,
James Butler,LV,RB,2164714,KC,11,13,1,0,N/R,,,0,0,,0,0,0.0,0,0,0.0,0,0,0,-,,,,,,,,,,,,,,,,,,
Michael Dyer,LV,RB,2080283,KC,11,13,1,1,N/R,,,0,0,,0,0,0.0,0,0,0.0,0,0,0,-,,,,,,,,,,,,,,,,,,
Noah Whittington,HOU,RB,3161758,DAL,25,8,1,1,N/R,,,0,0,,0,0,0.0,0,0,0.0,0,0,0,-,,,,,,,,,,,,,,,,,,
Jerome Ford,MIN,RB,2966543,MIA,27,6,1,1,N/R,,,0,0,,0,0,0.0,0,0,0.0,0,0,0,-,,,,,,,,,,,,,,,,,,
Carson Steele,PHI,RB,26698435,LAR,9,10,1,1,N/R,,,0,0,,0,0,0.0,0,0,0.0,0,0,0,-,,,,,,,,,,,,,,,,,,
Demond Claiborne,MIN,RB,28883197,MIA,27,6,8,1,N/R,,,1,0,,3,2,0.3,0,0,2.0,0,1,1,0.00,,,,,,,,,,,,,,,,,,
DJ Williams,TB,RB,3122835,GB,31,10,1,1,N/R,,,0,0,,0,0,0.0,0,0,0.0,0,0,0,-,,,,,,,,,,,,,,,,,,
Ellis Merriweather,GB,RB,3161644,@TB,6,11,1,1,N/R,,,0,0,,0,0,0.0,0,0,0.0,0,0,0,-,,,,,,,,,,,,,,,,,,
Robbie Ouzts,SEA,RB,26697728,LAC,21,11,1,0,N/R,,,0,0,,0,0,0.0,0,0,0.0,0,0,0,-,,,,,,,,,,,,,,,,,,
Keilan Robinson,NYJ,RB,3121310,@CHI,20,13,1,1,N/R,,,0,0,,0,0,0.0,0,0,0.0,0,0,0,-,,,,,,,,,,,,,,,,,,
Travis Dye,NYJ,RB,2967055,@CHI,20,13,0,0,N/R,,,0,0,,0,0,0.0,0,0,0.0,0,0,0,-,,,,,,,,,,,,,,,,,,
Anthony Hankerson,SEA,RB,28900555,LAC,21,11,1,1,N/R,,,0,0,,0,0,0.0,0,0,0.0,0,0,0,-,,,,,,,,,,,,,,,,,,
Marcus Yarns,NO,RB,26728267,ATL,1,8,1,0,N/R,,,0,0,,0,0,0.0,0,0,0.0,0,0,0,-,,,,,,,,,,,,,,,,,,
Shermari Jones,CIN,RB,3162906,JAC,5,6,1,1,N/R,,,0,0,,0,0,0.0,0,0,0.0,0,0,0,-,,,,,,,,,,,,,,,,,,
Jonathan Ward,BAL,RB,3159088,TEN,24,13,1,1,N/R,,,0,0,,0,0,0.0,0,0,0.0,0,0,0,-,,,,,,,,,,,,,,,,,,
Tre Stewart,ARI,RB,29426636,@NYG,18,14,1,1,N/R,,,0,0,,0,0,0.0,0,0,0.0,0,0,0,-,,,,,,,,,,,,,,,,,,
Coleman Bennett,MIA,RB,3163724,@MIN,4,6,1,1,N/R,,,0,0,,0,0,0.0,0,0,0.0,0,0,0,-,,,,,,,,,,,,,,,,,,
LaVance Taylor,KC,RB,2185128,@LV,13,5,1,0,N/R,,,0,0,,0,0,0.0,0,0,0.0,0,0,0,-,,,,,,,,,,,,,,,,,,
Toa Taua,CLE,RB,2964065,PIT,23,11,1,0,N/R,,,0,0,,0,0,0.0,0,0,0.0,0,0,0,-,,,,,,,,,,,,,,,,,,
Donovan Edwards,MIA,RB,26697211,@MIN,4,6,1,1,N/R,,,0,0,,0,0,0.0,0,0,0.0,0,0,0,-,,,,,,,,,,,,,,,,,,
Najee Harris,NYG,RB,2741200,ARI,17,8,15,1,N/R,,,58,0,,13,0,4.5,0,0,0.0,0,0,0,0.00,,,,,,,,,,,,,,,,,,
Khalan Laborn,SF,RB,2867448,DEN,30,8,1,0,N/R,,,0,0,,0,0,0.0,0,0,0.0,0,0,0,-,,,,,,,,,,,,,,,,,,
BJ Emmons,HOU,RB,2252835,DAL,25,8,1,1,N/R,,,0,0,,0,0,0.0,0,0,0.0,0,0,0,-,,,,,,,,,,,,,,,,,,
Jashaun Corbin,DAL,RB,2965967,@HOU,2,14,1,1,N/R,,,0,0,,0,0,0.0,0,0,0.0,0,0,0,-,,,,,,,,,,,,,,,,,,
Michael Carter,TEN,RB,2804075,@BAL,12,9,1,1,N/R,,,0,0,,0,0,0.0,0,0,0.0,0,0,0,-,,,,,,,,,,,,,,,,,,
Brittain Brown,CHI,RB,2249805,NYJ,19,10,1,1,N/R,,,0,0,,0,0,0.0,0,0,0.0,0,0,0,-,,,,,,,,,,,,,,,,,,
Marcus Major,BAL,RB,3125801,TEN,24,13,1,1,N/R,,,0,0,,0,0,0.0,0,0,0.0,0,0,0,-,,,,,,,,,,,,,,,,,,
Terrance Cobb,LV,RB,2130333,KC,11,13,1,1,N/R,,,0,0,,0,0,0.0,0,0,0.0,0,0,0,-,,,,,,,,,,,,,,,,,,
Jamal Haynes,CIN,RB,26698534,JAC,5,6,1,0,N/R,,,0,0,,0,0,0.0,0,0,0.0,0,0,0,-,,,,,,,,,,,,,,,,,,
Sione Vaki,DET,RB,28877349,@CAR,32,6,4,1,N/R,,,40,0,,9,35,4.4,0,0,11.7,0,3,3,0.00,,,,,,,,,,,,,,,,,,
Tre Harbison III,CLE,RB,2239576,PIT,23,11,0,0,N/R,,,0,0,,0,0,0.0,0,0,0.0,0,0,0,-,,,,,,,,,,,,,,,,,,
Jacob Saylors,DET,RB,2976071,@CAR,32,6,2,1,N/R,,,0,0,,0,0,0.0,0,0,0.0,0,0,0,0.00,,,,,,,,,,,,,,,,,,
Nico Evans,PHI,RB,2131958,LAR,9,10,1,0,N/R,,,0,0,,0,0,0.0,0,0,0.0,0,0,0,-,,,,,,,,,,,,,,,,,,
Ulysses Bentley IV,IND,RB,3125140,@WAS,3,13,1,0,N/R,,,0,0,,0,0,0.0,0,0,0.0,0,0,0,-,,,,,,,,,,,,,,,,,,
Clint Ratkovich,ATL,RB,2241761,@NO,28,11,0,0,N/R,,,0,0,,0,0,0.0,0,0,0.0,0,0,0,-,,,,,,,,,,,,,,,,,,
Tyrion Davis-Price,GB,RB,3123979,@TB,6,11,1,1,N/R,,,0,0,,0,0,0.0,0,0,0.0,0,0,0,-,,,,,,,,,,,,,,,,,,
Patrick Carr,SEA,RB,3159195,LAC,21,11,1,1,N/R,,,0,0,,0,0,0.0,0,0,0.0,0,0,0,-,,,,,,,,,,,,,,,,,,
Daijun Edwards,PIT,RB,3163944,@CLE,10,9,1,1,N/R,,,0,0,,0,0,0.0,0,0,0.0,0,0,0,-,,,,,,,,,,,,,,,,,,
Myles Montgomery,NE,RB,26703126,@BUF,26,11,1,1,N/R,,,0,0,,0,0,0.0,0,0,0.0,0,0,0,-,,,,,,,,,,,,,,,,,,
Jawhar Jordan,HOU,RB,3121704,DAL,25,8,1,1,N/R,,,0,0,,0,0,0.0,0,0,0.0,0,0,0,-,,,,,,,,,,,,,,,,,,
Jeff Wilson,MIA,RB,2925161,@MIN,4,6,1,1,N/R,,,0,0,,0,0,0.0,0,0,0.0,0,0,0,-,,,,,,,,,,,,,,,,,,
Montrell Johnson Jr.,CAR,RB,26699807,DET,8,5,1,1,N/R,,,0,0,,0,0,0.0,0,0,0.0,0,0,0,-,,,,,,,,,,,,,,,,,,
Corey Kiner,NE,RB,26698879,@BUF,26,11,1,1,N/R,,,29,0,,14,9,2.1,0,0,9.0,0,1,1,0.00,,,,,,,,,,,,,,,,,,
Jaydon Blue,PHI,RB,28875227,LAR,9,10,2,1,N/R,,,0,0,,0,0,0.0,0,0,0.0,0,0,0,-,,,,,,,,,,,,,,,,,,
Hassan Haskins,NE,RB,2968506,@BUF,26,11,1,1,N/R,,,0,0,,0,0,0.0,0,0,0.0,0,0,0,-,,,,,,,,,,,,,,,,,,
Andrew Beck,NYJ,RB,2131774,@CHI,20,13,1,1,N/R,,,0,0,,0,0,0.0,0,0,0.0,0,0,0,0.00,,,,,,,,,,,,,,,,,,
Hassan Hall,ARI,RB,2960978,@NYG,18,14,1,0,N/R,,,0,0,,0,0,0.0,0,0,0.0,0,0,0,-,,,,,,,,,,,,,,,,,,
Tyreik McAllister,LV,RB,28867646,KC,11,13,1,0,N/R,,,0,0,,0,0,0.0,0,0,0.0,0,0,0,-,,,,,,,,,,,,,,,,,,
Sean Tucker,TB,RB,3168416,GB,31,10,3,1,N/R,,,0,0,,0,0,0.0,0,0,0.0,0,0,0,0.00,,,,,,,,,,,,,,,,,,
Gary Brightwell,CIN,RB,2870531,JAC,5,6,1,1,N/R,,,0,0,,0,0,0.0,0,0,0.0,0,0,0,-,,,,,,,,,,,,,,,,,,
Alvin Kamara,NO,RB,2082721,ATL,1,8,76,17,31,,,51,0,,18,12,2.8,0,0,2.0,0,7,6,0.00,,,,,,,,,,,,,,,,,,
Sam Schnee,TEN,RB,2968047,@BAL,12,9,1,1,N/R,,,0,0,,0,0,0.0,0,0,0.0,0,0,0,-,,,,,,,,,,,,,,,,,,
Trevor Etienne,CAR,RB,28901419,DET,8,5,2,1,N/R,,,0,0,,0,0,0.0,0,0,0.0,0,0,0,-,,,,,,,,,,,,,,,,,,
Samaje Perine,CIN,RB,2131148,JAC,5,6,12,1,N/R,,,35,0,,10,51,3.5,0,0,10.2,0,7,5,0.00,,,,,,,,,,,,,,,,,,
Titus Swen,IND,RB,3122982,@WAS,3,13,1,1,N/R,,,0,0,,0,0,0.0,0,0,0.0,0,0,0,-,,,,,,,,,,,,,,,,,,
Jerrion Ealy,KC,RB,3126859,@LV,13,5,1,1,N/R,,,0,0,,0,0,0.0,0,0,0.0,0,0,0,-,,,,,,,,,,,,,,,,,,
Eli Heidenreich,PIT,RB,28901170,@CLE,10,9,3,1,N/R,,,0,0,,0,0,0.0,0,0,0.0,0,0,0,0.00,,,,,,,,,,,,,,,,,,
Cody Schrader,DEN,RB,28876935,@SF,22,10,1,0,N/R,,,0,0,,0,0,0.0,0,0,0.0,0,0,0,-,,,,,,,,,,,,,,,,,,
Ian Wheeler,BUF,RB,3126061,NE,16,7,1,1,N/R,,,0,0,,0,0,0.0,0,0,0.0,0,0,0,-,,,,,,,,,,,,,,,,,,
Kalel Mullings,TEN,RB,3169471,@BAL,12,9,1,1,N/R,,,0,0,,0,0,0.0,0,0,0.0,0,0,0,-,,,,,,,,,,,,,,,,,,
Greg Desrosiers Jr.,LAC,RB,26697079,@SEA,7,7,1,1,N/R,,,0,0,,0,0,0.0,0,0,0.0,0,0,0,-,,,,,,,,,,,,,,,,,,
Emari Demercado,DAL,RB,2964372,@HOU,2,14,8,1,N/R,,,15,0,,5,0,3.0,0,0,0.0,0,0,0,0.00,,,,,,,,,,,,,,,,,,
Brock Lampe,SEA,RB,26701144,LAC,21,11,1,1,N/R,,,0,0,,0,0,0.0,0,0,0.0,0,0,0,-,,,,,,,,,,,,,,,,,,
Chris Smith,SEA,RB,2962556,LAC,21,11,1,1,N/R,,,0,0,,0,0,0.0,0,0,0.0,0,0,0,-,,,,,,,,,,,,,,,,,,
Trent Pennix,IND,RB,2965838,@WAS,3,13,1,1,N/R,,,0,0,,0,0,0.0,0,0,0.0,0,0,0,-,,,,,,,,,,,,,,,,,,
Kendall Milton,CIN,RB,3162977,JAC,5,6,1,1,N/R,,,0,0,,0,0,0.0,0,0,0.0,0,0,0,-,,,,,,,,,,,,,,,,,,
Mike Boone,MIA,RB,2925551,@MIN,4,6,1,1,N/R,,,0,0,,0,0,0.0,0,0,0.0,0,0,0,-,,,,,,,,,,,,,,,,,,
Ke'Shawn Vaughn,SF,RB,2179704,DEN,30,8,1,1,N/R,,,0,0,,0,0,0.0,0,0,0.0,0,0,0,-,,,,,,,,,,,,,,,,,,
Jaylen Wright,MIA,RB,26698774,@MIN,4,6,49,3,39,,,10,0,,3,0,3.3,0,0,0.0,0,0,0,0.00,,,,,,,,,,,,,,,,,,
Leddie Brown,LAC,RB,2963315,@SEA,7,7,1,0,N/R,,,0,0,,0,0,0.0,0,0,0.0,0,0,0,-,,,,,,,,,,,,,,,,,,
Valentine Holmes,NYJ,RB,3114048,@CHI,20,13,1,1,N/R,,,0,0,,0,0,0.0,0,0,0.0,0,0,0,-,,,,,,,,,,,,,,,,,,
Khalfani Muhammad,ARI,RB,2818380,@NYG,18,14,1,1,N/R,,,0,0,,0,0,0.0,0,0,0.0,0,0,0,-,,,,,,,,,,,,,,,,,,
Robert Henry Jr.,WAS,RB,29123025,IND,29,7,1,0,N/R,,,0,0,,0,0,0.0,0,0,0.0,0,0,0,-,,,,,,,,,,,,,,,,,,
Trayveon Williams,DET,RB,2222046,@CAR,32,6,1,1,N/R,,,0,0,,0,0,0.0,0,0,0.0,0,0,0,-,,,,,,,,,,,,,,,,,,
Quali Conley,CIN,RB,3164735,JAC,5,6,1,1,N/R,,,0,0,,0,0,0.0,0,0,0.0,0,0,0,-,,,,,,,,,,,,,,,,,,
Lucas Scott,BAL,RB,26728625,TEN,24,13,1,1,N/R,,,0,0,,0,0,0.0,0,0,0.0,0,0,0,-,,,,,,,,,,,,,,,,,,
Jordan Mims,PHI,RB,2804786,LAR,9,10,1,1,N/R,,,0,0,,0,0,0.0,0,0,0.0,0,0,0,-,,,,,,,,,,,,,,,,,,
Mason Stokke,CAR,RB,2251890,DET,8,5,1,1,N/R,,,0,0,,0,0,0.0,0,0,0.0,0,0,0,-,,,,,,,,,,,,,,,,,,
Ray Davis,BUF,RB,3123108,NE,16,7,14,1,N/R,,,3,0,,1,0,3.0,0,0,0.0,0,0,0,0.00,,,,,,,,,,,,,,,,,,
Jordan Waters,LAR,RB,3124649,@PHI,14,11,1,1,N/R,,,0,0,,0,0,0.0,0,0,0.0,0,0,0,-,,,,,,,,,,,,,,,,,,
Rakeem Boyd,DET,RB,2260196,@CAR,32,6,1,0,N/R,,,0,0,,0,0,0.0,0,0,0.0,0,0,0,-,,,,,,,,,,,,,,,,,,
Deion Hankins,CHI,RB,3133199,NYJ,19,10,1,1,N/R,,,0,0,,0,0,0.0,0,0,0.0,0,0,0,-,,,,,,,,,,,,,,,,,,
Kamryn Pettway,MIN,RB,2139794,MIA,27,6,1,1,N/R,,,0,0,,0,0,0.0,0,0,0.0,0,0,0,-,,,,,,,,,,,,,,,,,,
Brenden Knox,KC,RB,2864720,@LV,13,5,1,1,N/R,,,0,0,,0,0,0.0,0,0,0.0,0,0,0,-,,,,,,,,,,,,,,,,,,
Kene Nwangwu,NYJ,RB,2261254,@CHI,20,13,1,1,N/R,,,0,0,,0,0,0.0,0,0,0.0,0,0,0,-,,,,,,,,,,,,,,,,,,
Jonathon Brooks,CAR,RB,26730706,DET,8,5,51,1,N/R,,,30,0,,9,43,3.3,0,0,21.5,0,3,2,0.00,,,,,,,,,,,,,,,,,,
Jordan Byrd,PIT,RB,2969002,@CLE,10,9,1,1,N/R,,,0,0,,0,0,0.0,0,0,0.0,0,0,0,-,,,,,,,,,,,,,,,,,,
Demario Richard,ATL,RB,2131493,@NO,28,11,1,1,N/R,,,0,0,,0,0,0.0,0,0,0.0,0,0,0,-,,,,,,,,,,,,,,,,,,
Ameer Abdullah,JAC,RB,1824308,@CIN,15,7,1,1,N/R,,,45,0,,10,2,4.5,0,0,1.0,0,3,2,0.00,,,,,,,,,,,,,,,,,,
Sandro Platzgummer,NYG,RB,3168435,ARI,17,8,1,1,N/R,,,0,0,,0,0,0.0,0,0,0.0,0,0,0,-,,,,,,,,,,,,,,,,,,
Cameron Scarlett,SEA,RB,3161136,LAC,21,11,1,1,N/R,,,0,0,,0,0,0.0,0,0,0.0,0,0,0,-,,,,,,,,,,,,,,,,,,
Salvon Ahmed,CHI,RB,2815163,NYJ,19,10,1,1,N/R,,,0,0,,0,0,0.0,0,0,0.0,0,0,0,-,,,,,,,,,,,,,,,,,,
Josh Jacobs,GB,RB,2257876,@TB,6,11,91,3,N/R,,,0,0,,0,0,0.0,0,0,0.0,0,0,0,-,,,,,,,,,,,,,,,,,,
Tyler Badie,DEN,RB,2964494,@SF,22,10,1,1,N/R,,,3,0,,2,40,1.5,0,0,13.3,0,4,3,0.00,,,,,,,,,,,,,,,,,,
Ricky Person Jr.,SEA,RB,2966141,LAC,21,11,1,1,N/R,,,0,0,,0,0,0.0,0,0,0.0,0,0,0,-,,,,,,,,,,,,,,,,,,
Kaytron Allen,WAS,RB,28875485,IND,29,7,8,1,N/R,,,40,0,,9,0,4.4,0,0,0.0,0,0,0,0.00,,,,,,,,,,,,,,,,,,
Lincoln Pare,IND,RB,3162885,@WAS,3,13,1,1,N/R,,,0,0,,0,0,0.0,0,0,0.0,0,0,0,-,,,,,,,,,,,,,,,,,,
Isaiah Spiller,LV,RB,3131703,KC,11,13,1,1,N/R,,,0,0,,0,0,0.0,0,0,0.0,0,0,0,-,,,,,,,,,,,,,,,,,,
Mikey Daniel,CAR,RB,2195033,DET,8,5,0,0,N/R,,,0,0,,0,0,0.0,0,0,0.0,0,0,0,-,,,,,,,,,,,,,,,,,,
Ronald Awatt,SF,RB,2805483,DEN,30,8,1,0,N/R,,,0,0,,0,0,0.0,0,0,0.0,0,0,0,-,,,,,,,,,,,,,,,,,,
Master Teague III,PIT,RB,2962320,@CLE,10,9,1,0,N/R,,,0,0,,0,0,0.0,0,0,0.0,0,0,0,-,,,,,,,,,,,,,,,,,,
Trey Sermon,ATL,RB,2804142,@NO,28,11,1,1,N/R,,,0,0,,0,0,0.0,0,0,0.0,0,0,0,-,,,,,,,,,,,,,,,,,,
Josh Williams,TB,RB,3121241,GB,31,10,1,1,N/R,,,0,0,,0,0,0.0,0,0,0.0,0,0,0,0.00,,,,,,,,,,,,,,,,,,
Jermar Jefferson,MIN,RB,2964472,MIA,27,6,1,1,N/R,,,0,0,,0,0,0.0,0,0,0.0,0,0,0,-,,,,,,,,,,,,,,,,,,
Justice Hill,BAL,RB,2250388,TEN,24,13,19,1,N/R,,,57,0,,13,22,4.4,0,0,7.3,0,3,3,0.00,,,,,,,,,,,,,,,,,,
George Aston,NYG,RB,3116741,ARI,17,8,1,1,N/R,,,0,0,,0,0,0.0,0,0,0.0,0,0,0,-,,,,,,,,,,,,,,,,,,
Kevin Harris,JAC,RB,3122797,@CIN,15,7,1,1,N/R,,,0,0,,0,0,0.0,0,0,0.0,0,0,0,-,,,,,,,,,,,,,,,,,,
Patrick Taylor,SF,RB,2256736,DEN,30,8,1,1,N/R,,,0,0,,0,0,0.0,0,0,0.0,0,0,0,-,,,,,,,,,,,,,,,,,,
Le'Veon Moss,MIA,RB,28923721,@MIN,4,6,1,0,N/R,,,0,0,,0,0,0.0,0,0,0.0,0,0,0,-,,,,,,,,,,,,,,,,,,
Devon Ramsay,FA,RB,1243006,BYE,---,0,1,1,N/R,,,0,0,,0,0,0.0,0,0,0.0,0,0,0,-,,,,,,,,,,,,,,,,,,
Chris Evans,CIN,RB,2260647,JAC,5,6,1,1,N/R,,,0,0,,0,0,0.0,0,0,0.0,0,0,0,-,,,,,,,,,,,,,,,,,,
Isi Sofele,FA,RB,1679913,BYE,---,0,1,0,N/R,,,0,0,,0,0,0.0,0,0,0.0,0,0,0,-,,,,,,,,,,,,,,,,,,
Darius Hagans,PIT,RB,29113333,@CLE,10,9,1,1,N/R,,,0,0,,0,0,0.0,0,0,0.0,0,0,0,-,,,,,,,,,,,,,,,,,,
Brashard Smith,KC,RB,26694196,@LV,13,5,2,1,N/R,,,0,0,,0,4,0.0,0,0,4.0,0,1,1,0.00,,,,,,,,,,,,,,,,,,
Amar Johnson,LAC,RB,26745358,@SEA,7,7,1,1,N/R,,,0,0,,0,0,0.0,0,0,0.0,0,0,0,-,,,,,,,,,,,,,,,,,,
Deshaun Fenwick,GB,RB,2965278,@TB,6,11,1,0,N/R,,,0,0,,0,0,0.0,0,0,0.0,0,0,0,-,,,,,,,,,,,,,,,,,,
DJ Herman,MIA,RB,26734114,@MIN,4,6,1,1,N/R,,,0,0,,0,18,0.0,0,0,18.0,0,3,1,0.00,,,,,,,,,,,,,,,,,,
Rushawn Baker,NE,RB,26693659,@BUF,26,11,1,1,N/R,,,0,0,,0,0,0.0,0,0,0.0,0,0,0,-,,,,,,,,,,,,,,,,,,
Darius Anderson,HOU,RB,2240319,DAL,25,8,1,1,N/R,,,0,0,,0,0,0.0,0,0,0.0,0,0,0,-,,,,,,,,,,,,,,,,,,
Eric Gray,CLE,RB,3123569,PIT,23,11,1,1,N/R,,,0,0,,0,0,0.0,0,0,0.0,0,0,0,-,,,,,,,,,,,,,,,,,,
Mike Weber,NYG,RB,2179830,ARI,17,8,1,0,N/R,,,0,0,,0,0,0.0,0,0,0.0,0,0,0,-,,,,,,,,,,,,,,,,,,
Lew Nichols,PIT,RB,3121706,@CLE,10,9,1,0,N/R,,,0,0,,1,0,0.0,0,0,0.0,0,0,0,0.00,,,,,,,,,,,,,,,,,,
Damien Martinez,GB,RB,28873395,@TB,6,11,1,1,N/R,,,0,0,,0,0,0.0,0,0,0.0,0,0,0,-,,,,,,,,,,,,,,,,,,
TaMerik Williams,SEA,RB,2961275,LAC,21,11,1,1,N/R,,,0,0,,0,0,0.0,0,0,0.0,0,0,0,-,,,,,,,,,,,,,,,,,,
Dean Connors,LAR,RB,28874921,@PHI,14,11,1,1,N/R,,,0,0,,0,0,0.0,0,0,0.0,0,0,0,0.00,,,,,,,,,,,,,,,,,,
Josh Hokit,ARI,RB,2257897,@NYG,18,14,1,1,N/R,,,0,0,,0,0,0.0,0,0,0.0,0,0,0,-,,,,,,,,,,,,,,,,,,
Dy'Shawn Mobley,CIN,RB,1995653,JAC,5,6,1,1,N/R,,,0,0,,0,0,0.0,0,0,0.0,0,0,0,-,,,,,,,,,,,,,,,,,,
Darrin Hall,PIT,RB,3116786,@CLE,10,9,1,1,N/R,,,0,0,,0,0,0.0,0,0,0.0,0,0,0,-,,,,,,,,,,,,,,,,,,
Nyheim Miller-Hines,NO,RB,2183832,ATL,1,8,1,1,N/R,,,0,0,,0,0,0.0,0,0,0.0,0,0,0,-,,,,,,,,,,,,,,,,,,
Xazavian Valladay,MIN,RB,2867484,MIA,27,6,1,1,N/R,,,0,0,,0,0,0.0,0,0,0.0,0,0,0,-,,,,,,,,,,,,,,,,,,
Brady Russell,SEA,RB,2866240,LAC,21,11,1,1,N/R,,,0,0,,0,40,0.0,0,0,13.3,0,3,3,0.00,,,,,,,,,,,,,,,,,,
Christian Wade,BUF,RB,3114045,NE,16,7,1,0,N/R,,,0,0,,0,0,0.0,0,0,0.0,0,0,0,-,,,,,,,,,,,,,,,,,,
Tyler Gaffney,NE,RB,2061073,@BUF,26,11,1,1,N/R,,,0,0,,0,0,0.0,0,0,0.0,0,0,0,-,,,,,,,,,,,,,,,,,,
Jase McClellan,TB,RB,3162688,GB,31,10,1,1,N/R,,,0,0,,0,0,0.0,0,0,0.0,0,0,0,-,,,,,,,,,,,,,,,,,,
Zavier Scott,MIN,RB,2869402,MIA,27,6,1,1,N/R,,,0,0,,0,0,0.0,0,0,0.0,0,0,0,-,,,,,,,,,,,,,,,,,,
Phil Mafah,NYG,RB,26695049,ARI,17,8,1,1,N/R,,,0,0,,0,0,0.0,0,0,0.0,0,0,0,-,,,,,,,,,,,,,,,,,,
Kenneth Gainwell,TB,RB,2968948,GB,31,10,76,11,N/R,,,21,0,,10,22,2.1,0,0,3.7,0,10,6,0.00,,,,,,,,,,,,,,,,,,
Trabis Ward,FA,RB,1705702,BYE,---,0,1,1,N/R,,,0,0,,0,0,0.0,0,0,0.0,0,0,0,-,,,,,,,,,,,,,,,,,,
Ralph Webb,PIT,RB,2079834,@CLE,10,9,1,0,N/R,,,0,0,,0,0,0.0,0,0,0.0,0,0,0,-,,,,,,,,,,,,,,,,,,
Max Hurleman,PIT,RB,3163775,@CLE,10,9,1,0,N/R,,,0,0,,0,0,0.0,0,0,0.0,0,0,0,-,,,,,,,,,,,,,,,,,,
Jordan James,SF,RB,28916212,DEN,30,8,12,1,N/R,,,15,0,,4,0,3.8,0,0,0.0,0,0,0,0.00,,,,,,,,,,,,,,,,,,
Emmett Johnson,KC,RB,28877097,@LV,13,5,65,2,46,,,56,0,,16,64,3.5,0,0,16.0,0,4,4,0.00,,,,,,,,,,,,,,,,,,
Christopher Ezeala,BAL,RB,2926929,TEN,24,13,0,0,N/R,,,0,0,,0,0,0.0,0,0,0.0,0,0,0,-,,,,,,,,,,,,,,,,,,
Nick Sharga,LV,RB,2925439,KC,11,13,0,0,N/R,,,0,0,,0,0,0.0,0,0,0.0,0,0,0,-,,,,,,,,,,,,,,,,,,
Tyler Goodson,DAL,RB,3122473,@HOU,2,14,2,1,N/R,,,22,0,,6,-5,3.7,0,0,-5.0,0,1,1,0.00,,,,,,,,,,,,,,,,,,
Abram Smith,MIN,RB,2807112,MIA,27,6,1,0,N/R,,,0,0,,0,0,0.0,0,0,0.0,0,0,0,-,,,,,,,,,,,,,,,,,,
DeWayne McBride,MIN,RB,3168024,MIA,27,6,1,1,N/R,,,0,0,,0,0,0.0,0,0,0.0,0,0,0,-,,,,,,,,,,,,,,,,,,
Desmond Reid,BUF,RB,28911101,NE,16,7,1,1,N/R,,,0,0,,0,0,0.0,0,0,0.0,0,0,0,-,,,,,,,,,,,,,,,,,,
Rasheen Ali,BAL,RB,3168797,TEN,24,13,1,1,N/R,,,0,0,,0,0,0.0,0,0,0.0,0,0,0,0.00,,,,,,,,,,,,,,,,,,
Calvin Tyler Jr.,CIN,RB,2870612,JAC,5,6,1,1,N/R,,,0,0,,0,0,0.0,0,0,0.0,0,0,0,-,,,,,,,,,,,,,,,,,,
Greg Bell,PIT,RB,3137978,@CLE,10,9,1,1,N/R,,,0,0,,0,0,0.0,0,0,0.0,0,0,0,-,,,,,,,,,,,,,,,,,,
Chase Edmonds,WAS,RB,2137507,IND,29,7,1,1,N/R,,,0,0,,0,0,0.0,0,0,0.0,0,0,0,-,,,,,,,,,,,,,,,,,,
Darius Clark,CAR,RB,26642430,DET,8,5,1,1,N/R,,,0,0,,0,0,0.0,0,0,0.0,0,0,0,-,,,,,,,,,,,,,,,,,,
Austin Ramesh,ARI,RB,2926510,@NYG,18,14,1,1,N/R,,,0,0,,0,0,0.0,0,0,0.0,0,0,0,-,,,,,,,,,,,,,,,,,,
Shane Watts,NE,RB,50024129,@BUF,26,11,1,1,N/R,,,0,0,,0,0,0.0,0,0,0.0,0,0,0,-,,,,,,,,,,,,,,,,,,
Matt Colburn,JAC,RB,3117152,@CIN,15,7,1,0,N/R,,,0,0,,0,0,0.0,0,0,0.0,0,0,0,-,,,,,,,,,,,,,,,,,,
Anthony Tyus III,CAR,RB,26696862,DET,8,5,1,1,N/R,,,0,0,,0,0,0.0,0,0,0.0,0,0,0,0.00,,,,,,,,,,,,,,,,,,
Rico Dowdle,PIT,RB,2252798,@CLE,10,9,84,3,N/R,,,37,0,,15,28,2.5,0,0,7.0,0,7,4,0.00,,,,,,,,,,,,,,,,,,
John Lovett,PIT,RB,2868681,@CLE,10,9,1,1,N/R,,,0,0,,0,0,0.0,0,0,0.0,0,0,0,-,,,,,,,,,,,,,,,,,,
Anderson Castle,IND,RB,3172308,@WAS,3,13,1,1,N/R,,,0,0,,0,0,0.0,0,0,0.0,0,0,0,-,,,,,,,,,,,,,,,,,,
Toriano Clinton,IND,RB,29169380,@WAS,3,13,1,1,N/R,,,0,0,,0,0,0.0,0,0,0.0,0,0,0,-,,,,,,,,,,,,,,,,,,
Craig Reynolds,WAS,RB,3117134,IND,29,7,1,1,N/R,,,0,0,,0,0,0.0,0,0,0.0,0,0,0,-,,,,,,,,,,,,,,,,,,
Corey Taylor II,CLE,RB,26734864,PIT,23,11,0,0,N/R,,,0,0,,0,0,0.0,0,0,0.0,0,0,0,-,,,,,,,,,,,,,,,,,,
Eli Wilson,CLE,RB,3172301,PIT,23,11,1,1,N/R,,,0,0,,0,0,0.0,0,0,0.0,0,0,0,-,,,,,,,,,,,,,,,,,,
Khalil Herbert,SF,RB,2253041,DEN,30,8,1,1,N/R,,,0,0,,0,0,0.0,0,0,0.0,0,0,0,-,,,,,,,,,,,,,,,,,,
John Kelly,CLE,RB,2180519,PIT,23,11,1,1,N/R,,,0,0,,0,0,0.0,0,0,0.0,0,0,0,-,,,,,,,,,,,,,,,,,,
Adam Choice,SEA,RB,2133458,LAC,21,11,1,1,N/R,,,0,0,,0,0,0.0,0,0,0.0,0,0,0,-,,,,,,,,,,,,,,,,,,
Dillon Johnson,CAR,RB,3171023,DET,8,5,1,1,N/R,,,0,0,,0,0,0.0,0,0,0.0,0,0,0,-,,,,,,,,,,,,,,,,,,
Aaron Dykes,MIN,RB,2964516,MIA,27,6,1,1,N/R,,,0,0,,0,0,0.0,0,0,0.0,0,0,0,-,,,,,,,,,,,,,,,,,,
Benny LeMay,CLE,RB,2258154,PIT,23,11,1,1,N/R,,,0,0,,0,0,0.0,0,0,0.0,0,0,0,-,,,,,,,,,,,,,,,,,,
Joe Mixon,HOU,RB,2131143,DAL,25,8,1,1,N/R,,,0,0,,0,0,0.0,0,0,0.0,0,0,0,-,,,,,,,,,,,,,,,,,,
Nate Carter,KC,RB,3163182,@LV,13,5,1,1,N/R,,,0,0,,0,0,0.0,0,0,0.0,0,0,0,-,,,,,,,,,,,,,,,,,,
Sone Ntoh,BAL,RB,3121137,TEN,24,13,0,0,N/R,,,0,0,,0,0,0.0,0,0,0.0,0,0,0,-,,,,,,,,,,,,,,,,,,
Jacardia Wright,SEA,RB,3124997,LAC,21,11,1,1,N/R,,,0,0,,0,0,0.0,0,0,0.0,0,0,0,-,,,,,,,,,,,,,,,,,,
Mark Thompson,LV,RB,2925520,KC,11,13,1,0,N/R,,,0,0,,0,0,0.0,0,0,0.0,0,0,0,-,,,,,,,,,,,,,,,,,,
Tyrone Tracy Jr.,NYG,RB,2963637,ARI,17,8,16,1,N/R,,,17,0,,3,0,5.7,0,1,0.0,0,0,0,0.00,,,,,,,,,,,,,,,,,,
Jaret Patterson,MIN,RB,2964701,MIA,27,6,1,1,N/R,,,0,0,,0,0,0.0,0,0,0.0,0,0,0,-,,,,,,,,,,,,,,,,,,
Adam Randall,BAL,RB,28878514,TEN,24,13,6,1,N/R,,,0,0,,0,0,0.0,0,0,0.0,0,0,0,-,,,,,,,,,,,,,,,,,,
Noah Cain,CIN,RB,3122713,JAC,5,6,1,1,N/R,,,0,0,,0,0,0.0,0,0,0.0,0,0,0,-,,,,,,,,,,,,,,,,,,
Sam Scott,NYJ,RB,26700754,@CHI,20,13,1,1,N/R,,,0,0,,0,0,0.0,0,0,0.0,0,0,0,-,,,,,,,,,,,,,,,,,,
DeeJay Dallas,MIN,RB,2804094,MIA,27,6,2,1,N/R,,,10,0,,3,13,3.3,0,0,6.5,0,2,2,0.00,,,,,,,,,,,,,,,,,,
Clyde Edwards-Helaire,KC,RB,2804554,@LV,13,5,1,1,N/R,,,0,0,,0,0,0.0,0,0,0.0,0,0,0,-,,,,,,,,,,,,,,,,,,
Ramon Jefferson,TB,RB,2816981,GB,31,10,1,1,N/R,,,0,0,,0,0,0.0,0,0,0.0,0,0,0,-,,,,,,,,,,,,,,,,,,
Kimani Vidal,LAC,RB,3163421,@SEA,7,7,7,1,N/R,,,6,0,,1,14,6.0,0,0,14.0,0,3,1,0.00,,,,,,,,,,,,,,,,,,
Justin Jones,SEA,RB,3172156,LAC,21,11,1,1,N/R,,,0,0,,0,0,0.0,0,0,0.0,0,0,0,-,,,,,,,,,,,,,,,,,,
Hunter Luepke,DAL,RB,2969438,@HOU,2,14,1,1,N/R,,,8,0,,2,0,4.0,0,0,0.0,0,0,0,0.00,,,,,,,,,,,,,,,,,,
Zonovan Knight,ARI,RB,3121860,@NYG,18,14,1,1,N/R,,,24,0,,2,0,12.0,0,0,0.0,0,0,0,0.00,,,,,,,,,,,,,,,,,,
Aaron Shampklin,MIA,RB,2820186,@MIN,4,6,1,0,N/R,,,0,0,,0,0,0.0,0,0,0.0,0,0,0,-,,,,,,,,,,,,,,,,,,
Tahj Brooks,CIN,RB,3168518,JAC,5,6,1,1,N/R,,,0,0,,0,0,0.0,0,0,0.0,0,0,0,0.00,,,,,,,,,,,,,,,,,,
Jordan Ellis,CIN,RB,2139040,JAC,5,6,1,0,N/R,,,0,0,,0,0,0.0,0,0,0.0,0,0,0,-,,,,,,,,,,,,,,,,,,
Jadarian Price,SEA,RB,28875230,LAC,21,11,98,42,27,,,119,0,,28,21,4.2,0,2,5.2,0,7,4,0.00,,,,,,,,,,,,,,,,,,
Miles Sanders,DAL,RB,2251305,@HOU,2,14,1,1,N/R,,,0,0,,0,0,0.0,0,0,0.0,0,0,0,-,,,,,,,,,,,,,,,,,,
B.J. Catalon,FA,RB,1984363,BYE,---,0,1,1,N/R,,,0,0,,0,0,0.0,0,0,0.0,0,0,0,-,,,,,,,,,,,,,,,,,,
Brandon Johnson,PIT,RB,2245903,@CLE,10,9,0,0,N/R,,,0,0,,0,0,0.0,0,0,0.0,0,0,0,-,,,,,,,,,,,,,,,,,,
Demetric Felton,WAS,RB,2240193,IND,29,7,1,1,N/R,,,0,0,,0,0,0.0,0,0,0.0,0,0,0,-,,,,,,,,,,,,,,,,,,
Trey Benson,ARI,RB,3176915,@NYG,18,14,2,1,N/R,,,0,0,,0,0,0.0,0,0,0.0,0,0,0,-,,,,,,,,,,,,,,,,,,
Barika Kpeenu,TB,RB,26726059,GB,31,10,1,1,N/R,,,0,0,,0,0,0.0,0,0,0.0,0,0,0,-,,,,,,,,,,,,,,,,,,
Ronnie Brown,TB,RB,29117338,GB,31,10,1,1,N/R,,,0,0,,0,0,0.0,0,0,0.0,0,0,0,-,,,,,,,,,,,,,,,,,,
Zack Moss,CIN,RB,2240516,JAC,5,6,1,1,N/R,,,0,0,,0,0,0.0,0,0,0.0,0,0,0,-,,,,,,,,,,,,,,,,,,
Michael Wiley,TB,RB,3128079,GB,31,10,1,1,N/R,,,0,0,,0,0,0.0,0,0,0.0,0,0,0,-,,,,,,,,,,,,,,,,,,
DK Kaufman,SEA,RB,3161707,LAC,21,11,0,0,N/R,,,0,0,,0,0,0.0,0,0,0.0,0,0,0,-,,,,,,,,,,,,,,,,,,
Zach Charbonnet,SEA,RB,3123810,LAC,21,11,75,1,N/R,,,0,0,,0,0,0.0,0,0,0.0,0,0,0,-,,,,,,,,,,,,,,,,,,
Pierre Strong Jr.,GB,RB,2819247,@TB,6,11,1,1,N/R,,,0,0,,0,0,0.0,0,0,0.0,0,0,0,-,,,,,,,,,,,,,,,,,,
Raheem Mostert,LV,RB,2174957,KC,11,13,1,1,N/R,,,0,0,,0,0,0.0,0,0,0.0,0,0,0,-,,,,,,,,,,,,,,,,,,
ShunDerrick Powell,KC,RB,26695018,@LV,13,5,1,1,N/R,,,0,0,,0,0,0.0,0,0,0.0,0,0,0,-,,,,,,,,,,,,,,,,,,
Bruce Anderson,IND,RB,2190739,@WAS,3,13,1,1,N/R,,,0,0,,0,0,0.0,0,0,0.0,0,0,0,-,,,,,,,,,,,,,,,,,,
Charles McClelland,TEN,RB,2965633,@BAL,12,9,1,0,N/R,,,0,0,,0,0,0.0,0,0,0.0,0,0,0,-,,,,,,,,,,,,,,,,,,
Ty Johnson,BUF,RB,2179323,NE,16,7,5,1,N/R,,,0,0,,0,50,0.0,0,0,12.5,0,4,4,0.00,,,,,,,,,,,,,,,,,,
Jamaal Williams,NO,RB,2001287,ATL,1,8,1,1,N/R,,,0,0,,0,0,0.0,0,0,0.0,0,0,0,-,,,,,,,,,,,,,,,,,,
Jakob Johnson,HOU,RB,3114047,DAL,25,8,1,1,N/R,,,0,0,,0,0,0.0,0,0,0.0,0,0,0,-,,,,,,,,,,,,,,,,,,
Sincere McCormick,SF,RB,3121308,DEN,30,8,1,1,N/R,,,0,0,,0,0,0.0,0,0,0.0,0,0,0,-,,,,,,,,,,,,,,,,,,
Raheem Blackshear,DET,RB,2870476,@CAR,32,6,1,1,N/R,,,0,0,,0,0,0.0,0,0,0.0,0,0,0,-,,,,,,,,,,,,,,,,,,
Kentrel Bullock,CIN,RB,3168827,JAC,5,6,1,1,N/R,,,0,0,,0,0,0.0,0,0,0.0,0,0,0,-,,,,,,,,,,,,,,,,,,
Karan Higdon,HOU,RB,2185711,DAL,25,8,1,1,N/R,,,0,0,,0,0,0.0,0,0,0.0,0,0,0,-,,,,,,,,,,,,,,,,,,
Al-Jay Henderson,NYJ,RB,26696811,@CHI,20,13,0,0,N/R,,,0,0,,0,0,0.0,0,0,0.0,0,0,0,-,,,,,,,,,,,,,,,,,,
Jalen Jackson,JAC,RB,2968156,@CIN,15,7,1,1,N/R,,,0,0,,0,0,0.0,0,0,0.0,0,0,0,-,,,,,,,,,,,,,,,,,,
Cordarrelle Patterson,PIT,RB,1996183,@CLE,10,9,1,1,N/R,,,0,0,,0,0,0.0,0,0,0.0,0,0,0,-,,,,,,,,,,,,,,,,,,
Christopher Brooks,GB,RB,2962350,@TB,6,11,14,1,N/R,,,40,0,,11,19,3.6,0,0,9.5,0,4,2,0.00,,,,,,,,,,,,,,,,,,
Patrick Ricard,NYG,RB,2818911,ARI,17,8,1,1,N/R,,,0,0,,0,0,0.0,0,0,0.0,0,1,0,0.00,,,,,,,,,,,,,,,,,,
Dare Ogunbowale,HOU,RB,2010409,DAL,25,8,1,1,N/R,,,0,0,,0,0,0.0,0,0,0.0,0,0,0,-,,,,,,,,,,,,,,,,,,
Frank Gore Jr.,BUF,RB,3172189,NE,16,7,1,1,N/R,,,3,0,,1,0,3.0,0,0,0.0,0,0,0,0.00,,,,,,,,,,,,,,,,,,
Nay'Quan Wright,IND,RB,3125818,@WAS,3,13,1,1,N/R,,,0,0,,0,0,0.0,0,0,0.0,0,0,0,-,,,,,,,,,,,,,,,,,,
D'Onta Foreman,CLE,RB,2139847,PIT,23,11,1,1,N/R,,,0,0,,0,0,0.0,0,0,0.0,0,0,0,-,,,,,,,,,,,,,,,,,,
Nick Brossette,DET,RB,2180613,@CAR,32,6,1,1,N/R,,,0,0,,0,0,0.0,0,0,0.0,0,0,0,-,,,,,,,,,,,,,,,,,,
Elijah Tau-Tolliver,BAL,RB,26697830,TEN,24,13,1,1,N/R,,,0,0,,0,0,0.0,0,0,0.0,0,0,0,-,,,,,,,,,,,,,,,,,,
Ronnie Rivers,LAR,RB,2804793,@PHI,14,11,1,1,N/R,,,19,0,,5,5,3.8,0,0,5.0,0,1,1,0.00,,,,,,,,,,,,,,,,,,
Grant Finley,NYG,RB,50063058,ARI,17,8,1,1,N/R,,,0,0,,0,0,0.0,0,0,0.0,0,0,0,-,,,,,,,,,,,,,,,,,,
Lawrance Toafili,NYJ,RB,3164862,@CHI,20,13,1,0,N/R,,,0,0,,0,0,0.0,0,0,0.0,0,0,0,-,,,,,,,,,,,,,,,,,,
Javian Hawkins,LAR,RB,2965989,@PHI,14,11,1,0,N/R,,,0,0,,0,0,0.0,0,0,0.0,0,0,0,-,,,,,,,,,,,,,,,,,,
Seth McGowan,IND,RB,3161581,@WAS,3,13,7,1,N/R,,,14,0,,6,0,2.3,0,0,0.0,0,1,1,0.00,,,,,,,,,,,,,,,,,,
TJ Pledger,ARI,RB,2963440,@NYG,18,14,1,1,N/R,,,0,0,,0,0,0.0,0,0,0.0,0,0,0,-,,,,,,,,,,,,,,,,,,
Nate Noel,IND,RB,3172309,@WAS,3,13,1,1,N/R,,,0,0,,0,0,0.0,0,0,0.0,0,0,0,-,,,,,,,,,,,,,,,,,,
Elijah Mitchell,PHI,RB,2819876,LAR,9,10,1,1,N/R,,,0,0,,0,0,0.0,0,0,0.0,0,0,0,-,,,,,,,,,,,,,,,,,,
Louis Rees-Zammit,JAC,RB,29375761,@CIN,15,7,1,1,N/R,,,0,0,,0,0,0.0,0,0,0.0,0,0,0,-,,,,,,,,,,,,,,,,,,
Roman Hemby,LV,RB,26700412,KC,11,13,1,1,N/R,,,0,0,,0,0,0.0,0,0,0.0,0,0,0,-,,,,,,,,,,,,,,,,,,
J.J. Taylor,HOU,RB,2252786,DAL,25,8,1,0,N/R,,,0,0,,0,0,0.0,0,0,0.0,0,0,0,-,,,,,,,,,,,,,,,,,,
Jaden Shirden,CAR,RB,26693614,DET,8,5,1,1,N/R,,,0,0,,0,0,0.0,0,0,0.0,0,0,0,-,,,,,,,,,,,,,,,,,,
Jabari Small,DET,RB,3171876,@CAR,32,6,1,1,N/R,,,0,0,,0,0,0.0,0,0,0.0,0,0,0,-,,,,,,,,,,,,,,,,,,
A.J. Rose,LAR,RB,2245147,@PHI,14,11,1,1,N/R,,,0,0,,0,0,0.0,0,0,0.0,0,0,0,-,,,,,,,,,,,,,,,,,,
Kay'ron Lynch-Adams,CAR,RB,3127817,DET,8,5,1,1,N/R,,,0,0,,0,0,0.0,0,0,0.0,0,0,0,-,,,,,,,,,,,,,,,,,,
JaMycal Hasty,NE,RB,2189504,@BUF,26,11,1,1,N/R,,,0,0,,0,0,0.0,0,0,0.0,0,0,0,-,,,,,,,,,,,,,,,,,,
Isaac Guerendo,SF,RB,2964154,DEN,30,8,1,1,N/R,,,0,0,,0,0,0.0,0,0,0.0,0,0,0,-,,,,,,,,,,,,,,,,,,
Aca'Cedric Ware,TB,RB,3127655,GB,31,10,1,0,N/R,,,0,0,,0,0,0.0,0,0,0.0,0,0,0,-,,,,,,,,,,,,,,,,,,
Carlos Washington Jr.,MIA,RB,2867377,@MIN,4,6,1,1,N/R,,,0,0,,0,0,0.0,0,0,0.0,0,0,0,-,,,,,,,,,,,,,,,,,,
Adam Prentice,DEN,RB,2188826,@SF,22,10,1,1,N/R,,,0,0,,0,2,0.0,0,0,2.0,0,1,1,0.00,,,,,,,,,,,,,,,,,,
Jared Baker,ARI,RB,1824667,@NYG,18,14,1,1,N/R,,,0,0,,0,0,0.0,0,0,0.0,0,0,0,-,,,,,,,,,,,,,,,,,,
Nick Chubb,HOU,RB,2131579,DAL,25,8,1,1,N/R,,,0,0,,0,0,0.0,0,0,0.0,0,0,0,-,,,,,,,,,,,,,,,,,,
Avery Williams,NYJ,RB,2257948,@CHI,20,13,1,1,N/R,,,0,0,,0,0,0.0,0,0,0.0,0,0,0,-,,,,,,,,,,,,,,,,,,
TJ Harden,SEA,RB,28926779,LAC,21,11,1,1,N/R,,,0,0,,0,0,0.0,0,0,0.0,0,0,0,-,,,,,,,,,,,,,,,,,,
Lorenzo Lingard,NYG,RB,2966652,ARI,17,8,1,1,N/R,,,0,0,,0,0,0.0,0,0,0.0,0,0,0,-,,,,,,,,,,,,,,,,,,
Kye Robichaux,DET,RB,26705587,@CAR,32,6,1,0,N/R,,,0,0,,0,0,0.0,0,0,0.0,0,0,0,-,,,,,,,,,,,,,,,,,,
J.K. Dobbins,DEN,RB,2804420,@SF,22,10,95,24,30,,,121,0,,35,4,3.5,0,0,4.0,0,2,1,0.00,,,,,,,,,,,,,,,,,,
Dylan Laube,LV,RB,2964322,KC,11,13,1,1,N/R,,,0,0,,0,0,0.0,0,1,0.0,0,0,0,0.00,,,,,,,,,,,,,,,,,,
Kevin Marks Jr.,LAC,RB,2868972,@SEA,7,7,1,0,N/R,,,0,0,,0,0,0.0,0,0,0.0,0,0,0,-,,,,,,,,,,,,,,,,,,
Roydell Williams,DET,RB,3162757,@CAR,32,6,1,1,N/R,,,0,0,,0,0,0.0,0,0,0.0,0,0,0,-,,,,,,,,,,,,,,,,,,
Isaiah Bowser,BUF,RB,2966767,NE,16,7,1,1,N/R,,,0,0,,0,0,0.0,0,0,0.0,0,0,0,-,,,,,,,,,,,,,,,,,,
Jaleel McLaughlin,CLE,RB,26725939,PIT,23,11,1,1,N/R,,,3,0,,1,0,3.0,0,0,0.0,0,1,0,0.00,,,,,,,,,,,,,,,,,,
CJ Donaldson,NO,RB,28900249,ATL,1,8,1,1,N/R,,,11,0,,4,-2,2.8,0,0,-2.0,0,2,1,0.00,,,,,,,,,,,,,,,,,,
Jaden Nixon,GB,RB,26727476,@TB,6,11,1,1,N/R,,,0,0,,0,0,0.0,0,0,0.0,0,0,0,-,,,,,,,,,,,,,,,,,,
Markese Stepp,NYJ,RB,2965517,@CHI,20,13,1,1,N/R,,,0,0,,0,0,0.0,0,0,0.0,0,0,0,-,,,,,,,,,,,,,,,,,,
Pete Guerriero,PIT,RB,3172327,@CLE,10,9,1,1,N/R,,,0,0,,0,0,0.0,0,0,0.0,0,0,0,-,,,,,,,,,,,,,,,,,,
Austin Jones,WAS,RB,3121977,IND,29,7,1,1,N/R,,,0,0,,0,0,0.0,0,0,0.0,0,0,0,-,,,,,,,,,,,,,,,,,,
Dylan Sampson,CLE,RB,28912068,PIT,23,11,20,1,N/R,,,0,0,,0,0,0.0,0,0,0.0,0,0,0,0.00,,,,,,,,,,,,,,,,,,
Gus Edwards,LAC,RB,2925410,@SEA,7,7,1,1,N/R,,,0,0,,0,0,0.0,0,0,0.0,0,0,0,-,,,,,,,,,,,,,,,,,,
Tayon Fleet-Davis,KC,RB,2804284,@LV,13,5,1,1,N/R,,,0,0,,0,0,0.0,0,0,0.0,0,0,0,-,,,,,,,,,,,,,,,,,,
Zach Ojile,MIN,RB,29118586,MIA,27,6,1,1,N/R,,,0,0,,0,0,0.0,0,0,0.0,0,0,0,-,,,,,,,,,,,,,,,,,,
Jack Colletto,PIT,RB,2962220,@CLE,10,9,1,1,N/R,,,0,0,,0,0,0.0,0,0,0.0,0,0,0,-,,,,,,,,,,,,,,,,,,
George Holani,SEA,RB,3131661,LAC,21,11,6,1,N/R,,,52,0,,15,50,3.5,0,0,8.3,0,7,6,0.00,,,,,,,,,,,,,,,,,,
D'Ernest Johnson,TEN,RB,3117165,@BAL,12,9,1,1,N/R,,,0,0,,0,0,0.0,0,0,0.0,0,0,0,-,,,,,,,,,,,,,,,,,,
Dedrick Mills,DET,RB,2239541,@CAR,32,6,0,0,N/R,,,0,0,,0,0,0.0,0,0,0.0,0,0,0,-,,,,,,,,,,,,,,,,,,
J.C. Copeland,NYJ,RB,1752358,@CHI,20,13,0,0,N/R,,,0,0,,0,0,0.0,0,0,0.0,0,0,0,-,,,,,,,,,,,,,,,,,,
Taimi Tutogi,FA,RB,1679885,BYE,---,0,1,1,N/R,,,0,0,,0,0,0.0,0,0,0.0,0,0,0,-,,,,,,,,,,,,,,,,,,
Jam Miller,NE,RB,28875653,@BUF,26,11,1,1,N/R,,,0,0,,0,0,0.0,0,0,0.0,0,0,0,-,,,,,,,,,,,,,,,,,,
C.J. Ham,MIN,RB,2237239,MIA,27,6,1,1,N/R,,,0,0,,0,0,0.0,0,0,0.0,0,0,0,-,,,,,,,,,,,,,,,,,,
Nicholas Singleton,TEN,RB,28876754,@BAL,12,9,9,1,N/R,,,10,0,,4,0,2.5,0,0,0.0,0,0,0,0.00,,,,,,,,,,,,,,,,,,
Kadarius Calloway,TB,RB,29123778,GB,31,10,1,1,N/R,,,0,0,,0,0,0.0,0,0,0.0,0,0,0,-,,,,,,,,,,,,,,,,,,
Roschon Johnson,CHI,RB,3121395,NYJ,19,10,2,1,N/R,,,0,0,,0,0,0.0,0,0,0.0,0,0,0,0.00,,,,,,,,,,,,,,,,,,
Elijah Dotson,ATL,RB,2830007,@NO,28,11,1,0,N/R,,,0,0,,0,0,0.0,0,0,0.0,0,0,0,-,,,,,,,,,,,,,,,,,,
Jaydn Ott,KC,RB,28876778,@LV,13,5,1,1,N/R,,,0,0,,0,0,0.0,0,0,0.0,0,0,0,-,,,,,,,,,,,,,,,,,,
Kaleb Johnson,GB,RB,28875572,@TB,6,11,17,1,45,,,38,0,,12,10,3.2,0,0,10.0,0,3,1,0.00,,,,,,,,,,,,,,,,,,
Deneric Prince,NE,RB,2964540,@BUF,26,11,1,1,N/R,,,0,0,,0,0,0.0,0,0,0.0,0,0,0,-,,,,,,,,,,,,,,,,,,
Aidan Robbins,CLE,RB,3123398,PIT,23,11,1,1,N/R,,,0,0,,0,0,0.0,0,0,0.0,0,0,0,-,,,,,,,,,,,,,,,,,,
Stevie Scott III,ARI,RB,2967217,@NYG,18,14,1,0,N/R,,,0,0,,0,0,0.0,0,0,0.0,0,0,0,-,,,,,,,,,,,,,,,,,,
Damon Bankston,GB,RB,26725313,@TB,6,11,1,1,N/R,,,0,0,,0,0,0.0,0,0,0.0,0,0,0,-,,,,,,,,,,,,,,,,,,
Ben VanSumeren,KC,RB,2968491,@LV,13,5,1,1,N/R,,,0,0,,0,0,0.0,0,0,0.0,0,0,0,0.00,,,,,,,,,,,,,,,,,,
Miles Davis,CAR,RB,3174323,DET,8,5,1,1,N/R,,,0,0,,0,0,0.0,0,0,0.0,0,0,0,-,,,,,,,,,,,,,,,,,,
Dominic Richardson,NYJ,RB,3161882,@CHI,20,13,1,1,N/R,,,0,0,,0,0,0.0,0,0,0.0,0,0,0,-,,,,,,,,,,,,,,,,,,
Tyler Hoosman,LAC,RB,2866762,@SEA,7,7,1,1,N/R,,,0,0,,0,0,0.0,0,0,0.0,0,0,0,-,,,,,,,,,,,,,,,,,,
Otis Anderson,LAR,RB,2804600,@PHI,14,11,1,1,N/R,,,0,0,,0,0,0.0,0,0,0.0,0,0,0,-,,,,,,,,,,,,,,,,,,
Blake Watson,TEN,RB,2963426,@BAL,12,9,1,1,N/R,,,0,0,,0,0,0.0,0,0,0.0,0,0,0,-,,,,,,,,,,,,,,,,,,
Cam Akers,SEA,RB,2804034,LAC,21,11,1,1,N/R,,,0,0,,0,0,0.0,0,0,0.0,0,0,0,-,,,,,,,,,,,,,,,,,,
Cash Jones,ATL,RB,26738725,@NO,28,11,1,1,N/R,,,0,0,,0,0,0.0,0,0,0.0,0,0,0,-,,,,,,,,,,,,,,,,,,
Rodney Anderson,CIN,RB,2179644,JAC,5,6,1,1,N/R,,,0,0,,0,0,0.0,0,0,0.0,0,0,0,-,,,,,,,,,,,,,,,,,,
Darrynton Evans,BUF,RB,2240806,NE,16,7,1,1,N/R,,,0,0,,0,0,0.0,0,0,0.0,0,0,0,-,,,,,,,,,,,,,,,,,,
Velus Jones Jr.,SEA,RB,2242764,LAC,21,11,1,1,N/R,,,0,0,,0,0,0.0,0,0,0.0,0,0,0,0.00,,,,,,,,,,,,,,,,,,
ZaQuandre White,MIA,RB,2864584,@MIN,4,6,1,0,N/R,,,0,0,,0,0,0.0,0,0,0.0,0,0,0,-,,,,,,,,,,,,,,,,,,
Reggie Gilliam,NE,RB,3161112,@BUF,26,11,1,1,N/R,,,0,0,,0,4,0.0,0,0,4.0,0,2,1,0.00,,,,,,,,,,,,,,,,,,
Israel Abanikanda,DAL,RB,3163291,@HOU,2,14,1,1,N/R,,,0,0,,0,0,0.0,0,0,0.0,0,0,0,-,,,,,,,,,,,,,,,,,,
CJ Verdell,IND,RB,2866324,@WAS,3,13,1,0,N/R,,,0,0,,0,0,0.0,0,0,0.0,0,0,0,-,,,,,,,,,,,,,,,,,,
British Brooks,HOU,RB,2961993,DAL,25,8,1,1,N/R,,,0,0,,0,0,0.0,0,0,0.0,0,0,0,0.00,,,,,,,,,,,,,,,,,,
Antonio Gibson,NE,RB,2960976,@BUF,26,11,1,1,N/R,,,0,0,,0,0,0.0,0,0,0.0,0,0,0,-,,,,,,,,,,,,,,,,,,
Keaontay Ingram,KC,RB,2962791,@LV,13,5,1,1,N/R,,,0,0,,0,0,0.0,0,0,0.0,0,0,0,-,,,,,,,,,,,,,,,,,,
DJ Giddens,IND,RB,26695679,@WAS,3,13,2,1,N/R,,,0,0,,0,0,0.0,0,0,0.0,0,0,0,-,,,,,,,,,,,,,,,,,,
Will Shipley,PHI,RB,26699119,LAR,9,10,2,1,N/R,,,28,0,,9,24,3.1,0,0,6.0,0,5,4,0.00,,,,,,,,,,,,,,,,,,
Gerrid Doaks,HOU,RB,2240551,DAL,25,8,1,0,N/R,,,0,0,,0,0,0.0,0,0,0.0,0,0,0,-,,,,,,,,,,,,,,,,,,
Chris Collier,LV,RB,3161765,KC,11,13,1,1,N/R,,,0,0,,0,0,0.0,0,0,0.0,0,0,0,-,,,,,,,,,,,,,,,,,,
Robert Burns,ATL,RB,2804092,@NO,28,11,1,1,N/R,,,0,0,,0,0,0.0,0,0,0.0,0,0,0,-,,,,,,,,,,,,,,,,,,
Jalen White,GB,RB,3166561,@TB,6,11,1,1,N/R,,,0,0,,0,0,0.0,0,0,0.0,0,0,0,-,,,,,,,,,,,,,,,,,,
Kenneth Harper,NYG,RB,2175119,ARI,17,8,1,0,N/R,,,0,0,,0,0,0.0,0,0,0.0,0,0,0,-,,,,,,,,,,,,,,,,,,
Kobe Lewis,SEA,RB,2962483,LAC,21,11,1,1,N/R,,,0,0,,0,0,0.0,0,0,0.0,0,0,0,-,,,,,,,,,,,,,,,,,,
Isaiah Davis,NYJ,RB,26718641,@CHI,20,13,5,1,N/R,,,0,0,,0,0,0.0,0,0,0.0,0,0,0,0.00,,,,,,,,,,,,,,,,,,
Isiah Pacheco,DET,RB,2966551,@CAR,32,6,23,1,N/R,,,0,0,,0,0,0.0,0,0,0.0,0,0,0,-,,,,,,,,,,,,,,,,,,
J'Mari Taylor,JAC,RB,26726239,@CIN,15,7,1,0,N/R,,,0,0,,0,0,0.0,0,0,0.0,0,0,0,-,,,,,,,,,,,,,,,,,,
Wayne Taulapapa,SEA,RB,2960832,LAC,21,11,0,0,N/R,,,0,0,,0,0,0.0,0,0,0.0,0,0,0,-,,,,,,,,,,,,,,,,,,
Ty Chandler,NO,RB,2867472,ATL,1,8,1,1,N/R,,,0,0,,0,0,0.0,0,0,0.0,0,0,0,-,,,,,,,,,,,,,,,,,,
Deuce Vaughn,HOU,RB,3168666,DAL,25,8,1,1,N/R,,,0,0,,0,0,0.0,0,0,0.0,0,0,0,-,,,,,,,,,,,,,,,,,,
Joshua Kelley,TEN,RB,2183195,@BAL,12,9,1,1,N/R,,,0,0,,0,0,0.0,0,0,0.0,0,0,0,-,,,,,,,,,,,,,,,,,,
LeQuint Allen,JAC,RB,28877884,@CIN,15,7,1,1,N/R,,,0,0,,0,9,0.0,0,0,4.5,0,3,2,0.00,,,,,,,,,,,,,,,,,,
Owen Wright,HOU,RB,2818062,DAL,25,8,1,1,N/R,,,0,0,,0,0,0.0,0,0,0.0,0,0,0,-,,,,,,,,,,,,,,,,,,
Ahmani Marshall,CAR,RB,3162108,DET,8,5,1,1,N/R,,,0,0,,0,0,0.0,0,0,0.0,0,0,0,-,,,,,,,,,,,,,,,,,,
Davon Booth,IND,RB,29122230,@WAS,3,13,1,0,N/R,,,0,0,,0,0,0.0,0,0,0.0,0,0,0,-,,,,,,,,,,,,,,,,,,
Darnell Holland,NO,RB,3117071,ATL,1,8,1,1,N/R,,,0,0,,0,0,0.0,0,0,0.0,0,0,0,-,,,,,,,,,,,,,,,,,,
Emani Bailey,CAR,RB,3164304,DET,8,5,1,1,N/R,,,0,0,,0,0,0.0,0,0,0.0,0,0,0,-,,,,,,,,,,,,,,,,,,
Xavier Turner,SEA,RB,3117016,LAC,21,11,1,0,N/R,,,0,0,,0,0,0.0,0,0,0.0,0,0,0,-,,,,,,,,,,,,,,,,,,
Dante Miller,NYG,RB,2961818,ARI,17,8,1,1,N/R,,,0,0,,0,0,0.0,0,0,0.0,0,0,0,-,,,,,,,,,,,,,,,,,,
Lan Larison,NE,RB,3161645,@BUF,26,11,1,1,N/R,,,0,0,,0,9,0.0,0,0,4.5,0,2,2,0.00,,,,,,,,,,,,,,,,,,
Raheim Sanders,CLE,RB,26700087,PIT,23,11,4,1,N/R,,,22,0,,4,66,5.5,0,0,8.2,0,9,8,0.00,,,,,,,,,,,,,,,,,,
Malik Davis,DAL,RB,2773009,@HOU,2,14,5,1,N/R,,,0,0,,0,0,0.0,0,0,0.0,0,0,0,-,,,,,,,,,,,,,,,,,,
Tiyon Evans,CAR,RB,26701126,DET,8,5,1,0,N/R,,,0,0,,0,0,0.0,0,0,0.0,0,0,0,-,,,,,,,,,,,,,,,,,,
Deon Jackson,DET,RB,2866237,@CAR,32,6,1,1,N/R,,,0,0,,0,0,0.0,0,0,0.0,0,0,0,-,,,,,,,,,,,,,,,,,,
Elijah Collins,CIN,RB,2961847,JAC,5,6,0,0,N/R,,,0,0,,0,0,0.0,0,0,0.0,0,0,0,-,,,,,,,,,,,,,,,,,,
RJ Harvey,DEN,RB,3121207,@SF,22,10,89,14,29,,,24,0,,5,64,4.8,0,0,6.4,0,11,10,0.00,,,,,,,,,,,,,,,,,,
Bryce Love,WAS,RB,2186835,IND,29,7,1,0,N/R,,,0,0,,0,0,0.0,0,0,0.0,0,0,0,-,,,,,,,,,,,,,,,,,,
Ja'Quinden Jackson,PHI,RB,3168195,LAR,9,10,0,0,N/R,,,0,0,,0,0,0.0,0,0,0.0,0,0,0,-,,,,,,,,,,,,,,,,,,
Chip Trayanum,NYJ,RB,3162240,@CHI,20,13,1,1,N/R,,,0,0,,0,0,0.0,0,0,0.0,0,0,0,-,,,,,,,,,,,,,,,,,,
Bryant Koback,SEA,RB,2803780,LAC,21,11,1,1,N/R,,,0,0,,0,0,0.0,0,0,0.0,0,0,0,-,,,,,,,,,,,,,,,,,,
Mataeo Durant,PIT,RB,2966697,@CLE,10,9,1,0,N/R,,,0,0,,0,0,0.0,0,0,0.0,0,0,0,-,,,,,,,,,,,,,,,,,,
CJ Marable,NE,RB,2239828,@BUF,26,11,0,0,N/R,,,0,0,,0,0,0.0,0,0,0.0,0,0,0,-,,,,,,,,,,,,,,,,,,
DeAndre Torrey,PHI,RB,2960960,LAR,9,10,1,1,N/R,,,0,0,,0,0,0.0,0,0,0.0,0,0,0,-,,,,,,,,,,,,,,,,,,
Myles Gaskin,SEA,RB,2180360,LAC,21,11,1,1,N/R,,,0,0,,0,0,0.0,0,0,0.0,0,0,0,-,,,,,,,,,,,,,,,,,,
Alec Ingold,LAC,RB,2183930,@SEA,7,7,1,1,N/R,,,0,0,,0,35,0.0,0,0,11.7,0,4,3,0.00,,,,,,,,,,,,,,,,,,
Julius Chestnut,TEN,RB,2967664,@BAL,12,9,1,1,N/R,,,0,0,,0,0,0.0,0,0,0.0,0,0,0,0.00,,,,,,,,,,,,,,,,,,
James Conner,ARI,RB,2071585,@NYG,18,14,12,1,N/R,,,0,0,,0,0,0.0,0,0,0.0,0,0,0,-,,,,,,,,,,,,,,,,,,
Dameon Pierce,PHI,RB,2964236,LAR,9,10,1,1,N/R,,,0,0,,0,0,0.0,0,0,0.0,0,0,0,-,,,,,,,,,,,,,,,,,,
Max Borghi,PIT,RB,2965014,@CLE,10,9,1,1,N/R,,,0,0,,0,0,0.0,0,0,0.0,0,0,0,-,,,,,,,,,,,,,,,,,,
Devin Neal,NO,RB,26703005,ATL,1,8,1,1,N/R,,,0,0,,0,0,0.0,0,0,0.0,0,0,0,-,,,,,,,,,,,,,,,,,,
Taj McGowan,JAC,RB,3117391,@CIN,15,7,1,1,N/R,,,0,0,,0,0,0.0,0,0,0.0,0,0,0,-,,,,,,,,,,,,,,,,,,
Troy Hairston II,CLE,RB,2880293,PIT,23,11,1,1,N/R,,,0,0,,0,0,0.0,0,0,0.0,0,0,0,-,,,,,,,,,,,,,,,,,,
Jaxon Smith-Njigba,SEA,WR,3162959,LAC,18,11,100,100,1,,,405,6,,0,0,15.0,0,0,0.0,23,36,27,7.67,,,,,,,,,,,,,,,,,,
Davante Adams,LAR,WR,1893167,@PHI,21,11,100,95,15,,,358,2,,0,0,19.9,0,0,0.0,15,29,18,5.00,,,,,,,,,,,,,,,,,,
Christian Watson,GB,WR,2869806,@TB,10,11,100,96,12,,,284,4,,0,0,16.7,0,0,0.0,14,29,17,4.67,,,,,,,,,,,,,,,,,,
CeeDee Lamb,DAL,WR,2865251,@HOU,28,14,100,99,3,,,309,3,,1,0,15.4,0,0,0.0,13,25,20,4.33,,,,,,,,,,,,,,,,,,
Denzel Boston,CLE,WR,28875368,PIT,9,11,89,26,39,,,195,2,,0,0,21.7,0,0,0.0,11,15,9,3.67,,,,,,,,,,,,,,,,,,
Amon-Ra St. Brown,DET,WR,2967690,@CAR,4,6,100,100,2,,,228,5,,0,0,9.9,0,0,0.0,11,35,23,3.67,,,,,,,,,,,,,,,,,,
Zay Flowers,BAL,WR,3127049,TEN,17,13,100,82,9,,,234,1,,1,20,23.4,0,0,20.0,11,12,10,5.50,,,,,,,,,,,,,,,,,,
Chris Olave,NO,WR,2963666,ATL,29,8,100,100,4,,,375,1,,0,0,13.9,0,0,0.0,11,36,27,3.67,,,,,,,,,,,,,,,,,,
Jalen Coker,CAR,WR,3163990,DET,27,5,95,27,N/R,,,222,2,,0,0,12.3,0,0,0.0,9,22,18,3.00,,,,,,,,,,,,,,,,,,
Ja'Marr Chase,CIN,WR,2966320,JAC,20,6,100,100,5,,,185,3,,0,0,10.3,0,0,0.0,9,25,18,3.00,,,,,,,,,,,,,,,,,,
Deebo Samuel,SF,WR,2139735,DEN,11,8,96,55,29,,,159,2,,4,30,17.7,0,0,7.5,8,11,9,2.67,,,,,,,,,,,,,,,,,,
Drake London,ATL,WR,3127902,@NO,8,11,100,99,8,,,274,0,,2,4,18.3,0,0,2.0,7,20,15,2.33,,,,,,,,,,,,,,,,,,
Justin Jefferson,MIN,WR,2871343,MIA,3,6,100,91,N/R,,,179,2,,0,0,13.8,0,0,0.0,7,17,13,2.33,,,,,,,,,,,,,,,,,,
Parker Washington,JAC,WR,3168820,@CIN,15,7,99,92,11,,,221,2,,0,0,14.7,0,0,0.0,7,23,15,2.33,,,,,,,,,,,,,,,,,,
Tre Tucker,LV,WR,3121848,KC,2,13,74,25,37,,,189,1,,0,0,17.2,0,0,0.0,6,15,11,2.00,,,,,,,,,,,,,,,,,,
Tee Higgins,CIN,WR,2809208,JAC,20,6,100,94,16,,,244,1,,0,0,17.4,0,0,0.0,6,23,14,2.00,,,,,,,,,,,,,,,,,,
Josh Palmer,BUF,WR,2867325,NE,7,7,9,1,N/R,,,77,2,,0,0,38.5,0,0,0.0,6,5,2,2.00,,,,,,,,,,,,,,,,,,
Garrett Wilson,NYJ,WR,3123864,@CHI,12,13,100,96,7,,,243,2,,0,0,11.6,0,0,0.0,6,27,21,2.00,,,,,,,,,,,,,,,,,,
Kalif Raymond,CHI,WR,1999329,NYJ,6,10,53,13,31,,,214,1,,0,0,11.3,0,0,0.0,6,21,19,2.00,,,,,,,,,,,,,,,,,,
Konata Mumpfield,LAR,WR,26694679,@PHI,21,11,4,1,N/R,,,105,1,,0,0,21.0,0,0,0.0,6,11,5,2.00,,,,,,,,,,,,,,,,,,
Ryan Miller,MIA,WR,2964726,@MIN,26,6,1,1,N/R,,,92,1,,0,0,30.7,0,0,0.0,6,4,3,2.00,,,,,,,,,,,,,,,,,,
Jordan Addison,MIN,WR,3162290,MIA,3,6,92,47,28,,,111,1,,0,0,15.9,0,0,0.0,5,16,7,1.67,,,,,,,,,,,,,,,,,,
DeVonta Smith,PHI,WR,2866975,LAR,14,10,100,90,13,,,235,1,,0,0,12.4,0,0,0.0,5,27,19,1.67,,,,,,,,,,,,,,,,,,
Matthew Golden,GB,WR,28874927,@TB,10,11,96,67,17,,,253,1,,0,0,16.9,0,0,0.0,5,30,15,1.67,,,,,,,,,,,,,,,,,,
DJ Moore,BUF,WR,2179328,NE,7,7,100,62,24,,,167,1,,1,-1,15.2,0,0,-1.0,5,18,11,1.67,,,,,,,,,,,,,,,,,,
Myles Price,MIN,WR,3168525,MIA,3,6,1,1,N/R,,,0,0,,0,0,0.0,0,0,0.0,5,1,0,1.67,,,,,,,,,,,,,,,,,,
Jaylen Waddle,DEN,WR,2962110,@SF,13,10,99,62,20,,,150,0,,1,14,13.6,0,0,14.0,5,20,11,1.67,,,,,,,,,,,,,,,,,,
Stefon Diggs,WAS,WR,2000038,IND,25,7,94,44,27,,,135,3,,0,0,10.4,0,0,0.0,4,22,13,1.33,,,,,,,,,,,,,,,,,,
Jakobi Meyers,JAC,WR,2183835,@CIN,15,7,79,26,43,,,132,2,,1,2,13.2,0,0,2.0,4,11,10,1.33,,,,,,,,,,,,,,,,,,
Ted Hurst,TB,WR,29421796,GB,22,10,9,1,N/R,,,103,1,,0,0,17.2,0,0,0.0,3,13,6,1.00,,,,,,,,,,,,,,,,,,
Rashee Rice,KC,WR,3124978,@LV,5,5,100,95,22,,,190,1,,0,0,14.6,0,0,0.0,3,17,13,1.00,,,,,,,,,,,,,,,,,,
Cody White,LV,WR,2865884,KC,2,13,2,1,N/R,,,28,3,,0,0,9.3,0,0,0.0,3,6,3,1.00,,,,,,,,,,,,,,,,,,
Rashod Bateman,BAL,WR,2960940,TEN,17,13,73,23,N/R,,,125,1,,0,0,13.9,0,0,0.0,3,13,9,1.00,,,,,,,,,,,,,,,,,,
Dontayvion Wicks,PHI,WR,3122375,LAR,14,10,61,12,38,,,179,1,,0,0,19.9,0,0,0.0,3,15,9,1.00,,,,,,,,,,,,,,,,,,
Demarcus Robinson,SF,WR,2061095,DEN,11,8,4,1,N/R,,,84,1,,0,0,16.8,0,0,0.0,3,6,5,1.50,,,,,,,,,,,,,,,,,,
Roman Wilson,PIT,WR,3169495,@CLE,23,9,6,1,N/R,,,114,1,,0,0,10.4,0,0,0.0,3,18,11,1.00,,,,,,,,,,,,,,,,,,
Mike Evans,SF,WR,1824909,DEN,11,8,99,30,N/R,,,137,2,,0,0,11.4,0,0,0.0,3,16,12,1.00,,,,,,,,,,,,,,,,,,
Tetairoa McMillan,CAR,WR,28877124,DET,27,5,100,88,18,,,193,0,,0,0,16.1,0,1,0.0,3,23,12,1.00,,,,,,,,,,,,,,,,,,
Terry McLaurin,WAS,WR,2139279,IND,25,7,99,66,21,,,141,1,,0,0,14.1,0,0,0.0,3,22,10,1.00,,,,,,,,,,,,,,,,,,
Ladd McConkey,LAC,WR,3163962,@SEA,1,7,100,66,25,,,183,1,,0,0,15.2,0,0,0.0,2,15,12,0.67,,,,,,,,,,,,,,,,,,
Ben Skowronek,PIT,WR,2247046,@CLE,23,9,1,1,N/R,,,25,1,,0,0,12.5,0,0,0.0,2,2,2,0.67,,,,,,,,,,,,,,,,,,
Josh Downs,IND,WR,3162970,@WAS,32,13,93,63,19,,,186,0,,0,0,13.3,0,0,0.0,2,24,14,0.67,,,,,,,,,,,,,,,,,,
KaVontae Turpin,DAL,WR,2180870,@HOU,28,14,2,1,N/R,,,17,0,,2,10,8.5,1,0,5.0,2,3,2,0.67,,,,,,,,,,,,,,,,,,
Nico Collins,HOU,WR,2878193,DAL,16,8,100,51,14,,,75,1,,1,7,10.7,0,0,7.0,2,10,7,2.00,,,,,,,,,,,,,,,,,,
Caleb Douglas,MIA,WR,28900321,@MIN,26,6,35,1,N/R,,,113,0,,0,0,16.1,0,0,0.0,2,10,7,1.00,,,,,,,,,,,,,,,,,,
Michael Wilson,ARI,WR,2965181,@NYG,19,14,95,62,23,,,163,1,,0,0,9.1,0,0,0.0,2,31,18,0.67,,,,,,,,,,,,,,,,,,
Pat Bryant,DEN,WR,26697415,@SF,13,10,11,1,N/R,,,86,1,,1,16,14.3,0,0,16.0,2,9,6,0.67,,,,,,,,,,,,,,,,,,
Romeo Doubs,NE,WR,2961886,@BUF,31,11,72,15,47,,,145,0,,0,0,24.2,0,0,0.0,2,11,6,0.67,,,,,,,,,,,,,,,,,,
Josh Cameron,JAC,WR,26726935,@CIN,15,7,1,1,N/R,,,32,2,,0,0,10.7,0,0,0.0,2,4,3,0.67,,,,,,,,,,,,,,,,,,
Chris Blair,ATL,WR,2965618,@NO,8,11,1,1,N/R,,,6,0,,0,0,6.0,0,0,0.0,1,3,1,0.33,,,,,,,,,,,,,,,,,,
Sterling Shepard,NYJ,WR,1996786,@CHI,12,13,1,1,N/R,,,3,0,,0,0,3.0,0,0,0.0,1,1,1,1.00,,,,,,,,,,,,,,,,,,
DK Metcalf,PIT,WR,2260185,@CLE,23,9,95,38,33,,,98,1,,0,0,8.9,0,0,0.0,1,24,11,0.33,,,,,,,,,,,,,,,,,,
Darius Cooper,PHI,WR,3165205,LAR,14,10,1,1,N/R,,,26,1,,0,0,13.0,0,0,0.0,1,3,2,0.33,,,,,,,,,,,,,,,,,,
Tyquan Thornton,KC,WR,2965066,@LV,5,5,6,1,N/R,,,108,0,,0,0,18.0,0,0,0.0,1,7,6,0.33,,,,,,,,,,,,,,,,,,
Jack Bech,LV,WR,26700682,KC,2,13,3,1,N/R,,,48,1,,0,0,9.6,0,0,0.0,1,6,5,0.33,,,,,,,,,,,,,,,,,,
Emeka Egbuka,TB,WR,26696165,GB,22,10,100,69,36,,,141,1,,1,-3,10.8,0,0,-3.0,1,20,13,0.33,,,,,,,,,,,,,,,,,,
Mack Hollins,NE,WR,2010349,@BUF,31,11,25,7,N/R,,,156,0,,0,0,13.0,0,0,0.0,1,16,12,0.33,,,,,,,,,,,,,,,,,,
Chris Moore,BAL,WR,1871375,TEN,17,13,1,1,N/R,,,63,1,,0,0,21.0,0,0,0.0,1,6,3,0.33,,,,,,,,,,,,,,,,,,
John Metchie III,CAR,WR,3121171,DET,27,5,1,1,N/R,,,19,1,,0,0,9.5,0,0,0.0,1,5,2,0.50,,,,,,,,,,,,,,,,,,
Xavier Worthy,KC,WR,26730787,@LV,5,5,77,18,N/R,,,63,1,,0,0,6.3,0,0,0.0,1,15,10,0.33,,,,,,,,,,,,,,,,,,
Tre Harris,LAC,WR,3162525,@SEA,1,7,11,1,N/R,,,149,0,,0,0,14.9,0,0,0.0,1,16,10,0.33,,,,,,,,,,,,,,,,,,
Treylon Burks,WAS,WR,3122944,IND,25,7,1,1,N/R,,,13,1,,0,0,6.5,0,0,0.0,1,3,2,0.50,,,,,,,,,,,,,,,,,,
Wan'Dale Robinson,TEN,WR,3124107,@BAL,24,9,69,18,40,,,104,1,,0,0,8.0,0,0,0.0,1,18,13,0.33,,,,,,,,,,,,,,,,,,
Antonio Williams,WAS,WR,28877974,IND,25,7,31,2,N/R,,,103,1,,0,0,11.4,0,0,0.0,1,11,9,0.33,,,,,,,,,,,,,,,,,,
George Pickens,DAL,WR,3123212,@HOU,28,14,100,94,10,,,150,0,,0,0,9.4,0,0,0.0,1,25,16,0.33,,,,,,,,,,,,,,,,,,
Jalen Royals,KC,WR,28924106,@LV,5,5,1,1,N/R,,,17,1,,0,0,5.7,0,0,0.0,1,3,3,0.33,,,,,,,,,,,,,,,,,,
Elic Ayomanor,TEN,WR,28900714,@BAL,24,9,6,1,N/R,,,91,1,,0,0,22.8,0,0,0.0,1,9,4,0.33,,,,,,,,,,,,,,,,,,
Kendrick Bourne,ARI,WR,2088428,@NYG,19,14,4,1,N/R,,,108,0,,0,0,9.0,0,0,0.0,1,14,12,0.33,,,,,,,,,,,,,,,,,,
Puka Nacua,LAR,WR,3121687,@PHI,21,11,100,42,6,,,74,0,,0,0,14.8,0,0,0.0,1,9,5,1.00,,,,,,,,,,,,,,,,,,
Jahdae Walker,CHI,WR,29174299,NYJ,6,10,1,1,N/R,,,1,1,,0,0,1.0,0,0,0.0,1,1,1,0.33,,,,,,,,,,,,,,,,,,
Cooper Kupp,SEA,WR,2006951,LAC,18,11,27,4,N/R,,,101,1,,0,0,12.6,0,0,0.0,1,10,8,0.33,,,,,,,,,,,,,,,,,,
Devaughn Vele,NO,WR,3121113,ATL,29,8,78,27,32,,,172,1,,0,0,11.5,0,0,0.0,1,22,15,0.33,,,,,,,,,,,,,,,,,,
Keenan Allen,IND,WR,1737096,@WAS,32,13,58,19,35,,,100,1,,0,0,7.7,0,0,0.0,1,20,13,0.33,,,,,,,,,,,,,,,,,,
Brycen Tremayne,CAR,WR,2967463,DET,27,5,1,1,N/R,,,83,0,,0,0,20.8,0,0,0.0,1,6,4,0.33,,,,,,,,,,,,,,,,,,
Luther Burden III,CHI,WR,28874444,NYJ,6,10,99,62,26,,,156,1,,2,9,10.4,0,1,4.5,1,23,15,0.33,,,,,,,,,,,,,,,,,,
T.J. Simmons,TB,WR,2240254,GB,22,10,1,0,N/R,,,0,0,,0,0,0.0,0,0,0.0,0,0,0,-,,,,,,,,,,,,,,,,,,
Antoine Green,DET,WR,2962502,@CAR,4,6,1,1,N/R,,,0,0,,0,0,0.0,0,0,0.0,0,0,0,-,,,,,,,,,,,,,,,,,,
Johnny Wilson,PHI,WR,3163268,LAR,14,10,1,1,N/R,,,0,0,,0,0,0.0,0,0,0.0,0,0,0,-,,,,,,,,,,,,,,,,,,
Isaiah Hodgins,PIT,WR,2783899,@CLE,23,9,1,1,N/R,,,0,0,,0,0,0.0,0,0,0.0,0,0,0,-,,,,,,,,,,,,,,,,,,
Corey Rucker,LV,WR,3163046,KC,2,13,0,0,N/R,,,0,0,,0,0,0.0,0,0,0.0,0,0,0,-,,,,,,,,,,,,,,,,,,
Mac Dalena,BUF,WR,3165469,NE,7,7,0,0,N/R,,,0,0,,0,0,0.0,0,0,0.0,0,0,0,-,,,,,,,,,,,,,,,,,,
K.J. Osborn,TEN,WR,2184383,@BAL,24,9,1,1,N/R,,,0,0,,0,0,0.0,0,0,0.0,0,0,0,-,,,,,,,,,,,,,,,,,,
Tru Edwards,LAR,WR,26710155,@PHI,21,11,1,0,N/R,,,0,0,,0,0,0.0,0,0,0.0,0,0,0,-,,,,,,,,,,,,,,,,,,
Hayden Hatten,SEA,WR,3125550,LAC,18,11,1,1,N/R,,,0,0,,0,0,0.0,0,0,0.0,0,0,0,-,,,,,,,,,,,,,,,,,,
Malik Williams,BUF,WR,2780940,NE,7,7,1,1,N/R,,,0,0,,0,0,0.0,0,0,0.0,0,0,0,-,,,,,,,,,,,,,,,,,,
Terry Wright,MIA,WR,3116837,@MIN,26,6,0,0,N/R,,,0,0,,0,0,0.0,0,0,0.0,0,0,0,-,,,,,,,,,,,,,,,,,,
Lujuan Winningham,JAC,WR,2828807,@CIN,15,7,1,0,N/R,,,0,0,,0,0,0.0,0,0,0.0,0,0,0,-,,,,,,,,,,,,,,,,,,
DeAndre Hopkins,BAL,WR,1737078,TEN,17,13,1,1,N/R,,,0,0,,0,0,0.0,0,0,0.0,0,0,0,-,,,,,,,,,,,,,,,,,,
Jayden Higgins,HOU,WR,26708551,DAL,16,8,4,1,N/R,,,0,0,,0,0,0.0,0,0,0.0,0,0,0,-,,,,,,,,,,,,,,,,,,
Changa Hodge,ARI,WR,2262609,@NYG,19,14,1,1,N/R,,,0,0,,0,0,0.0,0,0,0.0,0,0,0,-,,,,,,,,,,,,,,,,,,
Tamorrion Terry,SEA,WR,2866340,LAC,18,11,1,1,N/R,,,0,0,,0,0,0.0,0,0,0.0,0,0,0,-,,,,,,,,,,,,,,,,,,
Matthew Henry,TB,WR,29408013,GB,22,10,0,0,N/R,,,0,0,,0,0,0.0,0,0,0.0,0,0,0,-,,,,,,,,,,,,,,,,,,
Harrison Wallace III,ARI,WR,26698495,@NYG,19,14,1,0,N/R,,,0,0,,0,0,0.0,0,0,0.0,0,0,0,-,,,,,,,,,,,,,,,,,,
Joseph Scates,JAC,WR,28873479,@CIN,15,7,1,1,N/R,,,0,0,,0,0,0.0,0,0,0.0,0,0,0,-,,,,,,,,,,,,,,,,,,
Thomas Hennigan,MIN,WR,2780930,MIA,3,6,1,0,N/R,,,0,0,,0,0,0.0,0,0,0.0,0,0,0,-,,,,,,,,,,,,,,,,,,
Michael Briscoe,MIN,WR,26706359,MIA,3,6,1,1,N/R,,,0,0,,0,0,0.0,0,0,0.0,0,0,0,-,,,,,,,,,,,,,,,,,,
Traeshon Holden,DAL,WR,3163354,@HOU,28,14,1,1,N/R,,,0,0,,0,0,0.0,0,0,0.0,0,0,0,-,,,,,,,,,,,,,,,,,,
Kayshon Boutte,HOU,WR,3163170,DAL,16,8,22,2,N/R,,,79,0,,0,0,13.2,0,0,0.0,0,9,6,0.00,,,,,,,,,,,,,,,,,,
Camden Brown,DAL,WR,28877638,@HOU,28,14,1,0,N/R,,,0,0,,0,0,0.0,0,0,0.0,0,0,0,-,,,,,,,,,,,,,,,,,,
Michael Dereus,BAL,WR,3161102,TEN,17,13,1,1,N/R,,,0,0,,0,0,0.0,0,0,0.0,0,0,0,-,,,,,,,,,,,,,,,,,,
Tanner Knue,TB,WR,2964657,GB,22,10,1,1,N/R,,,0,0,,0,0,0.0,0,0,0.0,0,0,0,-,,,,,,,,,,,,,,,,,,
Warren Jackson,LAR,WR,2803784,@PHI,21,11,1,0,N/R,,,0,0,,0,0,0.0,0,0,0.0,0,0,0,-,,,,,,,,,,,,,,,,,,
Octavian Smith Jr.,BAL,WR,28900666,TEN,17,13,1,0,N/R,,,0,0,,0,0,0.0,0,0,0.0,0,0,0,-,,,,,,,,,,,,,,,,,,
Jacolby George,CAR,WR,26700358,DET,27,5,0,0,N/R,,,0,0,,0,0,0.0,0,0,0.0,0,0,0,-,,,,,,,,,,,,,,,,,,
Nick DeGennaro,NE,WR,3166956,@BUF,31,11,1,1,N/R,,,0,0,,0,0,0.0,0,0,0.0,0,0,0,-,,,,,,,,,,,,,,,,,,
Kai Locksley,MIA,WR,2186493,@MIN,26,6,0,0,N/R,,,0,0,,0,0,0.0,0,0,0.0,0,0,0,-,,,,,,,,,,,,,,,,,,
Je'Quan Burton,MIA,WR,2962576,@MIN,26,6,0,0,N/R,,,0,0,,0,0,0.0,0,0,0.0,0,0,0,-,,,,,,,,,,,,,,,,,,
Ketron Jackson Jr.,LV,WR,26698032,KC,2,13,1,1,N/R,,,0,0,,0,0,0.0,0,0,0.0,0,0,0,-,,,,,,,,,,,,,,,,,,
Harvey Binford,IND,WR,2252503,@WAS,32,13,1,0,N/R,,,0,0,,0,0,0.0,0,0,0.0,0,0,0,-,,,,,,,,,,,,,,,,,,
John Rhys Plumlee,PIT,WR,3126959,@CLE,23,9,1,1,N/R,,,0,0,,0,0,0.0,0,0,0.0,0,0,0,-,,,,,,,,,,,,,,,,,,
Kyle Sheets,KC,WR,29379128,@LV,5,5,1,1,N/R,,,0,0,,0,0,0.0,0,0,0.0,0,0,0,-,,,,,,,,,,,,,,,,,,
River Cracraft,WAS,WR,2890282,IND,25,7,1,0,N/R,,,0,0,,0,0,0.0,0,0,0.0,0,0,0,-,,,,,,,,,,,,,,,,,,
Anthony Ratliff-Williams,SEA,WR,2179349,LAC,18,11,1,1,N/R,,,0,0,,0,0,0.0,0,0,0.0,0,0,0,-,,,,,,,,,,,,,,,,,,
JuJu Smith-Schuster,NYG,WR,2139620,ARI,30,8,1,1,N/R,,,0,0,,0,0,0.0,0,0,0.0,0,0,0,-,,,,,,,,,,,,,,,,,,
Sahmir Hagans,IND,WR,26697142,@WAS,32,13,1,0,N/R,,,0,0,,0,0,0.0,0,0,0.0,0,0,0,-,,,,,,,,,,,,,,,,,,
Braydon Johnson,BUF,WR,2864986,NE,7,7,0,0,N/R,,,0,0,,0,0,0.0,0,0,0.0,0,0,0,-,,,,,,,,,,,,,,,,,,
Jamoi Mayes,CIN,WR,26719064,JAC,20,6,1,0,N/R,,,0,0,,0,0,0.0,0,0,0.0,0,0,0,-,,,,,,,,,,,,,,,,,,
Landon Lenoir,CHI,WR,2247199,NYJ,6,10,0,0,N/R,,,0,0,,0,0,0.0,0,0,0.0,0,0,0,-,,,,,,,,,,,,,,,,,,
Kevin Kassis,SEA,WR,2261023,LAC,18,11,1,1,N/R,,,0,0,,0,0,0.0,0,0,0.0,0,0,0,-,,,,,,,,,,,,,,,,,,
Tarik Black,DET,WR,2819115,@CAR,4,6,0,0,N/R,,,0,0,,0,0,0.0,0,0,0.0,0,0,0,-,,,,,,,,,,,,,,,,,,
Wesley Grimes,SF,WR,28883053,DEN,11,8,1,0,N/R,,,0,0,,0,0,0.0,0,0,0.0,0,0,0,-,,,,,,,,,,,,,,,,,,
CJ Daniels,LAR,WR,3167404,@PHI,21,11,1,1,N/R,,,0,0,,0,0,0.0,0,0,0.0,0,0,0,-,,,,,,,,,,,,,,,,,,
Jaden Smith,DAL,WR,3133126,@HOU,28,14,1,1,N/R,,,0,0,,0,0,0.0,0,0,0.0,0,0,0,-,,,,,,,,,,,,,,,,,,
Lawrence Keys III,DET,WR,2969108,@CAR,4,6,1,1,N/R,,,0,0,,0,0,0.0,0,0,0.0,0,0,0,-,,,,,,,,,,,,,,,,,,
JP Richardson,CHI,WR,26693430,NYJ,6,10,1,0,N/R,,,0,0,,0,0,0.0,0,0,0.0,0,0,0,-,,,,,,,,,,,,,,,,,,
Jalen McCleskey,NO,WR,2185697,ATL,29,8,1,1,N/R,,,0,0,,0,0,0.0,0,0,0.0,0,0,0,-,,,,,,,,,,,,,,,,,,
Savion Williams,GB,WR,3161844,@TB,10,11,1,1,N/R,,,0,0,,0,0,0.0,0,0,0.0,0,0,0,-,,,,,,,,,,,,,,,,,,
Malik Flowers,LV,WR,2865446,KC,2,13,1,1,N/R,,,0,0,,0,0,0.0,0,0,0.0,0,0,0,-,,,,,,,,,,,,,,,,,,
Jahan Dotson,ATL,WR,2962944,@NO,8,11,1,1,N/R,,,41,0,,0,0,10.2,0,0,0.0,0,11,4,0.00,,,,,,,,,,,,,,,,,,
Kelvin McKnight,DEN,WR,2186057,@SF,13,10,1,1,N/R,,,0,0,,0,0,0.0,0,0,0.0,0,0,0,-,,,,,,,,,,,,,,,,,,
Bub Means,CLE,WR,3123413,PIT,9,11,1,1,N/R,,,0,0,,0,0,0.0,0,0,0.0,0,0,0,-,,,,,,,,,,,,,,,,,,
Monaray Baldwin,MIA,WR,26727563,@MIN,26,6,1,1,N/R,,,0,0,,0,0,0.0,0,0,0.0,0,0,0,-,,,,,,,,,,,,,,,,,,
Skyy Moore,GB,WR,3126874,@TB,10,11,1,1,N/R,,,37,0,,0,0,7.4,0,0,0.0,0,11,5,0.00,,,,,,,,,,,,,,,,,,
DeAndre Carter,CLE,WR,2174795,PIT,9,11,1,1,N/R,,,0,0,,0,0,0.0,0,0,0.0,0,0,0,-,,,,,,,,,,,,,,,,,,
Rashod Owens,CIN,WR,3169153,JAC,20,6,1,1,N/R,,,0,0,,0,0,0.0,0,0,0.0,0,0,0,-,,,,,,,,,,,,,,,,,,
Joaquin Davis,PIT,WR,26726311,@CLE,23,9,0,0,N/R,,,0,0,,0,0,0.0,0,0,0.0,0,0,0,-,,,,,,,,,,,,,,,,,,
Josh Johnson,DET,WR,2867095,@CAR,4,6,0,0,N/R,,,0,0,,0,0,0.0,0,0,0.0,0,0,0,-,,,,,,,,,,,,,,,,,,
Jose Barbon,DAL,WR,2963601,@HOU,28,14,1,1,N/R,,,0,0,,0,0,0.0,0,0,0.0,0,0,0,-,,,,,,,,,,,,,,,,,,
Ricky Pearsall,SF,WR,3122949,DEN,11,8,4,1,N/R,,,0,0,,0,0,0.0,0,0,0.0,0,0,0,-,,,,,,,,,,,,,,,,,,
Drake Stoops,LAR,WR,2961345,@PHI,21,11,1,1,N/R,,,0,0,,0,0,0.0,0,0,0.0,0,0,0,-,,,,,,,,,,,,,,,,,,
David Bell,CLE,WR,3131708,PIT,9,11,1,1,N/R,,,0,0,,0,0,0.0,0,0,0.0,0,0,0,-,,,,,,,,,,,,,,,,,,
Davon Grayson,KC,WR,2080267,@LV,5,5,1,1,N/R,,,0,0,,0,0,0.0,0,0,0.0,0,0,0,-,,,,,,,,,,,,,,,,,,
Roderick Daniels Jr.,NO,WR,26696826,ATL,29,8,1,0,N/R,,,0,0,,0,0,0.0,0,0,0.0,0,0,0,-,,,,,,,,,,,,,,,,,,
Hank Beatty,TEN,WR,28915401,@BAL,24,9,1,1,N/R,,,0,0,,0,0,0.0,0,0,0.0,0,0,0,-,,,,,,,,,,,,,,,,,,
Devin Gray,KC,WR,2925207,@LV,5,5,1,1,N/R,,,0,0,,0,0,0.0,0,0,0.0,0,0,0,-,,,,,,,,,,,,,,,,,,
Derrick Dillon,CLE,WR,2180617,PIT,9,11,0,0,N/R,,,0,0,,0,0,0.0,0,0,0.0,0,0,0,-,,,,,,,,,,,,,,,,,,
Greg Dortch,BUF,WR,2223207,NE,7,7,1,1,N/R,,,0,0,,0,0,0.0,0,0,0.0,0,0,0,0.00,,,,,,,,,,,,,,,,,,
Papi White,TEN,WR,2139547,@BAL,24,9,1,0,N/R,,,0,0,,0,0,0.0,0,0,0.0,0,0,0,-,,,,,,,,,,,,,,,,,,
Vinny Anthony II,ATL,WR,28921356,@NO,8,11,1,1,N/R,,,0,0,,0,0,0.0,0,0,0.0,0,0,0,-,,,,,,,,,,,,,,,,,,
Ed Lee,NE,WR,2830185,@BUF,31,11,0,0,N/R,,,0,0,,0,0,0.0,0,0,0.0,0,0,0,-,,,,,,,,,,,,,,,,,,
Chris Godwin,TB,WR,2818150,GB,22,10,81,14,N/R,,,111,0,,2,15,11.1,0,0,7.5,0,11,10,0.00,,,,,,,,,,,,,,,,,,
Thomas Sperbeck,TB,WR,2819114,GB,22,10,1,0,N/R,,,0,0,,0,0,0.0,0,0,0.0,0,0,0,-,,,,,,,,,,,,,,,,,,
Malik Nabers,NYG,WR,26697761,ARI,30,8,100,68,30,,,96,0,,0,0,8.0,0,0,0.0,0,19,12,0.00,,,,,,,,,,,,,,,,,,
KC Concepcion,CLE,WR,29123718,PIT,9,11,65,5,N/R,,,80,0,,4,9,6.7,0,1,2.2,0,20,12,0.00,,,,,,,,,,,,,,,,,,
Mac Hippenhammer,CIN,WR,2868995,JAC,20,6,0,0,N/R,,,0,0,,0,0,0.0,0,0,0.0,0,0,0,-,,,,,,,,,,,,,,,,,,
Josh Jarboe,FA,WR,1684461,BYE,---,0,1,1,N/R,,,0,0,,0,0,0.0,0,0,0.0,0,0,0,-,,,,,,,,,,,,,,,,,,
Shedrick Jackson,BAL,WR,2962459,TEN,17,13,0,0,N/R,,,0,0,,0,0,0.0,0,0,0.0,0,0,0,-,,,,,,,,,,,,,,,,,,
Ja'Corey Brooks,WAS,WR,26702195,IND,25,7,1,1,N/R,,,0,0,,0,0,0.0,0,0,0.0,0,0,0,-,,,,,,,,,,,,,,,,,,
Cedric Tillman,NO,WR,2962120,ATL,29,8,1,1,N/R,,,0,0,,0,0,0.0,0,0,0.0,0,0,0,-,,,,,,,,,,,,,,,,,,
Reggie Brown,KC,WR,2961395,@LV,5,5,1,1,N/R,,,0,0,,0,0,0.0,0,0,0.0,0,0,0,-,,,,,,,,,,,,,,,,,,
David Durden,DAL,WR,2836832,@HOU,28,14,1,1,N/R,,,0,0,,0,0,0.0,0,0,0.0,0,0,0,-,,,,,,,,,,,,,,,,,,
Darius Slayton,IND,WR,2183982,@WAS,32,13,2,1,N/R,,,0,0,,0,0,0.0,0,0,0.0,0,0,0,-,,,,,,,,,,,,,,,,,,
Blayne Taylor,IND,WR,28914781,@WAS,32,13,1,1,N/R,,,0,0,,0,0,0.0,0,0,0.0,0,0,0,-,,,,,,,,,,,,,,,,,,
Erik Ezukanma,PHI,WR,2962352,LAR,14,10,1,1,N/R,,,0,0,,0,0,0.0,0,0,0.0,0,0,0,-,,,,,,,,,,,,,,,,,,
Gary Chambers,BUF,WR,1851098,NE,7,7,1,1,N/R,,,0,0,,0,0,0.0,0,0,0.0,0,0,0,-,,,,,,,,,,,,,,,,,,
Danny Gray,PHI,WR,3168336,LAR,14,10,1,1,N/R,,,0,0,,0,0,0.0,0,0,0.0,0,0,0,-,,,,,,,,,,,,,,,,,,
Trent Sherfield,BUF,WR,2139758,NE,7,7,1,1,N/R,,,0,0,,0,0,0.0,0,0,0.0,0,0,0,-,,,,,,,,,,,,,,,,,,
Kevin Austin Jr.,NO,WR,2969073,ATL,29,8,1,0,N/R,,,7,0,,0,0,7.0,0,0,0.0,0,1,1,0.00,,,,,,,,,,,,,,,,,,
Jaylin Lane,WAS,WR,3162484,IND,25,7,1,1,N/R,,,25,0,,0,0,12.5,0,0,0.0,0,2,2,0.00,,,,,,,,,,,,,,,,,,
Jamal Custis,PIT,WR,2139136,@CLE,23,9,0,0,N/R,,,0,0,,0,0,0.0,0,0,0.0,0,0,0,-,,,,,,,,,,,,,,,,,,
Daniel Arias,ARI,WR,2966863,@NYG,19,14,1,0,N/R,,,0,0,,0,0,0.0,0,0,0.0,0,0,0,-,,,,,,,,,,,,,,,,,,
DaVaris Daniels,NE,WR,1888751,@BUF,31,11,1,1,N/R,,,0,0,,0,0,0.0,0,0,0.0,0,0,0,-,,,,,,,,,,,,,,,,,,
Quentin Johnston,LAC,WR,3162609,@SEA,1,7,72,10,45,,,64,0,,1,7,10.7,0,0,7.0,0,17,6,0.00,,,,,,,,,,,,,,,,,,
Tayvion Robinson,CAR,WR,3126630,DET,27,5,1,1,N/R,,,0,0,,0,0,0.0,0,0,0.0,0,0,0,-,,,,,,,,,,,,,,,,,,
DeVonte Christopher,FA,WR,1621175,BYE,---,0,1,1,N/R,,,0,0,,0,0,0.0,0,0,0.0,0,0,0,-,,,,,,,,,,,,,,,,,,
Xavier Johnson,CIN,WR,2984078,JAC,20,6,1,1,N/R,,,0,0,,0,0,0.0,0,0,0.0,0,0,0,-,,,,,,,,,,,,,,,,,,
Kisean Johnson,GB,WR,26730190,@TB,10,11,0,0,N/R,,,0,0,,0,0,0.0,0,0,0.0,0,0,0,-,,,,,,,,,,,,,,,,,,
Jaelon Darden,SEA,WR,2836391,LAC,18,11,1,1,N/R,,,0,0,,0,0,0.0,0,0,0.0,0,0,0,-,,,,,,,,,,,,,,,,,,
Jalen Reagor,MIA,WR,2803733,@MIN,26,6,1,1,N/R,,,0,0,,0,0,0.0,0,0,0.0,0,0,0,-,,,,,,,,,,,,,,,,,,
Jaaron Hayek,KC,WR,3128825,@LV,5,5,1,1,N/R,,,0,0,,0,0,0.0,0,0,0.0,0,0,0,-,,,,,,,,,,,,,,,,,,
Jonathan Adams Jr.,DET,WR,2805617,@CAR,4,6,1,1,N/R,,,0,0,,0,0,0.0,0,0,0.0,0,0,0,-,,,,,,,,,,,,,,,,,,
A.J. Richardson,ARI,WR,3117015,@NYG,19,14,1,1,N/R,,,0,0,,0,0,0.0,0,0,0.0,0,0,0,-,,,,,,,,,,,,,,,,,,
Jesse Matthews,ATL,WR,2976870,@NO,8,11,0,0,N/R,,,0,0,,0,0,0.0,0,0,0.0,0,0,0,-,,,,,,,,,,,,,,,,,,
Kole Wilson,CLE,WR,28950335,PIT,9,11,1,0,N/R,,,0,0,,0,0,0.0,0,0,0.0,0,0,0,-,,,,,,,,,,,,,,,,,,
Latreal Jones,TB,WR,28875290,GB,22,10,1,0,N/R,,,0,0,,0,0,0.0,0,0,0.0,0,0,0,-,,,,,,,,,,,,,,,,,,
Treyvhon Saunders,HOU,WR,28927179,DAL,16,8,1,0,N/R,,,0,0,,0,0,0.0,0,0,0.0,0,0,0,-,,,,,,,,,,,,,,,,,,
Derius Davis,LAC,WR,2966544,@SEA,1,7,1,1,N/R,,,0,0,,0,0,0.0,0,0,0.0,0,2,0,0.00,,,,,,,,,,,,,,,,,,
Malik Knowles,SF,WR,2966553,DEN,11,8,1,1,N/R,,,0,0,,0,0,0.0,0,0,0.0,0,0,0,-,,,,,,,,,,,,,,,,,,
Kazmeir Allen,WAS,WR,2962093,IND,25,7,1,1,N/R,,,0,0,,0,0,0.0,0,0,0.0,0,0,0,-,,,,,,,,,,,,,,,,,,
Jimmy Holiday,KC,WR,3163391,@LV,5,5,1,1,N/R,,,0,0,,0,0,0.0,0,0,0.0,0,0,0,-,,,,,,,,,,,,,,,,,,
Chris Coleman,MIA,WR,2804779,@MIN,26,6,1,0,N/R,,,0,0,,0,0,0.0,0,0,0.0,0,0,0,-,,,,,,,,,,,,,,,,,,
Kyle Dixon,NE,WR,50049245,@BUF,31,11,1,1,N/R,,,0,0,,0,0,0.0,0,0,0.0,0,0,0,-,,,,,,,,,,,,,,,,,,
Kobe Hudson,CAR,WR,3161851,DET,27,5,1,1,N/R,,,0,0,,0,0,0.0,0,0,0.0,0,0,0,-,,,,,,,,,,,,,,,,,,
Ja'Lynn Polk,NO,WR,3162664,ATL,29,8,1,1,N/R,,,0,0,,0,0,0.0,0,0,0.0,0,0,0,-,,,,,,,,,,,,,,,,,,
Justin Lockhart,KC,WR,3125802,@LV,5,5,1,1,N/R,,,0,0,,0,0,0.0,0,0,0.0,0,0,0,-,,,,,,,,,,,,,,,,,,
Giles Jackson,PHI,WR,3133264,LAR,14,10,1,1,N/R,,,0,0,,0,0,0.0,0,0,0.0,0,0,0,-,,,,,,,,,,,,,,,,,,
Kaden Davis,CHI,WR,28868815,NYJ,6,10,1,1,N/R,,,0,0,,0,0,0.0,0,0,0.0,0,0,0,0.00,,,,,,,,,,,,,,,,,,
Dax Milne,CAR,WR,2975629,DET,27,5,1,1,N/R,,,0,0,,0,0,0.0,0,0,0.0,0,0,0,-,,,,,,,,,,,,,,,,,,
Leon Johnson III,LAC,WR,29125075,@SEA,1,7,1,1,N/R,,,0,0,,0,0,0.0,0,0,0.0,0,0,0,-,,,,,,,,,,,,,,,,,,
Makai Polk,ATL,WR,3122839,@NO,8,11,1,1,N/R,,,0,0,,0,0,0.0,0,0,0.0,0,0,0,-,,,,,,,,,,,,,,,,,,
Charles Holland,CIN,WR,3117020,JAC,20,6,1,1,N/R,,,0,0,,0,0,0.0,0,0,0.0,0,0,0,-,,,,,,,,,,,,,,,,,,
Rakim Jarrett,PIT,WR,3166901,@CLE,23,9,1,1,N/R,,,0,0,,0,0,0.0,0,0,0.0,0,0,0,-,,,,,,,,,,,,,,,,,,
Jerry Jeudy,CLE,WR,2741201,PIT,9,11,27,1,N/R,,,26,0,,0,0,13.0,0,0,0.0,0,5,2,0.00,,,,,,,,,,,,,,,,,,
DJ Turner,HOU,WR,2251084,DAL,16,8,1,1,N/R,,,0,0,,0,0,0.0,0,0,0.0,0,0,0,-,,,,,,,,,,,,,,,,,,
Ben Patterson,CLE,WR,50048410,PIT,9,11,1,1,N/R,,,0,0,,0,0,0.0,0,0,0.0,0,0,0,-,,,,,,,,,,,,,,,,,,
Aleva Hifo,ARI,WR,3159106,@NYG,19,14,1,0,N/R,,,0,0,,0,0,0.0,0,0,0.0,0,0,0,-,,,,,,,,,,,,,,,,,,
Keon Coleman,BUF,WR,26717289,NE,7,7,13,1,N/R,,,101,0,,0,0,12.6,0,0,0.0,0,9,8,0.00,,,,,,,,,,,,,,,,,,
Khadarel Hodge,SF,WR,2954080,DEN,11,8,1,1,N/R,,,18,0,,0,0,18.0,0,0,0.0,0,1,1,0.00,,,,,,,,,,,,,,,,,,
Isaiah Neyor,GB,WR,3121203,@TB,10,11,1,1,N/R,,,0,0,,0,0,0.0,0,0,0.0,0,0,0,-,,,,,,,,,,,,,,,,,,
DeAngelo Hardy,BAL,WR,29376463,TEN,17,13,1,1,N/R,,,0,0,,0,0,0.0,0,0,0.0,0,0,0,-,,,,,,,,,,,,,,,,,,
Malachi Corley,CLE,WR,3162613,PIT,9,11,1,1,N/R,,,0,0,,0,0,0.0,0,1,0.0,0,0,0,0.00,,,,,,,,,,,,,,,,,,
Antonio Nunn,ATL,WR,2258543,@NO,8,11,1,1,N/R,,,0,0,,0,0,0.0,0,0,0.0,0,0,0,-,,,,,,,,,,,,,,,,,,
Jake Bobo,SEA,WR,2962336,LAC,18,11,1,1,N/R,,,0,0,,0,0,0.0,0,0,0.0,0,0,0,-,,,,,,,,,,,,,,,,,,
Tyler Vaughns,PIT,WR,2242770,@CLE,23,9,1,0,N/R,,,0,0,,0,0,0.0,0,0,0.0,0,0,0,-,,,,,,,,,,,,,,,,,,
Keytaon Thompson,DET,WR,2744571,@CAR,4,6,0,0,N/R,,,0,0,,0,0,0.0,0,0,0.0,0,0,0,-,,,,,,,,,,,,,,,,,,
Brian Cobbs,ARI,WR,2961430,@NYG,19,14,1,1,N/R,,,0,0,,0,0,0.0,0,0,0.0,0,0,0,-,,,,,,,,,,,,,,,,,,
Corey Crooms Jr.,DAL,WR,3123126,@HOU,28,14,1,0,N/R,,,0,0,,0,0,0.0,0,0,0.0,0,0,0,-,,,,,,,,,,,,,,,,,,
Braylon Sanders,WAS,WR,2869933,IND,25,7,1,1,N/R,,,0,0,,0,0,0.0,0,0,0.0,0,0,0,-,,,,,,,,,,,,,,,,,,
Dan Chisena,CAR,WR,3159144,DET,27,5,1,1,N/R,,,0,0,,0,0,0.0,0,0,0.0,0,0,0,-,,,,,,,,,,,,,,,,,,
Ke'Shawn Williams,CIN,WR,3171149,JAC,20,6,1,1,N/R,,,0,0,,0,0,0.0,0,1,0.0,0,0,0,0.00,,,,,,,,,,,,,,,,,,
Armanti Foreman,MIN,WR,2925428,MIA,3,6,1,1,N/R,,,0,0,,0,0,0.0,0,0,0.0,0,0,0,-,,,,,,,,,,,,,,,,,,
Tylan Wallace,CLE,WR,2866424,PIT,9,11,1,1,N/R,,,0,0,,0,0,0.0,0,0,0.0,0,0,0,0.00,,,,,,,,,,,,,,,,,,
Daniel Sobkowicz,HOU,WR,26716333,DAL,16,8,1,0,N/R,,,0,0,,0,0,0.0,0,0,0.0,0,0,0,-,,,,,,,,,,,,,,,,,,
Jeremiah Webb,NE,WR,3135525,@BUF,31,11,1,1,N/R,,,0,0,,0,0,0.0,0,0,0.0,0,0,0,-,,,,,,,,,,,,,,,,,,
Dimitri Stanley,GB,WR,2962329,@TB,10,11,0,0,N/R,,,0,0,,0,0,0.0,0,0,0.0,0,0,0,-,,,,,,,,,,,,,,,,,,
Zavion Thomas,CHI,WR,28909795,NYJ,6,10,3,1,N/R,,,1,0,,0,0,1.0,0,0,0.0,0,1,1,0.00,,,,,,,,,,,,,,,,,,
Marquez Callaway,LV,WR,2247505,KC,2,13,1,1,N/R,,,0,0,,0,0,0.0,0,0,0.0,0,0,0,-,,,,,,,,,,,,,,,,,,
Thayer Thomas,DEN,WR,2865035,@SF,13,10,1,0,N/R,,,0,0,,0,0,0.0,0,0,0.0,0,0,0,-,,,,,,,,,,,,,,,,,,
Cortrelle Simpson,TB,WR,3117088,GB,22,10,1,0,N/R,,,0,0,,0,0,0.0,0,0,0.0,0,0,0,-,,,,,,,,,,,,,,,,,,
Juwann Winfree,HOU,WR,3116589,DAL,16,8,1,1,N/R,,,0,0,,0,0,0.0,0,0,0.0,0,0,0,-,,,,,,,,,,,,,,,,,,
Michael Gallup,WAS,WR,2240415,IND,25,7,1,1,N/R,,,0,0,,0,0,0.0,0,0,0.0,0,0,0,-,,,,,,,,,,,,,,,,,,
Liam Clifford,LAC,WR,26695271,@SEA,1,7,1,0,N/R,,,0,0,,0,0,0.0,0,0,0.0,0,0,0,-,,,,,,,,,,,,,,,,,,
Austin Watkins Jr.,PHI,WR,2961443,LAR,14,10,1,1,N/R,,,0,0,,0,0,0.0,0,0,0.0,0,0,0,-,,,,,,,,,,,,,,,,,,
Duece Watts,PIT,WR,3163069,@CLE,23,9,0,0,N/R,,,0,0,,0,0,0.0,0,0,0.0,0,0,0,-,,,,,,,,,,,,,,,,,,
Austin Willis,DET,WR,2175115,@CAR,4,6,0,0,N/R,,,0,0,,0,0,0.0,0,0,0.0,0,0,0,-,,,,,,,,,,,,,,,,,,
Da'Quan Felton,NYJ,WR,3128608,@CHI,12,13,1,1,N/R,,,0,0,,0,0,0.0,0,0,0.0,0,0,0,-,,,,,,,,,,,,,,,,,,
Chandler Brayboy,NE,WR,3121489,@BUF,31,11,1,0,N/R,,,0,0,,0,0,0.0,0,0,0.0,0,0,0,-,,,,,,,,,,,,,,,,,,
Cornelius Johnson,BAL,WR,3133361,TEN,17,13,1,1,N/R,,,0,0,,0,0,0.0,0,0,0.0,0,0,0,-,,,,,,,,,,,,,,,,,,
Tracy Moore,FA,WR,1685895,BYE,---,0,1,1,N/R,,,0,0,,0,0,0.0,0,0,0.0,0,0,0,-,,,,,,,,,,,,,,,,,,
Marcus Green,PHI,WR,2181212,LAR,14,10,1,1,N/R,,,0,0,,0,0,0.0,0,0,0.0,0,0,0,-,,,,,,,,,,,,,,,,,,
Nikko Remigio,KC,WR,2964863,@LV,5,5,1,1,N/R,,,0,0,,0,0,0.0,0,0,0.0,0,0,0,0.00,,,,,,,,,,,,,,,,,,
Emeka Emezie,ATL,WR,2867204,@NO,8,11,1,0,N/R,,,0,0,,0,0,0.0,0,0,0.0,0,0,0,-,,,,,,,,,,,,,,,,,,
Kenzel Doe,PIT,WR,2185868,@CLE,23,9,1,1,N/R,,,0,0,,0,0,0.0,0,0,0.0,0,0,0,-,,,,,,,,,,,,,,,,,,
Devron Harper,MIN,WR,3121796,MIA,3,6,1,1,N/R,,,0,0,,0,0,0.0,0,0,0.0,0,0,0,-,,,,,,,,,,,,,,,,,,
Josh Reese,PHI,WR,2174982,LAR,14,10,1,1,N/R,,,0,0,,0,0,0.0,0,0,0.0,0,0,0,-,,,,,,,,,,,,,,,,,,
Zay Jones,HOU,WR,2080270,DAL,16,8,1,1,N/R,,,0,0,,0,0,0.0,0,0,0.0,0,0,0,-,,,,,,,,,,,,,,,,,,
Keith Kirkwood,BAL,WR,2925874,TEN,17,13,1,1,N/R,,,0,0,,0,0,0.0,0,0,0.0,0,0,0,-,,,,,,,,,,,,,,,,,,
Malachi Fields,NYG,WR,26706066,ARI,30,8,21,1,N/R,,,74,0,,0,0,12.3,0,0,0.0,0,12,6,0.00,,,,,,,,,,,,,,,,,,
Darnell Mooney,NYG,WR,2240651,ARI,30,8,4,1,N/R,,,95,0,,1,9,15.8,0,0,9.0,0,8,6,0.00,,,,,,,,,,,,,,,,,,
Connor Wedington,SEA,WR,2866341,LAC,18,11,1,1,N/R,,,0,0,,0,0,0.0,0,0,0.0,0,0,0,-,,,,,,,,,,,,,,,,,,
Dean Patterson,TB,WR,26696444,GB,22,10,1,1,N/R,,,0,0,,0,0,0.0,0,0,0.0,0,0,0,-,,,,,,,,,,,,,,,,,,
Marvin Mims,DEN,WR,3162586,@SF,13,10,2,1,N/R,,,0,0,,0,0,0.0,0,0,0.0,0,0,0,0.00,,,,,,,,,,,,,,,,,,
Reggie White Jr.,NYG,WR,3116826,ARI,30,8,1,1,N/R,,,0,0,,0,0,0.0,0,0,0.0,0,0,0,-,,,,,,,,,,,,,,,,,,
Xavier Gipson,PHI,WR,3127427,LAR,14,10,1,1,N/R,,,0,0,,0,0,0.0,0,0,0.0,0,0,0,-,,,,,,,,,,,,,,,,,,
Jaylon Moore,JAC,WR,2181988,@CIN,15,7,1,1,N/R,,,0,0,,0,0,0.0,0,0,0.0,0,0,0,-,,,,,,,,,,,,,,,,,,
Luke McCaffrey,WAS,WR,3121502,IND,25,7,1,1,N/R,,,0,0,,0,0,0.0,0,0,0.0,0,0,0,0.00,,,,,,,,,,,,,,,,,,
DeVonte Dedmon,MIA,WR,2137691,@MIN,26,6,0,0,N/R,,,0,0,,0,0,0.0,0,0,0.0,0,0,0,-,,,,,,,,,,,,,,,,,,
Robert Lewis,MIN,WR,3166596,MIA,3,6,1,1,N/R,,,0,0,,0,0,0.0,0,0,0.0,0,0,0,-,,,,,,,,,,,,,,,,,,
Daje Johnson,ATL,WR,1996830,@NO,8,11,1,1,N/R,,,0,0,,0,0,0.0,0,0,0.0,0,0,0,-,,,,,,,,,,,,,,,,,,
Ryan McDaniel,JAC,WR,2879694,@CIN,15,7,1,0,N/R,,,0,0,,0,0,0.0,0,0,0.0,0,0,0,-,,,,,,,,,,,,,,,,,,
Christian Kirk,SF,WR,2180820,DEN,11,8,6,1,N/R,,,0,0,,0,0,0.0,0,0,0.0,0,0,0,-,,,,,,,,,,,,,,,,,,
Danny Davis,GB,WR,2866956,@TB,10,11,1,1,N/R,,,0,0,,0,0,0.0,0,0,0.0,0,0,0,-,,,,,,,,,,,,,,,,,,
Mason Kinsey,TEN,WR,3161133,@BAL,24,9,1,1,N/R,,,0,0,,0,0,0.0,0,0,0.0,0,0,0,-,,,,,,,,,,,,,,,,,,
Brenden Rice,GB,WR,3166803,@TB,10,11,1,1,N/R,,,0,0,,0,0,0.0,0,0,0.0,0,0,0,-,,,,,,,,,,,,,,,,,,
Brennan Eagles,DAL,WR,2965527,@HOU,28,14,1,1,N/R,,,0,0,,0,0,0.0,0,0,0.0,0,0,0,-,,,,,,,,,,,,,,,,,,
Kody Case,IND,WR,2867551,@WAS,32,13,1,1,N/R,,,0,0,,0,0,0.0,0,0,0.0,0,0,0,-,,,,,,,,,,,,,,,,,,
Ife Adeyi,PHI,WR,3124097,LAR,14,10,1,1,N/R,,,0,0,,0,0,0.0,0,0,0.0,0,0,0,-,,,,,,,,,,,,,,,,,,
Emmanuel Butler,NO,WR,2142440,ATL,29,8,1,1,N/R,,,0,0,,0,0,0.0,0,0,0.0,0,0,0,-,,,,,,,,,,,,,,,,,,
EJ Horton Jr.,IND,WR,3168807,@WAS,32,13,1,1,N/R,,,0,0,,0,0,0.0,0,0,0.0,0,0,0,-,,,,,,,,,,,,,,,,,,
A.T. Perry,PIT,WR,2965235,@CLE,23,9,1,1,N/R,,,0,0,,0,0,0.0,0,0,0.0,0,0,0,-,,,,,,,,,,,,,,,,,,
De'Zhaun Stribling,SF,WR,26696676,DEN,11,8,34,1,N/R,,,0,0,,0,0,0.0,0,0,0.0,0,0,0,0.00,,,,,,,,,,,,,,,,,,
Brenen Thompson,LAC,WR,28909756,@SEA,1,7,1,1,N/R,,,13,0,,0,0,13.0,0,0,0.0,0,3,1,0.00,,,,,,,,,,,,,,,,,,
Russell Gage,SF,WR,2131694,DEN,11,8,1,1,N/R,,,0,0,,0,0,0.0,0,0,0.0,0,0,0,-,,,,,,,,,,,,,,,,,,
Davonte Allen,BUF,WR,1892454,NE,7,7,1,1,N/R,,,0,0,,0,0,0.0,0,0,0.0,0,0,0,-,,,,,,,,,,,,,,,,,,
JaVonta Payton,ARI,WR,3126147,@NYG,19,14,1,1,N/R,,,0,0,,0,0,0.0,0,0,0.0,0,0,0,-,,,,,,,,,,,,,,,,,,
Michael Bandy,DEN,WR,2245832,@SF,13,10,1,0,N/R,,,0,0,,0,0,0.0,0,0,0.0,0,0,0,-,,,,,,,,,,,,,,,,,,
Kameron Brown,TB,WR,2191099,GB,22,10,1,0,N/R,,,0,0,,0,0,0.0,0,0,0.0,0,0,0,-,,,,,,,,,,,,,,,,,,
Calvin Ridley,TEN,WR,2186328,@BAL,24,9,22,2,N/R,,,35,0,,0,0,17.5,0,0,0.0,0,3,2,0.00,,,,,,,,,,,,,,,,,,
Ra'Shaun Henry,SEA,WR,2248189,LAC,18,11,0,0,N/R,,,0,0,,0,0,0.0,0,0,0.0,0,0,0,-,,,,,,,,,,,,,,,,,,
Dontay Demus Jr.,BAL,WR,2963923,TEN,17,13,1,1,N/R,,,0,0,,0,0,0.0,0,0,0.0,0,0,0,-,,,,,,,,,,,,,,,,,,
Laviska Shenault Jr.,BUF,WR,2866321,NE,7,7,1,0,N/R,,,0,0,,0,0,0.0,0,0,0.0,0,0,0,-,,,,,,,,,,,,,,,,,,
Kaden Prather,GB,WR,26694721,@TB,10,11,1,0,N/R,,,0,0,,0,0,0.0,0,0,0.0,0,0,0,-,,,,,,,,,,,,,,,,,,
Quentin Skinner,BUF,WR,3166676,NE,7,7,0,0,N/R,,,0,0,,0,0,0.0,0,0,0.0,0,0,0,-,,,,,,,,,,,,,,,,,,
Isaiah McKoy,IND,WR,2965743,@WAS,32,13,1,1,N/R,,,0,0,,0,0,0.0,0,0,0.0,0,0,0,-,,,,,,,,,,,,,,,,,,
Bailey Gaither,BAL,WR,2184609,TEN,17,13,0,0,N/R,,,0,0,,0,0,0.0,0,0,0.0,0,0,0,-,,,,,,,,,,,,,,,,,,
Odieu Hiliare,ATL,WR,3138422,@NO,8,11,0,0,N/R,,,0,0,,0,0,0.0,0,0,0.0,0,0,0,-,,,,,,,,,,,,,,,,,,
Drew Estrada,HOU,WR,2242283,DAL,16,8,1,0,N/R,,,0,0,,0,0,0.0,0,0,0.0,0,0,0,-,,,,,,,,,,,,,,,,,,
Devin Carter,CAR,WR,2966243,DET,27,5,1,0,N/R,,,0,0,,0,0,0.0,0,0,0.0,0,0,0,-,,,,,,,,,,,,,,,,,,
Nate McCollum,ARI,WR,3162296,@NYG,19,14,1,1,N/R,,,0,0,,0,0,0.0,0,0,0.0,0,0,0,-,,,,,,,,,,,,,,,,,,
Skyler Bell,BUF,WR,26726589,NE,7,7,3,1,N/R,,,0,0,,0,0,0.0,0,0,0.0,0,0,0,-,,,,,,,,,,,,,,,,,,
Jackson Meeks,DET,WR,26700892,@CAR,4,6,1,1,N/R,,,8,0,,0,0,8.0,0,0,0.0,0,1,1,0.00,,,,,,,,,,,,,,,,,,
Malachi Carter,CIN,WR,2961890,JAC,20,6,1,1,N/R,,,0,0,,0,0,0.0,0,0,0.0,0,0,0,-,,,,,,,,,,,,,,,,,,
Jacob Cowing,SF,WR,3133200,DEN,11,8,1,1,N/R,,,0,0,,0,0,0.0,0,0,0.0,0,2,0,0.00,,,,,,,,,,,,,,,,,,
Charlie Jones,NYG,WR,2868959,ARI,30,8,1,1,N/R,,,0,0,,0,0,0.0,0,0,0.0,0,0,0,-,,,,,,,,,,,,,,,,,,
Jermaine Burton,CIN,WR,3163951,JAC,20,6,1,1,N/R,,,0,0,,0,0,0.0,0,0,0.0,0,0,0,-,,,,,,,,,,,,,,,,,,
Grant DuBose,BUF,WR,26720345,NE,7,7,1,0,N/R,,,0,0,,0,0,0.0,0,0,0.0,0,0,0,-,,,,,,,,,,,,,,,,,,
Hamze El-Zayat,NYJ,WR,2820465,@CHI,12,13,0,0,N/R,,,0,0,,0,0,0.0,0,0,0.0,0,0,0,-,,,,,,,,,,,,,,,,,,
Charleston Rambo,PHI,WR,2867306,LAR,14,10,0,0,N/R,,,0,0,,0,0,0.0,0,0,0.0,0,0,0,-,,,,,,,,,,,,,,,,,,
Tai Felton,MIN,WR,26702969,MIA,3,6,1,1,N/R,,,0,0,,0,0,0.0,0,0,0.0,0,2,0,0.00,,,,,,,,,,,,,,,,,,
Marcus Riley,NYJ,WR,3133994,@CHI,12,13,1,1,N/R,,,0,0,,0,0,0.0,0,0,0.0,0,0,0,-,,,,,,,,,,,,,,,,,,
Xavier Guillory,BAL,WR,3161932,TEN,17,13,1,1,N/R,,,0,0,,0,0,0.0,0,0,0.0,0,0,0,-,,,,,,,,,,,,,,,,,,
Brandon Smith,PIT,WR,2865783,@CLE,23,9,1,1,N/R,,,0,0,,0,0,0.0,0,0,0.0,0,0,0,-,,,,,,,,,,,,,,,,,,
Julian Hicks,SEA,WR,2866554,LAC,18,11,1,1,N/R,,,0,0,,0,0,0.0,0,0,0.0,0,0,0,-,,,,,,,,,,,,,,,,,,
Brandon Hayes,PHI,WR,3170373,LAR,14,10,1,1,N/R,,,0,0,,0,0,0.0,0,0,0.0,0,0,0,-,,,,,,,,,,,,,,,,,,
Aron Cruickshank,PIT,WR,2961237,@CLE,23,9,1,1,N/R,,,0,0,,0,0,0.0,0,0,0.0,0,0,0,-,,,,,,,,,,,,,,,,,,
Jordan Hudson,DAL,WR,28875996,@HOU,28,14,1,1,N/R,,,0,0,,0,0,0.0,0,0,0.0,0,0,0,-,,,,,,,,,,,,,,,,,,
Chris Brazzell II,CAR,WR,26904572,DET,27,5,2,1,N/R,,,0,0,,0,0,0.0,0,0,0.0,0,0,0,-,,,,,,,,,,,,,,,,,,
Steven Sims,ARI,WR,3116703,@NYG,19,14,1,1,N/R,,,0,0,,0,0,0.0,0,0,0.0,0,0,0,-,,,,,,,,,,,,,,,,,,
Raylen Sharpe,IND,WR,26698282,@WAS,32,13,1,0,N/R,,,0,0,,0,0,0.0,0,0,0.0,0,0,0,-,,,,,,,,,,,,,,,,,,
Allen Lazard,NYJ,WR,2141655,@CHI,12,13,1,1,N/R,,,0,0,,0,0,0.0,0,0,0.0,0,0,0,-,,,,,,,,,,,,,,,,,,
Makai Lemon,PHI,WR,29123772,LAR,14,10,53,2,N/R,,,38,0,,1,-5,5.4,0,0,-5.0,0,9,7,0.00,,,,,,,,,,,,,,,,,,
Kristian Wilkerson,ATL,WR,3161137,@NO,8,11,0,0,N/R,,,0,0,,0,0,0.0,0,0,0.0,0,0,0,-,,,,,,,,,,,,,,,,,,
Winston Wright Jr.,CLE,WR,3123346,PIT,9,11,1,0,N/R,,,0,0,,0,0,0.0,0,0,0.0,0,0,0,-,,,,,,,,,,,,,,,,,,
Jerjuan Newton,DEN,WR,3125586,@SF,13,10,1,1,N/R,,,0,0,,0,0,0.0,0,0,0.0,0,0,0,-,,,,,,,,,,,,,,,,,,
Will Sheppard,GB,WR,3161602,@TB,10,11,1,0,N/R,,,0,0,,0,0,0.0,0,0,0.0,0,0,0,-,,,,,,,,,,,,,,,,,,
Andrew Armstrong,KC,WR,28926946,@LV,5,5,1,1,N/R,,,0,0,,0,0,0.0,0,0,0.0,0,0,0,-,,,,,,,,,,,,,,,,,,
Daewood Davis,CAR,WR,2867589,DET,27,5,0,0,N/R,,,0,0,,0,0,0.0,0,0,0.0,0,0,0,-,,,,,,,,,,,,,,,,,,
Bryson Green,ARI,WR,26696745,@NYG,19,14,1,1,N/R,,,0,0,,0,0,0.0,0,0,0.0,0,0,0,-,,,,,,,,,,,,,,,,,,
Brian Thomas Jr.,JAC,WR,3132164,@CIN,15,7,81,15,46,,,88,0,,0,0,12.6,0,0,0.0,0,13,7,0.00,,,,,,,,,,,,,,,,,,
Tez Johnson,TB,WR,3161539,GB,22,10,1,1,N/R,,,57,0,,1,-4,28.5,0,0,-4.0,0,7,2,0.00,,,,,,,,,,,,,,,,,,
Jason Brownlee,KC,WR,3170352,@LV,5,5,1,1,N/R,,,0,0,,0,0,0.0,0,0,0.0,0,0,0,-,,,,,,,,,,,,,,,,,,
Cam Ross,DEN,WR,3122246,@SF,13,10,1,1,N/R,,,0,0,,0,0,0.0,0,0,0.0,0,0,0,-,,,,,,,,,,,,,,,,,,
Dalevon Campbell,LAC,WR,3126518,@SEA,1,7,1,1,N/R,,,0,0,,0,0,0.0,0,0,0.0,0,0,0,-,,,,,,,,,,,,,,,,,,
Van Jefferson,WAS,WR,2186342,IND,25,7,1,1,N/R,,,0,0,,0,0,0.0,0,0,0.0,0,0,0,-,,,,,,,,,,,,,,,,,,
John Hurst,IND,WR,3159214,@WAS,32,13,1,1,N/R,,,0,0,,0,0,0.0,0,0,0.0,0,0,0,-,,,,,,,,,,,,,,,,,,
Anthony Miller,BAL,WR,2082810,TEN,17,13,1,0,N/R,,,0,0,,0,0,0.0,0,0,0.0,0,0,0,-,,,,,,,,,,,,,,,,,,
Ricky White III,SEA,WR,3169795,LAC,18,11,1,0,N/R,,,0,0,,0,0,0.0,0,0,0.0,0,0,0,-,,,,,,,,,,,,,,,,,,
Malik Heath,ATL,WR,3171033,@NO,8,11,1,1,N/R,,,0,0,,0,0,0.0,0,0,0.0,0,0,0,-,,,,,,,,,,,,,,,,,,
Max Tomczak,BUF,WR,26725930,NE,7,7,1,1,N/R,,,0,0,,0,0,0.0,0,0,0.0,0,0,0,-,,,,,,,,,,,,,,,,,,
Brandon Aiyuk,SF,WR,2967489,DEN,11,8,3,1,N/R,,,0,0,,0,0,0.0,0,0,0.0,0,0,0,-,,,,,,,,,,,,,,,,,,
Adonai Mitchell,NYJ,WR,26701928,@CHI,12,13,41,1,N/R,,,123,0,,0,0,13.7,0,0,0.0,0,15,9,0.00,,,,,,,,,,,,,,,,,,
Hunter Renfrow,CAR,WR,2144726,DET,27,5,1,1,N/R,,,0,0,,0,0,0.0,0,0,0.0,0,0,0,-,,,,,,,,,,,,,,,,,,
Trenton Irwin,SF,WR,3117052,DEN,11,8,1,1,N/R,,,0,0,,0,0,0.0,0,0,0.0,0,0,0,-,,,,,,,,,,,,,,,,,,
Sincere Brown,LAC,WR,3173147,@SEA,1,7,1,1,N/R,,,0,0,,0,0,0.0,0,0,0.0,0,0,0,-,,,,,,,,,,,,,,,,,,
Marvin Harrison Jr.,ARI,WR,26701883,@NYG,19,14,84,13,N/R,,,73,0,,0,0,18.2,0,0,0.0,0,9,4,0.00,,,,,,,,,,,,,,,,,,
David Moore,CAR,WR,2818351,DET,27,5,1,1,N/R,,,0,0,,0,0,0.0,0,0,0.0,0,2,0,0.00,,,,,,,,,,,,,,,,,,
Scott Miller,CHI,WR,2180075,NYJ,6,10,1,1,N/R,,,0,0,,0,0,0.0,0,0,0.0,0,0,0,-,,,,,,,,,,,,,,,,,,
Anthony Smith,DAL,WR,3164577,@HOU,28,14,1,0,N/R,,,0,0,,0,0,0.0,0,0,0.0,0,0,0,-,,,,,,,,,,,,,,,,,,
Andrei Iosivas,CIN,WR,2966908,JAC,20,6,1,1,N/R,,,19,0,,0,0,6.3,0,0,0.0,0,4,3,0.00,,,,,,,,,,,,,,,,,,
Terrace Marshall Jr.,MIA,WR,2963214,@MIN,26,6,1,1,N/R,,,0,0,,0,0,0.0,0,0,0.0,0,0,0,-,,,,,,,,,,,,,,,,,,
Sean Ryan,BAL,WR,2963218,TEN,17,13,0,0,N/R,,,0,0,,0,0,0.0,0,0,0.0,0,0,0,-,,,,,,,,,,,,,,,,,,
DaRon Brown,FA,WR,1762348,BYE,---,0,1,1,N/R,,,0,0,,0,0,0.0,0,0,0.0,0,0,0,-,,,,,,,,,,,,,,,,,,
Brandon Powell,MIN,WR,2926490,MIA,3,6,1,1,N/R,,,0,0,,0,0,0.0,0,0,0.0,0,0,0,-,,,,,,,,,,,,,,,,,,
Chris Finke,CHI,WR,2186662,NYJ,6,10,1,1,N/R,,,0,0,,0,0,0.0,0,0,0.0,0,0,0,-,,,,,,,,,,,,,,,,,,
Jeff Foreman,LV,WR,3121012,KC,2,13,1,1,N/R,,,0,0,,0,0,0.0,0,0,0.0,0,0,0,-,,,,,,,,,,,,,,,,,,
Jalen Tolbert,MIA,WR,2868238,@MIN,26,6,1,1,N/R,,,0,0,,0,0,0.0,0,0,0.0,0,0,0,0.00,,,,,,,,,,,,,,,,,,
Jamari Thrash,CLE,WR,3127827,PIT,9,11,1,0,N/R,,,0,0,,0,0,0.0,0,0,0.0,0,0,0,-,,,,,,,,,,,,,,,,,,
Whop Philyor,MIN,WR,2867503,MIA,3,6,1,0,N/R,,,0,0,,0,0,0.0,0,0,0.0,0,0,0,-,,,,,,,,,,,,,,,,,,
Neil Pau'u,BUF,WR,2807947,NE,7,7,1,1,N/R,,,0,0,,0,0,0.0,0,0,0.0,0,0,0,-,,,,,,,,,,,,,,,,,,
Deontez Alexander,SEA,WR,2926949,LAC,18,11,1,1,N/R,,,0,0,,0,0,0.0,0,0,0.0,0,0,0,-,,,,,,,,,,,,,,,,,,
Ajou Ajou,IND,WR,3161800,@WAS,32,13,1,1,N/R,,,0,0,,0,0,0.0,0,0,0.0,0,0,0,-,,,,,,,,,,,,,,,,,,
JJ Laap,LAR,WR,29379354,@PHI,21,11,1,1,N/R,,,0,0,,0,0,0.0,0,0,0.0,0,0,0,-,,,,,,,,,,,,,,,,,,
Dymere Miller,NYJ,WR,3163055,@CHI,12,13,1,1,N/R,,,0,0,,0,0,0.0,0,0,0.0,0,0,0,-,,,,,,,,,,,,,,,,,,
Jeshaun Jones,MIN,WR,2961918,MIA,3,6,1,1,N/R,,,0,0,,0,0,0.0,0,0,0.0,0,0,0,-,,,,,,,,,,,,,,,,,,
Curtis Samuel,BUF,WR,2131252,NE,7,7,1,1,N/R,,,0,0,,0,0,0.0,0,0,0.0,0,0,0,-,,,,,,,,,,,,,,,,,,
Bug Howard,TB,WR,2060469,GB,22,10,1,1,N/R,,,0,0,,0,0,0.0,0,0,0.0,0,0,0,-,,,,,,,,,,,,,,,,,,
Montrell Washington,HOU,WR,2866191,DAL,16,8,1,1,N/R,,,0,0,,0,0,0.0,0,0,0.0,0,0,0,-,,,,,,,,,,,,,,,,,,
Phillip Brooks,KC,WR,2961854,@LV,5,5,1,1,N/R,,,0,0,,0,0,0.0,0,0,0.0,0,0,0,-,,,,,,,,,,,,,,,,,,
Jordan Williams-Lambert,CHI,WR,2237119,NYJ,6,10,0,0,N/R,,,0,0,,0,0,0.0,0,0,0.0,0,0,0,-,,,,,,,,,,,,,,,,,,
Britain Covey,PHI,WR,2185571,LAR,14,10,1,1,N/R,,,0,0,,0,0,0.0,0,0,0.0,0,0,0,0.00,,,,,,,,,,,,,,,,,,
Praise Olatoke,CAR,WR,29385901,DET,27,5,1,1,N/R,,,0,0,,0,0,0.0,0,0,0.0,0,0,0,-,,,,,,,,,,,,,,,,,,
Brevin Easton,JAC,WR,28887494,@CIN,15,7,1,0,N/R,,,0,0,,0,0,0.0,0,0,0.0,0,0,0,-,,,,,,,,,,,,,,,,,,
Cortez Braham Jr.,BAL,WR,28919816,TEN,17,13,1,1,N/R,,,0,0,,0,0,0.0,0,0,0.0,0,0,0,-,,,,,,,,,,,,,,,,,,
Ty Scott,SEA,WR,2960933,LAC,18,11,1,1,N/R,,,0,0,,0,0,0.0,0,0,0.0,0,0,0,-,,,,,,,,,,,,,,,,,,
Troy Franklin,DEN,WR,26693436,@SF,13,10,5,1,N/R,,,48,0,,1,5,24.0,0,0,5.0,0,4,2,0.00,,,,,,,,,,,,,,,,,,
Antwane Wells Jr.,ATL,WR,3161901,@NO,8,11,1,1,N/R,,,0,0,,0,0,0.0,0,0,0.0,0,0,0,-,,,,,,,,,,,,,,,,,,
Tyler Snead,PIT,WR,2983342,@CLE,23,9,1,1,N/R,,,0,0,,0,0,0.0,0,0,0.0,0,0,0,-,,,,,,,,,,,,,,,,,,
Josh Vann,CAR,WR,2965222,DET,27,5,1,1,N/R,,,0,0,,0,0,0.0,0,0,0.0,0,0,0,-,,,,,,,,,,,,,,,,,,
Avery Davis,DET,WR,2868630,@CAR,4,6,0,0,N/R,,,0,0,,0,0,0.0,0,0,0.0,0,0,0,-,,,,,,,,,,,,,,,,,,
Tre Walker,BUF,WR,2864807,NE,7,7,1,1,N/R,,,0,0,,0,0,0.0,0,0,0.0,0,0,0,-,,,,,,,,,,,,,,,,,,
Tre'Shaun Harrison,TEN,WR,2963056,@BAL,24,9,1,1,N/R,,,0,0,,0,0,0.0,0,0,0.0,0,0,0,-,,,,,,,,,,,,,,,,,,
R.J. Starkey,GB,WR,2980231,@TB,10,11,1,1,N/R,,,0,0,,0,0,0.0,0,0,0.0,0,0,0,-,,,,,,,,,,,,,,,,,,
Nick Williams,DEN,WR,28908782,@SF,13,10,1,0,N/R,,,0,0,,0,0,0.0,0,0,0.0,0,0,0,-,,,,,,,,,,,,,,,,,,
Johnny Johnson III,HOU,WR,2864938,DAL,16,8,1,1,N/R,,,0,0,,0,0,0.0,0,0,0.0,0,0,0,-,,,,,,,,,,,,,,,,,,
Dominic Lovett,DET,WR,26696063,@CAR,4,6,1,1,N/R,,,0,0,,0,0,0.0,0,0,0.0,0,0,0,-,,,,,,,,,,,,,,,,,,
Micah Simon,CAR,WR,2188221,DET,27,5,0,0,N/R,,,0,0,,0,0,0.0,0,0,0.0,0,0,0,-,,,,,,,,,,,,,,,,,,
Cam Johnson,CAR,WR,2966680,DET,27,5,1,1,N/R,,,0,0,,0,0,0.0,0,0,0.0,0,0,0,-,,,,,,,,,,,,,,,,,,
Alex Wesley,CHI,WR,2142830,NYJ,6,10,0,0,N/R,,,0,0,,0,0,0.0,0,0,0.0,0,0,0,-,,,,,,,,,,,,,,,,,,
Lil'Jordan Humphrey,DEN,WR,2246852,@SF,13,10,1,1,N/R,,,0,0,,0,0,0.0,0,0,0.0,0,1,0,0.00,,,,,,,,,,,,,,,,,,
Zachariah Branch,ATL,WR,29123979,@NO,8,11,6,1,N/R,,,21,0,,0,0,7.0,0,0,0.0,0,4,3,0.00,,,,,,,,,,,,,,,,,,
Germie Bernard,PIT,WR,28878358,@CLE,23,9,7,1,N/R,,,49,0,,0,0,9.8,0,0,0.0,0,9,5,0.00,,,,,,,,,,,,,,,,,,
Tay Martin,DET,WR,2865709,@CAR,4,6,1,0,N/R,,,0,0,,0,0,0.0,0,0,0.0,0,0,0,0.00,,,,,,,,,,,,,,,,,,
Kevin Coleman Jr.,MIA,WR,28909178,@MIN,26,6,1,1,N/R,,,3,0,,0,0,3.0,0,0,0.0,0,6,1,0.00,,,,,,,,,,,,,,,,,,
Tank Dell,HOU,WR,2963970,DAL,16,8,19,1,N/R,,,0,0,,0,0,0.0,0,0,0.0,0,0,0,-,,,,,,,,,,,,,,,,,,
Gabe Davis,BUF,WR,2804813,NE,7,7,1,1,N/R,,,0,0,,0,0,0.0,0,0,0.0,0,0,0,-,,,,,,,,,,,,,,,,,,
Miles Boykin,CHI,WR,2186656,NYJ,6,10,1,0,N/R,,,0,0,,0,0,0.0,0,0,0.0,0,0,0,-,,,,,,,,,,,,,,,,,,
Trevon Bradford,LAC,WR,2240172,@SEA,1,7,1,0,N/R,,,0,0,,0,0,0.0,0,0,0.0,0,0,0,-,,,,,,,,,,,,,,,,,,
Javon McKinley,PIT,WR,2260685,@CLE,23,9,1,1,N/R,,,0,0,,0,0,0.0,0,0,0.0,0,0,0,-,,,,,,,,,,,,,,,,,,
Tavonn Salter,ATL,WR,3153041,@NO,8,11,1,1,N/R,,,0,0,,0,0,0.0,0,0,0.0,0,0,0,-,,,,,,,,,,,,,,,,,,
Tyler Simmons,PIT,WR,3159178,@CLE,23,9,1,1,N/R,,,0,0,,0,0,0.0,0,0,0.0,0,0,0,-,,,,,,,,,,,,,,,,,,
Andy Isabella,SF,WR,2182851,DEN,11,8,1,1,N/R,,,0,0,,0,0,0.0,0,0,0.0,0,0,0,-,,,,,,,,,,,,,,,,,,
Dane Key,DEN,WR,28873407,@SF,13,10,1,0,N/R,,,0,0,,0,0,0.0,0,0,0.0,0,0,0,-,,,,,,,,,,,,,,,,,,
Sy Barnett,NO,WR,29116249,ATL,29,8,1,0,N/R,,,0,0,,0,0,0.0,0,0,0.0,0,0,0,-,,,,,,,,,,,,,,,,,,
Blake Proehl,MIN,WR,2827939,MIA,3,6,1,0,N/R,,,0,0,,0,0,0.0,0,0,0.0,0,0,0,-,,,,,,,,,,,,,,,,,,
Rome Odunze,CHI,WR,3162979,NYJ,6,10,94,25,48,,,139,0,,0,0,17.4,0,0,0.0,0,13,8,0.00,,,,,,,,,,,,,,,,,,
Isaiah Bond,CLE,WR,28910521,PIT,9,11,1,1,N/R,,,10,0,,0,0,10.0,0,0,0.0,0,1,1,0.00,,,,,,,,,,,,,,,,,,
Jamaal Pritchett,NYJ,WR,28877767,@CHI,12,13,1,1,N/R,,,0,0,,0,0,0.0,0,0,0.0,0,0,0,0.00,,,,,,,,,,,,,,,,,,
De'Quan Hampton,SEA,WR,2180325,LAC,18,11,1,0,N/R,,,0,0,,0,0,0.0,0,0,0.0,0,0,0,-,,,,,,,,,,,,,,,,,,
Michael Woods II,DEN,WR,2965459,@SF,13,10,1,0,N/R,,,0,0,,0,0,0.0,0,0,0.0,0,0,0,-,,,,,,,,,,,,,,,,,,
Jequez Ezzard,WAS,WR,2260702,IND,25,7,1,0,N/R,,,0,0,,0,0,0.0,0,0,0.0,0,0,0,-,,,,,,,,,,,,,,,,,,
Equanimeous St. Brown,SF,WR,2186674,DEN,11,8,1,1,N/R,,,0,0,,0,0,0.0,0,0,0.0,0,0,0,-,,,,,,,,,,,,,,,,,,
Ayir Asante,NYG,WR,3124133,ARI,30,8,1,1,N/R,,,0,0,,0,0,0.0,0,0,0.0,0,0,0,-,,,,,,,,,,,,,,,,,,
Dontae Fleming,MIN,WR,3164185,MIA,3,6,1,0,N/R,,,0,0,,0,0,0.0,0,0,0.0,0,0,0,-,,,,,,,,,,,,,,,,,,
Jeremiah Haydel,LAR,WR,2815197,@PHI,21,11,1,0,N/R,,,0,0,,0,0,0.0,0,0,0.0,0,0,0,-,,,,,,,,,,,,,,,,,,
Detrich Clark,ATL,WR,2925203,@NO,8,11,1,1,N/R,,,0,0,,0,0,0.0,0,0,0.0,0,0,0,-,,,,,,,,,,,,,,,,,,
Devin Duvernay,ARI,WR,2246849,@NYG,19,14,1,1,N/R,,,0,0,,0,0,0.0,0,0,0.0,0,0,0,0.00,,,,,,,,,,,,,,,,,,
Emmanuel Henderson Jr.,SEA,WR,28909837,LAC,18,11,1,1,N/R,,,0,0,,0,0,0.0,0,0,0.0,0,0,0,-,,,,,,,,,,,,,,,,,,
Jordan Whittington,LAR,WR,3122843,@PHI,21,11,1,1,N/R,,,8,0,,0,0,8.0,0,0,0.0,0,1,1,0.00,,,,,,,,,,,,,,,,,,
Jaxon Janke,HOU,WR,2976447,DAL,16,8,1,0,N/R,,,0,0,,0,0,0.0,0,0,0.0,0,0,0,-,,,,,,,,,,,,,,,,,,
Robert Woods,PIT,WR,1754280,@CLE,23,9,1,1,N/R,,,0,0,,0,0,0.0,0,0,0.0,0,0,0,-,,,,,,,,,,,,,,,,,,
Tyler Harrell,NYJ,WR,1691256,@CHI,12,13,1,1,N/R,,,0,0,,0,0,0.0,0,0,0.0,0,0,0,-,,,,,,,,,,,,,,,,,,
Lewis Bond,HOU,WR,26695655,DAL,16,8,1,1,N/R,,,0,0,,0,0,0.0,0,0,0.0,0,1,0,0.00,,,,,,,,,,,,,,,,,,
Khalil McClain,MIA,WR,2866259,@MIN,26,6,0,0,N/R,,,0,0,,0,0,0.0,0,0,0.0,0,0,0,-,,,,,,,,,,,,,,,,,,
Jonathan Brady,LV,WR,28901278,KC,2,13,1,1,N/R,,,0,0,,0,0,0.0,0,0,0.0,0,0,0,-,,,,,,,,,,,,,,,,,,
Reggie Virgil,ARI,WR,28883008,@NYG,19,14,1,1,N/R,,,0,0,,0,0,0.0,0,0,0.0,0,0,0,-,,,,,,,,,,,,,,,,,,
Anthony Johnson,PIT,WR,2258536,@CLE,23,9,1,1,N/R,,,0,0,,0,0,0.0,0,0,0.0,0,0,0,-,,,,,,,,,,,,,,,,,,
KeAndre Lambert-Smith,LAC,WR,3163041,@SEA,1,7,1,1,N/R,,,0,0,,0,0,0.0,0,0,0.0,0,0,0,0.00,,,,,,,,,,,,,,,,,,
Beaux Collins,ATL,WR,26694592,@NO,8,11,1,1,N/R,,,0,0,,0,0,0.0,0,0,0.0,0,0,0,-,,,,,,,,,,,,,,,,,,
Corey Sutton,DET,WR,2239648,@CAR,4,6,0,0,N/R,,,0,0,,0,0,0.0,0,0,0.0,0,0,0,-,,,,,,,,,,,,,,,,,,
Kelly Akharaiyi,ARI,WR,28874246,@NYG,19,14,1,1,N/R,,,0,0,,0,0,0.0,0,0,0.0,0,0,0,-,,,,,,,,,,,,,,,,,,
Jordan Watkins,SF,WR,3164736,DEN,11,8,3,1,N/R,,,60,0,,0,0,30.0,0,0,0.0,0,2,2,0.00,,,,,,,,,,,,,,,,,,
Travis Toivonen,MIN,WR,2261149,MIA,3,6,1,0,N/R,,,0,0,,0,0,0.0,0,0,0.0,0,0,0,-,,,,,,,,,,,,,,,,,,
Malik Washington,MIA,WR,3124729,@MIN,26,6,25,4,41,,,152,0,,3,9,12.7,0,1,3.0,0,23,12,0.00,,,,,,,,,,,,,,,,,,
Marcus Rosemy-Jacksaint,PHI,WR,3163938,LAR,14,10,1,0,N/R,,,0,0,,0,0,0.0,0,0,0.0,0,0,0,-,,,,,,,,,,,,,,,,,,
Kalil Pimpleton,NYG,WR,2805116,ARI,30,8,1,0,N/R,,,0,0,,0,0,0.0,0,0,0.0,0,0,0,-,,,,,,,,,,,,,,,,,,
Trevon Clark,BAL,WR,3127826,TEN,17,13,1,0,N/R,,,0,0,,0,0,0.0,0,0,0.0,0,0,0,-,,,,,,,,,,,,,,,,,,
Jalen Nailor,LV,WR,2967232,KC,2,13,13,1,N/R,,,52,0,,0,0,10.4,0,0,0.0,0,11,5,0.00,,,,,,,,,,,,,,,,,,
Romello Brinson,DAL,WR,26694913,@HOU,28,14,1,0,N/R,,,0,0,,0,0,0.0,0,0,0.0,0,0,0,-,,,,,,,,,,,,,,,,,,
Devante Davis,PHI,WR,1868418,LAR,14,10,1,1,N/R,,,0,0,,0,0,0.0,0,0,0.0,0,0,0,-,,,,,,,,,,,,,,,,,,
Jordan Bly,NYG,WR,26697040,ARI,30,8,1,0,N/R,,,0,0,,0,0,0.0,0,0,0.0,0,0,0,-,,,,,,,,,,,,,,,,,,
Chris Hilton Jr.,GB,WR,26700928,@TB,10,11,1,1,N/R,,,0,0,,0,0,0.0,0,0,0.0,0,0,0,-,,,,,,,,,,,,,,,,,,
Khalil Tate,PHI,WR,3159159,LAR,14,10,1,0,N/R,,,0,0,,0,0,0.0,0,0,0.0,0,0,0,-,,,,,,,,,,,,,,,,,,
Deon Cain,BUF,WR,2179211,NE,7,7,1,1,N/R,,,0,0,,0,0,0.0,0,0,0.0,0,0,0,-,,,,,,,,,,,,,,,,,,
Jaivon Heiligh,CIN,WR,2962413,JAC,20,6,1,1,N/R,,,0,0,,0,0,0.0,0,0,0.0,0,0,0,-,,,,,,,,,,,,,,,,,,
Tyler Hudson,LAR,WR,3122893,@PHI,21,11,1,1,N/R,,,0,0,,0,0,0.0,0,0,0.0,0,0,0,-,,,,,,,,,,,,,,,,,,
Courtland Sutton,DEN,WR,2218461,@SF,13,10,87,18,44,,,82,0,,0,0,10.2,0,0,0.0,0,16,8,0.00,,,,,,,,,,,,,,,,,,
Cole Burgess,PIT,WR,29362393,@CLE,23,9,1,1,N/R,,,0,0,,0,0,0.0,0,0,0.0,0,0,0,-,,,,,,,,,,,,,,,,,,
Sage Surratt,ARI,WR,2806063,@NYG,19,14,1,0,N/R,,,0,0,,0,0,0.0,0,0,0.0,0,0,0,-,,,,,,,,,,,,,,,,,,
Aaron Anderson,CLE,WR,28877406,PIT,9,11,1,1,N/R,,,0,0,,0,0,0.0,0,0,0.0,0,0,0,-,,,,,,,,,,,,,,,,,,
DJ Chark,ATL,WR,2131689,@NO,8,11,1,1,N/R,,,0,0,,0,0,0.0,0,0,0.0,0,0,0,-,,,,,,,,,,,,,,,,,,
Jerand Bradley,LAC,WR,26701763,@SEA,1,7,1,1,N/R,,,0,0,,0,0,0.0,0,0,0.0,0,0,0,-,,,,,,,,,,,,,,,,,,
Jaquarii Roberson,LAR,WR,2805613,@PHI,21,11,1,0,N/R,,,0,0,,0,0,0.0,0,0,0.0,0,0,0,-,,,,,,,,,,,,,,,,,,
Jalen Moreno-Cropper,NO,WR,3122722,ATL,29,8,1,1,N/R,,,0,0,,0,0,0.0,0,0,0.0,0,0,0,0.00,,,,,,,,,,,,,,,,,,
Malik Henry,NO,WR,3116830,ATL,29,8,1,1,N/R,,,0,0,,0,0,0.0,0,0,0.0,0,0,0,-,,,,,,,,,,,,,,,,,,
Dallas Daniels,DEN,WR,3166474,@SF,13,10,1,0,N/R,,,0,0,,0,0,0.0,0,0,0.0,0,0,0,-,,,,,,,,,,,,,,,,,,
Odell Beckham Jr.,NYG,WR,1824823,ARI,30,8,2,1,N/R,,,0,0,,0,0,0.0,0,0,0.0,0,1,0,0.00,,,,,,,,,,,,,,,,,,
Gunner Olszewski,NYG,WR,3117210,ARI,30,8,1,1,N/R,,,0,0,,0,0,0.0,0,0,0.0,0,0,0,-,,,,,,,,,,,,,,,,,,
Milton Williams,LV,WR,2175046,KC,2,13,1,1,N/R,,,0,0,,0,0,0.0,0,0,0.0,0,0,0,-,,,,,,,,,,,,,,,,,,
Jalin Hyatt,NYG,WR,3171911,ARI,30,8,1,1,N/R,,,0,0,,0,0,0.0,0,0,0.0,0,0,0,-,,,,,,,,,,,,,,,,,,
Zach D'Orazio,NE,WR,2175721,@BUF,31,11,1,1,N/R,,,0,0,,0,0,0.0,0,0,0.0,0,0,0,-,,,,,,,,,,,,,,,,,,
David Wallis,NE,WR,29383209,@BUF,31,11,1,1,N/R,,,0,0,,0,0,0.0,0,0,0.0,0,0,0,-,,,,,,,,,,,,,,,,,,
Elijah Sarratt,BAL,WR,28888850,TEN,17,13,2,1,N/R,,,0,0,,0,0,0.0,0,0,0.0,0,0,0,-,,,,,,,,,,,,,,,,,,
Jadakis Bonds,GB,WR,2982608,@TB,10,11,1,1,N/R,,,0,0,,0,0,0.0,0,0,0.0,0,0,0,-,,,,,,,,,,,,,,,,,,
Jimmy Horn Jr.,CLE,WR,26717166,DET,27,11,1,1,N/R,,,0,0,,0,0,0.0,0,1,0.0,0,1,0,0.00,,,,,,,,,,,,,,,,,,
K.J. Hamler,BUF,WR,2804432,NE,7,7,1,0,N/R,,,0,0,,0,0,0.0,0,0,0.0,0,0,0,-,,,,,,,,,,,,,,,,,,
Trey Palmer,NO,WR,3122273,ATL,29,8,1,1,N/R,,,0,0,,0,0,0.0,0,0,0.0,0,0,0,-,,,,,,,,,,,,,,,,,,
Brelan Chancellor,PIT,WR,2130622,@CLE,23,9,1,1,N/R,,,0,0,,0,0,0.0,0,0,0.0,0,0,0,-,,,,,,,,,,,,,,,,,,
Kobe Prentice,NYG,WR,28909320,ARI,30,8,1,0,N/R,,,0,0,,0,0,0.0,0,0,0.0,0,0,0,-,,,,,,,,,,,,,,,,,,
Keelan Marion,ATL,WR,3162048,@NO,8,11,1,1,N/R,,,0,0,,0,0,0.0,0,0,0.0,0,0,0,-,,,,,,,,,,,,,,,,,,
Sam James,LAR,WR,2965746,@PHI,21,11,1,1,N/R,,,0,0,,0,0,0.0,0,0,0.0,0,0,0,-,,,,,,,,,,,,,,,,,,
Willie Johnson,JAC,WR,2263021,@CIN,15,7,1,1,N/R,,,0,0,,0,0,0.0,0,0,0.0,0,0,0,-,,,,,,,,,,,,,,,,,,
Tommy Mellott,NO,WR,3162687,ATL,29,8,1,1,N/R,,,0,0,,0,0,0.0,0,0,0.0,0,0,0,-,,,,,,,,,,,,,,,,,,
Seth Williams,LV,WR,2965944,KC,2,13,1,0,N/R,,,0,0,,0,0,0.0,0,0,0.0,0,0,0,-,,,,,,,,,,,,,,,,,,
Jeff Caldwell,KC,WR,28900417,@LV,5,5,1,1,N/R,,,0,0,,0,0,0.0,0,0,0.0,0,0,0,-,,,,,,,,,,,,,,,,,,
Donte Sylencieux,BAL,WR,26664285,TEN,17,13,1,0,N/R,,,0,0,,0,0,0.0,0,0,0.0,0,0,0,-,,,,,,,,,,,,,,,,,,
Quartney Davis,IND,WR,2249179,@WAS,32,13,1,0,N/R,,,0,0,,0,0,0.0,0,0,0.0,0,0,0,-,,,,,,,,,,,,,,,,,,
Christion Jones,MIA,WR,1893141,@MIN,26,6,1,1,N/R,,,0,0,,0,0,0.0,0,0,0.0,0,0,0,-,,,,,,,,,,,,,,,,,,
Dai'Jean Dixon,NO,WR,2864965,ATL,29,8,1,1,N/R,,,0,0,,0,0,0.0,0,0,0.0,0,0,0,-,,,,,,,,,,,,,,,,,,
Johnathon Johnson,WAS,WR,3159233,IND,25,7,1,1,N/R,,,0,0,,0,0,0.0,0,0,0.0,0,0,0,-,,,,,,,,,,,,,,,,,,
Isaac Zico,ARI,WR,3117099,@NYG,19,14,1,1,N/R,,,0,0,,0,0,0.0,0,0,0.0,0,0,0,-,,,,,,,,,,,,,,,,,,
John Jackson III,CHI,WR,3123560,NYJ,6,10,1,1,N/R,,,0,0,,0,0,0.0,0,0,0.0,0,0,0,-,,,,,,,,,,,,,,,,,,
A.J. Henning,MIA,WR,3169276,@MIN,26,6,1,1,N/R,,,0,0,,0,0,0.0,0,0,0.0,0,0,0,-,,,,,,,,,,,,,,,,,,
Thomas Ives,CHI,WR,3116774,NYJ,6,10,1,1,N/R,,,0,0,,0,0,0.0,0,0,0.0,0,0,0,-,,,,,,,,,,,,,,,,,,
Jack Sorenson,CIN,WR,2240110,JAC,20,6,0,0,N/R,,,0,0,,0,0,0.0,0,0,0.0,0,0,0,-,,,,,,,,,,,,,,,,,,
Jerome Kapp,NYJ,WR,29118901,@CHI,12,13,1,1,N/R,,,0,0,,0,0,0.0,0,0,0.0,0,0,0,-,,,,,,,,,,,,,,,,,,
Jhamon Ausbon,PHI,WR,2758267,LAR,14,10,1,1,N/R,,,0,0,,0,0,0.0,0,0,0.0,0,0,0,-,,,,,,,,,,,,,,,,,,
Luke Grimm,LAC,WR,3166697,@SEA,1,7,1,1,N/R,,,0,0,,0,0,0.0,0,0,0.0,0,0,0,-,,,,,,,,,,,,,,,,,,
Rashad Rochelle,SEA,WR,28873470,LAC,18,11,1,1,N/R,,,0,0,,0,0,0.0,0,0,0.0,0,0,0,-,,,,,,,,,,,,,,,,,,
Moose Muhammad III,CAR,WR,3162427,DET,27,5,0,0,N/R,,,0,0,,0,0,0.0,0,0,0.0,0,0,0,-,,,,,,,,,,,,,,,,,,
Slade Bolden,ATL,WR,2960931,@NO,8,11,1,1,N/R,,,0,0,,0,0,0.0,0,0,0.0,0,0,0,-,,,,,,,,,,,,,,,,,,
Artavis Scott,HOU,WR,2133477,DAL,16,8,1,1,N/R,,,0,0,,0,0,0.0,0,0,0.0,0,0,0,-,,,,,,,,,,,,,,,,,,
Quincy Skinner Jr.,GB,WR,26697082,@TB,10,11,1,1,N/R,,,0,0,,0,0,0.0,0,0,0.0,0,0,0,-,,,,,,,,,,,,,,,,,,
Olamide Zaccheaus,ATL,WR,2186266,@NO,8,11,1,1,N/R,,,17,0,,0,0,4.2,0,0,0.0,0,6,4,0.00,,,,,,,,,,,,,,,,,,
J.J. Jones,JAC,WR,26701622,@CIN,15,7,1,1,N/R,,,0,0,,0,0,0.0,0,0,0.0,0,0,0,-,,,,,,,,,,,,,,,,,,
Tyren Montgomery,TEN,WR,28935910,@BAL,24,9,1,0,N/R,,,0,0,,0,0,0.0,0,0,0.0,0,0,0,-,,,,,,,,,,,,,,,,,,
Chimere Dike,TEN,WR,3162452,@BAL,24,9,3,1,N/R,,,10,0,,0,0,5.0,0,2,0.0,0,2,2,0.00,,,,,,,,,,,,,,,,,,
Coleman Owen,IND,WR,3137926,@WAS,32,13,1,0,N/R,,,0,0,,0,0,0.0,0,0,0.0,0,0,0,-,,,,,,,,,,,,,,,,,,
Jakobie Keeney-James,PIT,WR,3122024,@CLE,23,9,1,1,N/R,,,0,0,,0,0,0.0,0,0,0.0,0,0,0,-,,,,,,,,,,,,,,,,,,
Donaven McCulley,MIA,WR,26702279,@MIN,26,6,1,1,N/R,,,0,0,,0,0,0.0,0,0,0.0,0,0,0,-,,,,,,,,,,,,,,,,,,
Jalen Brooks,ARI,WR,3165078,@NYG,19,14,1,1,N/R,,,0,0,,0,0,0.0,0,0,0.0,0,1,0,0.00,,,,,,,,,,,,,,,,,,
Dylan Drummond,ATL,WR,2963946,@NO,8,11,1,1,N/R,,,0,0,,0,0,0.0,0,0,0.0,0,0,0,-,,,,,,,,,,,,,,,,,,
Demeer Blankumsee,NE,WR,3166844,@BUF,31,11,1,1,N/R,,,0,0,,0,0,0.0,0,0,0.0,0,0,0,-,,,,,,,,,,,,,,,,,,
Trishton Jackson,ARI,WR,2253371,@NYG,19,14,1,1,N/R,,,0,0,,0,0,0.0,0,0,0.0,0,0,0,-,,,,,,,,,,,,,,,,,,
Simi Fehoko,ARI,WR,2965289,@NYG,19,14,1,0,N/R,,,0,0,,0,0,0.0,0,0,0.0,0,0,0,0.00,,,,,,,,,,,,,,,,,,
Dareke Young,LV,WR,27017067,KC,2,13,1,1,N/R,,,27,0,,0,0,27.0,0,0,0.0,0,1,1,0.00,,,,,,,,,,,,,,,,,,
Johnny King,PHI,WR,3163632,LAR,14,10,0,0,N/R,,,0,0,,0,0,0.0,0,0,0.0,0,0,0,-,,,,,,,,,,,,,,,,,,
Jaylen Johnson,LAC,WR,2975613,@SEA,1,7,1,0,N/R,,,0,0,,0,0,0.0,0,0,0.0,0,0,0,-,,,,,,,,,,,,,,,,,,
Shaq Roland,CHI,WR,2926785,NYJ,6,10,1,1,N/R,,,0,0,,0,0,0.0,0,0,0.0,0,0,0,-,,,,,,,,,,,,,,,,,,
Kekoa Crawford,KC,WR,2260488,@LV,5,5,1,0,N/R,,,0,0,,0,0,0.0,0,0,0.0,0,0,0,-,,,,,,,,,,,,,,,,,,
Zakhari Franklin,LV,WR,3127917,KC,2,13,1,1,N/R,,,0,0,,0,0,0.0,0,0,0.0,0,0,0,-,,,,,,,,,,,,,,,,,,
DeAndre Thompkins,GB,WR,2131257,@TB,10,11,1,1,N/R,,,0,0,,0,0,0.0,0,0,0.0,0,0,0,-,,,,,,,,,,,,,,,,,,
Omari Kelly,CHI,WR,28875866,NYJ,6,10,1,1,N/R,,,0,0,,0,0,0.0,0,0,0.0,0,0,0,-,,,,,,,,,,,,,,,,,,
Gage Larvadain,BAL,WR,26718347,TEN,17,13,1,1,N/R,,,0,0,,0,0,0.0,0,0,0.0,0,0,0,-,,,,,,,,,,,,,,,,,,
Anthony Gould,IND,WR,3122031,@WAS,32,13,1,1,N/R,,,0,0,,0,0,0.0,0,0,0.0,0,0,0,0.00,,,,,,,,,,,,,,,,,,
Jerreth Sterns,LAR,WR,3123544,@PHI,21,11,1,1,N/R,,,0,0,,0,0,0.0,0,0,0.0,0,0,0,-,,,,,,,,,,,,,,,,,,
Parris Campbell,DAL,WR,2139271,@HOU,28,14,1,1,N/R,,,0,0,,0,0,0.0,0,0,0.0,0,0,0,-,,,,,,,,,,,,,,,,,,
Brennan Presley,LAR,WR,3169136,@PHI,21,11,1,0,N/R,,,0,0,,0,0,0.0,0,0,0.0,0,0,0,-,,,,,,,,,,,,,,,,,,
Efton Chism III,NE,WR,3163509,@BUF,31,11,1,1,N/R,,,-1,0,,0,0,-0.5,0,0,0.0,0,3,2,0.00,,,,,,,,,,,,,,,,,,
Eli Stove,LAC,WR,2241806,@SEA,1,7,1,0,N/R,,,0,0,,0,0,0.0,0,0,0.0,0,0,0,-,,,,,,,,,,,,,,,,,,
Tyler Johnson,NYJ,WR,1620002,@CHI,12,13,1,1,N/R,,,0,0,,0,0,0.0,0,0,0.0,0,0,0,-,,,,,,,,,,,,,,,,,,
Antonio Brown,TB,WR,1272852,GB,22,10,1,1,N/R,,,0,0,,0,0,0.0,0,0,0.0,0,0,0,-,,,,,,,,,,,,,,,,,,
Omar Cooper Jr.,NYJ,WR,28900921,@CHI,12,13,10,1,N/R,,,30,0,,0,0,30.0,0,0,0.0,0,1,1,0.00,,,,,,,,,,,,,,,,,,
Jeret Smith,KC,WR,2176561,@LV,5,5,1,1,N/R,,,0,0,,0,0,0.0,0,0,0.0,0,0,0,-,,,,,,,,,,,,,,,,,,
Allen Robinson,DET,WR,1889923,@CAR,4,6,1,1,N/R,,,0,0,,0,0,0.0,0,0,0.0,0,0,0,-,,,,,,,,,,,,,,,,,,
Xavier Loyd,KC,WR,26695352,@LV,5,5,1,0,N/R,,,0,0,,0,0,0.0,0,0,0.0,0,0,0,-,,,,,,,,,,,,,,,,,,
Bryant Mitchell,TB,WR,3103642,GB,22,10,1,1,N/R,,,0,0,,0,0,0.0,0,0,0.0,0,0,0,-,,,,,,,,,,,,,,,,,,
Ty James,MIN,WR,3135294,MIA,3,6,1,0,N/R,,,0,0,,0,0,0.0,0,0,0.0,0,0,0,-,,,,,,,,,,,,,,,,,,
Omari Evans,KC,WR,28875329,@LV,5,5,1,1,N/R,,,0,0,,0,0,0.0,0,0,0.0,0,0,0,-,,,,,,,,,,,,,,,,,,
Ja'Kobi Lane,BAL,WR,29158151,TEN,17,13,32,1,N/R,,,11,0,,0,0,11.0,0,0,0.0,0,3,1,0.00,,,,,,,,,,,,,,,,,,
David Sills,TB,WR,2179491,GB,22,10,1,1,N/R,,,0,0,,0,0,0.0,0,0,0.0,0,0,0,-,,,,,,,,,,,,,,,,,,
John Hall,SEA,WR,29119112,LAC,18,11,1,1,N/R,,,0,0,,0,0,0.0,0,0,0.0,0,0,0,-,,,,,,,,,,,,,,,,,,
Peter LeBlanc,CHI,WR,3131648,NYJ,6,10,1,1,N/R,,,0,0,,0,0,0.0,0,0,0.0,0,0,0,-,,,,,,,,,,,,,,,,,,
Tyrone Broden,SEA,WR,3133378,LAC,18,11,1,1,N/R,,,0,0,,0,0,0.0,0,0,0.0,0,0,0,-,,,,,,,,,,,,,,,,,,
Austin Trammell,JAC,WR,2838491,@CIN,15,7,1,0,N/R,,,0,0,,0,0,0.0,0,0,0.0,0,0,0,-,,,,,,,,,,,,,,,,,,
Dont'e Thornton Jr.,LV,WR,26694424,KC,2,13,1,1,N/R,,,0,0,,0,0,0.0,0,0,0.0,0,0,0,-,,,,,,,,,,,,,,,,,,
Justin Hall,MIN,WR,2865819,MIA,3,6,1,1,N/R,,,0,0,,0,0,0.0,0,0,0.0,0,0,0,-,,,,,,,,,,,,,,,,,,
Keshunn Abram,NYJ,WR,3126551,@CHI,12,13,1,1,N/R,,,0,0,,0,0,0.0,0,0,0.0,0,0,0,-,,,,,,,,,,,,,,,,,,
Kyron Hudson,CHI,WR,26720252,NYJ,6,10,0,0,N/R,,,0,0,,0,0,0.0,0,0,0.0,0,0,0,-,,,,,,,,,,,,,,,,,,
Chris Tyree,NO,WR,3171678,ATL,29,8,1,1,N/R,,,0,0,,0,0,0.0,0,0,0.0,0,0,0,-,,,,,,,,,,,,,,,,,,
Damon Hazelton,HOU,WR,2252367,DAL,16,8,1,0,N/R,,,0,0,,0,0,0.0,0,0,0.0,0,0,0,-,,,,,,,,,,,,,,,,,,
Kyre Duplessis,DEN,WR,26699047,@SF,13,10,1,1,N/R,,,0,0,,0,0,0.0,0,0,0.0,0,0,0,-,,,,,,,,,,,,,,,,,,
Ramel Keyton,TEN,WR,3123657,@BAL,24,9,1,0,N/R,,,0,0,,0,0,0.0,0,0,0.0,0,0,0,-,,,,,,,,,,,,,,,,,,
Shae Wyatt,SF,WR,26695205,DEN,11,8,1,0,N/R,,,0,0,,0,0,0.0,0,0,0.0,0,0,0,-,,,,,,,,,,,,,,,,,,
Manasseh Bailey,NYJ,WR,3159152,@CHI,12,13,1,1,N/R,,,0,0,,0,0,0.0,0,0,0.0,0,0,0,-,,,,,,,,,,,,,,,,,,
Trayvon Rudolph,MIN,WR,3167411,MIA,3,6,1,1,N/R,,,0,0,,0,0,0.0,0,0,0.0,0,0,0,-,,,,,,,,,,,,,,,,,,
Justin Watson,HOU,WR,2137198,DAL,16,8,1,1,N/R,,,0,0,,0,0,0.0,0,0,0.0,0,0,0,-,,,,,,,,,,,,,,,,,,
Cornell Powell,PIT,WR,2239529,@CLE,23,9,1,1,N/R,,,0,0,,0,0,0.0,0,0,0.0,0,0,0,-,,,,,,,,,,,,,,,,,,
Donovan Peoples-Jones,NO,WR,2819119,ATL,29,8,1,1,N/R,,,0,0,,0,0,0.0,0,0,0.0,0,0,0,-,,,,,,,,,,,,,,,,,,
Jaylen Jones,LAC,WR,26698771,@SEA,1,7,1,1,N/R,,,0,0,,0,0,0.0,0,0,0.0,0,0,0,-,,,,,,,,,,,,,,,,,,
Marquise Brown,PHI,WR,2804128,LAR,14,10,4,1,N/R,,,0,0,,2,12,0.0,0,0,6.0,0,0,0,0.00,,,,,,,,,,,,,,,,,,
Bryan Thompson,BUF,WR,2827539,NE,7,7,1,1,N/R,,,0,0,,0,0,0.0,0,0,0.0,0,0,0,-,,,,,,,,,,,,,,,,,,
Bryce Lance,NO,WR,26725855,ATL,29,8,6,1,N/R,,,50,0,,0,0,12.5,0,0,0.0,0,8,4,0.00,,,,,,,,,,,,,,,,,,
Austin Proehl,NYG,WR,2130950,ARI,30,8,1,1,N/R,,,0,0,,0,0,0.0,0,0,0.0,0,0,0,-,,,,,,,,,,,,,,,,,,
Zach Pascal,NYG,WR,1989197,ARI,30,8,1,1,N/R,,,0,0,,0,0,0.0,0,0,0.0,0,0,0,-,,,,,,,,,,,,,,,,,,
Jayden Reed,GB,WR,2967762,@TB,10,11,34,1,N/R,,,24,0,,0,0,6.0,0,0,0.0,0,8,4,0.00,,,,,,,,,,,,,,,,,,
Jahmal Banks,BAL,WR,3162810,TEN,17,13,1,1,N/R,,,0,0,,0,0,0.0,0,0,0.0,0,0,0,-,,,,,,,,,,,,,,,,,,
Colbie Young,CIN,WR,28934874,JAC,20,6,1,1,N/R,,,9,0,,0,0,4.5,0,0,0.0,0,2,2,0.00,,,,,,,,,,,,,,,,,,
Tyler Boyd,TEN,WR,2071582,@BAL,24,9,1,1,N/R,,,0,0,,0,0,0.0,0,0,0.0,0,0,0,-,,,,,,,,,,,,,,,,,,
T.J. Vasher,DAL,WR,2252275,@HOU,28,14,1,1,N/R,,,0,0,,0,0,0.0,0,0,0.0,0,0,0,-,,,,,,,,,,,,,,,,,,
Xavier White,IND,WR,3127688,@WAS,32,13,1,0,N/R,,,0,0,,0,0,0.0,0,0,0.0,0,0,0,-,,,,,,,,,,,,,,,,,,
Cyrus Holder,CHI,WR,2242794,NYJ,6,10,0,0,N/R,,,0,0,,0,0,0.0,0,0,0.0,0,0,0,-,,,,,,,,,,,,,,,,,,
Josh Imatorbhebhe,JAC,WR,2240184,@CIN,15,7,1,0,N/R,,,0,0,,0,0,0.0,0,0,0.0,0,0,0,-,,,,,,,,,,,,,,,,,,
Laquon Treadwell,IND,WR,2079899,@WAS,32,13,1,1,N/R,,,81,0,,0,0,20.2,0,0,0.0,0,5,4,0.00,,,,,,,,,,,,,,,,,,
Trevion Thompson,TEN,WR,2133481,@BAL,24,9,1,0,N/R,,,0,0,,0,0,0.0,0,0,0.0,0,0,0,-,,,,,,,,,,,,,,,,,,
Michael Pittman,PIT,WR,2240188,@CLE,23,9,66,5,N/R,,,74,0,,0,0,14.8,0,0,0.0,0,8,5,0.00,,,,,,,,,,,,,,,,,,
Isaiah Williams,NYJ,WR,3126581,@CHI,12,13,1,1,N/R,,,62,0,,1,14,7.8,0,0,14.0,0,9,8,0.00,,,,,,,,,,,,,,,,,,
Cody Chrest,GB,WR,2241883,@TB,10,11,1,1,N/R,,,0,0,,0,0,0.0,0,0,0.0,0,0,0,-,,,,,,,,,,,,,,,,,,
Luke Floriea,CLE,WR,3164098,PIT,9,11,1,0,N/R,,,0,0,,0,0,0.0,0,0,0.0,0,0,0,-,,,,,,,,,,,,,,,,,,
Quez Watkins,PHI,WR,2262953,LAR,14,10,1,0,N/R,,,0,0,,0,0,0.0,0,0,0.0,0,0,0,-,,,,,,,,,,,,,,,,,,
Jared Smart,ARI,WR,3123048,@NYG,19,14,1,0,N/R,,,0,0,,0,0,0.0,0,0,0.0,0,0,0,-,,,,,,,,,,,,,,,,,,
Kyle Williams,NE,WR,3167684,@BUF,31,11,2,1,N/R,,,44,0,,0,0,22.0,0,0,0.0,0,5,2,0.00,,,,,,,,,,,,,,,,,,
Henry Litwin,CHI,WR,28869012,NYJ,6,10,1,1,N/R,,,0,0,,0,0,0.0,0,0,0.0,0,0,0,-,,,,,,,,,,,,,,,,,,
Lincoln Victor,DEN,WR,3127480,@SF,13,10,1,0,N/R,,,0,0,,0,0,0.0,0,0,0.0,0,0,0,-,,,,,,,,,,,,,,,,,,
Ashton Dulin,IND,WR,3116796,@WAS,32,13,1,1,N/R,,,0,0,,0,0,0.0,0,0,0.0,0,1,0,0.00,,,,,,,,,,,,,,,,,,
Jaelen Gill,CLE,WR,2967603,PIT,9,11,0,0,N/R,,,0,0,,0,0,0.0,0,0,0.0,0,0,0,-,,,,,,,,,,,,,,,,,,
Jalen McMillan,TB,WR,3162347,GB,22,10,9,1,N/R,,,0,0,,0,0,0.0,0,0,0.0,0,1,0,0.00,,,,,,,,,,,,,,,,,,
Trent Taylor,SF,WR,2060838,DEN,11,8,1,0,N/R,,,0,0,,0,0,0.0,0,0,0.0,0,0,0,-,,,,,,,,,,,,,,,,,,
Milton Wright,LAC,WR,3131611,@SEA,1,7,1,1,N/R,,,0,0,,0,0,0.0,0,0,0.0,0,0,0,-,,,,,,,,,,,,,,,,,,
Carnell Tate,TEN,WR,29124411,@BAL,24,9,79,11,42,,,123,0,,0,0,9.5,0,0,0.0,0,20,13,0.00,,,,,,,,,,,,,,,,,,
Samson Nacua,NO,WR,2260501,ATL,29,8,1,0,N/R,,,0,0,,0,0,0.0,0,0,0.0,0,0,0,-,,,,,,,,,,,,,,,,,,
Javon Baker,SF,WR,3170860,DEN,11,8,1,1,N/R,,,0,0,,0,0,0.0,0,0,0.0,0,0,0,-,,,,,,,,,,,,,,,,,,
Tejhaun Palmer,NE,WR,26702915,@BUF,31,11,1,0,N/R,,,0,0,,0,0,0.0,0,0,0.0,0,0,0,-,,,,,,,,,,,,,,,,,,
Xavier Legette,CAR,WR,3131575,DET,27,5,2,1,N/R,,,64,0,,0,0,32.0,0,0,0.0,0,6,2,0.00,,,,,,,,,,,,,,,,,,
Shaquan Davis,PIT,WR,3137942,@CLE,23,9,1,0,N/R,,,0,0,,0,0,0.0,0,0,0.0,0,0,0,-,,,,,,,,,,,,,,,,,,
Maurice Alexander,CHI,WR,28926362,NYJ,6,10,1,1,N/R,,,0,0,,0,0,0.0,0,0,0.0,0,0,0,-,,,,,,,,,,,,,,,,,,
Isaiah Weston,CLE,WR,2247180,PIT,9,11,0,0,N/R,,,0,0,,0,0,0.0,0,0,0.0,0,0,0,-,,,,,,,,,,,,,,,,,,
Dayton Wade,BAL,WR,3121829,TEN,17,13,1,0,N/R,,,0,0,,0,0,0.0,0,0,0.0,0,0,0,-,,,,,,,,,,,,,,,,,,
DaMarkus Lodge,CIN,WR,2186347,JAC,20,6,1,1,N/R,,,0,0,,0,0,0.0,0,0,0.0,0,0,0,-,,,,,,,,,,,,,,,,,,
Terique Owens,SF,WR,3124921,DEN,11,8,1,1,N/R,,,0,0,,0,0,0.0,0,0,0.0,0,0,0,-,,,,,,,,,,,,,,,,,,
Arthur Williams,NYJ,WR,2185867,@CHI,12,13,1,1,N/R,,,0,0,,0,0,0.0,0,0,0.0,0,0,0,-,,,,,,,,,,,,,,,,,,
Malik Turner,SF,WR,2136527,DEN,11,8,1,1,N/R,,,0,0,,0,0,0.0,0,0,0.0,0,0,0,-,,,,,,,,,,,,,,,,,,
Damien Alford,NO,WR,3168395,ATL,29,8,1,0,N/R,,,0,0,,0,0,0.0,0,0,0.0,0,0,0,-,,,,,,,,,,,,,,,,,,
Tyler Kahmann,IND,WR,29729510,@WAS,32,13,1,0,N/R,,,0,0,,0,0,0.0,0,0,0.0,0,0,0,-,,,,,,,,,,,,,,,,,,
Montorie Foster Jr.,SEA,WR,3169784,LAC,18,11,1,1,N/R,,,0,0,,0,0,0.0,0,0,0.0,0,0,0,0.00,,,,,,,,,,,,,,,,,,
Ronnie Bell,LV,WR,2968474,KC,2,13,1,1,N/R,,,0,0,,0,0,0.0,0,0,0.0,0,0,0,-,,,,,,,,,,,,,,,,,,
Quintez Cephus,BUF,WR,2251870,NE,7,7,1,0,N/R,,,0,0,,0,0,0.0,0,0,0.0,0,0,0,-,,,,,,,,,,,,,,,,,,
Jazz Ferguson,SEA,WR,2180620,LAC,18,11,1,1,N/R,,,0,0,,0,0,0.0,0,0,0.0,0,0,0,-,,,,,,,,,,,,,,,,,,
Devonte Robinson,GB,WR,2139449,@TB,10,11,1,0,N/R,,,0,0,,0,0,0.0,0,0,0.0,0,0,0,-,,,,,,,,,,,,,,,,,,
Phil Lutz,NE,WR,29152034,@BUF,31,11,1,1,N/R,,,0,0,,0,0,0.0,0,0,0.0,0,0,0,-,,,,,,,,,,,,,,,,,,
Nick Nash,WAS,WR,3123884,IND,25,7,1,1,N/R,,,0,0,,0,0,0.0,0,0,0.0,0,0,0,-,,,,,,,,,,,,,,,,,,
Tyreek Hill,MIA,WR,2131163,@MIN,26,6,20,1,N/R,,,0,0,,0,0,0.0,0,0,0.0,0,0,0,-,,,,,,,,,,,,,,,,,,
Felton Davis,KC,WR,2186422,@LV,5,5,1,0,N/R,,,0,0,,0,0,0.0,0,0,0.0,0,0,0,-,,,,,,,,,,,,,,,,,,
Mike Harley,MIA,WR,2826762,@MIN,26,6,1,1,N/R,,,0,0,,0,0,0.0,0,0,0.0,0,0,0,-,,,,,,,,,,,,,,,,,,
Lucky Jackson,DET,WR,2184739,@CAR,4,6,0,0,N/R,,,0,0,,0,0,0.0,0,0,0.0,0,0,0,-,,,,,,,,,,,,,,,,,,
Braxton Berrios,NYG,WR,2130981,ARI,30,8,1,1,N/R,,,0,0,,0,0,0.0,0,0,0.0,0,0,0,0.00,,,,,,,,,,,,,,,,,,
Roc Taylor,CAR,WR,26733219,DET,27,5,0,0,N/R,,,0,0,,0,0,0.0,0,0,0.0,0,0,0,-,,,,,,,,,,,,,,,,,,
Jalen Sample,WAS,WR,29100602,IND,25,7,1,1,N/R,,,0,0,,0,0,0.0,0,0,0.0,0,0,0,-,,,,,,,,,,,,,,,,,,
Dohnte Meyers,CIN,WR,2978569,JAC,20,6,1,1,N/R,,,47,0,,1,10,11.8,0,0,10.0,0,7,4,0.00,,,,,,,,,,,,,,,,,,
Taye Barber,TB,WR,2962839,GB,22,10,1,1,N/R,,,0,0,,0,0,0.0,0,0,0.0,0,0,0,-,,,,,,,,,,,,,,,,,,
Elijah Moore,PHI,WR,2963569,LAR,14,10,1,1,N/R,,,0,0,,0,0,0.0,0,0,0.0,0,0,0,0.00,,,,,,,,,,,,,,,,,,
Jaden Bradley,WAS,WR,26713355,IND,25,7,1,1,N/R,,,0,0,,0,0,0.0,0,0,0.0,0,0,0,-,,,,,,,,,,,,,,,,,,
Phillip Dorsett,LV,WR,1836058,KC,2,13,1,1,N/R,,,0,0,,0,0,0.0,0,0,0.0,0,0,0,-,,,,,,,,,,,,,,,,,,
Michael Young Jr.,HOU,WR,2868607,DAL,16,8,1,1,N/R,,,0,0,,0,0,0.0,0,0,0.0,0,0,0,-,,,,,,,,,,,,,,,,,,
Hal Presley,TEN,WR,26727031,@BAL,24,9,1,1,N/R,,,0,0,,0,0,0.0,0,0,0.0,0,0,0,-,,,,,,,,,,,,,,,,,,
Jaylin Noel,HOU,WR,26697286,DAL,16,8,5,1,N/R,,,101,0,,2,21,20.2,0,0,10.5,0,9,5,0.00,,,,,,,,,,,,,,,,,,
Noah Thomas,CIN,WR,28922853,JAC,20,6,1,1,N/R,,,0,0,,0,0,0.0,0,0,0.0,0,0,0,-,,,,,,,,,,,,,,,,,,
Andre Miller,GB,WR,2963411,@TB,10,11,1,1,N/R,,,0,0,,0,0,0.0,0,0,0.0,0,0,0,-,,,,,,,,,,,,,,,,,,
Kaden Wetjen,PIT,WR,28876038,@CLE,23,9,1,1,N/R,,,0,0,,0,0,0.0,0,0,0.0,0,0,0,0.00,,,,,,,,,,,,,,,,,,
Trebor Pena,JAC,WR,3168420,@CIN,15,7,1,1,N/R,,,0,0,,0,0,0.0,0,0,0.0,0,0,0,-,,,,,,,,,,,,,,,,,,
Brandin Cooks,SF,WR,1880880,DEN,11,8,2,1,N/R,,,0,0,,0,0,0.0,0,0,0.0,0,0,0,-,,,,,,,,,,,,,,,,,,
Tre Nixon,NE,WR,2260187,@BUF,31,11,1,1,N/R,,,0,0,,0,0,0.0,0,0,0.0,0,0,0,-,,,,,,,,,,,,,,,,,,
Sam Wiglusz,LAR,WR,2984114,@PHI,21,11,1,0,N/R,,,0,0,,0,0,0.0,0,0,0.0,0,0,0,-,,,,,,,,,,,,,,,,,,
Jalen Virgil,BUF,WR,2240825,NE,7,7,1,1,N/R,,,0,0,,0,0,0.0,0,0,0.0,0,0,0,-,,,,,,,,,,,,,,,,,,
Brandon Johnson,PIT,WR,2247509,@CLE,23,9,1,1,N/R,,,0,0,,0,0,0.0,0,0,0.0,0,0,0,-,,,,,,,,,,,,,,,,,,
Elijhah Badger,KC,WR,3163150,@LV,5,5,1,0,N/R,,,0,0,,0,0,0.0,0,0,0.0,0,0,0,-,,,,,,,,,,,,,,,,,,
Steve Ishmael,IND,WR,2925153,@WAS,32,13,1,1,N/R,,,0,0,,0,0,0.0,0,0,0.0,0,0,0,-,,,,,,,,,,,,,,,,,,
De'Mornay Pierson-El,DEN,WR,2925144,@SF,13,10,1,0,N/R,,,0,0,,0,0,0.0,0,0,0.0,0,0,0,-,,,,,,,,,,,,,,,,,,
Lance McCutcheon,TEN,WR,2836356,@BAL,24,9,1,0,N/R,,,0,0,,0,0,0.0,0,0,0.0,0,0,0,-,,,,,,,,,,,,,,,,,,
Luke Wysong,MIN,WR,26717211,MIA,3,6,1,1,N/R,,,0,0,,0,0,0.0,0,0,0.0,0,0,0,-,,,,,,,,,,,,,,,,,,
Ontaria Wilson,NYJ,WR,2865393,@CHI,12,13,1,1,N/R,,,0,0,,0,0,0.0,0,0,0.0,0,0,0,-,,,,,,,,,,,,,,,,,,
Dillon Bell,MIN,WR,28903382,MIA,3,6,1,1,N/R,,,0,0,,0,0,0.0,0,0,0.0,0,0,0,0.00,,,,,,,,,,,,,,,,,,
Zion Bowens,WAS,WR,3168734,IND,25,7,1,1,N/R,,,0,0,,0,0,0.0,0,0,0.0,0,0,0,-,,,,,,,,,,,,,,,,,,
Caullin Lacy,NYJ,WR,3172596,@CHI,12,13,1,0,N/R,,,0,0,,0,0,0.0,0,0,0.0,0,0,0,-,,,,,,,,,,,,,,,,,,
Ja'Mori Maclin,BUF,WR,3162257,NE,7,7,1,0,N/R,,,0,0,,0,0,0.0,0,0,0.0,0,0,0,-,,,,,,,,,,,,,,,,,,
Chase Roberts,LV,WR,26728791,KC,2,13,1,0,N/R,,,0,0,,0,0,0.0,0,0,0.0,0,0,0,-,,,,,,,,,,,,,,,,,,
Jimmy Kibble,NE,WR,28925542,@BUF,31,11,1,0,N/R,,,0,0,,0,0,0.0,0,0,0.0,0,0,0,-,,,,,,,,,,,,,,,,,,
Arian Smith,NYJ,WR,3163930,@CHI,12,13,1,1,N/R,,,0,0,,0,0,0.0,0,0,0.0,0,1,0,0.00,,,,,,,,,,,,,,,,,,
Montana Lemonious-Craig,PIT,WR,3166692,@CLE,23,9,0,0,N/R,,,0,0,,0,0,0.0,0,0,0.0,0,0,0,-,,,,,,,,,,,,,,,,,,
Adam Thielen,PIT,WR,2059362,@CLE,23,9,2,2,N/R,,,0,0,,0,0,0.0,0,0,0.0,0,0,0,-,,,,,,,,,,,,,,,,,,
Bryce Ford-Wheaton,NYG,WR,2963723,ARI,30,8,1,1,N/R,,,0,0,,0,0,0.0,0,0,0.0,0,0,0,-,,,,,,,,,,,,,,,,,,
Tre Mosley,CIN,WR,3121001,JAC,20,6,1,1,N/R,,,0,0,,0,0,0.0,0,0,0.0,0,0,0,-,,,,,,,,,,,,,,,,,,
Moochie Dixon,NO,WR,3168156,ATL,29,8,1,0,N/R,,,0,0,,0,0,0.0,0,0,0.0,0,0,0,-,,,,,,,,,,,,,,,,,,
Osirus Mitchell,GB,WR,2249164,@TB,10,11,1,1,N/R,,,0,0,,0,0,0.0,0,0,0.0,0,0,0,-,,,,,,,,,,,,,,,,,,
Cyrus Allen,KC,WR,28875899,@LV,5,5,7,1,N/R,,,0,0,,0,0,0.0,0,0,0.0,0,1,0,0.00,,,,,,,,,,,,,,,,,,
Stephen Guidry,DAL,WR,2961462,@HOU,28,14,1,1,N/R,,,0,0,,0,0,0.0,0,0,0.0,0,0,0,-,,,,,,,,,,,,,,,,,,
Devon Williams,BAL,WR,2966004,TEN,17,13,0,0,N/R,,,0,0,,0,0,0.0,0,0,0.0,0,0,0,-,,,,,,,,,,,,,,,,,,
Kyle Philips,LV,WR,2966039,KC,2,13,1,1,N/R,,,0,0,,0,0,0.0,0,0,0.0,0,0,0,-,,,,,,,,,,,,,,,,,,
Josh Reynolds,NYJ,WR,2131796,@CHI,12,13,1,1,N/R,,,0,0,,0,0,0.0,0,0,0.0,0,0,0,-,,,,,,,,,,,,,,,,,,
Jha'Quan Jackson,TB,WR,3122336,GB,22,10,1,1,N/R,,,0,0,,0,0,0.0,0,0,0.0,0,0,0,-,,,,,,,,,,,,,,,,,,
Dillon Mitchell,MIN,WR,2221967,MIA,3,6,1,0,N/R,,,0,0,,0,0,0.0,0,0,0.0,0,0,0,-,,,,,,,,,,,,,,,,,,
Anthony Schwartz,MIA,WR,2965374,@MIN,26,6,1,1,N/R,,,0,0,,0,0,0.0,0,0,0.0,0,0,0,-,,,,,,,,,,,,,,,,,,
Mante Morrow,LAC,WR,50049265,@SEA,1,7,1,0,N/R,,,0,0,,0,0,0.0,0,0,0.0,0,0,0,-,,,,,,,,,,,,,,,,,,
Taylor Morin,PHI,WR,3127330,LAR,14,10,1,1,N/R,,,0,0,,0,0,0.0,0,0,0.0,0,0,0,-,,,,,,,,,,,,,,,,,,
Samori Toure,PHI,WR,2245831,LAR,14,10,1,1,N/R,,,0,0,,0,0,0.0,0,0,0.0,0,0,0,-,,,,,,,,,,,,,,,,,,
Xavier Smith,LAR,WR,2986749,@PHI,21,11,1,1,N/R,,,0,0,,0,0,0.0,0,0,0.0,0,1,0,0.00,,,,,,,,,,,,,,,,,,
Braxton Burmeister,LAR,WR,2815157,@PHI,21,11,1,1,N/R,,,0,0,,0,0,0.0,0,0,0.0,0,0,0,-,,,,,,,,,,,,,,,,,,
CJ Williams,JAC,WR,28875641,@CIN,15,7,1,0,N/R,,,0,0,,0,0,0.0,0,0,0.0,0,0,0,0.00,,,,,,,,,,,,,,,,,,
Travis Hunter,JAC,WR,28909849,@CIN,15,7,6,1,N/R,,,8,0,,1,3,8.0,0,0,3.0,0,1,1,0.00,,,,,,,,,,,,,,,,,,
Caleb Scott,LV,WR,2139757,KC,2,13,1,1,N/R,,,0,0,,0,0,0.0,0,0,0.0,0,0,0,-,,,,,,,,,,,,,,,,,,
Ty Fryfogle,KC,WR,2866135,@LV,5,5,1,0,N/R,,,0,0,,0,0,0.0,0,0,0.0,0,0,0,-,,,,,,,,,,,,,,,,,,
LaJohntay Wester,BAL,WR,3170389,TEN,17,13,1,1,N/R,,,29,0,,0,0,9.7,0,0,0.0,0,4,3,0.00,,,,,,,,,,,,,,,,,,
Noah Brown,LV,WR,2139270,KC,2,13,1,1,N/R,,,0,0,,0,0,0.0,0,0,0.0,0,0,0,-,,,,,,,,,,,,,,,,,,
Aaron Bailey,BAL,WR,2820501,TEN,17,13,1,1,N/R,,,0,0,,0,0,0.0,0,0,0.0,0,0,0,-,,,,,,,,,,,,,,,,,,
Tre Turner,LV,WR,2966451,KC,2,13,1,1,N/R,,,0,0,,0,0,0.0,0,0,0.0,0,0,0,-,,,,,,,,,,,,,,,,,,
Savon Scarver,CHI,WR,2869196,NYJ,6,10,0,0,N/R,,,0,0,,0,0,0.0,0,0,0.0,0,0,0,-,,,,,,,,,,,,,,,,,,
Elijah Cooks,CAR,WR,2804732,DET,27,5,1,1,N/R,,,0,0,,0,0,0.0,0,0,0.0,0,0,0,-,,,,,,,,,,,,,,,,,,
Xavier Weaver,ARI,WR,3131562,@NYG,19,14,1,1,N/R,,,0,0,,0,0,0.0,0,0,0.0,0,0,0,-,,,,,,,,,,,,,,,,,,
Malik Taylor,DET,WR,3117089,@CAR,4,6,0,0,N/R,,,0,0,,0,0,0.0,0,0,0.0,0,0,0,-,,,,,,,,,,,,,,,,,,
Kelvin Harmon,DAL,WR,2246942,@HOU,28,14,1,0,N/R,,,0,0,,0,0,0.0,0,0,0.0,0,0,0,-,,,,,,,,,,,,,,,,,,
Tim Jones,JAC,WR,2839207,@CIN,15,7,1,0,N/R,,,0,0,,0,0,0.0,0,0,0.0,0,0,0,-,,,,,,,,,,,,,,,,,,
Riley Lees,CIN,WR,2247038,JAC,20,6,1,1,N/R,,,0,0,,0,0,0.0,0,0,0.0,0,0,0,-,,,,,,,,,,,,,,,,,,
Mike Strachan,WAS,WR,26650288,IND,25,7,1,0,N/R,,,0,0,,0,0,0.0,0,0,0.0,0,0,0,-,,,,,,,,,,,,,,,,,,
Nelson Agholor,BAL,WR,1996508,TEN,17,13,1,1,N/R,,,0,0,,0,0,0.0,0,0,0.0,0,0,0,-,,,,,,,,,,,,,,,,,,
Jalen Walthall,NYJ,WR,26713535,@CHI,12,13,0,0,N/R,,,0,0,,0,0,0.0,0,0,0.0,0,0,0,-,,,,,,,,,,,,,,,,,,
Jacob De Jesus,KC,WR,29121519,@LV,5,5,1,1,N/R,,,0,0,,0,0,0.0,0,0,0.0,0,0,0,-,,,,,,,,,,,,,,,,,,
Stephon Robinson Jr.,ARI,WR,2961667,@NYG,19,14,1,1,N/R,,,0,0,,0,0,0.0,0,0,0.0,0,0,0,-,,,,,,,,,,,,,,,,,,
Kalija Lipscomb,TEN,WR,2247525,@BAL,24,9,1,1,N/R,,,0,0,,0,0,0.0,0,0,0.0,0,0,0,-,,,,,,,,,,,,,,,,,,
Dante Pettis,BUF,WR,2139642,NE,7,7,1,1,N/R,,,0,0,,0,0,0.0,0,0,0.0,0,0,0,-,,,,,,,,,,,,,,,,,,
Deven Thompkins,LV,WR,2969006,KC,2,13,1,0,N/R,,,0,0,,0,0,0.0,0,0,0.0,0,0,0,-,,,,,,,,,,,,,,,,,,
Colton Dowell,PIT,WR,2828751,@CLE,23,9,1,1,N/R,,,0,0,,0,0,0.0,0,0,0.0,0,0,0,-,,,,,,,,,,,,,,,,,,
DeVontres Dukes,DEN,WR,2261694,@SF,13,10,1,1,N/R,,,0,0,,0,0,0.0,0,0,0.0,0,0,0,-,,,,,,,,,,,,,,,,,,
Nsimba Webster,CHI,WR,3117157,NYJ,6,10,1,0,N/R,,,0,0,,0,0,0.0,0,0,0.0,0,0,0,-,,,,,,,,,,,,,,,,,,
Jamal Agnew,ATL,WR,2818264,@NO,8,11,1,1,N/R,,,0,0,,0,0,0.0,0,0,0.0,0,0,0,-,,,,,,,,,,,,,,,,,,
Thyrick Pitts,GB,WR,2816155,@TB,10,11,1,0,N/R,,,0,0,,0,0,0.0,0,0,0.0,0,0,0,-,,,,,,,,,,,,,,,,,,
Derrick Johnson,NYG,WR,2130883,ARI,30,8,1,1,N/R,,,0,0,,0,0,0.0,0,0,0.0,0,0,0,-,,,,,,,,,,,,,,,,,,
Jon'Vea Johnson,CHI,WR,2136691,NYJ,6,10,1,1,N/R,,,0,0,,0,0,0.0,0,0,0.0,0,0,0,-,,,,,,,,,,,,,,,,,,
Joseph Ngata,PHI,WR,3122907,LAR,14,10,1,1,N/R,,,0,0,,0,0,0.0,0,0,0.0,0,0,0,-,,,,,,,,,,,,,,,,,,
Matt Landers,TEN,WR,2871748,@BAL,24,9,1,1,N/R,,,0,0,,0,0,0.0,0,0,0.0,0,0,0,-,,,,,,,,,,,,,,,,,,
Jauan Jennings,MIN,WR,2180514,MIA,3,6,17,2,N/R,,,1,0,,0,0,1.0,0,0,0.0,0,3,1,0.00,,,,,,,,,,,,,,,,,,
DT Sheffield,NYJ,WR,29122875,@CHI,12,13,1,1,N/R,,,0,0,,0,0,0.0,0,0,0.0,0,0,0,-,,,,,,,,,,,,,,,,,,
Cedrick Wilson Jr.,DET,WR,2240685,@CAR,4,6,1,1,N/R,,,0,0,,0,0,0.0,0,0,0.0,0,0,0,-,,,,,,,,,,,,,,,,,,
Amba Etta-Tawo,HOU,WR,2001582,DAL,16,8,1,1,N/R,,,0,0,,0,0,0.0,0,0,0.0,0,0,0,-,,,,,,,,,,,,,,,,,,
Devin Ross,LV,WR,2082532,KC,2,13,1,1,N/R,,,0,0,,0,0,0.0,0,0,0.0,0,0,0,-,,,,,,,,,,,,,,,,,,
Mike Williams,LAC,WR,2082516,@SEA,1,7,1,1,N/R,,,0,0,,0,0,0.0,0,0,0.0,0,0,0,-,,,,,,,,,,,,,,,,,,
Oliver Martin,JAC,WR,2878230,@CIN,15,7,1,1,N/R,,,0,0,,0,0,0.0,0,0,0.0,0,0,0,-,,,,,,,,,,,,,,,,,,
Cephus Johnson III,TB,WR,2868267,GB,22,10,1,0,N/R,,,0,0,,0,0,0.0,0,0,0.0,0,0,0,-,,,,,,,,,,,,,,,,,,
Mecole Hardman,BUF,WR,2248618,NE,7,7,1,1,N/R,,,0,0,,0,0,0.0,0,0,0.0,0,0,0,-,,,,,,,,,,,,,,,,,,
Courtney Jackson,TEN,WR,3123345,@BAL,24,9,1,0,N/R,,,0,0,,0,0,0.0,0,0,0.0,0,0,0,-,,,,,,,,,,,,,,,,,,
Sam Pinckney,CAR,WR,2961512,DET,27,5,1,1,N/R,,,0,0,,0,0,0.0,0,0,0.0,0,0,0,-,,,,,,,,,,,,,,,,,,
Isaiah Wooden,CLE,WR,3139308,PIT,9,11,1,1,N/R,,,0,0,,0,0,0.0,0,0,0.0,0,0,0,-,,,,,,,,,,,,,,,,,,
Xavier Restrepo,TEN,WR,3163221,@BAL,24,9,1,1,N/R,,,0,0,,0,0,0.0,0,0,0.0,0,0,0,-,,,,,,,,,,,,,,,,,,
Chase Cota,CLE,WR,2965589,PIT,9,11,1,1,N/R,,,0,0,,0,0,0.0,0,0,0.0,0,0,0,-,,,,,,,,,,,,,,,,,,
E.J. Williams Jr.,CAR,WR,3162445,DET,27,5,1,0,N/R,,,0,0,,0,0,0.0,0,0,0.0,0,0,0,-,,,,,,,,,,,,,,,,,,
Malik Cunningham,DET,WR,2866334,@CAR,4,6,1,1,N/R,,,0,0,,0,0,0.0,0,0,0.0,0,0,0,-,,,,,,,,,,,,,,,,,,
Joshua Cephus,JAC,WR,3127909,@CIN,15,7,1,1,N/R,,,0,0,,0,0,0.0,0,0,0.0,0,0,0,-,,,,,,,,,,,,,,,,,,
Malcome Kennedy,NO,WR,2175065,ATL,29,8,1,0,N/R,,,0,0,,0,0,0.0,0,0,0.0,0,0,0,-,,,,,,,,,,,,,,,,,,
Cameron Dorner,NE,WR,29721343,@BUF,31,11,1,1,N/R,,,0,0,,0,0,0.0,0,0,0.0,0,0,0,-,,,,,,,,,,,,,,,,,,
Dalen Cambre,NYG,WR,3131659,ARI,30,8,1,1,N/R,,,0,0,,0,0,0.0,0,0,0.0,0,0,0,-,,,,,,,,,,,,,,,,,,
Branden Mack,DEN,WR,2256707,@SF,13,10,1,0,N/R,,,0,0,,0,0,0.0,0,0,0.0,0,0,0,-,,,,,,,,,,,,,,,,,,
Isaiah Winstead,PIT,WR,2835033,@CLE,23,9,0,0,N/R,,,0,0,,0,0,0.0,0,0,0.0,0,0,0,-,,,,,,,,,,,,,,,,,,
Jenson Stoshak,CAR,WR,2237669,DET,27,5,1,1,N/R,,,0,0,,0,0,0.0,0,0,0.0,0,0,0,-,,,,,,,,,,,,,,,,,,
D.J. Montgomery,IND,WR,3116788,@WAS,32,13,1,1,N/R,,,0,0,,0,0,0.0,0,0,0.0,0,0,0,-,,,,,,,,,,,,,,,,,,
Jalon Calhoun,DET,WR,3124664,@CAR,4,6,0,0,N/R,,,0,0,,0,0,0.0,0,0,0.0,0,0,0,-,,,,,,,,,,,,,,,,,,
Siaosi Mariner,BAL,WR,3161110,TEN,17,13,1,1,N/R,,,0,0,,0,0,0.0,0,0,0.0,0,0,0,-,,,,,,,,,,,,,,,,,,
Isaac TeSlaa,DET,WR,29122587,@CAR,4,6,6,1,N/R,,,92,0,,0,0,18.4,0,0,0.0,0,9,5,0.00,,,,,,,,,,,,,,,,,,
Jameson Williams,DET,WR,3125968,@CAR,4,6,99,60,34,,,127,0,,0,0,12.7,0,0,0.0,0,17,10,0.00,,,,,,,,,,,,,,,,,,
Garett Maag,MIN,WR,2962429,MIA,3,6,1,1,N/R,,,0,0,,0,0,0.0,0,0,0.0,0,0,0,-,,,,,,,,,,,,,,,,,,
Gavin Holmes,TEN,WR,2868689,@BAL,24,9,1,0,N/R,,,0,0,,0,0,0.0,0,0,0.0,0,0,0,-,,,,,,,,,,,,,,,,,,
Jonathan Mingo,DAL,WR,3126905,@HOU,28,14,1,1,N/R,,,10,0,,0,0,10.0,0,0,0.0,0,1,1,0.00,,,,,,,,,,,,,,,,,,
Dennis Houston,TB,WR,2866062,GB,22,10,1,1,N/R,,,0,0,,0,0,0.0,0,0,0.0,0,0,0,-,,,,,,,,,,,,,,,,,,
Andre Baccellia,ARI,WR,3159102,@NYG,19,14,1,1,N/R,,,0,0,,0,0,0.0,0,0,0.0,0,0,0,-,,,,,,,,,,,,,,,,,,
Jadon Janke,GB,WR,2976448,@TB,10,11,1,1,N/R,,,0,0,,0,0,0.0,0,0,0.0,0,0,0,-,,,,,,,,,,,,,,,,,,
Collin Johnson,LV,WR,2240315,KC,2,13,1,0,N/R,,,0,0,,0,0,0.0,0,0,0.0,0,0,0,-,,,,,,,,,,,,,,,,,,
Jonathon Rumph,NYJ,WR,2175993,@CHI,12,13,1,0,N/R,,,0,0,,0,0,0.0,0,0,0.0,0,0,0,-,,,,,,,,,,,,,,,,,,
Stanley Morgan,TEN,WR,2179632,@BAL,24,9,1,1,N/R,,,0,0,,0,0,0.0,0,0,0.0,0,0,0,-,,,,,,,,,,,,,,,,,,
Kevin Shaa,CHI,WR,2965479,NYJ,6,10,0,0,N/R,,,0,0,,0,0,0.0,0,0,0.0,0,0,0,-,,,,,,,,,,,,,,,,,,
Malik Benson,LV,WR,29121426,KC,2,13,2,1,N/R,,,6,0,,1,-8,6.0,0,0,-8.0,0,4,1,0.00,,,,,,,,,,,,,,,,,,
Jacob Copeland,PIT,WR,2964883,@CLE,23,9,1,1,N/R,,,0,0,,0,0,0.0,0,0,0.0,0,0,0,-,,,,,,,,,,,,,,,,,,
Junior Bergen,NYJ,WR,26731678,@CHI,12,13,1,1,N/R,,,0,0,,0,0,0.0,0,0,0.0,0,0,0,-,,,,,,,,,,,,,,,,,,
Tyler Scott,LAR,WR,3163215,@PHI,21,11,1,1,N/R,,,0,0,,0,0,0.0,0,0,0.0,0,0,0,-,,,,,,,,,,,,,,,,,,
Braxton Westfield,IND,WR,2240959,@WAS,32,13,1,1,N/R,,,0,0,,0,0,0.0,0,0,0.0,0,0,0,-,,,,,,,,,,,,,,,,,,
Tutu Atwell,LAR,WR,2965372,@PHI,21,11,1,1,N/R,,,19,0,,0,0,19.0,0,0,0.0,0,2,1,0.00,,,,,,,,,,,,,,,,,,
Shemar Bridges,BAL,WR,28866847,TEN,17,13,1,1,N/R,,,0,0,,0,0,0.0,0,0,0.0,0,0,0,-,,,,,,,,,,,,,,,,,,
Travell Harris,CLE,WR,2865807,PIT,9,11,0,0,N/R,,,0,0,,0,0,0.0,0,0,0.0,0,0,0,-,,,,,,,,,,,,,,,,,,
Casey Washington,CAR,WR,3126493,DET,27,5,1,1,N/R,,,0,0,,0,0,0.0,0,0,0.0,0,0,0,-,,,,,,,,,,,,,,,,,,
Darius Lassiter,JAC,WR,28874276,@CIN,15,7,1,1,N/R,,,0,0,,0,0,0.0,0,0,0.0,0,0,0,-,,,,,,,,,,,,,,,,,,
Calvin Austin III,NYG,WR,2866214,ARI,30,8,1,1,N/R,,,0,0,,0,0,0.0,0,0,0.0,0,0,0,-,,,,,,,,,,,,,,,,,,
Rico Bussey,PIT,WR,2251993,@CLE,23,9,0,0,N/R,,,0,0,,0,0,0.0,0,0,0.0,0,0,0,-,,,,,,,,,,,,,,,,,,
Josh Harper,LV,WR,1766833,KC,2,13,1,1,N/R,,,0,0,,0,0,0.0,0,0,0.0,0,0,0,-,,,,,,,,,,,,,,,,,,
Deion Burks,IND,WR,26694367,@WAS,32,13,1,1,N/R,,,0,0,,2,14,0.0,0,0,7.0,0,0,0,0.00,,,,,,,,,,,,,,,,,,
Tyler Adams,IND,WR,2820164,@WAS,32,13,1,0,N/R,,,0,0,,0,0,0.0,0,0,0.0,0,0,0,-,,,,,,,,,,,,,,,,,,
Will Pauling,SF,WR,26697818,DEN,11,8,1,0,N/R,,,0,0,,0,0,0.0,0,0,0.0,0,0,0,-,,,,,,,,,,,,,,,,,,
Robbie Chosen,WAS,WR,1886746,IND,25,7,1,1,N/R,,,0,0,,0,0,0.0,0,0,0.0,0,0,0,-,,,,,,,,,,,,,,,,,,
Jamison Crowder,WAS,WR,1850749,IND,25,7,1,1,N/R,,,0,0,,0,0,0.0,0,0,0.0,0,0,0,-,,,,,,,,,,,,,,,,,,
Tyrell Shavers,BUF,WR,2741208,NE,7,7,1,1,N/R,,,0,0,,0,0,0.0,0,0,0.0,0,0,0,-,,,,,,,,,,,,,,,,,,
Talolo Limu-Jones,CAR,WR,2250273,DET,27,5,1,1,N/R,,,0,0,,0,0,0.0,0,0,0.0,0,0,0,-,,,,,,,,,,,,,,,,,,
Juwan Green,KC,WR,2967680,@LV,5,5,1,1,N/R,,,0,0,,0,0,0.0,0,0,0.0,0,0,0,-,,,,,,,,,,,,,,,,,,
Kolbe Katsis,DEN,WR,29423982,@SF,13,10,1,1,N/R,,,0,0,,0,0,0.0,0,0,0.0,0,0,0,0.00,,,,,,,,,,,,,,,,,,
Tyler Lockett,LV,WR,1860834,KC,2,13,1,1,N/R,,,0,0,,0,0,0.0,0,0,0.0,0,0,0,-,,,,,,,,,,,,,,,,,,
Jordan Matthews,CAR,WR,1759816,DET,27,5,1,0,N/R,,,0,0,,0,0,0.0,0,0,0.0,0,0,0,-,,,,,,,,,,,,,,,,,,
Shawn Poindexter,SF,WR,3116832,DEN,11,8,1,1,N/R,,,0,0,,0,0,0.0,0,0,0.0,0,0,0,-,,,,,,,,,,,,,,,,,,
Kearis Jackson,HOU,WR,2963747,DAL,16,8,1,1,N/R,,,0,0,,0,0,0.0,0,0,0.0,0,0,0,-,,,,,,,,,,,,,,,,,,
Kameron Johnson,TB,WR,29380891,GB,22,10,1,1,N/R,,,0,0,,0,0,0.0,0,0,0.0,0,0,0,0.00,,,,,,,,,,,,,,,,,,
Ja'seem Reed,CAR,WR,26717711,DET,27,5,1,1,N/R,,,0,0,,0,0,0.0,0,0,0.0,0,0,0,-,,,,,,,,,,,,,,,,,,
TJ Sheffield,TEN,WR,3131565,@BAL,24,9,1,0,N/R,,,0,0,,0,0,0.0,0,0,0.0,0,0,0,-,,,,,,,,,,,,,,,,,,
Theo Wease Jr.,LAC,WR,3124276,@SEA,1,7,1,1,N/R,,,0,0,,0,0,0.0,0,0,0.0,0,0,0,-,,,,,,,,,,,,,,,,,,
Marcus Simms,SEA,WR,3125670,LAC,18,11,0,0,N/R,,,0,0,,0,0,0.0,0,0,0.0,0,0,0,-,,,,,,,,,,,,,,,,,,
Amari Cooper,LV,WR,1984220,KC,2,13,1,1,N/R,,,0,0,,0,0,0.0,0,0,0.0,0,0,0,-,,,,,,,,,,,,,,,,,,
Demetris Robertson,SEA,WR,2250830,LAC,18,11,0,0,N/R,,,0,0,,0,0,0.0,0,0,0.0,0,0,0,-,,,,,,,,,,,,,,,,,,
Irvin Charles,SEA,WR,2185963,LAC,18,11,1,1,N/R,,,0,0,,0,0,0.0,0,0,0.0,0,0,0,-,,,,,,,,,,,,,,,,,,
Shaleak Knotts,MIN,WR,28901305,MIA,3,6,1,1,N/R,,,0,0,,0,0,0.0,0,0,0.0,0,0,0,-,,,,,,,,,,,,,,,,,,
Andrew Parchment,CAR,WR,2252355,DET,27,5,0,0,N/R,,,0,0,,0,0,0.0,0,0,0.0,0,0,0,-,,,,,,,,,,,,,,,,,,
Alec Pierce,IND,WR,2965664,@WAS,32,13,68,2,N/R,,,72,0,,0,0,14.4,0,0,0.0,0,7,5,0.00,,,,,,,,,,,,,,,,,,
LaQuvionte Gonzalez,LAR,WR,2925157,@PHI,21,11,1,1,N/R,,,0,0,,0,0,0.0,0,0,0.0,0,0,0,-,,,,,,,,,,,,,,,,,,
Jadon Haselwood,PHI,WR,3122363,LAR,14,10,1,1,N/R,,,0,0,,0,0,0.0,0,0,0.0,0,0,0,-,,,,,,,,,,,,,,,,,,
Jacoby Jones,WAS,WR,28878082,IND,25,7,1,0,N/R,,,0,0,,0,0,0.0,0,0,0.0,0,0,0,-,,,,,,,,,,,,,,,,,,
Chris Bell,MIA,WR,28877196,@MIN,26,6,20,1,N/R,,,92,0,,0,0,18.4,0,0,0.0,0,11,5,0.00,,,,,,,,,,,,,,,,,,
Dyami Brown,WAS,WR,2965973,IND,25,7,1,1,N/R,,,21,0,,0,0,5.2,0,1,0.0,0,9,4,0.00,,,,,,,,,,,,,,,,,,
Deonte Harty,BAL,WR,3116892,TEN,17,13,1,1,N/R,,,0,0,,0,0,0.0,0,0,0.0,0,0,0,-,,,,,,,,,,,,,,,,,,
Marcus Sanders Jr.,MIN,WR,28924530,MIA,3,6,1,0,N/R,,,0,0,,0,0,0.0,0,0,0.0,0,0,0,-,,,,,,,,,,,,,,,,,,
Silas Bolden,HOU,WR,3176940,DAL,16,8,1,1,N/R,,,0,0,,0,0,0.0,0,0,0.0,0,0,0,-,,,,,,,,,,,,,,,,,,
Mathew Sexton,MIA,WR,2240073,@MIN,26,6,0,0,N/R,,,0,0,,0,0,0.0,0,0,0.0,0,0,0,-,,,,,,,,,,,,,,,,,,
Dontario Drummond,DAL,WR,3122376,@HOU,28,14,1,0,N/R,,,0,0,,0,0,0.0,0,0,0.0,0,0,0,-,,,,,,,,,,,,,,,,,,
Darece Roberson Jr.,SEA,WR,26654230,LAC,18,11,1,1,N/R,,,0,0,,0,0,0.0,0,0,0.0,0,0,0,-,,,,,,,,,,,,,,,,,,
Gabriel Benyard,CAR,WR,29417586,DET,27,5,1,0,N/R,,,0,0,,0,0,0.0,0,0,0.0,0,0,0,-,,,,,,,,,,,,,,,,,,
Dalton Schoen,KC,WR,2179601,@LV,5,5,1,1,N/R,,,0,0,,0,0,0.0,0,0,0.0,0,0,0,-,,,,,,,,,,,,,,,,,,
Michael Johnson,PHI,WR,2185524,LAR,14,10,0,0,N/R,,,0,0,,0,0,0.0,0,0,0.0,0,0,0,-,,,,,,,,,,,,,,,,,,
Stephen Gosnell,BUF,WR,3162073,NE,7,7,0,0,N/R,,,0,0,,0,0,0.0,0,0,0.0,0,0,0,-,,,,,,,,,,,,,,,,,,
Justyn Ross,KC,WR,2965335,@LV,5,5,1,0,N/R,,,0,0,,0,0,0.0,0,0,0.0,0,0,0,-,,,,,,,,,,,,,,,,,,
Golden Tate,TEN,WR,1265470,@BAL,24,9,1,1,N/R,,,0,0,,0,0,0.0,0,0,0.0,0,0,0,-,,,,,,,,,,,,,,,,,,
Mikah Holder,WAS,WR,2924894,IND,25,7,1,0,N/R,,,0,0,,0,0,0.0,0,0,0.0,0,0,0,-,,,,,,,,,,,,,,,,,,
John Jiles,NE,WR,29362392,@BUF,31,11,0,0,N/R,,,0,0,,0,0,0.0,0,0,0.0,0,0,0,-,,,,,,,,,,,,,,,,,,
Reece Horn,CIN,WR,2239232,JAC,20,6,1,1,N/R,,,0,0,,0,0,0.0,0,0,0.0,0,0,0,-,,,,,,,,,,,,,,,,,,
Khalil Shakir,BUF,WR,2969119,NE,7,7,50,7,N/R,,,94,0,,0,0,11.8,0,0,0.0,0,15,8,0.00,,,,,,,,,,,,,,,,,,
Michael Wortham,JAC,WR,29137521,@CIN,15,7,1,1,N/R,,,0,0,,0,0,0.0,0,0,0.0,0,0,0,-,,,,,,,,,,,,,,,,,,
Nick Westbrook-Ikhine,IND,WR,2185954,@WAS,32,13,1,1,N/R,,,0,0,,0,0,0.0,0,0,0.0,0,0,0,0.00,,,,,,,,,,,,,,,,,,
Key'Shawn Smith,KC,WR,3161656,@LV,5,5,1,0,N/R,,,0,0,,0,0,0.0,0,0,0.0,0,0,0,-,,,,,,,,,,,,,,,,,,
Sam Brown Jr.,GB,WR,29052184,@TB,10,11,1,1,N/R,,,0,0,,0,0,0.0,0,0,0.0,0,0,0,-,,,,,,,,,,,,,,,,,,
Jalen Wayne,GB,WR,2869352,@TB,10,11,0,0,N/R,,,0,0,,0,0,0.0,0,0,0.0,0,0,0,-,,,,,,,,,,,,,,,,,,
Jeremy Gallon,LV,WR,2129680,KC,2,13,1,0,N/R,,,0,0,,0,0,0.0,0,0,0.0,0,0,0,-,,,,,,,,,,,,,,,,,,
Eric Rivers,TB,WR,29122776,GB,22,10,1,0,N/R,,,0,0,,0,0,0.0,0,0,0.0,0,0,0,-,,,,,,,,,,,,,,,,,,
Taysir Mack,SF,WR,2253350,DEN,11,8,1,1,N/R,,,0,0,,0,0,0.0,0,0,0.0,0,0,0,-,,,,,,,,,,,,,,,,,,
Tyshaun James,ATL,WR,2876686,@NO,8,11,0,0,N/R,,,0,0,,0,0,0.0,0,0,0.0,0,0,0,-,,,,,,,,,,,,,,,,,,
Kawaan Baker,GB,WR,2264866,@TB,10,11,1,0,N/R,,,0,0,,0,0,0.0,0,0,0.0,0,0,0,-,,,,,,,,,,,,,,,,,,
Kendrick Law,DET,WR,28874888,@CAR,4,6,1,0,N/R,,,0,0,,0,0,0.0,0,0,0.0,0,0,0,-,,,,,,,,,,,,,,,,,,
Xavier Hutchinson,HOU,WR,3161943,DAL,16,8,12,3,N/R,,,120,0,,2,4,13.3,0,0,2.0,0,21,9,0.00,,,,,,,,,,,,,,,,,,
Josh Pearson,TB,WR,3159217,GB,22,10,1,1,N/R,,,0,0,,0,0,0.0,0,0,0.0,0,0,0,-,,,,,,,,,,,,,,,,,,
Josh Kelly,HOU,WR,3121933,DAL,16,8,1,1,N/R,,,0,0,,0,0,0.0,0,0,0.0,0,0,0,-,,,,,,,,,,,,,,,,,,
Lideatrick Griffin,GB,WR,3171022,@TB,10,11,1,1,N/R,,,0,0,,0,0,0.0,0,0,0.0,0,0,0,-,,,,,,,,,,,,,,,,,,
Travis Jonsen,TB,WR,3159190,GB,22,10,1,1,N/R,,,0,0,,0,0,0.0,0,0,0.0,0,0,0,-,,,,,,,,,,,,,,,,,,
Brock Rechsteiner,NO,WR,26725349,ATL,29,8,1,0,N/R,,,0,0,,0,0,0.0,0,0,0.0,0,0,0,-,,,,,,,,,,,,,,,,,,
Daniel Jackson,HOU,WR,3178022,DAL,16,8,1,0,N/R,,,0,0,,0,0,0.0,0,0,0.0,0,0,0,-,,,,,,,,,,,,,,,,,,
D'Wayne Eskridge,MIA,WR,2252411,@MIN,26,6,1,0,N/R,,,0,0,,0,0,0.0,0,0,0.0,0,0,0,-,,,,,,,,,,,,,,,,,,
Terrill Davis,MIN,WR,50007644,MIA,3,6,1,1,N/R,,,0,0,,0,0,0.0,0,0,0.0,0,0,0,-,,,,,,,,,,,,,,,,,,
Calvin Jackson Jr.,MIA,WR,2968105,@MIN,26,6,0,0,N/R,,,0,0,,0,0,0.0,0,0,0.0,0,0,0,-,,,,,,,,,,,,,,,,,,
Mario Williams,LAR,WR,26697388,@PHI,21,11,1,0,N/R,,,0,0,,0,0,0.0,0,0,0.0,0,0,0,-,,,,,,,,,,,,,,,,,,
Mitchell Tinsley,CIN,WR,3162481,JAC,20,6,1,0,N/R,,,0,0,,0,0,0.0,0,0,0.0,0,0,0,-,,,,,,,,,,,,,,,,,,
Dez Fitzpatrick,LAC,WR,2251151,@SEA,1,7,1,1,N/R,,,0,0,,0,0,0.0,0,0,0.0,0,0,0,-,,,,,,,,,,,,,,,,,,
Diontae Johnson,CLE,WR,2194164,PIT,9,11,1,1,N/R,,,0,0,,0,0,0.0,0,0,0.0,0,0,0,-,,,,,,,,,,,,,,,,,,
Devonte Ross,LAC,WR,26703014,@SEA,1,7,1,0,N/R,,,0,0,,0,0,0.0,0,0,0.0,0,0,0,-,,,,,,,,,,,,,,,,,,
Keilahn Harris,PIT,WR,29119117,@CLE,23,9,0,0,N/R,,,0,0,,0,0,0.0,0,0,0.0,0,0,0,-,,,,,,,,,,,,,,,,,,
Tyjon Lindsey,SEA,WR,2804338,LAC,18,11,0,0,N/R,,,0,0,,0,0,0.0,0,0,0.0,0,0,0,-,,,,,,,,,,,,,,,,,,
Demario Douglas,NE,WR,3126241,@BUF,31,11,3,1,N/R,,,67,0,,0,0,9.6,0,0,0.0,0,14,7,0.00,,,,,,,,,,,,,,,,,,
Brandon Lewis,TEN,WR,3044909,@BAL,24,9,1,1,N/R,,,0,0,,0,0,0.0,0,0,0.0,0,0,0,-,,,,,,,,,,,,,,,,,,
A.J. Brown,NE,WR,2258303,@BUF,31,11,99,3,N/R,,,26,0,,0,0,8.7,0,0,0.0,0,4,3,0.00,,,,,,,,,,,,,,,,,,
Malik McClain,NYJ,WR,26693641,@CHI,12,13,1,0,N/R,,,0,0,,0,0,0.0,0,0,0.0,0,0,0,0.00,,,,,,,,,,,,,,,,,,
Kendric Pryor,CIN,WR,2251888,JAC,20,6,0,0,N/R,,,0,0,,0,0,0.0,0,0,0.0,0,0,0,-,,,,,,,,,,,,,,,,,,
Jared Wayne,HOU,WR,3126867,DAL,16,8,1,0,N/R,,,65,0,,0,0,16.2,0,0,0.0,0,12,4,0.00,,,,,,,,,,,,,,,,,,
Easop Winston,NYJ,WR,3159184,@CHI,12,13,0,0,N/R,,,0,0,,0,0,0.0,0,0,0.0,0,0,0,-,,,,,,,,,,,,,,,,,,
Brady Boyd,JAC,WR,26696036,@CIN,15,7,1,0,N/R,,,0,0,,0,0,0.0,0,0,0.0,0,0,0,-,,,,,,,,,,,,,,,,,,
Levi Wentz,PIT,WR,3164057,@CLE,23,9,0,0,N/R,,,0,0,,0,0,0.0,0,0,0.0,0,0,0,-,,,,,,,,,,,,,,,,,,
Bobo Beathard,ARI,WR,1840609,@NYG,19,14,1,1,N/R,,,0,0,,0,0,0.0,0,0,0.0,0,0,0,-,,,,,,,,,,,,,,,,,,
Marquez Valdes-Scantling,LAC,WR,2071540,@SEA,1,7,1,1,N/R,,,0,0,,0,0,0.0,0,0,0.0,0,1,0,0.00,,,,,,,,,,,,,,,,,,
Trevon Grimes,PHI,WR,2826772,LAR,14,10,1,1,N/R,,,0,0,,0,0,0.0,0,0,0.0,0,0,0,-,,,,,,,,,,,,,,,,,,
Justin Marshall,SEA,WR,2866624,LAC,18,11,1,1,N/R,,,0,0,,0,0,0.0,0,0,0.0,0,0,0,-,,,,,,,,,,,,,,,,,,
John Mitchell,SEA,WR,2252295,LAC,18,11,1,1,N/R,,,0,0,,0,0,0.0,0,0,0.0,0,0,0,-,,,,,,,,,,,,,,,,,,
Jalen Hurd,NE,WR,2131633,@BUF,31,11,1,1,N/R,,,0,0,,0,0,0.0,0,0,0.0,0,0,0,-,,,,,,,,,,,,,,,,,,
Derek Wright,CAR,WR,3124074,DET,27,5,1,1,N/R,,,0,0,,0,0,0.0,0,0,0.0,0,0,0,-,,,,,,,,,,,,,,,,,,
Nick Easley,BUF,WR,2804380,NE,7,7,0,0,N/R,,,0,0,,0,0,0.0,0,0,0.0,0,0,0,-,,,,,,,,,,,,,,,,,,
Keric Wheatfall,PHI,WR,3122481,LAR,14,10,0,0,N/R,,,0,0,,0,0,0.0,0,0,0.0,0,0,0,-,,,,,,,,,,,,,,,,,,
T.J. Luther,CAR,WR,2963021,DET,27,5,1,1,N/R,,,0,0,,0,0,0.0,0,0,0.0,0,0,0,-,,,,,,,,,,,,,,,,,,
Damion Jeanpiere,CAR,WR,3117009,DET,27,5,0,0,N/R,,,0,0,,0,0,0.0,0,0,0.0,0,0,0,-,,,,,,,,,,,,,,,,,,
Emanuel Hall,WAS,WR,2185471,IND,25,7,1,0,N/R,,,0,0,,0,0,0.0,0,0,0.0,0,0,0,-,,,,,,,,,,,,,,,,,,
T.J. Rahming,MIA,WR,3116702,@MIN,26,6,1,1,N/R,,,0,0,,0,0,0.0,0,0,0.0,0,0,0,-,,,,,,,,,,,,,,,,,,
JoJo Ward,ARI,WR,3159155,@NYG,19,14,1,0,N/R,,,0,0,,0,0,0.0,0,0,0.0,0,0,0,-,,,,,,,,,,,,,,,,,,
Kade Warner,TB,WR,2804353,GB,22,10,1,0,N/R,,,0,0,,0,0,0.0,0,0,0.0,0,0,0,-,,,,,,,,,,,,,,,,,,
Ray-Ray McCloud,CHI,WR,2179226,NYJ,6,10,1,1,N/R,,,0,0,,0,0,0.0,0,0,0.0,0,0,0,-,,,,,,,,,,,,,,,,,,
Sean Modster,BAL,WR,3116763,TEN,17,13,1,1,N/R,,,0,0,,0,0,0.0,0,0,0.0,0,0,0,-,,,,,,,,,,,,,,,,,,
Ryan Flournoy,DAL,WR,28891456,@HOU,28,14,5,1,N/R,,,67,0,,0,0,7.4,0,0,0.0,0,18,9,0.00,,,,,,,,,,,,,,,,,,
Ainias Smith,CAR,WR,3131553,DET,27,5,1,0,N/R,,,0,0,,0,0,0.0,0,0,0.0,0,0,0,-,,,,,,,,,,,,,,,,,,
Jake Herslow,SEA,WR,2252298,LAC,18,11,0,0,N/R,,,0,0,,0,0,0.0,0,0,0.0,0,0,0,-,,,,,,,,,,,,,,,,,,
Kyrese Rowan,NO,WR,3131544,ATL,29,8,1,0,N/R,,,0,0,,0,0,0.0,0,0,0.0,0,0,0,-,,,,,,,,,,,,,,,,,,
Omar Bayless,KC,WR,2179863,@LV,5,5,1,0,N/R,,,0,0,,0,0,0.0,0,0,0.0,0,0,0,-,,,,,,,,,,,,,,,,,,
Jaylen Smith,SEA,WR,2181185,LAC,18,11,0,0,N/R,,,0,0,,0,0,0.0,0,0,0.0,0,0,0,-,,,,,,,,,,,,,,,,,,
Ihmir Smith-Marsette,CAR,WR,2865894,DET,27,5,1,1,N/R,,,0,0,,0,0,0.0,0,0,0.0,0,0,0,-,,,,,,,,,,,,,,,,,,
Isaiah Washington,BAL,WR,2256694,TEN,17,13,1,0,N/R,,,0,0,,0,0,0.0,0,0,0.0,0,0,0,-,,,,,,,,,,,,,,,,,,
Malick Meiga,SEA,WR,3168821,LAC,18,11,1,1,N/R,,,0,0,,0,0,0.0,0,0,0.0,0,0,0,-,,,,,,,,,,,,,,,,,,
Tory Horton,SEA,WR,3165177,LAC,18,11,4,1,N/R,,,48,0,,0,0,16.0,0,0,0.0,0,3,3,0.00,,,,,,,,,,,,,,,,,,
Johnnie Dixon,DAL,WR,2131248,@HOU,28,14,1,0,N/R,,,0,0,,0,0,0.0,0,0,0.0,0,0,0,-,,,,,,,,,,,,,,,,,,
Jalen Williams,NYG,WR,2820236,ARI,30,8,1,1,N/R,,,0,0,,0,0,0.0,0,0,0.0,0,0,0,-,,,,,,,,,,,,,,,,,,
Bryce Oliver,HOU,WR,2967309,DAL,16,8,1,0,N/R,,,0,0,,0,0,0.0,0,0,0.0,0,0,0,-,,,,,,,,,,,,,,,,,,
Jontre Kirklin,SF,WR,2804559,DEN,11,8,1,0,N/R,,,0,0,,0,0,0.0,0,0,0.0,0,0,0,-,,,,,,,,,,,,,,,,,,
Taylor Grimes,DEN,WR,2963130,@SF,13,10,1,1,N/R,,,0,0,,0,0,0.0,0,0,0.0,0,0,0,-,,,,,,,,,,,,,,,,,,
Jaray Jenkins,PIT,WR,2965695,@CLE,23,9,1,0,N/R,,,0,0,,0,0,0.0,0,0,0.0,0,0,0,-,,,,,,,,,,,,,,,,,,
C.J. Johnson,SEA,WR,3123939,LAC,18,11,1,1,N/R,,,0,0,,0,0,0.0,0,0,0.0,0,0,0,-,,,,,,,,,,,,,,,,,,
Alex Bachman,LAR,WR,2186388,@PHI,21,11,1,1,N/R,,,0,0,,0,0,0.0,0,0,0.0,0,0,0,-,,,,,,,,,,,,,,,,,,
Jeff Weimer,KC,WR,28878520,@LV,5,5,1,1,N/R,,,0,0,,0,0,0.0,0,0,0.0,0,0,0,-,,,,,,,,,,,,,,,,,,
JaQuae Jackson,LAC,WR,29166460,@SEA,1,7,1,1,N/R,,,0,0,,0,0,0.0,0,0,0.0,0,0,0,-,,,,,,,,,,,,,,,,,,
Reggie Davis,DAL,WR,2820499,@HOU,28,14,1,1,N/R,,,0,0,,0,0,0.0,0,0,0.0,0,0,0,-,,,,,,,,,,,,,,,,,,
Landon Parker,IND,WR,2962034,@WAS,32,13,1,1,N/R,,,0,0,,0,0,0.0,0,0,0.0,0,0,0,-,,,,,,,,,,,,,,,,,,
James Proche,TEN,WR,2180769,@BAL,24,9,1,1,N/R,,,0,0,,0,0,0.0,0,0,0.0,0,0,0,-,,,,,,,,,,,,,,,,,,
Le'Meke Brockington,ATL,WR,26695012,@NO,8,11,0,0,N/R,,,0,0,,0,0,0.0,0,0,0.0,0,0,0,-,,,,,,,,,,,,,,,,,,
Tahj Washington,PHI,WR,3122529,LAR,14,10,1,1,N/R,,,0,0,,0,0,0.0,0,0,0.0,0,0,0,-,,,,,,,,,,,,,,,,,,
Tyler Davis,MIA,WR,2219915,@MIN,26,6,0,0,N/R,,,0,0,,0,0,0.0,0,0,0.0,0,0,0,-,,,,,,,,,,,,,,,,,,
J. Michael Sturdivant,GB,WR,26723673,@TB,10,11,1,1,N/R,,,22,0,,0,0,7.3,0,0,0.0,0,3,3,0.00,,,,,,,,,,,,,,,,,,
Dorian Singer,JAC,WR,26730616,@CIN,15,7,1,0,N/R,,,0,0,,0,0,0.0,0,0,0.0,0,0,0,-,,,,,,,,,,,,,,,,,,
Jordyn Tyson,NO,WR,28900885,ATL,29,8,53,1,N/R,,,0,0,,0,0,0.0,0,0,0.0,0,0,0,-,,,,,,,,,,,,,,,,,,
Cameron Camper,NYJ,WR,28874582,@CHI,12,13,1,1,N/R,,,0,0,,0,0,0.0,0,0,0.0,0,0,0,-,,,,,,,,,,,,,,,,,,
Garrett Greene,TB,WR,3162974,GB,22,10,1,1,N/R,,,0,0,,0,0,0.0,0,0,0.0,0,0,0,-,,,,,,,,,,,,,,,,,,
Devontez Walker,BAL,WR,26702084,TEN,17,13,1,1,N/R,,,47,0,,0,0,47.0,0,0,0.0,0,3,1,0.00,,,,,,,,,,,,,,,,,,
Ahmarean Brown,BUF,WR,3123946,NE,7,7,1,1,N/R,,,0,0,,0,0,0.0,0,0,0.0,0,0,0,-,,,,,,,,,,,,,,,,,,
Joseph Manjack IV,DEN,WR,26720249,@SF,13,10,1,1,N/R,,,0,0,,0,0,0.0,0,0,0.0,0,0,0,-,,,,,,,,,,,,,,,,,,
Cade McDonald,CLE,WR,3132630,PIT,9,11,1,1,N/R,,,0,0,,0,0,0.0,0,0,0.0,0,0,0,-,,,,,,,,,,,,,,,,,,
Rashon Ceaser,TEN,WR,2237133,@BAL,24,9,1,1,N/R,,,0,0,,0,0,0.0,0,0,0.0,0,0,0,-,,,,,,,,,,,,,,,,,,
Dylan Cantrell,WAS,WR,2080023,IND,25,7,1,0,N/R,,,0,0,,0,0,0.0,0,0,0.0,0,0,0,-,,,,,,,,,,,,,,,,,,
Jordan Moore,CIN,WR,26698828,JAC,20,6,0,0,N/R,,,0,0,,0,0,0.0,0,0,0.0,0,0,0,-,,,,,,,,,,,,,,,,,,
Rashid Shaheed,SEA,WR,2250863,LAC,18,11,42,3,N/R,,,53,0,,1,4,8.8,0,0,4.0,0,12,6,0.00,,,,,,,,,,,,,,,,,,
Mason Tipton,NO,WR,3135304,ATL,29,8,1,1,N/R,,,0,0,,0,0,0.0,0,0,0.0,0,0,0,-,,,,,,,,,,,,,,,,,,
Reggie Roberson Jr.,TEN,WR,2835560,@BAL,24,9,1,1,N/R,,,0,0,,0,0,0.0,0,0,0.0,0,0,0,-,,,,,,,,,,,,,,,,,,
Xavier Malone,ATL,WR,29128526,@NO,8,11,0,0,N/R,,,0,0,,0,0,0.0,0,0,0.0,0,0,0,-,,,,,,,,,,,,,,,,,,
Jonathan Duhart,DET,WR,3117025,@CAR,4,6,0,0,N/R,,,0,0,,0,0,0.0,0,0,0.0,0,0,0,-,,,,,,,,,,,,,,,,,,
Barion Brown,NO,WR,28900204,ATL,29,8,1,1,N/R,,,0,0,,1,3,0.0,0,0,3.0,0,0,0,0.00,,,,,,,,,,,,,,,,,,
Eli Pancol,IND,WR,3121378,@WAS,32,13,1,0,N/R,,,0,0,,0,0,0.0,0,0,0.0,0,0,0,-,,,,,,,,,,,,,,,,,,
Tim Patrick,NYJ,WR,2818910,@CHI,12,13,1,1,N/R,,,0,0,,0,0,0.0,0,0,0.0,0,0,0,-,,,,,,,,,,,,,,,,,,
Tom Kennedy,DET,WR,3117113,@CAR,4,6,1,1,N/R,,,0,0,,0,0,0.0,0,0,0.0,0,0,0,0.00,,,,,,,,,,,,,,,,,,
George Kittle,SF,TE,2818265,DEN,23,8,99,89,3,,,174,3,,0,0,14.5,0,0,0.0,13,16,12,4.33,,,,,,,,,,,,,,,,,,
Dalton Kincaid,BUF,TE,2982991,NE,3,7,98,75,7,,,263,1,,0,0,18.8,0,1,0.0,11,17,14,3.67,,,,,,,,,,,,,,,,,,
Travis Kelce,KC,TE,1725130,@LV,25,5,98,85,5,,,231,2,,0,0,16.5,0,0,0.0,11,18,14,3.67,,,,,,,,,,,,,,,,,,
Dallas Goedert,PHI,TE,2132551,LAR,4,10,89,5,N/R,,,81,2,,0,0,16.2,0,0,0.0,10,8,5,5.00,,,,,,,,,,,,,,,,,,
Juwan Johnson,NO,TE,2186637,ATL,19,8,91,62,9,,,173,3,,0,0,11.5,0,1,0.0,8,19,15,2.67,,,,,,,,,,,,,,,,,,
Trey McBride,ARI,TE,2963385,@NYG,13,14,100,100,1,,,211,2,,0,0,8.1,0,0,0.0,8,34,26,2.67,,,,,,,,,,,,,,,,,,
Jake Ferguson,DAL,TE,2867159,@HOU,18,14,80,30,20,,,72,3,,0,0,8.0,0,1,0.0,8,11,9,2.67,,,,,,,,,,,,,,,,,,
Kenyon Sadiq,NYJ,TE,29125433,@CHI,10,13,77,30,11,,,143,1,,1,3,11.9,1,0,3.0,8,14,12,2.67,,,,,,,,,,,,,,,,,,
Dalton Schultz,HOU,TE,2136748,DAL,20,8,85,54,10,,,205,0,,0,0,10.8,0,0,0.0,6,25,19,2.00,,,,,,,,,,,,,,,,,,
Mike Gesicki,CIN,TE,2139298,JAC,6,6,16,5,N/R,,,115,2,,0,0,14.4,0,0,0.0,6,10,8,2.00,,,,,,,,,,,,,,,,,,
Noah Fant,NO,TE,2251095,ATL,19,8,6,2,23,,,66,3,,0,0,8.2,0,0,0.0,6,12,8,2.00,,,,,,,,,,,,,,,,,,
Darren Waller,CAR,TE,1850793,DET,32,5,44,22,12,,,112,2,,0,0,11.2,0,0,0.0,5,13,10,1.67,,,,,,,,,,,,,,,,,,
Isaiah Likely,NYG,TE,2961906,ARI,28,8,96,64,8,,,124,2,,0,0,8.3,0,0,0.0,5,23,15,1.67,,,,,,,,,,,,,,,,,,
Brock Bowers,LV,TE,26693971,KC,15,13,100,95,2,,,116,1,,0,0,11.6,0,0,0.0,5,14,10,5.00,,,,,,,,,,,,,,,,,,
Harold Fannin Jr.,CLE,TE,28900882,PIT,14,11,95,68,14,,,126,2,,0,0,9.0,0,0,0.0,5,18,14,1.67,,,,,,,,,,,,,,,,,,
Evan Engram,DEN,TE,2079887,@SF,11,10,8,1,N/R,,,60,1,,0,0,12.0,0,0,0.0,4,8,5,1.33,,,,,,,,,,,,,,,,,,
Sam LaPorta,DET,TE,3124197,@CAR,21,6,98,80,6,,,144,1,,0,0,10.3,0,0,0.0,4,19,14,1.33,,,,,,,,,,,,,,,,,,
Nate Adkins,DEN,TE,2977285,@SF,11,10,1,1,N/R,,,40,2,,1,6,10.0,0,0,6.0,4,5,4,1.33,,,,,,,,,,,,,,,,,,
Tyler Warren,IND,TE,3168800,@WAS,30,13,99,87,4,,,89,2,,2,5,4.9,0,0,2.5,4,22,18,1.33,,,,,,,,,,,,,,,,,,
Tyler Higbee,LAR,TE,1853103,@PHI,2,11,6,2,17,,,74,1,,0,0,7.4,0,1,0.0,3,13,10,1.00,,,,,,,,,,,,,,,,,,
Pat Freiermuth,PIT,TE,2961270,@CLE,22,9,25,8,22,,,108,1,,2,3,9.8,0,0,1.5,3,14,11,1.00,,,,,,,,,,,,,,,,,,
Blake Whiteheart,CLE,TE,2964419,PIT,14,11,1,1,N/R,,,31,1,,0,0,15.5,0,0,0.0,3,3,2,1.00,,,,,,,,,,,,,,,,,,
AJ Barner,SEA,TE,3169283,LAC,12,11,22,5,N/R,,,90,0,,1,1,11.2,1,0,1.0,3,12,8,1.00,,,,,,,,,,,,,,,,,,
Cole Kmet,CHI,TE,2868619,NYJ,1,10,2,1,N/R,,,35,1,,0,0,17.5,0,0,0.0,3,5,2,1.00,,,,,,,,,,,,,,,,,,
T.J. Hockenson,MIN,TE,2251097,MIA,27,6,29,7,19,,,76,1,,0,0,8.4,0,0,0.0,3,13,9,1.00,,,,,,,,,,,,,,,,,,
Oronde Gadsden II,LAC,TE,26727374,@SEA,8,7,22,4,N/R,,,50,1,,0,0,12.5,0,0,0.0,2,7,4,0.67,,,,,,,,,,,,,,,,,,
Darnell Washington,PIT,TE,3163963,@CLE,22,9,2,1,N/R,,,92,0,,0,0,15.3,0,0,0.0,2,8,6,0.67,,,,,,,,,,,,,,,,,,
Tucker Kraft,GB,TE,3133332,@TB,24,11,95,63,13,,,106,0,,0,0,11.8,0,0,0.0,2,17,9,0.67,,,,,,,,,,,,,,,,,,
Brenton Strange,JAC,TE,3121696,@CIN,31,7,51,10,24,,,72,1,,0,0,10.3,0,0,0.0,2,10,7,0.67,,,,,,,,,,,,,,,,,,
Mark Andrews,BAL,TE,2131121,TEN,5,13,84,35,15,,,122,0,,0,0,9.4,0,0,0.0,2,18,13,0.67,,,,,,,,,,,,,,,,,,
Terrance Ferguson,LAR,TE,26701481,@PHI,2,11,29,3,N/R,,,63,1,,0,0,9.0,0,0,0.0,2,12,7,0.67,,,,,,,,,,,,,,,,,,
Eric Saubert,SEA,TE,2001018,LAC,12,11,1,1,N/R,,,3,1,,0,0,1.5,0,0,0.0,2,3,2,0.67,,,,,,,,,,,,,,,,,,
Greg Dulcich,MIA,TE,2964274,@MIN,17,6,12,1,N/R,,,90,0,,0,0,10.0,0,0,0.0,1,12,9,0.33,,,,,,,,,,,,,,,,,,
Hunter Henry,NE,TE,2079848,@BUF,7,11,49,11,21,,,71,0,,0,0,10.1,0,0,0.0,1,10,7,0.33,,,,,,,,,,,,,,,,,,
Austin Hooper,ATL,TE,2067004,@NO,29,11,1,1,N/R,,,31,1,,0,0,7.8,0,0,0.0,1,6,4,0.33,,,,,,,,,,,,,,,,,,
Jeremy Ruckert,NYJ,TE,2965446,@CHI,10,13,1,1,N/R,,,48,1,,0,0,6.0,0,0,0.0,1,8,8,0.33,,,,,,,,,,,,,,,,,,
Dawson Knox,BUF,TE,2186345,NE,3,7,2,1,N/R,,,17,1,,1,0,4.2,0,0,0.0,1,4,4,0.33,,,,,,,,,,,,,,,,,,
Foster Moreau,HOU,TE,2180634,DAL,20,8,1,1,N/R,,,56,1,,0,0,9.3,0,0,0.0,1,8,6,0.33,,,,,,,,,,,,,,,,,,
Matthew Hibner,BAL,TE,3169490,TEN,5,13,1,1,N/R,,,36,1,,0,0,12.0,0,0,0.0,1,3,3,0.33,,,,,,,,,,,,,,,,,,
Michael Mayer,LV,TE,3171673,KC,15,13,12,1,N/R,,,87,1,,0,0,7.2,0,0,0.0,1,14,12,0.33,,,,,,,,,,,,,,,,,,
David Njoku,LAC,TE,2136474,@SEA,8,7,7,1,N/R,,,67,0,,0,0,11.2,0,0,0.0,1,8,6,0.50,,,,,,,,,,,,,,,,,,
Eli Raridon,NE,TE,28924611,@BUF,7,11,3,1,N/R,,,32,1,,0,0,16.0,0,0,0.0,1,2,2,0.50,,,,,,,,,,,,,,,,,,
Tommy Tremble,CAR,TE,2969027,DET,32,5,1,1,N/R,,,70,0,,0,0,10.0,0,0,0.0,1,11,7,0.33,,,,,,,,,,,,,,,,,,
Jonnu Smith,GB,TE,2081506,@TB,24,11,1,1,N/R,,,66,0,,0,0,16.5,0,0,0.0,1,6,4,0.33,,,,,,,,,,,,,,,,,,
Cade Otton,TB,TE,2815179,GB,9,10,22,4,N/R,,,120,0,,0,0,10.9,0,0,0.0,1,17,11,0.33,,,,,,,,,,,,,,,,,,
Keleki Latu,BUF,TE,26723643,NE,3,7,1,1,N/R,,,0,0,,0,0,0.0,0,0,0.0,0,0,0,0.00,,,,,,,,,,,,,,,,,,
Trey Knox,MIN,TE,3122488,MIA,27,6,1,1,N/R,,,0,0,,0,0,0.0,0,0,0.0,0,0,0,-,,,,,,,,,,,,,,,,,,
Pat Conroy,LV,TE,3138345,KC,15,13,1,0,N/R,,,0,0,,0,0,0.0,0,0,0.0,0,0,0,-,,,,,,,,,,,,,,,,,,
Michael Jacobson,NO,TE,2202932,ATL,19,8,1,0,N/R,,,0,0,,0,0,0.0,0,0,0.0,0,0,0,-,,,,,,,,,,,,,,,,,,
Zach Ertz,PHI,TE,1685963,LAR,4,10,5,1,N/R,,,9,0,,0,0,9.0,0,0,0.0,0,2,1,0.00,,,,,,,,,,,,,,,,,,
Miles Kitselman,DET,TE,28912020,@CAR,21,6,1,1,N/R,,,0,0,,0,0,0.0,0,0,0.0,0,0,0,-,,,,,,,,,,,,,,,,,,
Marlin Klein,HOU,TE,28927889,DAL,20,8,1,1,N/R,,,16,0,,0,0,16.0,0,0,0.0,0,1,1,0.00,,,,,,,,,,,,,,,,,,
Oscar Delp,NO,TE,28873644,ATL,19,8,2,1,N/R,,,8,0,,0,0,8.0,0,0,0.0,0,1,1,0.00,,,,,,,,,,,,,,,,,,
Luke Musgrave,GB,TE,3129283,@TB,24,11,1,1,N/R,,,0,0,,0,0,0.0,0,0,0.0,0,0,0,-,,,,,,,,,,,,,,,,,,
Patrick Gurd,LV,TE,3169599,KC,15,13,1,1,N/R,,,0,0,,0,0,0.0,0,0,0.0,0,0,0,-,,,,,,,,,,,,,,,,,,
Tre' McKitty,WAS,TE,2804040,IND,26,7,1,1,N/R,,,0,0,,0,0,0.0,0,0,0.0,0,0,0,-,,,,,,,,,,,,,,,,,,
Kalif Jackson,MIA,TE,2180433,@MIN,17,6,0,0,N/R,,,0,0,,0,0,0.0,0,0,0.0,0,0,0,-,,,,,,,,,,,,,,,,,,
Lucas Krull,DEN,TE,2961761,@SF,11,10,1,1,N/R,,,0,0,,0,0,0.0,0,0,0.0,0,0,0,-,,,,,,,,,,,,,,,,,,
Garrett Walston,SF,TE,2239574,DEN,23,8,1,1,N/R,,,0,0,,0,0,0.0,0,0,0.0,0,0,0,-,,,,,,,,,,,,,,,,,,
Izaiah Gathings,KC,TE,2961109,@LV,25,5,1,1,N/R,,,0,0,,0,0,0.0,0,0,0.0,0,0,0,-,,,,,,,,,,,,,,,,,,
Tyler Conklin,DET,TE,2165249,@CAR,21,6,1,1,N/R,,,0,0,,0,0,0.0,0,0,0.0,0,0,0,0.00,,,,,,,,,,,,,,,,,,
Jacob Harris,TB,TE,2189290,GB,9,10,1,0,N/R,,,0,0,,0,0,0.0,0,0,0.0,0,0,0,-,,,,,,,,,,,,,,,,,,
Kenny Fletcher Jr.,IND,TE,28873912,@WAS,30,13,1,0,N/R,,,0,0,,0,0,0.0,0,0,0.0,0,0,0,-,,,,,,,,,,,,,,,,,,
Ja'Tavion Sanders,CAR,TE,26731381,DET,32,5,1,1,N/R,,,0,0,,0,0,0.0,0,0,0.0,0,0,0,-,,,,,,,,,,,,,,,,,,
Austin Fort,TEN,TE,2131959,@BAL,16,9,1,0,N/R,,,0,0,,0,0,0.0,0,0,0.0,0,0,0,-,,,,,,,,,,,,,,,,,,
John FitzPatrick,CLE,TE,2975736,PIT,14,11,1,1,N/R,,,0,0,,0,0,0.0,0,0,0.0,0,0,0,-,,,,,,,,,,,,,,,,,,
Cade Brewer,SEA,TE,2868649,LAC,12,11,1,1,N/R,,,0,0,,0,0,0.0,0,0,0.0,0,0,0,-,,,,,,,,,,,,,,,,,,
Temuchin Hodges,PIT,TE,2071631,@CLE,22,9,1,1,N/R,,,0,0,,0,0,0.0,0,0,0.0,0,0,0,-,,,,,,,,,,,,,,,,,,
Brenden Bates,JAC,TE,2963924,@CIN,31,7,1,1,N/R,,,0,0,,0,0,0.0,0,0,0.0,0,0,0,-,,,,,,,,,,,,,,,,,,
RJ Maryland,GB,TE,28915341,@TB,24,11,1,1,N/R,,,0,0,,0,0,0.0,0,0,0.0,0,0,0,-,,,,,,,,,,,,,,,,,,
Nick Kallerup,SEA,TE,3123192,LAC,12,11,0,0,N/R,,,0,0,,0,0,0.0,0,0,0.0,0,0,0,0.00,,,,,,,,,,,,,,,,,,
Mitch Van Vooren,DAL,TE,29738519,@HOU,18,14,1,0,N/R,,,0,0,,0,0,0.0,0,0,0.0,0,0,0,-,,,,,,,,,,,,,,,,,,
Matt Sokol,PIT,TE,2131215,@CLE,22,9,0,0,N/R,,,0,0,,0,0,0.0,0,0,0.0,0,0,0,-,,,,,,,,,,,,,,,,,,
Colin Granger,CAR,TE,3177592,DET,32,5,1,1,N/R,,,0,0,,0,0,0.0,0,0,0.0,0,0,0,-,,,,,,,,,,,,,,,,,,
Cole Fotheringham,NE,TE,2240503,@BUF,7,11,1,1,N/R,,,0,0,,0,0,0.0,0,0,0.0,0,0,0,-,,,,,,,,,,,,,,,,,,
Nolan Givan,DET,TE,2252366,@CAR,21,6,1,1,N/R,,,0,0,,0,0,0.0,0,0,0.0,0,0,0,-,,,,,,,,,,,,,,,,,,
Joe Royer,CLE,TE,3169621,PIT,14,11,1,1,N/R,,,0,0,,0,0,0.0,0,0,0.0,0,0,0,-,,,,,,,,,,,,,,,,,,
Sean McKeon,IND,TE,2239736,@WAS,30,13,1,1,N/R,,,0,0,,0,0,0.0,0,0,0.0,0,0,0,-,,,,,,,,,,,,,,,,,,
Derrick Deese Jr.,DET,TE,2969083,@CAR,21,6,1,0,N/R,,,0,0,,0,0,0.0,0,0,0.0,0,0,0,-,,,,,,,,,,,,,,,,,,
Princeton Fant,DAL,TE,2865409,@HOU,18,14,1,1,N/R,,,0,0,,0,0,0.0,0,0,0.0,0,0,0,-,,,,,,,,,,,,,,,,,,
Eli Stowers,PHI,TE,26696120,LAR,4,10,5,1,N/R,,,0,0,,0,0,0.0,0,0,0.0,0,0,0,-,,,,,,,,,,,,,,,,,,
Jordan Petaia,LAC,TE,29711196,@SEA,8,7,1,0,N/R,,,0,0,,0,0,0.0,0,0,0.0,0,0,0,-,,,,,,,,,,,,,,,,,,
Ryan Becker,ATL,TE,3159083,@NO,29,11,1,1,N/R,,,0,0,,0,0,0.0,0,0,0.0,0,0,0,-,,,,,,,,,,,,,,,,,,
Billy Brown,IND,TE,2820079,@WAS,30,13,1,0,N/R,,,0,0,,0,0,0.0,0,0,0.0,0,0,0,-,,,,,,,,,,,,,,,,,,
Hayden Rucci,LAC,TE,3131519,@SEA,8,7,1,1,N/R,,,0,0,,0,0,0.0,0,0,0.0,0,0,0,0.00,,,,,,,,,,,,,,,,,,
Darion Clark,CHI,TE,3157668,NYJ,1,10,0,0,N/R,,,0,0,,0,0,0.0,0,0,0.0,0,0,0,-,,,,,,,,,,,,,,,,,,
Qadir Ismail,CHI,TE,2968088,NYJ,1,10,0,0,N/R,,,0,0,,0,0,0.0,0,0,0.0,0,0,0,-,,,,,,,,,,,,,,,,,,
Max Bredeson,MIN,TE,26727130,MIA,27,6,1,1,N/R,,,0,0,,0,0,0.0,0,0,0.0,0,0,0,0.00,,,,,,,,,,,,,,,,,,
Chigoziem Okonkwo,WAS,TE,2965208,IND,26,7,12,1,N/R,,,16,0,,0,0,8.0,0,0,0.0,0,3,2,0.00,,,,,,,,,,,,,,,,,,
Hakeem Butler,DEN,TE,2185654,@SF,11,10,1,0,N/R,,,0,0,,0,0,0.0,0,0,0.0,0,0,0,-,,,,,,,,,,,,,,,,,,
Jackson Hawes,BUF,TE,3135324,NE,3,7,1,1,N/R,,,0,0,,0,0,0.0,0,0,0.0,0,1,0,0.00,,,,,,,,,,,,,,,,,,
Ian Thomas,LV,TE,2253359,KC,15,13,1,1,N/R,,,11,0,,0,0,11.0,0,0,0.0,0,1,1,0.00,,,,,,,,,,,,,,,,,,
Josh Whyle,GB,TE,2962513,@TB,24,11,1,1,N/R,,,0,0,,0,0,0.0,0,0,0.0,0,0,0,0.00,,,,,,,,,,,,,,,,,,
Gee Scott Jr.,NYJ,TE,3163073,@CHI,10,13,1,0,N/R,,,0,0,,0,0,0.0,0,0,0.0,0,0,0,-,,,,,,,,,,,,,,,,,,
Bryce Pierre,CAR,TE,28877722,DET,32,5,1,1,N/R,,,0,0,,0,0,0.0,0,0,0.0,0,0,0,-,,,,,,,,,,,,,,,,,,
Bryson Nesbit,MIN,TE,26695112,MIA,27,6,1,1,N/R,,,0,0,,0,0,0.0,0,0,0.0,0,0,0,-,,,,,,,,,,,,,,,,,,
E.J. Jenkins,PHI,TE,2820917,LAR,4,10,1,1,N/R,,,0,0,,0,0,0.0,0,0,0.0,0,0,0,0.00,,,,,,,,,,,,,,,,,,
Jay Rome,PIT,TE,1877289,@CLE,22,9,0,0,N/R,,,0,0,,0,0,0.0,0,0,0.0,0,0,0,-,,,,,,,,,,,,,,,,,,
Camren McDonald,LAR,TE,2965370,@PHI,2,11,1,1,N/R,,,0,0,,0,0,0.0,0,0,0.0,0,0,0,-,,,,,,,,,,,,,,,,,,
Bruno Labelle,ARI,TE,2240557,@NYG,13,14,1,1,N/R,,,0,0,,0,0,0.0,0,0,0.0,0,0,0,-,,,,,,,,,,,,,,,,,,
Marcedes Lewis,DEN,TE,415313,@SF,11,10,1,1,N/R,,,0,0,,0,0,0.0,0,0,0.0,0,0,0,-,,,,,,,,,,,,,,,,,,
Jake Phillips,PIT,TE,2253478,@CLE,22,9,1,1,N/R,,,0,0,,0,0,0.0,0,0,0.0,0,0,0,-,,,,,,,,,,,,,,,,,,
Donald Parham Jr.,PIT,TE,2183713,@CLE,22,9,1,1,N/R,,,0,0,,0,0,0.0,0,0,0.0,0,0,0,-,,,,,,,,,,,,,,,,,,
Julian Hill,NE,TE,2961743,@BUF,7,11,1,1,N/R,,,0,0,,0,0,0.0,0,0,0.0,0,0,0,-,,,,,,,,,,,,,,,,,,
Jack Westover,WAS,TE,2964293,IND,26,7,1,1,N/R,,,0,0,,0,0,0.0,0,0,0.0,0,0,0,-,,,,,,,,,,,,,,,,,,
Jeremiah Hall,NYG,TE,2804133,ARI,28,8,1,1,N/R,,,0,0,,0,0,0.0,0,0,0.0,0,0,0,-,,,,,,,,,,,,,,,,,,
Thomas Gordon,DET,TE,3124711,@CAR,21,6,1,1,N/R,,,0,0,,0,0,0.0,0,0,0.0,0,0,0,-,,,,,,,,,,,,,,,,,,
Jared Scott,IND,TE,2866491,@WAS,30,13,1,0,N/R,,,0,0,,0,0,0.0,0,0,0.0,0,0,0,-,,,,,,,,,,,,,,,,,,
Bauer Sharp,TB,TE,26730919,GB,9,10,1,1,N/R,,,0,0,,0,0,0.0,0,0,0.0,0,0,0,0.00,,,,,,,,,,,,,,,,,,
Eli Wolf,WAS,TE,3161106,IND,26,7,1,1,N/R,,,0,0,,0,0,0.0,0,0,0.0,0,0,0,-,,,,,,,,,,,,,,,,,,
Lachlan Pitts,CHI,TE,2818058,NYJ,1,10,0,0,N/R,,,0,0,,0,0,0.0,0,0,0.0,0,0,0,-,,,,,,,,,,,,,,,,,,
Noah Gindorff,PIT,TE,2869790,@CLE,22,9,1,1,N/R,,,0,0,,0,0,0.0,0,0,0.0,0,0,0,-,,,,,,,,,,,,,,,,,,
Gunnar Helm,TEN,TE,26696189,@BAL,16,9,3,1,N/R,,,55,0,,0,0,6.9,0,0,0.0,0,11,8,0.00,,,,,,,,,,,,,,,,,,
Jake Burt,NE,TE,3159209,@BUF,7,11,1,1,N/R,,,0,0,,0,0,0.0,0,0,0.0,0,0,0,-,,,,,,,,,,,,,,,,,,
Michael Trigg,DAL,TE,26720219,@HOU,18,14,1,0,N/R,,,0,0,,0,0,0.0,0,0,0.0,0,0,0,-,,,,,,,,,,,,,,,,,,
Maximilian Mang,NYG,TE,3161969,ARI,28,8,1,1,N/R,,,0,0,,0,0,0.0,0,0,0.0,0,0,0,-,,,,,,,,,,,,,,,,,,
Tyler Neville,DAL,TE,3164475,@HOU,18,14,1,0,N/R,,,0,0,,0,0,0.0,0,0,0.0,0,0,0,-,,,,,,,,,,,,,,,,,,
Ben Johnson,LAC,TE,395994,@SEA,8,7,1,1,N/R,,,0,0,,0,0,0.0,0,0,0.0,0,0,0,-,,,,,,,,,,,,,,,,,,
Scotty Washington,BAL,TE,2186416,TEN,5,13,0,0,N/R,,,0,0,,0,0,0.0,0,0,0.0,0,0,0,-,,,,,,,,,,,,,,,,,,
Tucker Fisk,LAC,TE,2866766,@SEA,8,7,1,1,N/R,,,0,0,,0,0,0.0,0,0,0.0,0,0,0,-,,,,,,,,,,,,,,,,,,
Lake McRee,PIT,TE,26697547,@CLE,22,9,0,0,N/R,,,0,0,,0,0,0.0,0,0,0.0,0,0,0,-,,,,,,,,,,,,,,,,,,
Mason Taylor,NYJ,TE,28878064,@CHI,10,13,3,1,N/R,,,-2,0,,0,0,-1.0,0,0,0.0,0,3,2,0.00,,,,,,,,,,,,,,,,,,
Nate Boerkircher,JAC,TE,3162867,@CIN,31,7,1,1,N/R,,,9,0,,0,0,9.0,0,0,0.0,0,2,1,0.00,,,,,,,,,,,,,,,,,,
Bernhard Seikovits,ARI,TE,26665068,@NYG,13,14,1,0,N/R,,,0,0,,0,0,0.0,0,0,0.0,0,0,0,-,,,,,,,,,,,,,,,,,,
Cam Sutton,SEA,TE,2968097,LAC,12,11,1,1,N/R,,,0,0,,0,0,0.0,0,0,0.0,0,0,0,-,,,,,,,,,,,,,,,,,,
Alize Mack,TEN,TE,2186666,@BAL,16,9,1,0,N/R,,,0,0,,0,0,0.0,0,0,0.0,0,0,0,-,,,,,,,,,,,,,,,,,,
Jacob Warren,NE,TE,2963488,@BUF,7,11,1,0,N/R,,,0,0,,0,0,0.0,0,0,0.0,0,0,0,-,,,,,,,,,,,,,,,,,,
Carter Runyon,LV,TE,29184228,KC,15,13,1,1,N/R,,,0,0,,0,0,0.0,0,0,0.0,0,0,0,-,,,,,,,,,,,,,,,,,,
Charlie Taumoepeau,DET,TE,2183178,@CAR,21,6,1,1,N/R,,,0,0,,0,0,0.0,0,0,0.0,0,0,0,-,,,,,,,,,,,,,,,,,,
Lincoln Sefcik,NYJ,TE,26701907,@CHI,10,13,0,0,N/R,,,0,0,,0,0,0.0,0,0,0.0,0,0,0,-,,,,,,,,,,,,,,,,,,
Charles Scarff,BAL,TE,2141604,TEN,5,13,0,0,N/R,,,0,0,,0,0,0.0,0,0,0.0,0,0,0,-,,,,,,,,,,,,,,,,,,
James Mitchell,DAL,TE,2963242,@HOU,18,14,1,1,N/R,,,0,0,,0,0,0.0,0,0,0.0,0,0,0,-,,,,,,,,,,,,,,,,,,
Justin Tukes,PHI,TE,2174961,LAR,4,10,1,1,N/R,,,0,0,,0,0,0.0,0,0,0.0,0,0,0,-,,,,,,,,,,,,,,,,,,
Josh Babicz,GB,TE,2869854,@TB,24,11,1,1,N/R,,,0,0,,0,0,0.0,0,0,0.0,0,0,0,-,,,,,,,,,,,,,,,,,,
Jordan Akins,JAC,TE,2142712,@CIN,31,7,1,1,N/R,,,0,0,,0,0,0.0,0,0,0.0,0,0,0,-,,,,,,,,,,,,,,,,,,
Brian Walker,BAL,TE,29113614,TEN,5,13,1,1,N/R,,,0,0,,0,0,0.0,0,0,0.0,0,0,0,-,,,,,,,,,,,,,,,,,,
Messiah Swinson,GB,TE,2966595,@TB,24,11,1,1,N/R,,,0,0,,0,0,0.0,0,0,0.0,0,0,0,-,,,,,,,,,,,,,,,,,,
Thomas Yassmin,GB,TE,2966406,@TB,24,11,1,1,N/R,,,0,0,,0,0,0.0,0,0,0.0,0,0,0,-,,,,,,,,,,,,,,,,,,
Naz Bohannon,JAC,TE,2893513,@CIN,31,7,1,0,N/R,,,0,0,,0,0,0.0,0,0,0.0,0,0,0,-,,,,,,,,,,,,,,,,,,
Christian Sims,LAR,TE,3133400,@PHI,2,11,1,0,N/R,,,0,0,,0,0,0.0,0,0,0.0,0,0,0,-,,,,,,,,,,,,,,,,,,
Lawrence Cager,WAS,TE,2183845,IND,26,7,1,0,N/R,,,0,0,,0,0,0.0,0,0,0.0,0,0,0,-,,,,,,,,,,,,,,,,,,
Tanner McLachlan,SF,TE,2980252,DEN,23,8,1,1,N/R,,,0,0,,0,0,0.0,0,0,0.0,0,0,0,-,,,,,,,,,,,,,,,,,,
Baylor Cupp,ARI,TE,3122788,@NYG,13,14,1,1,N/R,,,0,0,,0,0,0.0,0,0,0.0,0,0,0,-,,,,,,,,,,,,,,,,,,
Nikola Kalinic,CHI,TE,28867671,NYJ,1,10,1,1,N/R,,,0,0,,0,0,0.0,0,0,0.0,0,0,0,-,,,,,,,,,,,,,,,,,,
Joel Wilson,TEN,TE,2962072,@BAL,16,9,1,1,N/R,,,0,0,,0,0,0.0,0,0,0.0,0,0,0,-,,,,,,,,,,,,,,,,,,
Drew Sample,CIN,TE,2139646,JAC,6,6,1,1,N/R,,,19,0,,0,0,4.8,0,0,0.0,0,5,4,0.00,,,,,,,,,,,,,,,,,,
Isaiah Searight,NYG,TE,2182104,ARI,28,8,0,0,N/R,,,0,0,,0,0,0.0,0,0,0.0,0,0,0,-,,,,,,,,,,,,,,,,,,
Teagan Quitoriano,ARI,TE,2965963,@NYG,13,14,1,1,N/R,,,0,0,,0,0,0.0,0,0,0.0,0,0,0,-,,,,,,,,,,,,,,,,,,
Damien Caffrey,CHI,TE,3138466,NYJ,1,10,1,1,N/R,,,0,0,,0,0,0.0,0,0,0.0,0,0,0,-,,,,,,,,,,,,,,,,,,
Christian Trahan,CIN,TE,2961033,JAC,6,6,1,1,N/R,,,0,0,,0,0,0.0,0,0,0.0,0,0,0,-,,,,,,,,,,,,,,,,,,
Mo Alie-Cox,IND,TE,2815925,@WAS,30,13,1,1,N/R,,,16,0,,0,0,16.0,0,0,0.0,0,1,1,0.00,,,,,,,,,,,,,,,,,,
Dylan Leonard,DEN,TE,3127183,@SF,11,10,1,0,N/R,,,0,0,,0,0,0.0,0,0,0.0,0,0,0,-,,,,,,,,,,,,,,,,,,
Heinrich Haarberg,CAR,TE,26701120,DET,32,5,1,1,N/R,,,0,0,,0,0,0.0,0,0,0.0,0,0,0,-,,,,,,,,,,,,,,,,,,
Caleb Lohner,DEN,TE,3177905,@SF,11,10,1,1,N/R,,,0,0,,0,0,0.0,0,0,0.0,0,0,0,-,,,,,,,,,,,,,,,,,,
Matt Seybert,LAC,TE,2184386,@SEA,8,7,1,0,N/R,,,0,0,,0,0,0.0,0,0,0.0,0,0,0,-,,,,,,,,,,,,,,,,,,
JJ Galbreath,IND,TE,26719274,@WAS,30,13,1,0,N/R,,,0,0,,0,0,0.0,0,0,0.0,0,0,0,-,,,,,,,,,,,,,,,,,,
Tre Watson,MIA,TE,26699319,@MIN,17,6,1,1,N/R,,,0,0,,0,0,0.0,0,0,0.0,0,0,0,-,,,,,,,,,,,,,,,,,,
Dylan Soehner,NO,TE,2261259,ATL,19,8,1,1,N/R,,,0,0,,0,0,0.0,0,0,0.0,0,0,0,-,,,,,,,,,,,,,,,,,,
Rysen John,CHI,TE,3159167,NYJ,1,10,0,0,N/R,,,0,0,,0,0,0.0,0,0,0.0,0,0,0,-,,,,,,,,,,,,,,,,,,
Nick Vannett,SEA,TE,1871322,LAC,12,11,1,1,N/R,,,0,0,,0,0,0.0,0,0,0.0,0,0,0,-,,,,,,,,,,,,,,,,,,
Josh Oliver,MIN,TE,2184618,MIA,27,6,1,1,N/R,,,46,0,,0,0,15.3,0,0,0.0,0,5,3,0.00,,,,,,,,,,,,,,,,,,
McCallan Castles,GB,TE,2964061,@TB,24,11,1,1,N/R,,,0,0,,0,0,0.0,0,0,0.0,0,0,0,-,,,,,,,,,,,,,,,,,,
Hayden Hurst,LAC,TE,2185053,@SEA,8,7,1,1,N/R,,,0,0,,0,0,0.0,0,0,0.0,0,0,0,-,,,,,,,,,,,,,,,,,,
Riley Sharp,BAL,TE,3047671,TEN,5,13,0,0,N/R,,,0,0,,0,0,0.0,0,0,0.0,0,0,0,-,,,,,,,,,,,,,,,,,,
Will Kacmarek,MIA,TE,26717403,@MIN,17,6,1,1,N/R,,,4,0,,0,0,4.0,0,0,0.0,0,2,1,0.00,,,,,,,,,,,,,,,,,,
Griffin Hebert,PHI,TE,2816291,LAR,4,10,1,1,N/R,,,0,0,,0,0,0.0,0,0,0.0,0,0,0,-,,,,,,,,,,,,,,,,,,
N'Keal Harry,SEA,TE,2221807,LAC,12,11,1,1,N/R,,,0,0,,0,0,0.0,0,0,0.0,0,0,0,-,,,,,,,,,,,,,,,,,,
Brock Wright,DET,TE,2807423,@CAR,21,6,1,1,N/R,,,12,0,,0,0,4.0,0,0,0.0,0,3,3,0.00,,,,,,,,,,,,,,,,,,
Joshua Simon,ATL,TE,3123950,@NO,29,11,1,1,N/R,,,0,0,,0,0,0.0,0,0,0.0,0,0,0,-,,,,,,,,,,,,,,,,,,
Johnny Mundt,PHI,TE,2818622,LAR,4,10,1,1,N/R,,,12,0,,0,0,4.0,0,0,0.0,0,4,3,0.00,,,,,,,,,,,,,,,,,,
Josiah Deguara,PHI,TE,2181108,LAR,4,10,1,1,N/R,,,0,0,,0,0,0.0,0,0,0.0,0,0,0,-,,,,,,,,,,,,,,,,,,
Justin Rigg,TEN,TE,2245145,@BAL,16,9,1,1,N/R,,,0,0,,0,0,0.0,0,0,0.0,0,0,0,-,,,,,,,,,,,,,,,,,,
Dallen Bentley,DEN,TE,29164633,@SF,11,10,1,1,N/R,,,0,0,,0,0,0.0,0,0,0.0,0,0,0,-,,,,,,,,,,,,,,,,,,
Ben Beise,TB,TE,28866830,GB,9,10,1,1,N/R,,,0,0,,0,0,0.0,0,0,0.0,0,0,0,-,,,,,,,,,,,,,,,,,,
Cody Hardy,NYJ,TE,28891820,@CHI,10,13,1,1,N/R,,,0,0,,0,0,0.0,0,0,0.0,0,0,0,-,,,,,,,,,,,,,,,,,,
Kehinde Oginni,ATL,TE,28867199,@NO,29,11,1,1,N/R,,,0,0,,0,0,0.0,0,0,0.0,0,0,0,-,,,,,,,,,,,,,,,,,,
Ross Dwelley,CAR,TE,2924888,DET,32,5,1,1,N/R,,,0,0,,0,0,0.0,0,0,0.0,0,0,0,-,,,,,,,,,,,,,,,,,,
Graham Adomitis,IND,TE,2184656,@WAS,30,13,1,0,N/R,,,0,0,,0,0,0.0,0,0,0.0,0,0,0,-,,,,,,,,,,,,,,,,,,
Cade Stover,HOU,TE,3125978,DAL,20,8,1,1,N/R,,,-2,0,,0,0,-2.0,0,0,0.0,0,1,1,0.00,,,,,,,,,,,,,,,,,,
Jack Stoll,SF,TE,2239684,DEN,23,8,1,1,N/R,,,0,0,,0,0,0.0,0,0,0.0,0,0,0,-,,,,,,,,,,,,,,,,,,
Drew Biber,CLE,TE,26727217,PIT,14,11,1,1,N/R,,,0,0,,0,0,0.0,0,0,0.0,0,0,0,-,,,,,,,,,,,,,,,,,,
Stephen Carlson,CHI,TE,3116783,NYJ,1,10,1,1,N/R,,,0,0,,0,0,0.0,0,0,0.0,0,0,0,-,,,,,,,,,,,,,,,,,,
Brayden Willis,SF,TE,2963088,DEN,23,8,1,1,N/R,,,0,0,,0,0,0.0,0,0,0.0,0,0,0,0.00,,,,,,,,,,,,,,,,,,
Dylan Parham,DEN,TE,2223195,@SF,11,10,1,1,N/R,,,0,0,,0,0,0.0,0,0,0.0,0,0,0,-,,,,,,,,,,,,,,,,,,
Kenny Yeboah,ARI,TE,2256993,@NYG,13,14,1,1,N/R,,,0,0,,0,0,0.0,0,0,0.0,0,0,0,-,,,,,,,,,,,,,,,,,,
Chase Curtis,NYJ,TE,3171155,@CHI,10,13,1,1,N/R,,,0,0,,0,0,0.0,0,0,0.0,0,0,0,-,,,,,,,,,,,,,,,,,,
Justin Joly,MIA,TE,28927892,@MIN,17,6,1,1,N/R,,,0,0,,0,0,0.0,0,0,0.0,0,0,0,0.00,,,,,,,,,,,,,,,,,,
Tanner Conner,NE,TE,2260697,@BUF,7,11,1,1,N/R,,,0,0,,0,0,0.0,0,0,0.0,0,0,0,-,,,,,,,,,,,,,,,,,,
Jalin Conyers,MIA,TE,3168876,@MIN,17,6,1,1,N/R,,,0,0,,0,0,0.0,0,0,0.0,0,0,0,-,,,,,,,,,,,,,,,,,,
Andrew Vollert,IND,TE,2161771,@WAS,30,13,1,0,N/R,,,0,0,,0,0,0.0,0,0,0.0,0,0,0,-,,,,,,,,,,,,,,,,,,
Nate Wieting,NYG,TE,2179741,ARI,28,8,0,0,N/R,,,0,0,,0,0,0.0,0,0,0.0,0,0,0,-,,,,,,,,,,,,,,,,,,
John Michael Gyllenborg,KC,TE,26695610,@LV,25,5,1,1,N/R,,,0,0,,0,0,0.0,0,0,0.0,0,0,0,-,,,,,,,,,,,,,,,,,,
JJ Howland,TB,TE,2864966,GB,9,10,1,1,N/R,,,0,0,,0,0,0.0,0,0,0.0,0,0,0,-,,,,,,,,,,,,,,,,,,
Zach Davidson,NYG,TE,26653246,ARI,28,8,1,0,N/R,,,0,0,,0,0,0.0,0,0,0.0,0,0,0,-,,,,,,,,,,,,,,,,,,
Travis Koontz,LV,TE,3127726,KC,15,13,0,0,N/R,,,0,0,,0,0,0.0,0,0,0.0,0,0,0,-,,,,,,,,,,,,,,,,,,
Adam Trautman,DEN,TE,2182228,@SF,11,10,1,1,N/R,,,10,0,,0,0,5.0,0,0,0.0,0,3,2,0.00,,,,,,,,,,,,,,,,,,
Ben Sims,MIA,TE,2964709,@MIN,17,6,1,1,N/R,,,0,0,,0,0,0.0,0,0,0.0,0,0,0,-,,,,,,,,,,,,,,,,,,
Keith Towbridge,WAS,TE,2819975,IND,26,7,1,1,N/R,,,0,0,,0,0,0.0,0,0,0.0,0,0,0,-,,,,,,,,,,,,,,,,,,
Grayson Gunter,JAC,TE,2247058,@CIN,31,7,1,0,N/R,,,0,0,,0,0,0.0,0,0,0.0,0,0,0,-,,,,,,,,,,,,,,,,,,
Justin Johnson,ARI,TE,3117392,@NYG,13,14,1,1,N/R,,,0,0,,0,0,0.0,0,0,0.0,0,0,0,-,,,,,,,,,,,,,,,,,,
Shaun Beyer,GB,TE,2251090,@TB,24,11,1,1,N/R,,,0,0,,0,0,0.0,0,0,0.0,0,0,0,-,,,,,,,,,,,,,,,,,,
Mike Rigerman,BAL,TE,29376329,TEN,5,13,1,1,N/R,,,0,0,,0,0,0.0,0,0,0.0,0,0,0,-,,,,,,,,,,,,,,,,,,
Shawn Bowman,ARI,TE,2962851,@NYG,13,14,1,1,N/R,,,0,0,,0,0,0.0,0,0,0.0,0,0,0,-,,,,,,,,,,,,,,,,,,
Evan Svoboda,LAC,TE,28877391,@SEA,8,7,1,1,N/R,,,0,0,,0,0,0.0,0,0,0.0,0,0,0,-,,,,,,,,,,,,,,,,,,
Riley Nowakowski,PIT,TE,3175781,@CLE,22,9,1,1,N/R,,,0,0,,0,0,0.0,0,0,0.0,0,0,0,0.00,,,,,,,,,,,,,,,,,,
Dan Villari,LAR,TE,3169258,@PHI,2,11,1,1,N/R,,,0,0,,0,0,0.0,0,0,0.0,0,0,0,-,,,,,,,,,,,,,,,,,,
Quentin Moore,WAS,TE,26702243,IND,26,7,1,1,N/R,,,0,0,,0,0,0.0,0,0,0.0,0,0,0,-,,,,,,,,,,,,,,,,,,
Alec Holler,DAL,TE,2966128,@HOU,18,14,1,1,N/R,,,0,0,,0,0,0.0,0,0,0.0,0,0,0,-,,,,,,,,,,,,,,,,,,
Jamal Pettigrew,LAR,TE,2240263,@PHI,2,11,1,1,N/R,,,0,0,,0,0,0.0,0,0,0.0,0,0,0,-,,,,,,,,,,,,,,,,,,
Jake Briningstool,KC,TE,26697836,@LV,25,5,1,1,N/R,,,9,0,,0,0,9.0,0,0,0.0,0,2,1,0.00,,,,,,,,,,,,,,,,,,
Jerome Washington,ARI,TE,2179406,@NYG,13,14,1,1,N/R,,,0,0,,0,0,0.0,0,0,0.0,0,0,0,-,,,,,,,,,,,,,,,,,,
Durham Smythe,BAL,TE,2082845,TEN,5,13,1,1,N/R,,,4,0,,0,0,4.0,0,0,0.0,0,2,1,0.00,,,,,,,,,,,,,,,,,,
Khalil Dinkins,SF,TE,26697764,DEN,23,8,1,1,N/R,,,0,0,,0,0,0.0,0,0,0.0,0,0,0,-,,,,,,,,,,,,,,,,,,
Jibri Blount,MIA,TE,2202419,@MIN,17,6,1,1,N/R,,,0,0,,0,0,0.0,0,0,0.0,0,0,0,-,,,,,,,,,,,,,,,,,,
Jermaine Terry II,CLE,TE,26700676,PIT,14,11,1,0,N/R,,,0,0,,0,0,0.0,0,0,0.0,0,0,0,-,,,,,,,,,,,,,,,,,,
Jordan Murray,CHI,TE,2963239,NYJ,1,10,0,0,N/R,,,0,0,,0,0,0.0,0,0,0.0,0,0,0,-,,,,,,,,,,,,,,,,,,
Tanner Hudson,CIN,TE,2926606,JAC,6,6,1,1,N/R,,,17,0,,0,0,5.7,0,0,0.0,0,3,3,0.00,,,,,,,,,,,,,,,,,,
Thomas Greaney,CLE,TE,2967042,PIT,14,11,1,0,N/R,,,0,0,,0,0,0.0,0,0,0.0,0,0,0,-,,,,,,,,,,,,,,,,,,
Giovanni Ricci,DET,TE,2189091,@CAR,21,6,1,1,N/R,,,0,0,,0,0,0.0,0,0,0.0,0,0,0,-,,,,,,,,,,,,,,,,,,
Jelani Woods,NYJ,TE,2787078,@CHI,10,13,1,1,N/R,,,20,0,,0,0,20.0,0,0,0.0,0,1,1,0.00,,,,,,,,,,,,,,,,,,
Zach Heins,LAC,TE,2976450,@SEA,8,7,1,0,N/R,,,0,0,,0,0,0.0,0,0,0.0,0,0,0,-,,,,,,,,,,,,,,,,,,
Payne Durham,TB,TE,2968469,GB,9,10,1,1,N/R,,,0,0,,0,0,0.0,0,0,0.0,0,1,0,0.00,,,,,,,,,,,,,,,,,,
Sal Cannella,CLE,TE,2804541,PIT,14,11,1,0,N/R,,,0,0,,0,0,0.0,0,0,0.0,0,0,0,-,,,,,,,,,,,,,,,,,,
Will Dissly,LAC,TE,2139628,@SEA,8,7,1,1,N/R,,,0,0,,0,0,0.0,0,0,0.0,0,0,0,-,,,,,,,,,,,,,,,,,,
Feleipe Franks,CAR,TE,2221829,DET,32,5,1,1,N/R,,,0,0,,0,0,0.0,0,0,0.0,0,0,0,0.00,,,,,,,,,,,,,,,,,,
Connor Hulstein,NYJ,TE,26756957,@CHI,10,13,0,0,N/R,,,0,0,,0,0,0.0,0,0,0.0,0,0,0,-,,,,,,,,,,,,,,,,,,
Treyton Welch,NO,TE,3123913,ATL,19,8,1,1,N/R,,,0,0,,0,0,0.0,0,0,0.0,0,0,0,0.00,,,,,,,,,,,,,,,,,,
Mason Pline,KC,TE,29176455,@LV,25,5,1,1,N/R,,,0,0,,0,0,0.0,0,0,0.0,0,0,0,-,,,,,,,,,,,,,,,,,,
Nick Eubanks,IND,TE,2260646,@WAS,30,13,1,0,N/R,,,0,0,,0,0,0.0,0,0,0.0,0,0,0,-,,,,,,,,,,,,,,,,,,
Anthony Firkser,DET,TE,2818971,@CAR,21,6,1,1,N/R,,,0,0,,0,0,0.0,0,0,0.0,0,0,0,-,,,,,,,,,,,,,,,,,,
Daniel Bellinger,TEN,TE,2963615,@BAL,16,9,1,1,N/R,,,23,0,,0,0,7.7,0,0,0.0,0,4,3,0.00,,,,,,,,,,,,,,,,,,
Hunter Long,ARI,TE,2867428,@NYG,13,14,1,1,N/R,,,5,0,,0,0,5.0,0,0,0.0,0,1,1,0.00,,,,,,,,,,,,,,,,,,
Thaddeus Moss,CIN,TE,2246946,JAC,6,6,1,1,N/R,,,0,0,,0,0,0.0,0,0,0.0,0,0,0,-,,,,,,,,,,,,,,,,,,
Chris Myarick,LV,TE,3117054,KC,15,13,1,1,N/R,,,0,0,,0,0,0.0,0,0,0.0,0,0,0,0.00,,,,,,,,,,,,,,,,,,
Hunter Thedford,CLE,TE,2180777,PIT,14,11,0,0,N/R,,,0,0,,0,0,0.0,0,0,0.0,0,0,0,-,,,,,,,,,,,,,,,,,,
Shane Zylstra,NE,TE,26688308,@BUF,7,11,1,1,N/R,,,0,0,,0,0,0.0,0,0,0.0,0,0,0,-,,,,,,,,,,,,,,,,,,
Jaheim Bell,PIT,TE,3169583,@CLE,22,9,1,1,N/R,,,0,0,,0,0,0.0,0,0,0.0,0,0,0,-,,,,,,,,,,,,,,,,,,
Chris Pierce Jr.,CAR,TE,2835008,DET,32,5,1,1,N/R,,,0,0,,0,0,0.0,0,0,0.0,0,0,0,-,,,,,,,,,,,,,,,,,,
Travis Vokolek,ARI,TE,2870478,@NYG,13,14,1,1,N/R,,,0,0,,0,0,0.0,0,0,0.0,0,0,0,-,,,,,,,,,,,,,,,,,,
Nick Guggemos,BUF,TE,26661732,NE,3,7,1,1,N/R,,,0,0,,0,0,0.0,0,0,0.0,0,0,0,-,,,,,,,,,,,,,,,,,,
Neal Johnson,NYJ,TE,3131532,@CHI,10,13,1,1,N/R,,,0,0,,0,0,0.0,0,0,0.0,0,0,0,-,,,,,,,,,,,,,,,,,,
Alex Gray,ATL,TE,2828649,@NO,29,11,1,1,N/R,,,0,0,,0,0,0.0,0,0,0.0,0,0,0,-,,,,,,,,,,,,,,,,,,
Gerrit Prince,KC,TE,2969148,@LV,25,5,1,1,N/R,,,0,0,,0,0,0.0,0,0,0.0,0,0,0,-,,,,,,,,,,,,,,,,,,
Chase Harrell,SF,TE,2179546,DEN,23,8,1,0,N/R,,,0,0,,0,0,0.0,0,0,0.0,0,0,0,-,,,,,,,,,,,,,,,,,,
Mason Fairchild,NO,TE,3127029,ATL,19,8,1,1,N/R,,,0,0,,0,0,0.0,0,0,0.0,0,0,0,-,,,,,,,,,,,,,,,,,,
Mark Redman,GB,TE,3162063,@TB,24,11,1,1,N/R,,,0,0,,0,0,0.0,0,0,0.0,0,0,0,0.00,,,,,,,,,,,,,,,,,,
Jake Roh,ATL,TE,2925215,@NO,29,11,1,1,N/R,,,0,0,,0,0,0.0,0,0,0.0,0,0,0,-,,,,,,,,,,,,,,,,,,
Jaren Kanak,TEN,TE,28875704,@BAL,16,9,1,1,N/R,,,0,0,,0,0,0.0,0,0,0.0,0,0,0,-,,,,,,,,,,,,,,,,,,
Ko Kieft,TB,TE,2239763,GB,9,10,1,1,N/R,,,0,0,,0,0,0.0,0,0,0.0,0,0,0,0.00,,,,,,,,,,,,,,,,,,
Armani Rogers,BUF,TE,2258253,NE,3,7,1,1,N/R,,,0,0,,0,0,0.0,0,0,0.0,0,0,0,-,,,,,,,,,,,,,,,,,,
Charlie Woerner,ATL,TE,2248629,@NO,29,11,1,1,N/R,,,0,0,,0,0,0.0,0,0,0.0,0,1,0,0.00,,,,,,,,,,,,,,,,,,
Seth Green,NO,TE,2239758,ATL,19,8,1,0,N/R,,,0,0,,0,0,0.0,0,0,0.0,0,0,0,-,,,,,,,,,,,,,,,,,,
Ben Yurosek,MIN,TE,3163725,MIA,27,6,1,1,N/R,,,0,0,,0,0,0.0,0,0,0.0,0,0,0,-,,,,,,,,,,,,,,,,,,
Gerald Everett,CHI,TE,2142692,NYJ,1,10,1,1,N/R,,,0,0,,0,0,0.0,0,0,0.0,0,0,0,-,,,,,,,,,,,,,,,,,,
Pharaoh Brown,IND,TE,2819155,@WAS,30,13,1,1,N/R,,,0,0,,0,0,0.0,0,0,0.0,0,0,0,-,,,,,,,,,,,,,,,,,,
Thomas Fidone II,NYG,TE,26699695,ARI,28,8,1,1,N/R,,,0,0,,0,0,0.0,0,0,0.0,0,0,0,-,,,,,,,,,,,,,,,,,,
Carl Tucker,MIA,TE,2179354,@MIN,17,6,1,1,N/R,,,0,0,,0,0,0.0,0,0,0.0,0,0,0,-,,,,,,,,,,,,,,,,,,
Dallin Holker,NO,TE,2975555,ATL,19,8,1,1,N/R,,,0,0,,0,0,0.0,0,0,0.0,0,0,0,-,,,,,,,,,,,,,,,,,,
Louis Hansen,HOU,TE,26727305,DAL,20,8,1,1,N/R,,,0,0,,0,0,0.0,0,0,0.0,0,0,0,-,,,,,,,,,,,,,,,,,,
John Bates,WAS,TE,2257291,IND,26,7,1,1,N/R,,,22,0,,0,0,7.3,0,0,0.0,0,4,3,0.00,,,,,,,,,,,,,,,,,,
Erick All,CIN,TE,3121555,JAC,6,6,1,1,N/R,,,5,0,,0,0,2.5,0,0,0.0,0,3,2,0.00,,,,,,,,,,,,,,,,,,
Anthony Torres,LAR,TE,2960827,@PHI,2,11,1,1,N/R,,,0,0,,0,0,0.0,0,0,0.0,0,0,0,-,,,,,,,,,,,,,,,,,,
Artayvious Lynn,DAL,TE,2240334,@HOU,18,14,1,1,N/R,,,0,0,,0,0,0.0,0,0,0.0,0,0,0,-,,,,,,,,,,,,,,,,,,
Jack Velling,ATL,TE,28923845,@NO,29,11,1,1,N/R,,,0,0,,0,0,0.0,0,0,0.0,0,0,0,-,,,,,,,,,,,,,,,,,,
Devin Culp,TB,TE,2967413,GB,9,10,1,1,N/R,,,0,0,,0,0,0.0,0,0,0.0,0,0,0,-,,,,,,,,,,,,,,,,,,
Jack Endries,CIN,TE,28916552,JAC,6,6,1,1,N/R,,,0,0,,0,0,0.0,0,0,0.0,0,0,0,0.00,,,,,,,,,,,,,,,,,,
John Stephens Jr.,DAL,TE,2962043,@HOU,18,14,1,1,N/R,,,0,0,,0,0,0.0,0,0,0.0,0,0,0,-,,,,,,,,,,,,,,,,,,
Grant Calcaterra,PHI,TE,2804129,LAR,4,10,1,1,N/R,,,0,0,,0,0,0.0,0,0,0.0,0,0,0,-,,,,,,,,,,,,,,,,,,
Chris Manhertz,NYG,TE,2167520,ARI,28,8,1,1,N/R,,,0,0,,0,0,0.0,0,0,0.0,0,0,0,0.00,,,,,,,,,,,,,,,,,,
CJ Dippre,TB,TE,26698858,GB,9,10,0,0,N/R,,,0,0,,0,0,0.0,0,0,0.0,0,0,0,-,,,,,,,,,,,,,,,,,,
Tanner Taula,TB,TE,2865559,GB,9,10,1,0,N/R,,,0,0,,0,0,0.0,0,0,0.0,0,0,0,-,,,,,,,,,,,,,,,,,,
Theo Johnson,NYG,TE,3162129,ARI,28,8,2,1,N/R,,,9,0,,0,0,9.0,0,0,0.0,0,5,1,0.00,,,,,,,,,,,,,,,,,,
Marshall Lang,MIN,TE,3164086,MIA,27,6,1,0,N/R,,,0,0,,0,0,0.0,0,0,0.0,0,0,0,-,,,,,,,,,,,,,,,,,,
MyCole Pruitt,PIT,TE,1760327,@CLE,22,9,1,1,N/R,,,0,0,,0,0,0.0,0,0,0.0,0,0,0,-,,,,,,,,,,,,,,,,,,
DJ Thomas-Jones,PIT,TE,3168777,@CLE,22,9,1,1,N/R,,,0,0,,0,0,0.0,0,0,0.0,0,0,0,-,,,,,,,,,,,,,,,,,,
Keenen Brown,HOU,TE,2139241,DAL,20,8,1,1,N/R,,,0,0,,0,0,0.0,0,0,0.0,0,0,0,-,,,,,,,,,,,,,,,,,,
Cole Turner,MIA,TE,2961855,@MIN,17,6,1,1,N/R,,,0,0,,0,0,0.0,0,0,0.0,0,0,0,-,,,,,,,,,,,,,,,,,,
Seydou Traore,MIA,TE,26696643,@MIN,17,6,1,1,N/R,,,0,0,,0,0,0.0,0,0,0.0,0,0,0,0.00,,,,,,,,,,,,,,,,,,
Tim Brown,TB,TE,2236987,GB,9,10,1,1,N/R,,,0,0,,0,0,0.0,0,0,0.0,0,0,0,-,,,,,,,,,,,,,,,,,,
Tyler Davis,NE,TE,2182811,@BUF,7,11,1,1,N/R,,,0,0,,0,0,0.0,0,0,0.0,0,0,0,-,,,,,,,,,,,,,,,,,,
Scooter Harrington,CHI,TE,2251139,NYJ,1,10,1,1,N/R,,,0,0,,0,0,0.0,0,0,0.0,0,0,0,-,,,,,,,,,,,,,,,,,,
Tip Reiman,ARI,TE,3169268,@NYG,13,14,1,1,N/R,,,0,0,,0,0,0.0,0,0,0.0,0,0,0,-,,,,,,,,,,,,,,,,,,
David Martin-Robinson,TEN,TE,2962690,@BAL,16,9,1,0,N/R,,,0,0,,0,0,0.0,0,0,0.0,0,0,0,0.00,,,,,,,,,,,,,,,,,,
Moliki Matavao,NO,TE,26693980,ATL,19,8,1,1,N/R,,,0,0,,0,0,0.0,0,0,0.0,0,0,0,-,,,,,,,,,,,,,,,,,,
Josh Cuevas,BAL,TE,26706410,TEN,5,13,1,1,N/R,,,14,0,,0,0,14.0,0,0,0.0,0,1,1,0.00,,,,,,,,,,,,,,,,,,
Leonard Taylor,JAC,TE,2966865,@CIN,31,7,1,1,N/R,,,0,0,,0,0,0.0,0,0,0.0,0,0,0,-,,,,,,,,,,,,,,,,,,
Lance Mason,PIT,TE,28936051,@CLE,22,9,1,1,N/R,,,0,0,,0,0,0.0,0,0,0.0,0,0,0,-,,,,,,,,,,,,,,,,,,
Carsen Ryan,CLE,TE,28873701,PIT,14,11,1,1,N/R,,,0,0,,0,0,0.0,0,0,0.0,0,0,0,0.00,,,,,,,,,,,,,,,,,,
Connor Heyward,LV,TE,2867599,KC,15,13,1,1,N/R,,,0,0,,2,2,0.0,0,0,1.0,0,0,0,0.00,,,,,,,,,,,,,,,,,,
Geor'quarius Spivey,KC,TE,2965537,@LV,25,5,1,1,N/R,,,0,0,,0,0,0.0,0,0,0.0,0,0,0,-,,,,,,,,,,,,,,,,,,
Pro Wells,CIN,TE,2965260,JAC,6,6,0,0,N/R,,,0,0,,0,0,0.0,0,0,0.0,0,0,0,-,,,,,,,,,,,,,,,,,,
Brevyn Spann-Ford,DAL,TE,2961760,@HOU,18,14,1,1,N/R,,,33,0,,0,0,11.0,0,0,0.0,0,3,3,0.00,,,,,,,,,,,,,,,,,,
Harrison Bryant,SEA,TE,2241240,LAC,12,11,1,1,N/R,,,0,0,,0,0,0.0,0,0,0.0,0,0,0,-,,,,,,,,,,,,,,,,,,
Cam Grandy,MIN,TE,29148608,MIA,27,6,1,1,N/R,,,0,0,,0,0,0.0,0,0,0.0,0,0,0,-,,,,,,,,,,,,,,,,,,
Tanner Arkin,NE,TE,26713728,@BUF,7,11,1,0,N/R,,,0,0,,0,0,0.0,0,0,0.0,0,0,0,0.00,,,,,,,,,,,,,,,,,,
Mark Vital,KC,TE,2354807,@LV,25,5,1,1,N/R,,,0,0,,0,0,0.0,0,0,0.0,0,0,0,-,,,,,,,,,,,,,,,,,,
Charlie Kolar,LAC,TE,2866273,@SEA,8,7,1,1,N/R,,,21,0,,0,0,7.0,0,0,0.0,0,3,3,0.00,,,,,,,,,,,,,,,,,,
Jacob Breeland,BAL,TE,2180288,TEN,5,13,1,0,N/R,,,0,0,,0,0,0.0,0,0,0.0,0,0,0,-,,,,,,,,,,,,,,,,,,
Cameron Latu,NE,TE,2964535,@BUF,7,11,1,1,N/R,,,0,0,,0,0,0.0,0,0,0.0,0,0,0,0.00,,,,,,,,,,,,,,,,,,
Kevin Foelsch,PIT,TE,29380772,@CLE,22,9,1,1,N/R,,,0,0,,0,0,0.0,0,0,0.0,0,0,0,-,,,,,,,,,,,,,,,,,,
John Copenhaver,JAC,TE,3162185,@CIN,31,7,1,0,N/R,,,0,0,,0,0,0.0,0,0,0.0,0,0,0,-,,,,,,,,,,,,,,,,,,
Rivaldo Fairweather,ARI,TE,3165468,@NYG,13,14,1,1,N/R,,,0,0,,0,0,0.0,0,0,0.0,0,0,0,-,,,,,,,,,,,,,,,,,,
DJ Rogers,DAL,TE,26693776,@HOU,18,14,1,1,N/R,,,0,0,,0,0,0.0,0,0,0.0,0,0,0,-,,,,,,,,,,,,,,,,,,
Quintin Morris,JAC,TE,2864581,@CIN,31,7,1,1,N/R,,,7,0,,0,0,7.0,0,0,0.0,0,2,1,0.00,,,,,,,,,,,,,,,,,,
Moritz Boehringer,CIN,TE,2235403,JAC,6,6,1,1,N/R,,,0,0,,0,0,0.0,0,0,0.0,0,0,0,-,,,,,,,,,,,,,,,,,,
Gavin Bartholomew,MIN,TE,26702972,MIA,27,6,1,1,N/R,,,0,0,,0,0,0.0,0,0,0.0,0,0,0,0.00,,,,,,,,,,,,,,,,,,
Daniel Crawford,GB,TE,2188929,@TB,24,11,1,0,N/R,,,0,0,,0,0,0.0,0,0,0.0,0,0,0,-,,,,,,,,,,,,,,,,,,
Curtis Hodges,CAR,TE,2760856,DET,32,5,1,1,N/R,,,0,0,,0,0,0.0,0,0,0.0,0,0,0,-,,,,,,,,,,,,,,,,,,
Gunnar Oakes,DET,TE,2805178,@CAR,21,6,1,1,N/R,,,0,0,,0,0,0.0,0,0,0.0,0,0,0,-,,,,,,,,,,,,,,,,,,
Sam Pitz,BAL,TE,29722440,TEN,5,13,0,0,N/R,,,0,0,,0,0,0.0,0,0,0.0,0,0,0,-,,,,,,,,,,,,,,,,,,
Ethan Conner,MIA,TE,29121831,@MIN,17,6,1,1,N/R,,,0,0,,0,0,0.0,0,0,0.0,0,0,0,-,,,,,,,,,,,,,,,,,,
Luke Benson,LAC,TE,3126340,@SEA,8,7,1,1,N/R,,,0,0,,0,0,0.0,0,0,0.0,0,0,0,-,,,,,,,,,,,,,,,,,,
Dae'Quan Wright,CLE,TE,28874125,PIT,14,11,1,1,N/R,,,0,0,,0,0,0.0,0,0,0.0,0,0,0,-,,,,,,,,,,,,,,,,,,
Robert Tonyan,PIT,TE,2820026,@CLE,22,9,1,1,N/R,,,2,0,,0,0,2.0,0,0,0.0,0,1,1,0.00,,,,,,,,,,,,,,,,,,
Tanner Koziol,JAC,TE,28874303,@CIN,31,7,1,1,N/R,,,0,0,,0,0,0.0,0,0,0.0,0,0,0,0.00,,,,,,,,,,,,,,,,,,
Rohan Jones,LAR,TE,28887229,@PHI,2,11,1,1,N/R,,,0,0,,0,0,0.0,0,0,0.0,0,0,0,-,,,,,,,,,,,,,,,,,,
Albert Okwuegbunam,LV,TE,2245117,KC,15,13,1,1,N/R,,,0,0,,0,0,0.0,0,0,0.0,0,0,0,-,,,,,,,,,,,,,,,,,,
Carson Williams,LV,TE,2355180,KC,15,13,1,1,N/R,,,0,0,,0,0,0.0,0,0,0.0,0,0,0,-,,,,,,,,,,,,,,,,,,
Justin Shorter,LV,TE,2965077,KC,15,13,1,1,N/R,,,0,0,,0,0,0.0,0,0,0.0,0,0,0,-,,,,,,,,,,,,,,,,,,
Patrick Herbert,LAC,TE,3121535,@SEA,8,7,1,0,N/R,,,0,0,,0,0,0.0,0,0,0.0,0,0,0,0.00,,,,,,,,,,,,,,,,,,
Dominique Dafney,CAR,TE,3172375,DET,32,5,1,1,N/R,,,0,0,,0,0,0.0,0,0,0.0,0,0,0,-,,,,,,,,,,,,,,,,,,
DeShon Williams,SEA,TE,2868230,LAC,12,11,0,0,N/R,,,0,0,,0,0,0.0,0,0,0.0,0,0,0,-,,,,,,,,,,,,,,,,,,
Briley Moore-McKinney,TEN,TE,2247169,@BAL,16,9,1,1,N/R,,,0,0,,0,0,0.0,0,0,0.0,0,0,0,-,,,,,,,,,,,,,,,,,,
Caden Prieskorn,CAR,TE,3162059,DET,32,5,1,1,N/R,,,0,0,,0,0,0.0,0,0,0.0,0,0,0,-,,,,,,,,,,,,,,,,,,
Josh Kattus,CIN,TE,28901524,JAC,6,6,1,1,N/R,,,0,0,,0,0,0.0,0,0,0.0,0,0,0,-,,,,,,,,,,,,,,,,,,
Christian Scotland-Williamson,PIT,TE,2926331,@CLE,22,9,1,1,N/R,,,0,0,,0,0,0.0,0,0,0.0,0,0,0,-,,,,,,,,,,,,,,,,,,
Johnny Lumpkin,GB,TE,2963046,@TB,24,11,0,0,N/R,,,0,0,,0,0,0.0,0,0,0.0,0,0,0,-,,,,,,,,,,,,,,,,,,
Drake Dabney,GB,TE,3168310,@TB,24,11,1,1,N/R,,,0,0,,0,0,0.0,0,0,0.0,0,0,0,-,,,,,,,,,,,,,,,,,,
Kris Leach,DEN,TE,2838551,@SF,11,10,1,0,N/R,,,0,0,,0,0,0.0,0,0,0.0,0,0,0,-,,,,,,,,,,,,,,,,,,
Peyton Hendershot,KC,TE,2867545,@LV,25,5,1,1,N/R,,,0,0,,0,0,0.0,0,0,0.0,0,0,0,-,,,,,,,,,,,,,,,,,,
C.J. Conrad,NYG,TE,2180481,ARI,28,8,1,1,N/R,,,0,0,,0,0,0.0,0,0,0.0,0,0,0,-,,,,,,,,,,,,,,,,,,
Erik Krommenhoek,LAC,TE,2868233,@SEA,8,7,1,1,N/R,,,0,0,,0,0,0.0,0,0,0.0,0,0,0,-,,,,,,,,,,,,,,,,,,
Davis Allen,LAR,TE,3123267,@PHI,2,11,1,1,N/R,,,39,0,,0,0,9.8,0,0,0.0,0,5,4,0.00,,,,,,,,,,,,,,,,,,
Patrick Murtagh,DEN,TE,29375400,@SF,11,10,1,0,N/R,,,0,0,,0,0,0.0,0,0,0.0,0,0,0,-,,,,,,,,,,,,,,,,,,
Jake Tonges,SF,TE,2870660,DEN,23,8,1,1,N/R,,,0,0,,0,0,0.0,0,0,0.0,0,0,0,0.00,,,,,,,,,,,,,,,,,,
Kylen Granson,TEN,TE,2247146,@BAL,16,9,1,1,N/R,,,0,0,,0,0,0.0,0,0,0.0,0,0,0,0.00,,,,,,,,,,,,,,,,,,
Luke Deal,DET,TE,3122054,@CAR,21,6,1,1,N/R,,,0,0,,0,0,0.0,0,0,0.0,0,0,0,-,,,,,,,,,,,,,,,,,,
Zaire Mitchell-Paden,HOU,TE,26695325,DAL,20,8,1,1,N/R,,,0,0,,0,0,0.0,0,0,0.0,0,0,0,-,,,,,,,,,,,,,,,,,,
Luke Schoonmaker,DAL,TE,2968473,@HOU,18,14,1,1,N/R,,,21,0,,0,0,10.5,0,0,0.0,0,2,2,0.00,,,,,,,,,,,,,,,,,,
Layne Pryor,HOU,TE,26729515,DAL,20,8,1,0,N/R,,,0,0,,0,0,0.0,0,0,0.0,0,0,0,-,,,,,,,,,,,,,,,,,,
Cary Angeline,PHI,TE,2242759,LAR,4,10,1,1,N/R,,,0,0,,0,0,0.0,0,0,0.0,0,0,0,-,,,,,,,,,,,,,,,,,,
Luke Lachey,GB,TE,3163014,@TB,24,11,1,0,N/R,,,0,0,,0,0,0.0,0,0,0.0,0,0,0,-,,,,,,,,,,,,,,,,,,
Ty Pezza,BAL,TE,28925533,TEN,5,13,1,1,N/R,,,0,0,,0,0,0.0,0,0,0.0,0,0,0,-,,,,,,,,,,,,,,,,,,
Dom Wood-Anderson,SEA,TE,2967157,LAC,12,11,0,0,N/R,,,0,0,,0,0,0.0,0,0,0.0,0,0,0,-,,,,,,,,,,,,,,,,,,
Oscar Cardenas,ARI,TE,3127887,@NYG,13,14,1,0,N/R,,,0,0,,0,0,0.0,0,0,0.0,0,0,0,-,,,,,,,,,,,,,,,,,,
Drew Belcher,WAS,TE,3117011,IND,26,7,1,1,N/R,,,0,0,,0,0,0.0,0,0,0.0,0,0,0,-,,,,,,,,,,,,,,,,,,
Luke Farrell,SF,TE,2260977,DEN,23,8,1,1,N/R,,,19,0,,0,0,9.5,0,0,0.0,0,3,2,0.00,,,,,,,,,,,,,,,,,,
Connor Davis,CLE,TE,3170411,PIT,14,11,1,1,N/R,,,0,0,,0,0,0.0,0,0,0.0,0,0,0,-,,,,,,,,,,,,,,,,,,
Chamon Metayer,CAR,TE,26693575,DET,32,5,1,1,N/R,,,0,0,,0,0,0.0,0,0,0.0,0,0,0,-,,,,,,,,,,,,,,,,,,
Mitchell Evans,CAR,TE,26693662,DET,32,5,1,1,N/R,,,58,0,,0,0,11.6,0,0,0.0,0,6,5,0.00,,,,,,,,,,,,,,,,,,
Stevo Klotz,LAC,TE,3164867,@SEA,8,7,1,1,N/R,,,0,0,,0,0,0.0,0,0,0.0,0,0,0,-,,,,,,,,,,,,,,,,,,
Irv Smith,HOU,TE,2257888,DAL,20,8,1,1,N/R,,,0,0,,0,0,0.0,0,0,0.0,0,0,0,-,,,,,,,,,,,,,,,,,,
Jared Wiley,KC,TE,3123819,@LV,25,5,1,1,N/R,,,0,0,,0,0,0.0,0,0,0.0,0,0,0,-,,,,,,,,,,,,,,,,,,
Dax Raymond,PIT,TE,2189163,@CLE,22,9,1,1,N/R,,,0,0,,0,0,0.0,0,0,0.0,0,0,0,-,,,,,,,,,,,,,,,,,,
Joel Honigford,ARI,TE,2878156,@NYG,13,14,1,1,N/R,,,0,0,,0,0,0.0,0,0,0.0,0,0,0,-,,,,,,,,,,,,,,,,,,
Steven Stilianos,DET,TE,2961775,@CAR,21,6,1,1,N/R,,,0,0,,0,0,0.0,0,0,0.0,0,0,0,-,,,,,,,,,,,,,,,,,,
Noah Gray,KC,TE,2866903,@LV,25,5,1,1,N/R,,,44,0,,0,0,11.0,0,0,0.0,0,5,4,0.00,,,,,,,,,,,,,,,,,,
Colston Loveland,CHI,TE,28874696,NYJ,1,10,96,46,16,,,34,0,,0,0,6.8,0,0,0.0,0,9,5,0.00,,,,,,,,,,,,,,,,,,
John Raine,ATL,TE,2241250,@NO,29,11,0,0,N/R,,,0,0,,0,0,0.0,0,0,0.0,0,0,0,-,,,,,,,,,,,,,,,,,,
Michael Ezeike,SEA,TE,2966873,LAC,12,11,0,0,N/R,,,0,0,,0,0,0.0,0,0,0.0,0,0,0,-,,,,,,,,,,,,,,,,,,
Will Mallory,IND,TE,2962073,@WAS,30,13,1,1,N/R,,,0,0,,0,0,0.0,0,0,0.0,0,0,0,-,,,,,,,,,,,,,,,,,,
Elijah Higgins,ARI,TE,3122914,@NYG,13,14,1,1,N/R,,,20,0,,0,0,6.7,0,0,0.0,0,3,3,0.00,,,,,,,,,,,,,,,,,,
Brayden Lenius,ATL,TE,28867632,@NO,29,11,1,1,N/R,,,0,0,,0,0,0.0,0,0,0.0,0,0,0,-,,,,,,,,,,,,,,,,,,
Colby Parkinson,LAR,TE,2867522,@PHI,2,11,4,1,N/R,,,21,0,,0,0,7.0,0,0,0.0,0,5,3,0.00,,,,,,,,,,,,,,,,,,
Tyler Moore,IND,TE,26695106,@WAS,30,13,1,0,N/R,,,0,0,,0,0,0.0,0,0,0.0,0,0,0,-,,,,,,,,,,,,,,,,,,
Stone Smartt,NO,TE,2864800,ATL,19,8,1,1,N/R,,,0,0,,0,0,0.0,0,0,0.0,0,0,0,-,,,,,,,,,,,,,,,,,,
Johnny Pascuzzi,LAC,TE,26699834,@SEA,8,7,1,1,N/R,,,0,0,,0,0,0.0,0,0,0.0,0,0,0,-,,,,,,,,,,,,,,,,,,
Sam Roush,CHI,TE,28877184,NYJ,1,10,1,1,N/R,,,25,0,,0,0,12.5,0,0,0.0,0,4,2,0.00,,,,,,,,,,,,,,,,,,
Nick Muse,ATL,TE,2818056,@NO,29,11,1,1,N/R,,,0,0,,0,0,0.0,0,0,0.0,0,0,0,0.00,,,,,,,,,,,,,,,,,,
Carson Towt,IND,TE,3158076,@WAS,30,13,1,1,N/R,,,0,0,,0,0,0.0,0,0,0.0,0,0,0,-,,,,,,,,,,,,,,,,,,
Hayden Large,CHI,TE,29122200,NYJ,1,10,1,0,N/R,,,0,0,,0,0,0.0,0,0,0.0,0,0,0,-,,,,,,,,,,,,,,,,,,
Scott Orndoff,PHI,TE,2060508,LAR,4,10,1,1,N/R,,,0,0,,0,0,0.0,0,0,0.0,0,0,0,-,,,,,,,,,,,,,,,,,,
Geoff Swaim,CLE,TE,2174207,PIT,14,11,1,0,N/R,,,0,0,,0,0,0.0,0,0,0.0,0,0,0,-,,,,,,,,,,,,,,,,,,
C.J. Uzomah,PHI,TE,2174118,LAR,4,10,1,1,N/R,,,0,0,,0,0,0.0,0,0,0.0,0,0,0,-,,,,,,,,,,,,,,,,,,
Kole Taylor,CIN,TE,3163049,JAC,6,6,1,1,N/R,,,0,0,,0,0,0.0,0,0,0.0,0,0,0,-,,,,,,,,,,,,,,,,,,
Cole Herdman,TEN,TE,2136567,@BAL,16,9,1,1,N/R,,,0,0,,0,0,0.0,0,0,0.0,0,0,0,-,,,,,,,,,,,,,,,,,,
Kyle Markway,LAR,TE,2185055,@PHI,2,11,1,1,N/R,,,0,0,,0,0,0.0,0,0,0.0,0,0,0,-,,,,,,,,,,,,,,,,,,
Jake Hausmann,WAS,TE,2260981,IND,26,7,1,1,N/R,,,0,0,,0,0,0.0,0,0,0.0,0,0,0,-,,,,,,,,,,,,,,,,,,
Dalton Keene,HOU,TE,2805113,DAL,20,8,1,1,N/R,,,0,0,,0,0,0.0,0,0,0.0,0,0,0,-,,,,,,,,,,,,,,,,,,
Austin Allen,GB,TE,2804325,@TB,24,11,1,1,N/R,,,0,0,,0,0,0.0,0,0,0.0,0,0,0,-,,,,,,,,,,,,,,,,,,
Colson Yankoff,WAS,TE,2961827,IND,26,7,1,1,N/R,,,16,0,,0,0,8.0,0,0,0.0,0,3,2,0.00,,,,,,,,,,,,,,,,,,
Jody Fortson,KC,TE,3117124,@LV,25,5,1,0,N/R,,,0,0,,0,0,0.0,0,0,0.0,0,0,0,-,,,,,,,,,,,,,,,,,,
Jameson Geers,ARI,TE,26694253,@NYG,13,14,1,0,N/R,,,0,0,,0,0,0.0,0,0,0.0,0,0,0,-,,,,,,,,,,,,,,,,,,
Thomas Odukoya,NE,TE,2964832,@BUF,7,11,1,1,N/R,,,0,0,,0,0,0.0,0,0,0.0,0,0,0,-,,,,,,,,,,,,,,,,,,
Ben Sinnott,WAS,TE,3168647,IND,26,7,1,1,N/R,,,6,0,,0,0,6.0,0,0,0.0,0,2,1,0.00,,,,,,,,,,,,,,,,,,
Tyree Jackson,WAS,TE,2184377,IND,26,7,1,0,N/R,,,0,0,,0,0,0.0,0,0,0.0,0,0,0,-,,,,,,,,,,,,,,,,,,
Tyler Mabry,CAR,TE,3159198,DET,32,5,1,1,N/R,,,0,0,,0,0,0.0,0,0,0.0,0,0,0,-,,,,,,,,,,,,,,,,,,
Anthony Norris,DEN,TE,1906458,@SF,11,10,1,0,N/R,,,0,0,,0,0,0.0,0,0,0.0,0,0,0,-,,,,,,,,,,,,,,,,,,
Marcus Santos-Silva,CLE,TE,2893412,PIT,14,11,1,1,N/R,,,0,0,,0,0,0.0,0,0,0.0,0,0,0,-,,,,,,,,,,,,,,,,,,
Jalen Wydermyer,IND,TE,3131559,@WAS,30,13,1,1,N/R,,,0,0,,0,0,0.0,0,0,0.0,0,0,0,-,,,,,,,,,,,,,,,,,,
La'Michael Pettway,NE,TE,2185504,@BUF,7,11,1,1,N/R,,,0,0,,0,0,0.0,0,0,0.0,0,0,0,-,,,,,,,,,,,,,,,,,,
Zack Kuntz,DAL,TE,2963243,@HOU,18,14,1,1,N/R,,,0,0,,0,0,0.0,0,0,0.0,0,0,0,-,,,,,,,,,,,,,,,,,,
Kyle Pitts,ATL,TE,2964514,@NO,29,11,82,27,18,,,20,0,,0,0,10.0,0,0,0.0,0,6,2,0.00,,,,,,,,,,,,,,,,,,
Brevin Jordan,HOU,TE,2964787,DAL,20,8,1,1,N/R,,,0,0,,0,0,0.0,0,0,0.0,0,0,0,-,,,,,,,,,,,,,,,,,,
Cheyenne O'Grady,CIN,TE,2185503,JAC,6,6,1,1,N/R,,,0,0,,0,0,0.0,0,0,0.0,0,0,0,-,,,,,,,,,,,,,,,,,,
Isaac Rex,LAC,TE,3127763,@SEA,8,7,1,1,N/R,,,0,0,,0,0,0.0,0,0,0.0,0,0,0,-,,,,,,,,,,,,,,,,,,
Elijah Arroyo,SEA,TE,26700496,LAC,12,11,2,1,N/R,,,17,0,,0,0,17.0,0,0,0.0,0,1,1,0.00,,,,,,,,,,,,,,,,,,
Austin Stogner,ATL,TE,3121976,@NO,29,11,1,1,N/R,,,0,0,,0,0,0.0,0,0,0.0,0,0,0,-,,,,,,,,,,,,,,,,,,
Devon Garrison,SEA,TE,29456571,LAC,12,11,1,1,N/R,,,0,0,,0,0,0.0,0,0,0.0,0,0,0,-,,,,,,,,,,,,,,,,,,
Max Klare,LAR,TE,28921209,@PHI,2,11,2,1,N/R,,,0,0,,0,0,0.0,0,0,0.0,0,0,0,0.00,,,,,,,,,,,,,,,,,,
Taysom Hill,NO,TE,2818935,ATL,19,8,1,1,N/R,,,0,0,,0,0,0.0,0,0,0.0,0,0,0,-,,,,,,,,,,,,,,,,,,
Jeremiah Franklin,MIA,TE,28876766,@MIN,17,6,0,0,N/R,,,0,0,,0,0,0.0,0,0,0.0,0,0,0,-,,,,,,,,,,,,,,,,,,
Andrew Ogletree,IND,TE,26725942,@WAS,30,13,1,1,N/R,,,0,0,,0,0,0.0,0,0,0.0,0,2,0,0.00,,,,,,,,,,,,,,,,,,
Matt Lauter,MIN,TE,26725448,MIA,27,6,1,1,N/R,,,0,0,,0,0,0.0,0,0,0.0,0,0,0,-,,,,,,,,,,,,,,,,,,
Zach Horton,DET,TE,26698603,@CAR,21,6,1,1,N/R,,,0,0,,0,0,0.0,0,0,0.0,0,0,0,-,,,,,,,,,,,,,,,,,,
Evan McPherson,CIN,K,2962681,JAC,2,6,88,81,4,0,,,,,8,,7.00,,,,21.00,,,,8,0,1,1,2,2,0,0,5,5,8,8,,,,,,
Spencer Shrader,IND,K,3131541,@WAS,31,13,62,55,11,0,,,,,8,,6.33,,,,19.00,,,,8,0,0,0,3,3,2,2,3,3,6,7,,,,,,
Chase McLaughlin,TB,K,2165272,GB,24,10,66,56,16,0,,,,,9,,6.17,,,,18.50,,,,9,0,1,1,4,4,1,1,3,3,5,5,,,,,,
Tyler Loop,BAL,K,3174704,TEN,9,13,77,72,5,0,,,,,6,,5.50,,,,16.50,,,,5,0,1,1,0,0,2,3,2,2,11,11,,,,,,
Will Reichard,MIN,K,3121084,MIA,32,6,73,67,8,0,,,,,7,,5.33,,,,16.00,,,,7,0,0,0,3,3,2,2,2,2,6,6,,,,,,
Ryan Fitzgerald,CAR,K,3126649,DET,27,5,5,3,13,0,,,,,7,,5.00,,,,15.00,,,,7,0,1,1,3,3,2,2,1,1,8,9,,,,,,
Chad Ryland,ARI,K,2964074,@NYG,19,14,5,3,17,0,,,,,8,,4.67,,,,14.00,,,,7,0,2,2,1,1,4,4,0,1,6,6,,,,,,
Matt Gay,LV,K,2870511,KC,10,13,7,3,19,0,,,,,6,,4.67,,,,14.00,,,,6,0,1,1,2,2,2,2,1,1,8,8,,,,,,
Brandon Aubrey,DAL,K,2815718,@HOU,16,14,100,98,1,0,,,,,7,,4.50,,,,13.50,,,,6,0,3,3,1,1,1,1,1,2,8,9,,,,,,
Drew Stevens,WAS,K,28873746,IND,30,7,3,1,21,0,,,,,7,,4.33,,,,13.00,,,,5,0,1,1,1,1,1,1,2,4,6,8,,,,,,
Jason Sanders,NYJ,K,2131909,@CHI,5,13,3,1,N/R,0,,,,,6,,4.17,,,,12.50,,,,5,0,0,0,2,2,1,1,2,3,5,5,,,,,,
Chris Boswell,PIT,K,1724930,@CLE,4,9,23,13,18,0,,,,,8,,4.17,,,,12.50,,,,6,0,1,1,2,2,2,2,1,3,5,5,,,,,,
Eddy Pineiro,SF,K,2221833,DEN,17,8,66,56,9,0,,,,,4,,4.17,,,,12.50,,,,3,0,1,1,0,0,0,0,2,3,11,13,,,,,,
Harrison Butker,KC,K,2078888,@LV,12,5,89,83,7,0,,,,,8,,4.00,,,,12.00,,,,6,0,2,2,2,2,2,2,0,2,10,10,,,,,,
Nick Folk,ATL,K,410721,@NO,22,11,14,7,N/R,0,,,,,8,,4.00,,,,12.00,,,,5,0,0,0,1,1,3,4,1,3,4,4,,,,,,
Cairo Santos,CHI,K,2132690,NYJ,20,10,47,36,12,0,,,,,5,,3.83,,,,11.50,,,,4,0,1,2,0,0,2,2,1,1,11,11,,,,,,
Andre Szmyt,CLE,K,2868551,PIT,15,11,2,1,N/R,0,,,,,6,,3.67,,,,11.00,,,,6,0,1,1,2,2,2,2,1,1,4,4,,,,,,
Cam Little,JAC,K,26702477,@CIN,11,7,90,82,3,0,,,,,6,,3.67,,,,11.00,,,,4,0,1,1,0,0,3,3,0,2,10,10,,,,,,
Jason Myers,SEA,K,2169640,LAC,23,11,99,95,6,0,,,,,4,,3.50,,,,10.50,,,,4,0,1,1,2,2,0,0,1,1,9,9,,,,,,
Trey Smack,GB,K,28899321,@TB,18,11,26,17,14,0,,,,,6,,3.50,,,,10.50,,,,5,0,2,2,1,1,1,2,1,1,5,6,,,,,,
Tyler Bass,BUF,K,2188356,NE,14,7,31,22,15,0,,,,,4,,3.50,,,,10.50,,,,4,0,1,1,2,2,1,1,0,0,11,12,,,,,,
Daniel Carlson,NO,K,2079862,ATL,21,8,25,20,23,0,,,,,5,,3.50,,,,10.50,,,,4,0,2,2,0,0,1,1,1,2,7,8,,,,,,
Dominic Zvada,NYG,K,28876817,ARI,25,8,5,3,N/R,0,,,,,6,,3.33,,,,10.00,,,,6,0,2,2,3,3,0,0,1,1,4,4,,,,,,
Ka'imi Fairbairn,HOU,K,1996562,DAL,29,8,97,93,2,0,,,,,5,,3.33,,,,10.00,,,,4,0,1,1,1,1,1,1,1,2,6,6,,,,,,
Jake Bates,DET,K,3173439,@CAR,26,6,82,73,10,0,,,,,3,,3.00,,,,9.00,,,,3,0,1,1,2,2,0,0,0,0,12,12,,,,,,
Harrison Mevis,LAR,K,3162619,@PHI,13,11,46,33,20,0,,,,,5,,2.83,,,,8.50,,,,4,0,0,0,2,2,2,3,0,0,7,7,,,,,,
Andres Borregales,NE,K,26699665,@BUF,28,11,20,9,22,0,,,,,7,,2.83,,,,8.50,,,,5,0,0,0,2,3,2,3,1,1,3,3,,,,,,
Jake Elliott,PHI,K,2080295,LAR,8,10,14,5,N/R,0,,,,,2,,2.50,,,,7.50,,,,2,0,0,0,1,1,0,0,1,1,7,7,,,,,,
Riley Patterson,MIA,K,2865368,@MIN,1,6,2,1,N/R,0,,,,,7,,2.50,,,,7.50,,,,5,0,2,2,2,2,1,2,0,1,3,3,,,,,,
Wil Lutz,DEN,K,2008545,@SF,7,10,23,12,N/R,0,,,,,4,,2.17,,,,6.50,,,,3,0,1,1,1,1,1,2,0,0,5,5,,,,,,
Joey Slye,TEN,K,3116871,@BAL,6,9,7,3,N/R,0,,,,,4,,2.00,,,,6.00,,,,3,0,0,0,2,2,1,1,0,1,4,4,,,,,,
Cameron Dicker,LAC,K,2961997,@SEA,3,7,62,46,24,0,,,,,5,,1.83,,,,5.50,,,,3,0,1,1,2,2,0,1,0,1,5,5,,,,,,
Cade York,NYJ,K,3121034,@CHI,5,13,2,2,N/R,0,,,,,0,,-,,,,0.00,,,,0,0,0,0,0,0,0,0,0,0,0,0,,,,,,
Jose Borregales,TB,K,2262788,GB,24,10,1,1,N/R,0,,,,,0,,-,,,,0.00,,,,0,0,0,0,0,0,0,0,0,0,0,0,,,,,,
Anthony Fera,FA,K,1664152,BYE,---,0,1,1,N/R,0,,,,,0,,-,,,,0.00,,,,0,0,0,0,0,0,0,0,0,0,0,0,,,,,,
Chris Freeman,HOU,K,3169797,DAL,29,8,1,1,N/R,0,,,,,0,,-,,,,0.00,,,,0,0,0,0,0,0,0,0,0,0,0,0,,,,,,
Ben Sauls,NYG,K,3169819,ARI,25,8,1,1,N/R,0,,,,,0,,-,,,,0.00,,,,0,0,0,0,0,0,0,0,0,0,0,0,,,,,,
Matthew Trickett,ATL,K,2961405,@NO,22,11,1,1,N/R,0,,,,,0,,-,,,,0.00,,,,0,0,0,0,0,0,0,0,0,0,0,0,,,,,,
Dustin Hopkins,CLE,K,1664151,PIT,15,11,1,1,N/R,0,,,,,0,,-,,,,0.00,,,,0,0,0,0,0,0,0,0,0,0,0,0,,,,,,
Brandon McManus,GB,K,2058320,@TB,18,11,1,1,N/R,0,,,,,0,,-,,,,0.00,,,,0,0,0,0,0,0,0,0,0,0,0,0,,,,,,
Anders Carlson,NYJ,K,2866578,@CHI,5,13,1,1,N/R,0,,,,,0,,-,,,,0.00,,,,0,0,0,0,0,0,0,0,0,0,0,0,,,,,,
Lenny Krieg,GB,K,29711189,@TB,18,11,1,1,N/R,0,,,,,0,,-,,,,0.00,,,,0,0,0,0,0,0,0,0,0,0,0,0,,,,,,
Tanner Brown,NO,K,3167644,ATL,21,8,1,1,N/R,0,,,,,0,,-,,,,0.00,,,,0,0,0,0,0,0,0,0,0,0,0,0,,,,,,
Brad Craddock,CLE,K,2001577,PIT,15,11,1,0,N/R,0,,,,,0,,-,,,,0.00,,,,0,0,0,0,0,0,0,0,0,0,0,0,,,,,,
Andrew Mevis,JAC,K,2820471,@CIN,11,7,2,2,N/R,0,,,,,0,,-,,,,0.00,,,,0,0,0,0,0,0,0,0,0,0,0,0,,,,,,
Tucker McCann,TEN,K,3161134,@BAL,6,9,1,1,N/R,0,,,,,0,,-,,,,0.00,,,,0,0,0,0,0,0,0,0,0,0,0,0,,,,,,
Gabriel Plascencia,CHI,K,29120994,NYJ,20,10,2,2,N/R,0,,,,,0,,-,,,,0.00,,,,0,0,0,0,0,0,0,0,0,0,0,0,,,,,,
James Turner,GB,K,3133204,@TB,18,11,1,1,N/R,0,,,,,0,,-,,,,0.00,,,,0,0,0,0,0,0,0,0,0,0,0,0,,,,,,
Jude McAtamney,NYG,K,28922958,ARI,25,8,1,1,N/R,0,,,,,0,,-,,,,0.00,,,,0,0,0,0,0,0,0,0,0,0,0,0,,,,,,
Zane Gonzalez,MIA,K,2061033,@MIN,1,6,1,1,N/R,0,,,,,0,,-,,,,0.00,,,,0,0,0,0,0,0,0,0,0,0,0,0,,,,,,
Matthew Wright,BUF,K,3116875,NE,14,7,1,1,N/R,0,,,,,0,,-,,,,0.00,,,,0,0,0,0,0,0,0,0,0,0,0,0,,,,,,
Graham Gano,NYG,K,558839,ARI,25,8,1,1,N/R,0,,,,,0,,-,,,,0.00,,,,0,0,0,0,0,0,0,0,0,0,0,0,,,,,,
Clayton Hatfield,IND,K,3116797,@WAS,31,13,1,1,N/R,0,,,,,0,,-,,,,0.00,,,,0,0,0,0,0,0,0,0,0,0,0,0,,,,,,
Gabe Brkic,GB,K,2962313,@TB,18,11,1,1,N/R,0,,,,,0,,-,,,,0.00,,,,0,0,0,0,0,0,0,0,0,0,0,0,,,,,,
Jake Moody,BAL,K,2968527,TEN,9,13,1,1,N/R,0,,,,,0,,-,,,,0.00,,,,0,0,0,0,0,0,0,0,0,0,0,0,,,,,,
Mark McNamee,GB,K,50008565,@TB,18,11,1,1,N/R,0,,,,,0,,-,,,,0.00,,,,0,0,0,0,0,0,0,0,0,0,0,0,,,,,,
Greg Joseph,LV,K,2926810,KC,10,13,1,1,N/R,0,,,,,0,,-,,,,0.00,,,,0,0,0,0,0,0,0,0,0,0,0,0,,,,,,
Charlie Smyth,NO,K,29375393,ATL,21,8,2,1,N/R,0,,,,,0,,-,,,,0.00,,,,0,0,0,0,0,0,0,0,0,0,0,0,,,,,,
Jared Roberts,FA,K,2008709,BYE,---,0,1,1,N/R,0,,,,,0,,-,,,,0.00,,,,0,0,0,0,0,0,0,0,0,0,0,0,,,,,,
John Baron,CHI,K,2144875,NYJ,20,10,1,1,N/R,0,,,,,0,,-,,,,0.00,,,,0,0,0,0,0,0,0,0,0,0,0,0,,,,,,
Corey Acosta,SF,K,2176444,DEN,17,8,1,1,N/R,0,,,,,0,,-,,,,0.00,,,,0,0,0,0,0,0,0,0,0,0,0,0,,,,,,
Laith Marjan,PIT,K,26693647,@CLE,4,9,1,1,N/R,0,,,,,0,,-,,,,0.00,,,,0,0,0,0,0,0,0,0,0,0,0,0,,,,,,
Andrew Furney,NYJ,K,2135490,@CHI,5,13,1,1,N/R,0,,,,,0,,-,,,,0.00,,,,0,0,0,0,0,0,0,0,0,0,0,0,,,,,,
Alex Quevedo,NO,K,29090668,ATL,21,8,1,1,N/R,0,,,,,0,,-,,,,0.00,,,,0,0,0,0,0,0,0,0,0,0,0,0,,,,,,
Anthony Cantele,FA,K,1679724,BYE,---,0,1,1,N/R,0,,,,,0,,-,,,,0.00,,,,0,0,0,0,0,0,0,0,0,0,0,0,,,,,,
Younghoe Koo,NYJ,K,2820093,@CHI,5,13,1,1,N/R,0,,,,,0,,-,,,,0.00,,,,0,0,0,0,0,0,0,0,0,0,0,0,,,,,,
Austin MacGinnis,LAR,K,3158715,@PHI,13,11,2,2,N/R,0,,,,,0,,-,,,,0.00,,,,0,0,0,0,0,0,0,0,0,0,0,0,,,,,,
Mason Shipley,NO,K,26731594,ATL,21,8,1,1,N/R,0,,,,,0,,-,,,,0.00,,,,0,0,0,0,0,0,0,0,0,0,0,0,,,,,,
Parker White,GB,K,2758258,@TB,18,11,1,1,N/R,0,,,,,0,,-,,,,0.00,,,,0,0,0,0,0,0,0,0,0,0,0,0,,,,,,
Greg Zuerlein,NYJ,K,1971893,@CHI,5,13,1,1,N/R,0,,,,,0,,-,,,,0.00,,,,0,0,0,0,0,0,0,0,0,0,0,0,,,,,,
Lucas Havrisik,GB,K,2870581,@TB,18,11,1,1,N/R,0,,,,,0,,-,,,,0.00,,,,0,0,0,0,0,0,0,0,0,0,0,0,,,,,,
Blake Grupe,NYJ,K,2876348,@CHI,5,13,4,1,N/R,0,,,,,0,,-,,,,0.00,,,,0,0,0,0,0,0,0,0,0,0,0,0,,,,,,
B.T. Potter,TB,K,2962281,GB,24,10,1,1,N/R,0,,,,,0,,-,,,,0.00,,,,0,0,0,0,0,0,0,0,0,0,0,0,,,,,,
Christopher Dunn,LAR,K,2963497,@PHI,13,11,1,1,N/R,0,,,,,0,,-,,,,0.00,,,,0,0,0,0,0,0,0,0,0,0,0,0,,,,,,
Jonathan Kim,CHI,K,3126558,NYJ,20,10,1,1,N/R,0,,,,,0,,-,,,,0.00,,,,0,0,0,0,0,0,0,0,0,0,0,0,,,,,,
Dan Conroy,FA,K,1631001,BYE,---,0,1,1,N/R,0,,,,,0,,-,,,,0.00,,,,0,0,0,0,0,0,0,0,0,0,0,0,,,,,,
Alex Hale,GB,K,2963565,@TB,18,11,2,2,N/R,0,,,,,0,,-,,,,0.00,,,,0,0,0,0,0,0,0,0,0,0,0,0,,,,,,
Matt Prater,BUF,K,1109832,NE,14,7,1,1,N/R,0,,,,,0,,-,,,,0.00,,,,0,0,0,0,0,0,0,0,0,0,0,0,,,,,,
Quinn Nordin,NE,K,2260323,@BUF,28,11,2,1,N/R,0,,,,,0,,-,,,,0.00,,,,0,0,0,0,0,0,0,0,0,0,0,0,,,,,,
Maddux Trujillo,BUF,K,26716700,NE,14,7,1,0,N/R,0,,,,,0,,-,,,,0.00,,,,0,0,0,0,0,0,0,0,0,0,0,0,,,,,,
Jack Podlesny,GB,K,2975696,@TB,18,11,1,0,N/R,0,,,,,0,,-,,,,0.00,,,,0,0,0,0,0,0,0,0,0,0,0,0,,,,,,
Trey Wolff,TEN,K,2962857,@BAL,6,9,1,1,N/R,0,,,,,0,,-,,,,0.00,,,,0,0,0,0,0,0,0,0,0,0,0,0,,,,,,
Austin Seibert,WAS,K,2179668,IND,30,7,1,1,N/R,0,,,,,0,,-,,,,0.00,,,,0,0,0,0,0,0,0,0,0,0,0,0,,,,,,
Justin Tucker,BAL,K,1985374,TEN,9,13,1,1,N/R,0,,,,,0,,-,,,,0.00,,,,0,0,0,0,0,0,0,0,0,0,0,0,,,,,,
Joshua Karty,ARI,K,3163734,@NYG,19,14,1,1,N/R,0,,,,,0,,-,,,,0.00,,,,0,0,0,0,0,0,0,0,0,0,0,0,,,,,,
James McCourt,LV,K,2247018,KC,10,13,1,1,N/R,0,,,,,0,,-,,,,0.00,,,,0,0,0,0,0,0,0,0,0,0,0,0,,,,,,
Blake Haubeil,CAR,K,2826774,DET,27,5,1,1,N/R,0,,,,,0,,-,,,,0.00,,,,0,0,0,0,0,0,0,0,0,0,0,0,,,,,,
Jake Verity,TB,K,2247367,GB,24,10,1,1,N/R,0,,,,,0,,-,,,,0.00,,,,0,0,0,0,0,0,0,0,0,0,0,0,,,,,,
JJ Molson,GB,K,2240197,@TB,18,11,1,1,N/R,0,,,,,0,,-,,,,0.00,,,,0,0,0,0,0,0,0,0,0,0,0,0,,,,,,
Jaden Oberkrom,CLE,K,1996859,PIT,15,11,1,1,N/R,0,,,,,0,,-,,,,0.00,,,,0,0,0,0,0,0,0,0,0,0,0,0,,,,,,
Mike Badgley,BUF,K,2925140,NE,14,7,1,1,N/R,0,,,,,0,,-,,,,0.00,,,,0,0,0,0,0,0,0,0,0,0,0,0,,,,,,
Jonathan Garibay,DAL,K,3127678,@HOU,16,14,2,2,N/R,0,,,,,0,,-,,,,0.00,,,,0,0,0,0,0,0,0,0,0,0,0,0,,,,,,
Caden Davis,BUF,K,3124063,NE,14,7,1,1,N/R,0,,,,,0,,-,,,,0.00,,,,0,0,0,0,0,0,0,0,0,0,0,0,,,,,,
Kansei Matsuzawa,LV,K,29154102,KC,10,13,1,1,N/R,0,,,,,0,,-,,,,0.00,,,,0,0,0,0,0,0,0,0,0,0,0,0,,,,,,
John Hoyland,BAL,K,3174826,TEN,9,13,1,1,N/R,0,,,,,0,,-,,,,0.00,,,,0,0,0,0,0,0,0,0,0,0,0,0,,,,,,
Ryan Coe,TB,K,3130147,GB,24,10,1,1,N/R,0,,,,,0,,-,,,,0.00,,,,0,0,0,0,0,0,0,0,0,0,0,0,,,,,,
Justin Rohrwasser,NE,K,2194734,@BUF,28,11,1,1,N/R,0,,,,,0,,-,,,,0.00,,,,0,0,0,0,0,0,0,0,0,0,0,0,,,,,,
John Parker Romo,ATL,K,2245258,@NO,22,11,1,1,N/R,0,,,,,0,,-,,,,0.00,,,,0,0,0,0,0,0,0,0,0,0,0,0,,,,,,
Vikings,MIN,DST,1916,MIA,28,6,100,97,,,,,1,4,,,319.67,,,13.67,959,,,7.00,,,,,,,,,,,,,14,2,5,0,41,21.00
Raiders,LV,DST,1920,KC,5,13,21,12,,,,,0,4,,,316.67,,,18.00,950,,,6.17,,,,,,,,,,,,,10,5,2,1,54,18.50
Jaguars,JAC,DST,1913,@CIN,18,7,58,39,,,,,0,4,,,327.00,,,12.00,981,,,5.00,,,,,,,,,,,,,8,2,2,0,36,15.00
Panthers,CAR,DST,1905,DET,7,5,26,16,,,,,1,3,,,365.67,,,27.67,1097,,,5.00,,,,,,,,,,,,,7,4,3,0,83,15.00
Patriots,NE,DST,1931,@BUF,16,11,66,37,,,,,1,2,,,278.33,,,17.00,835,,,5.00,,,,,,,,,,,,,7,1,0,0,51,15.00
Steelers,PIT,DST,1922,@CLE,21,9,98,91,,,,,1,3,,,305.67,,,18.00,917,,,5.00,,,,,,,,,,,,,8,3,0,0,54,15.00
Bengals,CIN,DST,1907,JAC,4,6,40,24,,,,,1,1,,,355.67,,,19.00,1067,,,4.83,,,,,,,,,,,,,10,4,4,0,57,14.50
Bears,CHI,DST,1906,NYJ,10,10,70,58,,,,,0,3,,,324.00,,,17.67,972,,,4.83,,,,,,,,,,,,,7,3,3,0,53,14.50
Broncos,DEN,DST,1909,@SF,1,10,93,60,,,,,1,4,,,380.67,,,23.33,1142,,,4.67,,,,,,,,,,,,,8,0,1,0,70,14.00
Seahawks,SEA,DST,1926,LAC,31,11,100,96,,,,,0,4,,,228.67,,,14.67,686,,,4.17,,,,,,,,,,,,,7,0,0,0,44,12.50
49ers,SF,DST,1925,DEN,17,8,51,32,,,,,0,1,,,313.00,,,16.67,939,,,3.67,,,,,,,,,,,,,6,1,3,0,50,11.00
Chiefs,KC,DST,1914,@LV,8,5,75,64,,,,,0,3,,,278.00,,,16.67,834,,,3.50,,,,,,,,,,,,,4,2,4,0,50,10.50
Texans,HOU,DST,1932,DAL,3,8,98,78,,,,,0,1,,,325.33,,,25.00,976,,,3.00,,,,,,,,,,,,,11,2,1,0,75,9.00
Jets,NYJ,DST,1919,@CHI,9,13,8,4,,,,,0,0,,,258.33,,,20.33,775,,,3.00,,,,,,,,,,,,,8,2,2,0,61,9.00
Commanders,WAS,DST,1929,IND,14,7,4,2,,,,,1,2,,,362.33,,,30.67,1087,,,2.67,,,,,,,,,,,,,5,1,1,0,92,8.00
Lions,DET,DST,1910,@CAR,11,6,43,30,,,,,0,2,,,416.67,,,31.67,1250,,,2.67,,,,,,,,,,,,,12,2,0,0,95,8.00
Bills,BUF,DST,1904,NE,29,7,70,60,,,,,0,1,,,361.33,,,26.00,1084,,,2.67,,,,,,,,,,,,,9,2,1,0,78,8.00
Buccaneers,TB,DST,1927,GB,22,10,23,12,,,,,1,2,,,282.67,,,22.33,848,,,2.67,,,,,,,,,,,,,6,0,1,0,67,8.00
Giants,NYG,DST,1918,ARI,13,8,19,11,,,,,0,3,,,329.00,,,18.33,987,,,2.67,,,,,,,,,,,,,1,2,1,0,55,8.00
Falcons,ATL,DST,1902,@NO,19,11,24,15,,,,,0,1,,,310.67,,,18.67,932,,,2.50,,,,,,,,,,,,,5,1,4,0,56,7.50
Saints,NO,DST,1917,ATL,32,8,35,23,,,,,0,1,,,340.33,,,27.67,1021,,,2.33,,,,,,,,,,,,,7,2,0,0,83,7.00
Rams,LAR,DST,1923,@PHI,23,11,92,69,,,,,0,3,,,272.67,,,19.00,818,,,2.33,,,,,,,,,,,,,3,0,1,0,57,7.00
Cardinals,ARI,DST,1901,@NYG,24,14,10,8,,,,,0,1,,,362.00,,,27.00,1086,,,2.33,,,,,,,,,,,,,4,3,5,0,81,7.00
Titans,TEN,DST,1928,@BAL,6,9,8,4,,,,,0,2,,,315.33,,,19.67,946,,,2.33,,,,,,,,,,,,,6,0,0,0,59,7.00
Chargers,LAC,DST,1924,@SEA,15,7,30,14,,,,,0,3,,,349.33,,,24.67,1048,,,2.17,,,,,,,,,,,,,7,3,1,0,74,6.50
Packers,GB,DST,1911,@TB,30,11,59,48,,,,,0,2,,,340.67,,,30.33,1022,,,2.17,,,,,,,,,,,,,7,0,1,0,91,6.50
Browns,CLE,DST,1930,PIT,27,11,30,21,,,,,0,2,,,344.33,,,23.67,1033,,,2.17,,,,,,,,,,,,,7,0,4,0,71,6.50
Colts,IND,DST,1912,@WAS,2,13,7,3,,,,,0,0,,,417.33,,,30.33,1252,,,2.00,,,,,,,,,,,,,7,1,2,0,91,6.00
Ravens,BAL,DST,1903,TEN,26,13,92,79,,,,,0,1,,,321.33,,,26.00,964,,,1.50,,,,,,,,,,,,,6,2,2,0,78,4.50
Cowboys,DAL,DST,1908,@HOU,20,14,18,6,,,,,0,0,,,387.00,,,27.33,1161,,,1.00,,,,,,,,,,,,,2,2,2,0,82,3.00
Eagles,PHI,DST,1921,LAR,25,10,70,47,,,,,0,0,,,320.33,,,23.00,961,,,0.83,,,,,,,,,,,,,3,0,1,0,69,2.50
Dolphins,MIA,DST,1915,@MIN,12,6,3,1,,,,,0,3,,,335.33,,,28.67,1006,,,0.50,,,,,,,,,,,,,0,0,1,0,86,1.50
