player,team,pos,cbs_id,Opp,OVP,Bye,Rost,Start,Expert,ATT,Comp,Yds,TD,Int,Att,Yds_2,Avg,TD_2,Lost,Avg_2,Total,Tar,Rec,Avg_3,FG,FG_2,FG_3,ATT_2,FG_4,Att_2,FG_5,Att_3,FG_6,Att_4,XP,Att_5,SACK,Fum,DWN,STY,Total_2,Total_3
Josh Allen,BUF,QB,2181054,DET,32,7,100,100,1,31,20,248,3,0,14,69,4.9,2,0,11.00,11,,,,,,,,,,,,,,,,,,,,,
Matthew Stafford,LAR,QB,1114942,NYG,17,11,97,41,12,31,22,327,4,1,4,-1,-0.2,0,0,9.00,9,,,,,,,,,,,,,,,,,,,,,
Deshaun Watson,CLE,QB,2133482,@TB,6,11,29,16,21,30,24,238,2,0,7,22,3.1,0,0,8.00,8,,,,,,,,,,,,,,,,,,,,,
Dak Prescott,DAL,QB,1824864,WAS,31,14,100,84,5,31,26,279,4,0,4,26,6.5,0,0,8.00,8,,,,,,,,,,,,,,,,,,,,,
Jared Goff,DET,QB,2061053,@BUF,26,6,98,74,4,38,26,327,4,0,3,7,2.3,0,0,8.00,8,,,,,,,,,,,,,,,,,,,,,
Drew Lock,SEA,QB,2185479,@ARI,29,11,8,1,N/R,26,19,235,3,0,0,0,0.0,0,0,8.00,8,,,,,,,,,,,,,,,,,,,,,
Patrick Mahomes,KC,QB,2142052,IND,30,5,99,87,7,47,32,382,3,0,2,17,8.5,0,0,7.00,7,,,,,,,,,,,,,,,,,,,,,
Kirk Cousins,LV,QB,1272574,@LAC,22,13,28,11,N/R,29,19,253,3,1,4,1,0.2,0,0,7.00,7,,,,,,,,,,,,,,,,,,,,,
Brock Purdy,SF,QB,2961306,MIA,21,8,100,90,2,22,20,287,2,0,3,30,10.0,1,0,6.00,6,,,,,,,,,,,,,,,,,,,,,
Joe Burrow,CIN,QB,2179798,@HOU,25,6,100,69,8,31,20,207,2,0,1,-1,-1.0,0,0,6.00,6,,,,,,,,,,,,,,,,,,,,,
Malik Willis,MIA,QB,2804167,@SF,7,6,40,6,N/R,23,14,197,1,0,2,6,3.0,0,0,6.00,6,,,,,,,,,,,,,,,,,,,,,
Bryce Young,CAR,QB,3161957,@ATL,23,5,93,59,10,36,23,287,3,0,1,6,6.0,0,0,5.00,5,,,,,,,,,,,,,,,,,,,,,
Tyler Shough,NO,QB,2964064,@BAL,11,8,97,68,9,34,27,252,1,0,9,23,2.6,1,0,5.00,5,,,,,,,,,,,,,,,,,,,,,
Jalen Hurts,PHI,QB,2240246,@TEN,4,10,100,81,6,37,26,264,2,2,5,16,3.2,0,0,5.00,5,,,,,,,,,,,,,,,,,,,,,
Lamar Jackson,BAL,QB,2181169,NO,13,13,100,92,3,31,21,235,1,1,4,34,8.5,0,0,4.00,4,,,,,,,,,,,,,,,,,,,,,
C.J. Stroud,HOU,QB,3163079,CIN,27,8,76,36,17,55,30,353,0,0,3,29,9.7,0,0,4.00,4,,,,,,,,,,,,,,,,,,,,,
Geno Smith,NYJ,QB,1700358,GB,19,13,19,9,18,41,27,247,1,0,5,17,3.4,0,0,3.00,3,,,,,,,,,,,,,,,,,,,,,
Bo Nix,DEN,QB,3121193,JAC,10,10,83,21,24,31,22,288,1,1,5,6,1.2,0,0,3.00,3,,,,,,,,,,,,,,,,,,,,,
Cam Ward,TEN,QB,3168422,PHI,5,9,27,7,N/R,20,13,183,0,0,4,7,1.8,2,0,2.00,2,,,,,,,,,,,,,,,,,,,,,
Baker Mayfield,TB,QB,2080032,CLE,15,10,77,16,N/R,34,21,182,1,1,4,29,7.2,0,0,2.00,2,,,,,,,,,,,,,,,,,,,,,
Jordan Love,GB,QB,2239997,@NYJ,3,11,90,47,11,29,16,145,2,0,0,0,0.0,0,0,2.00,2,,,,,,,,,,,,,,,,,,,,,
Marcus Mariota,WAS,QB,1880862,@DAL,28,7,9,3,N/R,16,11,111,1,0,1,3,3.0,0,0,2.00,2,,,,,,,,,,,,,,,,,,,,,
Daniel Jones,IND,QB,2179245,@KC,2,13,41,7,N/R,31,22,210,1,1,3,10,3.3,0,0,2.00,2,,,,,,,,,,,,,,,,,,,,,
Drake Maye,NE,QB,26695757,PIT,9,11,98,46,16,22,14,208,0,1,4,17,4.2,0,0,1.00,1,,,,,,,,,,,,,,,,,,,,,
Jayden Daniels,WAS,QB,3123337,@DAL,28,7,87,3,N/R,17,11,96,1,0,7,69,9.9,0,0,1.00,1,,,,,,,,,,,,,,,,,,,,,
Justin Herbert,LAC,QB,2221960,LV,16,7,93,42,13,27,15,192,1,2,3,2,0.7,0,0,1.00,1,,,,,,,,,,,,,,,,,,,,,
Jacoby Brissett,ARI,QB,1877247,SEA,1,14,23,6,20,28,17,95,1,1,1,7,7.0,0,0,1.00,1,,,,,,,,,,,,,,,,,,,,,
Holton Ahlers,SEA,QB,2962387,@ARI,29,11,1,1,N/R,0,0,0,0,0,0,0,0.0,0,0,-,0,,,,,,,,,,,,,,,,,,,,,
Shedeur Sanders,CLE,QB,26710004,@TB,6,11,7,1,N/R,0,0,0,0,0,0,0,0.0,0,0,-,0,,,,,,,,,,,,,,,,,,,,,
Brandon Bridge,FA,QB,1776297,BYE,---,0,1,1,N/R,0,0,0,0,0,0,0,0.0,0,0,-,0,,,,,,,,,,,,,,,,,,,,,
Dillon Gabriel,CLE,QB,3121534,@TB,6,11,1,1,N/R,0,0,0,0,0,0,0,0.0,0,0,-,0,,,,,,,,,,,,,,,,,,,,,
Trevor Siemian,ATL,QB,2174210,CAR,18,11,1,0,N/R,0,0,0,0,0,0,0,0.0,0,0,-,0,,,,,,,,,,,,,,,,,,,,,
Kyron Drones,GB,QB,26698149,@NYJ,3,11,1,0,N/R,0,0,0,0,0,0,0,0.0,0,0,-,0,,,,,,,,,,,,,,,,,,,,,
J.J. McCarthy,MIN,QB,26695214,@CHI,24,6,3,1,N/R,0,0,0,0,0,0,0,0.0,0,0,-,0,,,,,,,,,,,,,,,,,,,,,
Manny Wilkins,GB,QB,2131504,@NYJ,3,11,1,1,N/R,0,0,0,0,0,0,0,0.0,0,0,-,0,,,,,,,,,,,,,,,,,,,,,
Chris Oladokun,KC,QB,2261701,IND,30,5,1,1,N/R,0,0,0,0,0,0,0,0.0,0,0,-,0,,,,,,,,,,,,,,,,,,,,,
Griffin Neal,NO,QB,2233463,@BAL,11,8,1,0,N/R,0,0,0,0,0,0,0,0.0,0,0,-,0,,,,,,,,,,,,,,,,,,,,,
Jarrett Stidham,DEN,QB,2180697,JAC,10,10,1,1,N/R,0,0,0,0,0,0,0,0.0,0,0,-,0,,,,,,,,,,,,,,,,,,,,,
Jamie Newman,PHI,QB,2223214,@TEN,4,10,1,1,N/R,0,0,0,0,0,0,0,0.0,0,0,-,0,,,,,,,,,,,,,,,,,,,,,
Tanner Mordecai,SF,QB,2965998,MIA,21,8,1,1,N/R,0,0,0,0,0,0,0,0.0,0,0,-,0,,,,,,,,,,,,,,,,,,,,,
Anthony Gordon,KC,QB,2251387,IND,30,5,1,1,N/R,0,0,0,0,0,0,0,0.0,0,0,-,0,,,,,,,,,,,,,,,,,,,,,
Ethan Garbers,CAR,QB,3162542,@ATL,23,5,1,1,N/R,0,0,0,0,0,0,0,0.0,0,0,-,0,,,,,,,,,,,,,,,,,,,,,
Jacob Sirmon,CLE,QB,2964138,@TB,6,11,0,0,N/R,0,0,0,0,0,0,0,0.0,0,0,-,0,,,,,,,,,,,,,,,,,,,,,
Ryan Aplin,FA,QB,1631205,BYE,---,0,1,1,N/R,0,0,0,0,0,0,0,0.0,0,0,-,0,,,,,,,,,,,,,,,,,,,,,
Seth Henigan,IND,QB,26697328,@KC,2,13,1,1,N/R,0,0,0,0,0,0,0,0.0,0,0,-,0,,,,,,,,,,,,,,,,,,,,,
Joshua Dobbs,DET,QB,2071844,@BUF,26,6,1,1,N/R,0,0,0,0,0,0,0,0.0,0,0,-,0,,,,,,,,,,,,,,,,,,,,,
Bailey Zappe,NYJ,QB,2866483,GB,19,13,1,1,N/R,0,0,0,0,0,0,0,0.0,0,0,-,0,,,,,,,,,,,,,,,,,,,,,
Jake Dolegala,MIA,QB,3117019,@SF,7,6,1,1,N/R,0,0,0,0,0,0,0,0.0,0,0,-,0,,,,,,,,,,,,,,,,,,,,,
Kedon Slovis,GB,QB,3123467,@NYJ,3,11,1,1,N/R,0,0,0,0,0,0,0,0.0,0,0,-,0,,,,,,,,,,,,,,,,,,,,,
Nate Sudfeld,SF,QB,2001862,MIA,21,8,1,0,N/R,0,0,0,0,0,0,0,0.0,0,0,-,0,,,,,,,,,,,,,,,,,,,,,
Nick Mullens,JAC,QB,2819104,@DEN,20,7,1,1,N/R,0,0,0,0,0,0,0,0.0,0,0,-,0,,,,,,,,,,,,,,,,,,,,,
Joey Aguilar,JAC,QB,29123610,@DEN,20,7,1,1,N/R,0,0,0,0,0,0,0,0.0,0,0,-,0,,,,,,,,,,,,,,,,,,,,,
Reid Sinnett,CIN,QB,3159194,@HOU,25,6,1,1,N/R,0,0,0,0,0,0,0,0.0,0,0,-,0,,,,,,,,,,,,,,,,,,,,,
Will Grier,CAR,QB,2131571,@ATL,23,5,1,1,N/R,0,0,0,0,0,0,0,0.0,0,0,-,0,,,,,,,,,,,,,,,,,,,,,
Jaren Hall,SEA,QB,2975722,@ARI,29,11,1,1,N/R,0,0,0,0,0,0,0,0.0,0,0,-,0,,,,,,,,,,,,,,,,,,,,,
Josh Love,CAR,QB,3159112,@ATL,23,5,0,0,N/R,0,0,0,0,0,0,0,0.0,0,0,-,0,,,,,,,,,,,,,,,,,,,,,
Dorian Thompson-Robinson,PHI,QB,2964729,@TEN,4,10,1,0,N/R,0,0,0,0,0,0,0,0.0,0,0,-,0,,,,,,,,,,,,,,,,,,,,,
Cam Miller,MIA,QB,3175318,@SF,7,6,1,1,N/R,0,0,0,0,0,0,0,0.0,0,0,-,0,,,,,,,,,,,,,,,,,,,,,
Graham Mertz,HOU,QB,3122664,CIN,27,8,1,1,N/R,0,0,0,0,0,0,0,0.0,0,0,-,0,,,,,,,,,,,,,,,,,,,,,
Carson Strong,ARI,QB,2963002,SEA,1,14,1,0,N/R,0,0,0,0,0,0,0,0.0,0,0,-,0,,,,,,,,,,,,,,,,,,,,,
Clayton Thorson,NYG,QB,2136556,@LAR,12,8,1,0,N/R,0,0,0,0,0,0,0,0.0,0,0,-,0,,,,,,,,,,,,,,,,,,,,,
Tua Tagovailoa,ATL,QB,2741209,CAR,18,11,7,1,N/R,0,0,0,0,0,0,0,0.0,0,0,-,0,,,,,,,,,,,,,,,,,,,,,
Jake Fromm,DET,QB,2803326,@BUF,26,6,1,0,N/R,0,0,0,0,0,0,0,0.0,0,0,-,0,,,,,,,,,,,,,,,,,,,,,
Brady Cook,MIA,QB,3163207,@SF,7,6,1,0,N/R,0,0,0,0,0,0,0,0.0,0,0,-,0,,,,,,,,,,,,,,,,,,,,,
Max Duggan,LAC,QB,3120848,LV,16,7,1,1,N/R,0,0,0,0,0,0,0,0.0,0,0,-,0,,,,,,,,,,,,,,,,,,,,,
Bryce Perkins,CAR,QB,3159114,@ATL,23,5,1,1,N/R,0,0,0,0,0,0,0,0.0,0,0,-,0,,,,,,,,,,,,,,,,,,,,,
Fernando Mendoza,LV,QB,28916321,@LAC,22,13,20,1,N/R,0,0,0,0,0,0,0,0.0,0,0,-,0,,,,,,,,,,,,,,,,,,,,,
Ben Wooldridge,NE,QB,2965115,PIT,9,11,1,1,N/R,0,0,0,0,0,0,0,0.0,0,0,-,0,,,,,,,,,,,,,,,,,,,,,
Jake Haener,NYG,QB,2815170,@LAR,12,8,1,1,N/R,0,0,0,0,0,0,0,0.0,0,0,-,0,,,,,,,,,,,,,,,,,,,,,
Mark Gronowski,HOU,QB,26719097,CIN,27,8,1,1,N/R,0,0,0,0,0,0,0,0.0,0,0,-,0,,,,,,,,,,,,,,,,,,,,,
Zach Wilson,NO,QB,2960892,@BAL,11,8,1,1,N/R,0,0,0,0,0,0,0,0.0,0,0,-,0,,,,,,,,,,,,,,,,,,,,,
DJ Uiagalelei,LAC,QB,3162292,LV,16,7,1,1,N/R,0,0,0,0,0,0,0,0.0,0,0,-,0,,,,,,,,,,,,,,,,,,,,,
Sam Darnold,SEA,QB,2180320,@ARI,29,11,66,21,19,0,0,0,0,0,0,0,0.0,0,0,-,0,,,,,,,,,,,,,,,,,,,,,
Dustin Crum,KC,QB,2867334,IND,30,5,1,0,N/R,0,0,0,0,0,0,0,0.0,0,0,-,0,,,,,,,,,,,,,,,,,,,,,
Jalen Milroe,SEA,QB,26694943,@ARI,29,11,2,0,N/R,0,0,0,0,0,0,0,0.0,0,0,-,0,,,,,,,,,,,,,,,,,,,,,
Chad Kanoff,TB,QB,2092376,CLE,15,10,1,1,N/R,0,0,0,0,0,0,0,0.0,0,0,-,0,,,,,,,,,,,,,,,,,,,,,
Brett Gabbert,MIA,QB,3123271,@SF,7,6,1,1,N/R,0,0,0,0,0,0,0,0.0,0,0,-,0,,,,,,,,,,,,,,,,,,,,,
K.J. Costello,NO,QB,2251134,@BAL,11,8,1,0,N/R,0,0,0,0,0,0,0,0.0,0,0,-,0,,,,,,,,,,,,,,,,,,,,,
Kenny Pickett,CAR,QB,2804969,@ATL,23,5,1,1,N/R,0,0,0,0,0,1,-4,-4.0,0,0,0.00,0,,,,,,,,,,,,,,,,,,,,,
Carson Wentz,MIN,QB,1907522,@CHI,24,6,5,1,N/R,20,11,143,0,0,3,6,2.0,0,0,0.00,0,,,,,,,,,,,,,,,,,,,,,
Austin Reed,BAL,QB,2967693,NO,13,13,1,0,N/R,0,0,0,0,0,0,0,0.0,0,0,-,0,,,,,,,,,,,,,,,,,,,,,
James Morgan,ARI,QB,2180077,SEA,1,14,1,1,N/R,0,0,0,0,0,0,0,0.0,0,0,-,0,,,,,,,,,,,,,,,,,,,,,
Jalen Morton,IND,QB,3159098,@KC,2,13,1,1,N/R,0,0,0,0,0,0,0,0.0,0,0,-,0,,,,,,,,,,,,,,,,,,,,,
Matt Corral,MIN,QB,2961962,@CHI,24,6,1,1,N/R,0,0,0,0,0,0,0,0.0,0,0,-,0,,,,,,,,,,,,,,,,,,,,,
Collin Klein,FA,QB,1630750,BYE,---,0,1,1,N/R,0,0,0,0,0,0,0,0.0,0,0,-,0,,,,,,,,,,,,,,,,,,,,,
Case Cookus,LAR,QB,2194263,NYG,17,11,1,1,N/R,0,0,0,0,0,0,0,0.0,0,0,-,0,,,,,,,,,,,,,,,,,,,,,
Clayton Tune,GB,QB,2964808,@NYJ,3,11,1,1,N/R,0,0,0,0,0,0,0,0.0,0,0,-,0,,,,,,,,,,,,,,,,,,,,,
J.T. Barrett,PIT,QB,2060760,@NE,8,9,1,1,N/R,0,0,0,0,0,0,0,0.0,0,0,-,0,,,,,,,,,,,,,,,,,,,,,
Austin Aune,ATL,QB,2053471,CAR,18,11,1,0,N/R,0,0,0,0,0,0,0,0.0,0,0,-,0,,,,,,,,,,,,,,,,,,,,,
Casey Bauman,LAC,QB,2965414,LV,16,7,1,1,N/R,0,0,0,0,0,0,0,0.0,0,0,-,0,,,,,,,,,,,,,,,,,,,,,
Nick Stevens,DEN,QB,2927394,JAC,10,10,1,1,N/R,0,0,0,0,0,0,0,0.0,0,0,-,0,,,,,,,,,,,,,,,,,,,,,
Kyler Murray,MIN,QB,2180829,@CHI,24,6,77,27,15,0,0,0,0,0,0,0,0.0,0,0,-,0,,,,,,,,,,,,,,,,,,,,,
Drew Plitt,CIN,QB,2252376,@HOU,25,6,1,1,N/R,0,0,0,0,0,0,0,0.0,0,0,-,0,,,,,,,,,,,,,,,,,,,,,
Carson Beck,ARI,QB,3163129,SEA,1,14,5,1,N/R,0,0,0,0,0,0,0,0.0,0,0,-,0,,,,,,,,,,,,,,,,,,,,,
Jake Browning,TB,QB,2180355,CLE,15,10,1,1,N/R,0,0,0,0,0,0,0,0.0,0,0,-,0,,,,,,,,,,,,,,,,,,,,,
Luke Altmyer,DET,QB,26701853,@BUF,26,6,1,1,N/R,0,0,0,0,0,0,0,0.0,0,0,-,0,,,,,,,,,,,,,,,,,,,,,
Connor Bazelak,TB,QB,3123601,CLE,15,10,1,1,N/R,0,0,0,0,0,0,0,0.0,0,0,-,0,,,,,,,,,,,,,,,,,,,,,
Rocky Lombardi,CIN,QB,2867061,@HOU,25,6,1,1,N/R,0,0,0,0,0,0,0,0.0,0,0,-,0,,,,,,,,,,,,,,,,,,,,,
Adrian Martinez,SF,QB,2966360,MIA,21,8,1,0,N/R,0,0,0,0,0,0,0,0.0,0,0,-,0,,,,,,,,,,,,,,,,,,,,,
Quinn Ewers,JAC,QB,26746721,@DEN,20,7,1,1,N/R,0,0,0,0,0,0,0,0.0,0,0,-,0,,,,,,,,,,,,,,,,,,,,,
Jimmy Garoppolo,LAR,QB,1760229,NYG,17,11,1,1,N/R,0,0,0,0,0,0,0,0.0,0,0,-,0,,,,,,,,,,,,,,,,,,,,,
Jack Coan,IND,QB,2804446,@KC,2,13,1,1,N/R,0,0,0,0,0,0,0,0.0,0,0,-,0,,,,,,,,,,,,,,,,,,,,,
Jalon Daniels,TB,QB,3166688,CLE,15,10,1,1,N/R,0,0,0,0,0,0,0,0.0,0,0,-,0,,,,,,,,,,,,,,,,,,,,,
Nolan Henderson,BAL,QB,2816145,NO,13,13,1,1,N/R,0,0,0,0,0,0,0,0.0,0,0,-,0,,,,,,,,,,,,,,,,,,,,,
Chase Litton,JAC,QB,2182351,@DEN,20,7,1,0,N/R,0,0,0,0,0,0,0,0.0,0,0,-,0,,,,,,,,,,,,,,,,,,,,,
Kyle Trask,CAR,QB,2221839,@ATL,23,5,1,0,N/R,0,0,0,0,0,0,0,0.0,0,0,-,0,,,,,,,,,,,,,,,,,,,,,
Phillip Sims,SEA,QB,2175073,@ARI,29,11,1,0,N/R,0,0,0,0,0,0,0,0.0,0,0,-,0,,,,,,,,,,,,,,,,,,,,,
Dresser Winn,LAR,QB,2828767,NYG,17,11,1,1,N/R,0,0,0,0,0,0,0,0.0,0,0,-,0,,,,,,,,,,,,,,,,,,,,,
Anthony Richardson,IND,QB,3163263,@KC,2,13,2,1,N/R,0,0,0,0,0,0,0,0.0,0,0,-,0,,,,,,,,,,,,,,,,,,,,,
Ben Bryant,NYJ,QB,2961091,GB,19,13,1,1,N/R,0,0,0,0,0,0,0,0.0,0,0,-,0,,,,,,,,,,,,,,,,,,,,,
Cade Klubnik,NYJ,QB,28874636,GB,19,13,2,1,N/R,0,0,0,0,0,0,0,0.0,0,0,-,0,,,,,,,,,,,,,,,,,,,,,
Jack Plummer,CAR,QB,2961162,@ATL,23,5,1,1,N/R,0,0,0,0,0,0,0,0.0,0,0,-,0,,,,,,,,,,,,,,,,,,,,,
Devin Leary,BAL,QB,2964337,NO,13,13,1,0,N/R,0,0,0,0,0,0,0,0.0,0,0,-,0,,,,,,,,,,,,,,,,,,,,,
Matthew Caldwell,LAR,QB,26724746,NYG,17,11,1,1,N/R,0,0,0,0,0,0,0,0.0,0,0,-,0,,,,,,,,,,,,,,,,,,,,,
Mac Jones,SF,QB,2741202,MIA,21,8,3,1,N/R,0,0,0,0,0,2,-2,-1.0,0,0,0.00,0,,,,,,,,,,,,,,,,,,,,,
Caleb Williams,CHI,QB,26695775,MIN,14,10,98,2,N/R,26,15,138,0,1,5,42,8.4,0,0,0.00,0,,,,,,,,,,,,,,,,,,,,,
Jordan Ta'amu-Perifanos,MIN,QB,2758265,@CHI,24,6,1,0,N/R,0,0,0,0,0,0,0,0.0,0,0,-,0,,,,,,,,,,,,,,,,,,,,,
Tim Boyle,TEN,QB,2071997,PHI,5,9,1,0,N/R,0,0,0,0,0,0,0,0.0,0,0,-,0,,,,,,,,,,,,,,,,,,,,,
Hendon Hooker,TEN,QB,2805110,PHI,5,9,1,0,N/R,0,0,0,0,0,0,0,0.0,0,0,-,0,,,,,,,,,,,,,,,,,,,,,
Case Keenum,CHI,QB,1137118,MIN,14,10,3,1,N/R,0,0,0,0,0,0,0,0.0,0,0,-,0,,,,,,,,,,,,,,,,,,,,,
Ryan Williams,GB,QB,2219913,@NYJ,3,11,1,1,N/R,0,0,0,0,0,0,0,0.0,0,0,-,0,,,,,,,,,,,,,,,,,,,,,
Kyle Shurmur,WAS,QB,2180561,@DAL,28,7,1,0,N/R,0,0,0,0,0,0,0,0.0,0,0,-,0,,,,,,,,,,,,,,,,,,,,,
Zack Annexstad,TB,QB,2961799,CLE,15,10,1,1,N/R,0,0,0,0,0,0,0,0.0,0,0,-,0,,,,,,,,,,,,,,,,,,,,,
Justin Fields,KC,QB,1273205,IND,30,5,3,1,N/R,0,0,0,0,0,0,0,0.0,0,0,-,0,,,,,,,,,,,,,,,,,,,,,
Jack Strand,ATL,QB,50048640,CAR,18,11,1,0,N/R,15,8,59,0,1,2,16,8.0,0,1,0.00,0,,,,,,,,,,,,,,,,,,,,,
Derek Carr,NO,QB,1664819,@BAL,11,8,1,1,N/R,0,0,0,0,0,0,0,0.0,0,0,-,0,,,,,,,,,,,,,,,,,,,,,
Tanner McKee,PHI,QB,2963945,@TEN,4,10,1,1,N/R,0,0,0,0,0,0,0,0.0,0,0,-,0,,,,,,,,,,,,,,,,,,,,,
Cody Fajardo,LV,QB,1749732,@LAC,22,13,1,1,N/R,0,0,0,0,0,0,0,0.0,0,0,-,0,,,,,,,,,,,,,,,,,,,,,
Colby Suits,NYJ,QB,2966664,GB,19,13,1,1,N/R,0,0,0,0,0,0,0,0.0,0,0,-,0,,,,,,,,,,,,,,,,,,,,,
Kenji Bahar,BAL,QB,2182974,NO,13,13,1,1,N/R,0,0,0,0,0,0,0,0.0,0,0,-,0,,,,,,,,,,,,,,,,,,,,,
Jason Bean,IND,QB,2962302,@KC,2,13,1,1,N/R,0,0,0,0,0,0,0,0.0,0,0,-,0,,,,,,,,,,,,,,,,,,,,,
Spencer Rattler,NO,QB,3125863,@BAL,11,8,1,1,N/R,0,0,0,0,0,0,0,0.0,0,0,-,0,,,,,,,,,,,,,,,,,,,,,
Michael Pratt,TB,QB,3163083,CLE,15,10,1,1,N/R,0,0,0,0,0,0,0,0.0,0,0,-,0,,,,,,,,,,,,,,,,,,,,,
Jaxson Dart,NYG,QB,26694019,@LAR,12,8,35,1,N/R,5,3,20,0,0,0,0,0.0,0,0,0.00,0,,,,,,,,,,,,,,,,,,,,,
Athan Kaliakmanis,WAS,QB,26700919,@DAL,28,7,1,1,N/R,0,0,0,0,0,0,0,0.0,0,0,-,0,,,,,,,,,,,,,,,,,,,,,
Andy Dalton,PHI,QB,1125961,@TEN,4,10,1,1,N/R,0,0,0,0,0,0,0,0.0,0,0,-,0,,,,,,,,,,,,,,,,,,,,,
Luis Perez,LAC,QB,2927085,LV,16,7,1,0,N/R,0,0,0,0,0,0,0,0.0,0,0,-,0,,,,,,,,,,,,,,,,,,,,,
Will Howard,PIT,QB,3162310,@NE,8,9,1,1,N/R,0,0,0,0,0,0,0,0.0,0,0,-,0,,,,,,,,,,,,,,,,,,,,,
Tim DeMorat,WAS,QB,2966739,@DAL,28,7,1,1,N/R,0,0,0,0,0,0,0,0.0,0,0,-,0,,,,,,,,,,,,,,,,,,,,,
Matt Johnson,CIN,QB,1851039,@HOU,25,6,1,1,N/R,0,0,0,0,0,0,0,0.0,0,0,-,0,,,,,,,,,,,,,,,,,,,,,
Josh Woodrum,WAS,QB,1893731,@DAL,28,7,1,1,N/R,0,0,0,0,0,0,0,0.0,0,0,-,0,,,,,,,,,,,,,,,,,,,,,
Jacob Clark,LV,QB,3123588,@LAC,22,13,0,0,N/R,0,0,0,0,0,0,0,0.0,0,0,-,0,,,,,,,,,,,,,,,,,,,,,
James Blackman,MIA,QB,2866514,@SF,7,6,1,0,N/R,0,0,0,0,0,0,0,0.0,0,0,-,0,,,,,,,,,,,,,,,,,,,,,
Tanner Morgan,MIN,QB,2804401,@CHI,24,6,1,1,N/R,0,0,0,0,0,0,0,0.0,0,0,-,0,,,,,,,,,,,,,,,,,,,,,
Mason Rudolph,PIT,QB,2131167,@NE,8,9,1,1,N/R,1,0,0,0,0,1,3,3.0,0,0,0.00,0,,,,,,,,,,,,,,,,,,,,,
Taylen Green,CLE,QB,26697553,@TB,6,11,1,1,N/R,0,0,0,0,0,0,0,0.0,0,0,-,0,,,,,,,,,,,,,,,,,,,,,
Shane Buechele,BUF,QB,2240307,DET,32,7,1,0,N/R,0,0,0,0,0,0,0,0.0,0,0,-,0,,,,,,,,,,,,,,,,,,,,,
Skylar Thompson,BAL,QB,2239649,NO,13,13,1,0,N/R,0,0,0,0,0,0,0,0.0,0,0,-,0,,,,,,,,,,,,,,,,,,,,,
Joe Milton III,DAL,QB,2962193,WAS,31,14,1,1,N/R,0,0,0,0,0,0,0,0.0,0,0,-,0,,,,,,,,,,,,,,,,,,,,,
Eric Dungey,CIN,QB,3116821,@HOU,25,6,0,0,N/R,0,0,0,0,0,0,0,0.0,0,0,-,0,,,,,,,,,,,,,,,,,,,,,
Drew Allar,PIT,QB,28876938,@NE,8,9,3,1,N/R,0,0,0,0,0,0,0,0.0,0,0,-,0,,,,,,,,,,,,,,,,,,,,,
Mitch Trubisky,TEN,QB,2060476,PHI,5,9,1,1,N/R,0,0,0,0,0,0,0,0.0,0,0,-,0,,,,,,,,,,,,,,,,,,,,,
Trevor Lawrence,JAC,QB,2967185,@DEN,20,7,99,59,14,29,17,189,0,1,2,6,3.0,0,0,0.00,0,,,,,,,,,,,,,,,,,,,,,
Cole McDonald,ARI,QB,2257005,SEA,1,14,1,0,N/R,0,0,0,0,0,0,0,0.0,0,0,-,0,,,,,,,,,,,,,,,,,,,,,
Sean Clifford,CIN,QB,2868998,@HOU,25,6,1,0,N/R,0,0,0,0,0,0,0,0.0,0,0,-,0,,,,,,,,,,,,,,,,,,,,,
Davis Mills,HOU,QB,2867381,CIN,27,8,1,1,N/R,0,0,0,0,0,0,0,0.0,0,0,-,0,,,,,,,,,,,,,,,,,,,,,
Brian Lewerke,NYG,QB,2186429,@LAR,12,8,0,0,N/R,0,0,0,0,0,0,0,0.0,0,0,-,0,,,,,,,,,,,,,,,,,,,,,
Tyson Bagent,CHI,QB,29081346,MIN,14,10,4,1,N/R,9,5,54,0,0,0,0,0.0,0,0,0.00,0,,,,,,,,,,,,,,,,,,,,,
Levi Lewis,SEA,QB,2819874,@ARI,29,11,1,0,N/R,0,0,0,0,0,0,0,0.0,0,0,-,0,,,,,,,,,,,,,,,,,,,,,
Steven Montez,DET,QB,2185536,@BUF,26,6,1,1,N/R,0,0,0,0,0,0,0,0.0,0,0,-,0,,,,,,,,,,,,,,,,,,,,,
Cole Payton,PHI,QB,26725861,@TEN,4,10,1,1,N/R,0,0,0,0,0,0,0,0.0,0,0,-,0,,,,,,,,,,,,,,,,,,,,,
Jarrett Guarantano,DEN,QB,2247508,JAC,10,10,1,1,N/R,0,0,0,0,0,0,0,0.0,0,0,-,0,,,,,,,,,,,,,,,,,,,,,
Nick Fitzgerald,TB,QB,2131743,CLE,15,10,1,1,N/R,0,0,0,0,0,0,0,0.0,0,0,-,0,,,,,,,,,,,,,,,,,,,,,
Aidan O'Connell,LV,QB,2868716,@LAC,22,13,1,1,N/R,0,0,0,0,0,0,0,0.0,0,0,-,0,,,,,,,,,,,,,,,,,,,,,
Davis Cheek,CAR,QB,2816170,@ATL,23,5,0,0,N/R,0,0,0,0,0,0,0,0.0,0,0,-,0,,,,,,,,,,,,,,,,,,,,,
Teddy Bridgewater,DET,QB,1825122,@BUF,26,6,1,1,N/R,0,0,0,0,0,0,0,0.0,0,0,-,0,,,,,,,,,,,,,,,,,,,,,
Gardner Minshew,ARI,QB,2183083,SEA,1,14,1,1,N/R,0,0,0,0,0,0,0,0.0,0,0,-,0,,,,,,,,,,,,,,,,,,,,,
Ryan Willis,CHI,QB,2179571,MIN,14,10,0,0,N/R,0,0,0,0,0,0,0,0.0,0,0,-,0,,,,,,,,,,,,,,,,,,,,,
C.J. Beathard,DET,QB,1998463,@BUF,26,6,1,0,N/R,0,0,0,0,0,0,0,0.0,0,0,-,0,,,,,,,,,,,,,,,,,,,,,
D'Eriq King,CAR,QB,2247544,@ATL,23,5,1,1,N/R,0,0,0,0,0,0,0,0.0,0,0,-,0,,,,,,,,,,,,,,,,,,,,,
Will Levis,NYJ,QB,2964377,GB,19,13,1,1,N/R,0,0,0,0,0,0,0,0.0,0,0,-,0,,,,,,,,,,,,,,,,,,,,,
Diego Pavia,BAL,QB,28873851,NO,13,13,1,1,N/R,0,0,0,0,0,0,0,0.0,0,0,-,0,,,,,,,,,,,,,,,,,,,,,
Jeff Driskel,WAS,QB,1824745,@DAL,28,7,1,1,N/R,0,0,0,0,0,0,0,0.0,0,0,-,0,,,,,,,,,,,,,,,,,,,,,
Sam Hartman,WAS,QB,2965037,@DAL,28,7,1,0,N/R,0,0,0,0,0,0,0,0.0,0,0,-,0,,,,,,,,,,,,,,,,,,,,,
Emory Jones,ATL,QB,2967045,CAR,18,11,1,1,N/R,0,0,0,0,0,0,0,0.0,0,0,-,0,,,,,,,,,,,,,,,,,,,,,
Mike White,CAR,QB,2072143,@ATL,23,5,1,0,N/R,0,0,0,0,0,0,0,0.0,0,0,-,0,,,,,,,,,,,,,,,,,,,,,
Michael Penix Jr.,ATL,QB,2963496,CAR,18,11,18,4,23,0,0,0,0,0,0,0,0.0,0,0,-,0,,,,,,,,,,,,,,,,,,,,,
Logan Woodside,ARI,QB,2060999,SEA,1,14,1,0,N/R,0,0,0,0,0,0,0,0.0,0,0,-,0,,,,,,,,,,,,,,,,,,,,,
Joe Flacco,CIN,QB,1250697,@HOU,25,6,2,1,N/R,0,0,0,0,0,0,0,0.0,0,0,-,0,,,,,,,,,,,,,,,,,,,,,
Dalyn Williams,CHI,QB,2241450,MIN,14,10,1,1,N/R,0,0,0,0,0,0,0,0.0,0,0,-,0,,,,,,,,,,,,,,,,,,,,,
Andrew Peasley,NYJ,QB,2966161,GB,19,13,1,1,N/R,0,0,0,0,0,0,0,0.0,0,0,-,0,,,,,,,,,,,,,,,,,,,,,
Kyle McCord,MIA,QB,26702687,@SF,7,6,1,1,N/R,0,0,0,0,0,0,0,0.0,0,0,-,0,,,,,,,,,,,,,,,,,,,,,
Tyler Huntley,BAL,QB,3159137,NO,13,13,1,1,N/R,0,0,0,0,0,0,0,0.0,0,0,-,0,,,,,,,,,,,,,,,,,,,,,
Garrett Nussmeier,KC,QB,26701706,IND,30,5,1,1,N/R,0,0,0,0,0,0,0,0.0,0,0,-,0,,,,,,,,,,,,,,,,,,,,,
John Paddock,ATL,QB,2963887,CAR,18,11,0,0,N/R,0,0,0,0,0,0,0,0.0,0,0,-,0,,,,,,,,,,,,,,,,,,,,,
Tommy DeVito,NE,QB,2865426,PIT,9,11,1,1,N/R,0,0,0,0,0,0,0,0.0,0,0,-,0,,,,,,,,,,,,,,,,,,,,,
Kurtis Rourke,SF,QB,3122216,MIA,21,8,1,1,N/R,0,0,0,0,0,0,0,0.0,0,0,-,0,,,,,,,,,,,,,,,,,,,,,
Chase Garbers,LV,QB,2770158,@LAC,22,13,1,1,N/R,0,0,0,0,0,0,0,0.0,0,0,-,0,,,,,,,,,,,,,,,,,,,,,
Ty Simpson,LAR,QB,28878532,NYG,17,11,6,1,N/R,0,0,0,0,0,0,0,0.0,0,0,-,0,,,,,,,,,,,,,,,,,,,,,
Chevan Cordeiro,SEA,QB,2968919,@ARI,29,11,0,0,N/R,0,0,0,0,0,0,0,0.0,0,0,-,0,,,,,,,,,,,,,,,,,,,,,
Russell Wilson,NYG,QB,1272242,@LAR,12,8,1,1,N/R,0,0,0,0,0,0,0,0.0,0,0,-,0,,,,,,,,,,,,,,,,,,,,,
Payton Thorne,CIN,QB,3132633,@HOU,25,6,1,1,N/R,0,0,0,0,0,0,0,0.0,0,0,-,0,,,,,,,,,,,,,,,,,,,,,
Sam Howell,DAL,QB,3123797,WAS,31,14,1,1,N/R,0,0,0,0,0,0,0,0.0,0,0,-,0,,,,,,,,,,,,,,,,,,,,,
Taylor Elgersma,GB,QB,29675766,@NYJ,3,11,1,1,N/R,0,0,0,0,0,0,0,0.0,0,0,-,0,,,,,,,,,,,,,,,,,,,,,
Behren Morton,NE,QB,26696177,PIT,9,11,1,0,N/R,0,0,0,0,0,0,0,0.0,0,0,-,0,,,,,,,,,,,,,,,,,,,,,
E.J. Perry,JAC,QB,2804090,@DEN,20,7,1,1,N/R,0,0,0,0,0,0,0,0.0,0,0,-,0,,,,,,,,,,,,,,,,,,,,,
Desmond Ridder,GB,QB,2864759,@NYJ,3,11,1,1,N/R,0,0,0,0,0,0,0,0.0,0,0,-,0,,,,,,,,,,,,,,,,,,,,,
Aaron Rodgers,PIT,QB,419780,@NE,8,9,15,2,N/R,39,23,187,0,1,1,5,5.0,0,1,0.00,0,,,,,,,,,,,,,,,,,,,,,
Philip Rivers,IND,QB,493041,@KC,2,13,1,1,N/R,0,0,0,0,0,0,0,0.0,0,0,-,0,,,,,,,,,,,,,,,,,,,,,
Brandon Allen,NYG,QB,1852876,@LAR,12,8,1,1,N/R,0,0,0,0,0,0,0,0.0,0,0,-,0,,,,,,,,,,,,,,,,,,,,,
Felix Harper,CLE,QB,2261052,@TB,6,11,0,0,N/R,0,0,0,0,0,0,0,0.0,0,0,-,0,,,,,,,,,,,,,,,,,,,,,
Trey Lance,LAC,QB,2969444,LV,16,7,1,1,N/R,0,0,0,0,0,0,0,0.0,0,0,-,0,,,,,,,,,,,,,,,,,,,,,
John Wolford,MIN,QB,2983467,@CHI,24,6,1,1,N/R,0,0,0,0,0,0,0,0.0,0,0,-,0,,,,,,,,,,,,,,,,,,,,,
Taryn Christion,PIT,QB,2183276,@NE,8,9,1,0,N/R,0,0,0,0,0,0,0,0.0,0,0,-,0,,,,,,,,,,,,,,,,,,,,,
Jameis Winston,NYG,QB,1998197,@LAR,12,8,16,5,22,27,11,111,0,1,2,1,0.5,0,0,0.00,0,,,,,,,,,,,,,,,,,,,,,
Sam Ehlinger,DEN,QB,2803330,JAC,10,10,1,1,N/R,0,0,0,0,0,0,0,0.0,0,0,-,0,,,,,,,,,,,,,,,,,,,,,
Gavin Hardison,MIA,QB,3133986,@SF,7,6,1,1,N/R,0,0,0,0,0,0,0,0.0,0,0,-,0,,,,,,,,,,,,,,,,,,,,,
Josh Johnson,CIN,QB,1325808,@HOU,25,6,1,1,N/R,0,0,0,0,0,0,0,0.0,0,0,-,0,,,,,,,,,,,,,,,,,,,,,
Nathan Rourke,ATL,QB,2818390,CAR,18,11,1,0,N/R,0,0,0,0,0,0,0,0.0,0,0,-,0,,,,,,,,,,,,,,,,,,,,,
Brett Rypien,HOU,QB,2181392,CIN,27,8,1,0,N/R,0,0,0,0,0,0,0,0.0,0,0,-,0,,,,,,,,,,,,,,,,,,,,,
Alex McGough,GB,QB,2132602,@NYJ,3,11,1,1,N/R,0,0,0,0,0,0,0,0.0,0,0,-,0,,,,,,,,,,,,,,,,,,,,,
Drew Anderson,ARI,QB,3117010,SEA,1,14,1,1,N/R,0,0,0,0,0,0,0,0.0,0,0,-,0,,,,,,,,,,,,,,,,,,,,,
Nate Stanley,MIN,QB,2251110,@CHI,24,6,1,1,N/R,0,0,0,0,0,0,0,0.0,0,0,-,0,,,,,,,,,,,,,,,,,,,,,
Haynes King,CAR,QB,3162966,@ATL,23,5,1,1,N/R,0,0,0,0,0,0,0,0.0,0,0,-,0,,,,,,,,,,,,,,,,,,,,,
Hunter Dekkers,NO,QB,3164837,@BAL,11,8,1,1,N/R,0,0,0,0,0,0,0,0.0,0,0,-,0,,,,,,,,,,,,,,,,,,,,,
Max Brosmer,MIN,QB,3122489,@CHI,24,6,1,0,N/R,0,0,0,0,0,0,0,0.0,0,0,-,0,,,,,,,,,,,,,,,,,,,,,
Kyle Allen,BUF,QB,2131782,DET,32,7,1,1,N/R,0,0,0,0,0,0,0,0.0,0,0,-,0,,,,,,,,,,,,,,,,,,,,,
Ben DiNucci,DEN,QB,2179411,JAC,10,10,1,1,N/R,0,0,0,0,0,0,0,0.0,0,0,-,0,,,,,,,,,,,,,,,,,,,,,
Stetson Bennett,LAR,QB,2871628,NYG,17,11,1,1,N/R,0,0,0,0,0,0,0,0.0,0,0,-,0,,,,,,,,,,,,,,,,,,,,,
Taylor Heinicke,LAC,QB,2174914,LV,16,7,1,1,N/R,0,0,0,0,0,0,0,0.0,0,0,-,0,,,,,,,,,,,,,,,,,,,,,
Miller Moss,CHI,QB,26696204,MIN,14,10,1,1,N/R,0,0,0,0,0,0,0,0.0,0,0,-,0,,,,,,,,,,,,,,,,,,,,,
Easton Stick,TB,QB,2137911,CLE,15,10,1,1,N/R,0,0,0,0,0,0,0,0.0,0,0,-,0,,,,,,,,,,,,,,,,,,,,,
Danny Etling,GB,QB,2060804,@NYJ,3,11,1,1,N/R,0,0,0,0,0,0,0,0.0,0,0,-,0,,,,,,,,,,,,,,,,,,,,,
Cole Kelley,WAS,QB,2247069,@DAL,28,7,1,1,N/R,0,0,0,0,0,0,0,0.0,0,0,-,0,,,,,,,,,,,,,,,,,,,,,
Kyle Sloter,JAC,QB,2820013,@DEN,20,7,1,1,N/R,0,0,0,0,0,0,0,0.0,0,0,-,0,,,,,,,,,,,,,,,,,,,,,
Brandon Peters,LAC,QB,2239738,LV,16,7,1,1,N/R,0,0,0,0,0,0,0,0.0,0,0,-,0,,,,,,,,,,,,,,,,,,,,,
Tyrod Taylor,GB,QB,1243338,@NYJ,3,11,1,1,N/R,0,0,0,0,0,0,0,0.0,0,0,-,0,,,,,,,,,,,,,,,,,,,,,
Cooper Rush,ATL,QB,2000176,CAR,18,11,1,1,N/R,17,10,86,0,2,2,20,10.0,0,1,0.00,0,,,,,,,,,,,,,,,,,,,,,
Joe Fagnano,BAL,QB,3121127,NO,13,13,1,1,N/R,0,0,0,0,0,0,0,0.0,0,0,-,0,,,,,,,,,,,,,,,,,,,,,
Kelly Bryant,FA,QB,2179210,BYE,---,0,1,1,N/R,0,0,0,0,0,0,0,0.0,0,0,-,0,,,,,,,,,,,,,,,,,,,,,
Riley Leonard,IND,QB,26699092,@KC,2,13,1,0,N/R,0,0,0,0,0,0,0,0.0,0,0,-,0,,,,,,,,,,,,,,,,,,,,,
Carter Bradley,JAC,QB,2961526,@DEN,20,7,1,0,N/R,0,0,0,0,0,0,0,0.0,0,0,-,0,,,,,,,,,,,,,,,,,,,,,
Jonathan Taylor,IND,RB,2866395,@KC,9,13,100,100,4,,,92,2,,24,40,3.8,0,0,10.0,8,4,4,8.00,,,,,,,,,,,,,,,,,,
Kenneth Walker III,KC,RB,3121372,IND,27,5,100,100,2,,,117,0,,24,61,4.9,0,0,10.2,6,10,6,6.00,,,,,,,,,,,,,,,,,,
TreVeyon Henderson,NE,RB,26699547,PIT,21,11,99,49,30,,,76,1,,16,0,4.8,0,0,0.0,5,0,0,5.00,,,,,,,,,,,,,,,,,,
James Cook III,BUF,RB,2975698,DET,8,7,100,100,6,,,135,1,,21,4,6.4,0,0,4.0,5,3,1,5.00,,,,,,,,,,,,,,,,,,
Jahmyr Gibbs,DET,RB,3162723,@BUF,25,6,100,100,1,,,52,0,,16,61,3.2,1,0,10.2,4,8,6,4.00,,,,,,,,,,,,,,,,,,
Omarion Hampton,LAC,RB,28908905,LV,14,7,100,98,9,,,94,1,,23,21,4.1,0,1,10.5,4,2,2,4.00,,,,,,,,,,,,,,,,,,
Kyren Williams,LAR,RB,3121836,NYG,18,11,100,93,16,,,85,0,,12,12,7.1,1,1,6.0,3,2,2,3.00,,,,,,,,,,,,,,,,,,
De'Von Achane,MIA,RB,3171161,@SF,23,6,100,97,17,,,74,0,,20,19,3.7,0,0,6.3,2,6,3,2.00,,,,,,,,,,,,,,,,,,
Bucky Irving,TB,RB,26693770,CLE,10,10,100,84,15,,,89,0,,17,1,5.2,0,0,0.2,2,4,4,2.00,,,,,,,,,,,,,,,,,,
Emanuel Wilson,SEA,RB,29104952,@ARI,17,11,53,5,40,,,92,0,,21,0,4.4,0,0,0.0,2,1,0,2.00,,,,,,,,,,,,,,,,,,
Aaron Jones,MIN,RB,2071937,@CHI,26,6,97,54,22,,,105,0,,23,0,4.6,0,0,0.0,2,0,0,2.00,,,,,,,,,,,,,,,,,,
Christian McCaffrey,SF,RB,2136743,MIA,29,8,100,100,5,,,23,2,,10,43,2.3,0,0,10.8,2,4,4,2.00,,,,,,,,,,,,,,,,,,
Breece Hall,NYJ,RB,3123469,GB,30,13,100,94,11,,,29,0,,16,63,1.8,0,0,12.6,2,5,5,2.00,,,,,,,,,,,,,,,,,,
Blake Corum,LAR,RB,3169252,NYG,18,11,94,13,36,,,79,0,,12,13,6.6,0,0,13.0,2,1,1,2.00,,,,,,,,,,,,,,,,,,
Derrick Henry,BAL,RB,2061188,NO,28,13,100,100,7,,,68,1,,16,19,4.2,0,0,6.3,2,3,3,2.00,,,,,,,,,,,,,,,,,,
D'Andre Swift,CHI,RB,2871710,MIN,4,10,100,89,14,,,45,0,,16,54,2.8,0,1,10.8,2,6,5,2.00,,,,,,,,,,,,,,,,,,
Kyle Juszczyk,SF,RB,1683145,MIA,29,8,2,1,N/R,,,0,0,,0,27,0.0,1,0,13.5,1,2,2,1.00,,,,,,,,,,,,,,,,,,
Jonah Coleman,DEN,RB,28877250,JAC,6,10,69,1,N/R,,,39,1,,10,19,3.9,0,0,6.3,1,3,3,1.00,,,,,,,,,,,,,,,,,,
Tank Bigsby,PHI,RB,3162021,@TEN,22,10,67,3,43,,,33,1,,13,5,2.5,0,0,2.5,1,2,2,1.00,,,,,,,,,,,,,,,,,,
Bijan Robinson,ATL,RB,3168163,CAR,32,11,100,100,3,,,72,0,,16,9,4.5,0,0,3.0,1,4,3,1.00,,,,,,,,,,,,,,,,,,
Jaylen Warren,PIT,RB,3126535,@NE,16,9,98,58,19,,,43,0,,11,34,3.9,0,0,17.0,1,4,2,1.00,,,,,,,,,,,,,,,,,,
Tyjae Spears,TEN,RB,3122588,PHI,15,9,54,3,42,,,41,0,,7,29,5.9,0,0,14.5,1,2,2,1.00,,,,,,,,,,,,,,,,,,
Chase Brown,CIN,RB,2965160,@HOU,2,6,100,99,8,,,80,0,,20,2,4.0,0,0,0.7,1,5,3,1.00,,,,,,,,,,,,,,,,,,
Rachaad White,WAS,RB,3169147,@DAL,24,7,74,5,32,,,43,0,,7,40,6.1,0,0,6.7,1,6,6,1.00,,,,,,,,,,,,,,,,,,
Bhayshul Tuten,JAC,RB,26732838,@DEN,31,7,100,65,24,,,65,1,,13,-3,5.0,0,0,-1.5,1,2,2,1.00,,,,,,,,,,,,,,,,,,
MarShawn Lloyd,GB,RB,3162514,@NYJ,19,11,87,18,37,,,20,0,,6,6,3.3,1,1,3.0,1,2,2,1.00,,,,,,,,,,,,,,,,,,
Travis Etienne,NO,RB,2809206,@BAL,12,8,100,66,25,,,25,0,,8,6,3.1,0,0,3.0,1,2,2,1.00,,,,,,,,,,,,,,,,,,
Braelon Allen,NYJ,RB,26726580,GB,30,13,49,2,48,,,7,1,,5,8,1.4,0,0,8.0,1,1,1,1.00,,,,,,,,,,,,,,,,,,
Chuba Hubbard,CAR,RB,2865693,@ATL,1,5,100,86,12,,,53,0,,12,11,4.4,1,0,5.5,1,2,2,1.00,,,,,,,,,,,,,,,,,,
Xazavian Valladay,MIN,RB,2867484,@CHI,26,6,1,1,N/R,,,0,0,,0,0,0.0,0,0,0.0,0,0,0,-,,,,,,,,,,,,,,,,,,
Ulysses Bentley IV,IND,RB,3125140,@KC,9,13,1,0,N/R,,,0,0,,0,0,0.0,0,0,0.0,0,0,0,-,,,,,,,,,,,,,,,,,,
Jacardia Wright,SEA,RB,3124997,@ARI,17,11,1,1,N/R,,,0,0,,0,0,0.0,0,0,0.0,0,0,0,-,,,,,,,,,,,,,,,,,,
Ricky Person Jr.,SEA,RB,2966141,@ARI,17,11,1,1,N/R,,,0,0,,0,0,0.0,0,0,0.0,0,0,0,-,,,,,,,,,,,,,,,,,,
Jaylen Wright,MIA,RB,26698774,@SF,23,6,7,1,N/R,,,11,0,,2,0,5.5,0,0,0.0,0,0,0,0.00,,,,,,,,,,,,,,,,,,
Rakeem Boyd,DET,RB,2260196,@BUF,25,6,1,0,N/R,,,0,0,,0,0,0.0,0,0,0.0,0,0,0,-,,,,,,,,,,,,,,,,,,
Patrick Ricard,NYG,RB,2818911,@LAR,11,8,1,1,N/R,,,0,0,,0,0,0.0,0,0,0.0,0,0,0,0.00,,,,,,,,,,,,,,,,,,
DeAndre Torrey,PHI,RB,2960960,@TEN,22,10,1,1,N/R,,,0,0,,0,0,0.0,0,0,0.0,0,0,0,-,,,,,,,,,,,,,,,,,,
Ronald Awatt,SF,RB,2805483,MIA,29,8,1,0,N/R,,,0,0,,0,0,0.0,0,0,0.0,0,0,0,-,,,,,,,,,,,,,,,,,,
Dillon Johnson,CAR,RB,3171023,@ATL,1,5,1,1,N/R,,,0,0,,0,0,0.0,0,0,0.0,0,0,0,-,,,,,,,,,,,,,,,,,,
Deneric Prince,NE,RB,2964540,PIT,21,11,1,1,N/R,,,0,0,,0,0,0.0,0,0,0.0,0,0,0,-,,,,,,,,,,,,,,,,,,
Keaontay Ingram,KC,RB,2962791,IND,27,5,1,1,N/R,,,0,0,,0,0,0.0,0,0,0.0,0,0,0,-,,,,,,,,,,,,,,,,,,
Roydell Williams,DET,RB,3162757,@BUF,25,6,1,1,N/R,,,0,0,,0,0,0.0,0,0,0.0,0,0,0,-,,,,,,,,,,,,,,,,,,
Lorenzo Lingard,NYG,RB,2966652,@LAR,11,8,1,1,N/R,,,0,0,,0,0,0.0,0,0,0.0,0,0,0,-,,,,,,,,,,,,,,,,,,
Dameon Pierce,PHI,RB,2964236,@TEN,22,10,1,1,N/R,,,0,0,,0,0,0.0,0,0,0.0,0,0,0,-,,,,,,,,,,,,,,,,,,
DeeJay Dallas,MIN,RB,2804094,@CHI,26,6,2,1,N/R,,,8,0,,2,12,4.0,0,0,12.0,0,1,1,0.00,,,,,,,,,,,,,,,,,,
Marcus Yarns,NO,RB,26728267,@BAL,12,8,1,0,N/R,,,0,0,,0,0,0.0,0,0,0.0,0,0,0,-,,,,,,,,,,,,,,,,,,
Trayveon Williams,DET,RB,2222046,@BUF,25,6,1,1,N/R,,,0,0,,0,0,0.0,0,0,0.0,0,0,0,-,,,,,,,,,,,,,,,,,,
Hassan Hall,ARI,RB,2960978,SEA,7,14,1,0,N/R,,,0,0,,0,0,0.0,0,0,0.0,0,0,0,-,,,,,,,,,,,,,,,,,,
De'Montre Tuggle,CHI,RB,3125318,MIN,4,10,1,1,N/R,,,0,0,,0,0,0.0,0,0,0.0,0,0,0,-,,,,,,,,,,,,,,,,,,
Jaydon Blue,PHI,RB,28875227,@TEN,22,10,2,1,N/R,,,0,0,,0,0,0.0,0,0,0.0,0,0,0,-,,,,,,,,,,,,,,,,,,
Jack Colletto,PIT,RB,2962220,@NE,16,9,1,1,N/R,,,0,0,,0,0,0.0,0,0,0.0,0,0,0,-,,,,,,,,,,,,,,,,,,
JaMycal Hasty,NE,RB,2189504,PIT,21,11,1,1,N/R,,,0,0,,0,0,0.0,0,0,0.0,0,0,0,-,,,,,,,,,,,,,,,,,,
Titus Swen,IND,RB,3122982,@KC,9,13,1,1,N/R,,,0,0,,0,0,0.0,0,0,0.0,0,0,0,-,,,,,,,,,,,,,,,,,,
CJ Donaldson,NO,RB,28900249,@BAL,12,8,1,0,N/R,,,2,0,,1,0,2.0,0,0,0.0,0,0,0,0.00,,,,,,,,,,,,,,,,,,
Elijah Dotson,ATL,RB,2830007,CAR,32,11,1,0,N/R,,,0,0,,0,0,0.0,0,0,0.0,0,0,0,-,,,,,,,,,,,,,,,,,,
J.K. Dobbins,DEN,RB,2804420,JAC,6,10,95,19,31,,,36,0,,10,0,3.6,0,0,0.0,0,0,0,0.00,,,,,,,,,,,,,,,,,,
Antonio Gibson,NE,RB,2960976,PIT,21,11,1,1,N/R,,,0,0,,0,0,0.0,0,0,0.0,0,0,0,-,,,,,,,,,,,,,,,,,,
Khalfani Muhammad,ARI,RB,2818380,SEA,7,14,1,1,N/R,,,0,0,,0,0,0.0,0,0,0.0,0,0,0,-,,,,,,,,,,,,,,,,,,
Deuce Vaughn,HOU,RB,3168666,CIN,13,8,1,1,N/R,,,0,0,,0,0,0.0,0,0,0.0,0,0,0,-,,,,,,,,,,,,,,,,,,
Mason Stokke,CAR,RB,2251890,@ATL,1,5,1,1,N/R,,,0,0,,0,0,0.0,0,0,0.0,0,0,0,-,,,,,,,,,,,,,,,,,,
Benny LeMay,CLE,RB,2258154,@TB,5,11,1,1,N/R,,,0,0,,0,0,0.0,0,0,0.0,0,0,0,-,,,,,,,,,,,,,,,,,,
Christopher Ezeala,BAL,RB,2926929,NO,28,13,0,0,N/R,,,0,0,,0,0,0.0,0,0,0.0,0,0,0,-,,,,,,,,,,,,,,,,,,
Kobe Lewis,SEA,RB,2962483,@ARI,17,11,1,1,N/R,,,0,0,,0,0,0.0,0,0,0.0,0,0,0,-,,,,,,,,,,,,,,,,,,
CJ Marable,NE,RB,2239828,PIT,21,11,0,0,N/R,,,0,0,,0,0,0.0,0,0,0.0,0,0,0,-,,,,,,,,,,,,,,,,,,
Mark Thompson,LV,RB,2925520,@LAC,20,13,1,0,N/R,,,0,0,,0,0,0.0,0,0,0.0,0,0,0,-,,,,,,,,,,,,,,,,,,
Kyle Monangai,CHI,RB,3177368,MIN,4,10,95,17,35,,,47,0,,10,11,4.7,0,0,5.5,0,2,2,0.00,,,,,,,,,,,,,,,,,,
Khalil Herbert,SF,RB,2253041,MIA,29,8,1,1,N/R,,,0,0,,0,0,0.0,0,0,0.0,0,0,0,-,,,,,,,,,,,,,,,,,,
Eli Wilson,CLE,RB,3172301,@TB,5,11,1,1,N/R,,,0,0,,0,0,0.0,0,0,0.0,0,0,0,-,,,,,,,,,,,,,,,,,,
Hunter Luepke,DAL,RB,2969438,WAS,3,14,1,1,N/R,,,1,0,,1,0,1.0,0,0,0.0,0,0,0,0.00,,,,,,,,,,,,,,,,,,
Jermar Jefferson,MIN,RB,2964472,@CHI,26,6,1,1,N/R,,,0,0,,0,0,0.0,0,0,0.0,0,0,0,-,,,,,,,,,,,,,,,,,,
Jadarian Price,SEA,RB,28875230,@ARI,17,11,100,57,27,,,52,0,,13,8,4.0,0,1,8.0,0,2,1,0.00,,,,,,,,,,,,,,,,,,
Markese Stepp,NYJ,RB,2965517,GB,30,13,1,1,N/R,,,0,0,,0,0,0.0,0,0,0.0,0,0,0,-,,,,,,,,,,,,,,,,,,
DK Kaufman,SEA,RB,3161707,@ARI,17,11,0,0,N/R,,,0,0,,0,0,0.0,0,0,0.0,0,0,0,-,,,,,,,,,,,,,,,,,,
Cody Schrader,DEN,RB,28876935,JAC,6,10,1,1,N/R,,,0,0,,0,0,0.0,0,0,0.0,0,0,0,-,,,,,,,,,,,,,,,,,,
Josh Hokit,ARI,RB,2257897,SEA,7,14,1,1,N/R,,,0,0,,0,0,0.0,0,0,0.0,0,0,0,-,,,,,,,,,,,,,,,,,,
Matt Colburn,JAC,RB,3117152,@DEN,31,7,1,0,N/R,,,0,0,,0,0,0.0,0,0,0.0,0,0,0,-,,,,,,,,,,,,,,,,,,
Charles McClelland,TEN,RB,2965633,PHI,15,9,1,0,N/R,,,0,0,,0,0,0.0,0,0,0.0,0,0,0,-,,,,,,,,,,,,,,,,,,
Clint Ratkovich,ATL,RB,2241761,CAR,32,11,0,0,N/R,,,0,0,,0,0,0.0,0,0,0.0,0,0,0,-,,,,,,,,,,,,,,,,,,
D'Ernest Johnson,TEN,RB,3117165,PHI,15,9,1,1,N/R,,,0,0,,0,0,0.0,0,0,0.0,0,0,0,-,,,,,,,,,,,,,,,,,,
Anthony Hankerson,SEA,RB,28900555,@ARI,17,11,1,1,N/R,,,0,0,,0,0,0.0,0,0,0.0,0,0,0,-,,,,,,,,,,,,,,,,,,
Demario Richard,ATL,RB,2131493,CAR,32,11,1,1,N/R,,,0,0,,0,0,0.0,0,0,0.0,0,0,0,-,,,,,,,,,,,,,,,,,,
Jordan Mason,MIN,RB,2967536,@CHI,26,6,80,1,N/R,,,0,0,,0,0,0.0,0,0,0.0,0,0,0,-,,,,,,,,,,,,,,,,,,
Javian Hawkins,LAR,RB,2965989,NYG,18,11,1,0,N/R,,,0,0,,0,0,0.0,0,0,0.0,0,0,0,-,,,,,,,,,,,,,,,,,,
Chris Evans,CIN,RB,2260647,@HOU,2,6,1,1,N/R,,,0,0,,0,0,0.0,0,0,0.0,0,0,0,-,,,,,,,,,,,,,,,,,,
Khalan Laborn,SF,RB,2867448,MIA,29,8,1,0,N/R,,,0,0,,0,0,0.0,0,0,0.0,0,0,0,-,,,,,,,,,,,,,,,,,,
Dominic Richardson,NYJ,RB,3161882,GB,30,13,1,1,N/R,,,0,0,,0,0,0.0,0,0,0.0,0,0,0,-,,,,,,,,,,,,,,,,,,
Bruce Anderson,IND,RB,2190739,@KC,9,13,1,1,N/R,,,0,0,,0,0,0.0,0,0,0.0,0,0,0,-,,,,,,,,,,,,,,,,,,
Michael Dyer,LV,RB,2080283,@LAC,20,13,1,1,N/R,,,0,0,,0,0,0.0,0,0,0.0,0,0,0,-,,,,,,,,,,,,,,,,,,
Craig Reynolds,WAS,RB,3117134,@DAL,24,7,1,1,N/R,,,0,0,,0,0,0.0,0,0,0.0,0,0,0,-,,,,,,,,,,,,,,,,,,
Elijah Mitchell,PHI,RB,2819876,@TEN,22,10,1,1,N/R,,,0,0,,0,0,0.0,0,0,0.0,0,0,0,-,,,,,,,,,,,,,,,,,,
Jarveon Howard,BUF,RB,2965481,DET,8,7,1,0,N/R,,,0,0,,0,0,0.0,0,0,0.0,0,0,0,-,,,,,,,,,,,,,,,,,,
Mike Washington Jr.,LV,RB,26693539,@LAC,20,13,68,1,N/R,,,7,0,,3,0,2.3,0,0,0.0,0,1,0,0.00,,,,,,,,,,,,,,,,,,
TJ Harden,SEA,RB,28926779,@ARI,17,11,1,1,N/R,,,0,0,,0,0,0.0,0,0,0.0,0,0,0,-,,,,,,,,,,,,,,,,,,
George Aston,NYG,RB,3116741,@LAR,11,8,1,1,N/R,,,0,0,,0,0,0.0,0,0,0.0,0,0,0,-,,,,,,,,,,,,,,,,,,
John Lovett,PIT,RB,2868681,@NE,16,9,1,1,N/R,,,0,0,,0,0,0.0,0,0,0.0,0,0,0,-,,,,,,,,,,,,,,,,,,
Wayne Taulapapa,SEA,RB,2960832,@ARI,17,11,0,0,N/R,,,0,0,,0,0,0.0,0,0,0.0,0,0,0,-,,,,,,,,,,,,,,,,,,
Rhamondre Stevenson,NE,RB,3125832,PIT,21,11,99,40,26,,,43,0,,6,3,7.2,0,1,3.0,0,2,1,0.00,,,,,,,,,,,,,,,,,,
Dy'Shawn Mobley,CIN,RB,1995653,@HOU,2,6,1,1,N/R,,,0,0,,0,0,0.0,0,0,0.0,0,0,0,-,,,,,,,,,,,,,,,,,,
Dylan Sampson,CLE,RB,28912068,@TB,5,11,21,1,N/R,,,0,0,,0,0,0.0,0,0,0.0,0,0,0,-,,,,,,,,,,,,,,,,,,
Nate Carter,KC,RB,3163182,IND,27,5,1,1,N/R,,,0,0,,0,0,0.0,0,0,0.0,0,0,0,-,,,,,,,,,,,,,,,,,,
Jarquez Hunter,MIA,RB,26700820,@SF,23,6,1,1,N/R,,,0,0,,0,0,0.0,0,0,0.0,0,0,0,-,,,,,,,,,,,,,,,,,,
Karan Higdon,HOU,RB,2185711,CIN,13,8,1,1,N/R,,,0,0,,0,0,0.0,0,0,0.0,0,0,0,-,,,,,,,,,,,,,,,,,,
Clyde Edwards-Helaire,KC,RB,2804554,IND,27,5,1,1,N/R,,,0,0,,0,0,0.0,0,0,0.0,0,0,0,-,,,,,,,,,,,,,,,,,,
Jordan Mims,PHI,RB,2804786,@TEN,22,10,1,1,N/R,,,0,0,,0,0,0.0,0,0,0.0,0,0,0,-,,,,,,,,,,,,,,,,,,
Jashaun Corbin,DAL,RB,2965967,WAS,3,14,1,1,N/R,,,0,0,,0,0,0.0,0,0,0.0,0,0,0,-,,,,,,,,,,,,,,,,,,
Daijun Edwards,PIT,RB,3163944,@NE,16,9,1,1,N/R,,,0,0,,0,0,0.0,0,0,0.0,0,0,0,-,,,,,,,,,,,,,,,,,,
Jerrion Ealy,KC,RB,3126859,IND,27,5,1,1,N/R,,,0,0,,0,0,0.0,0,0,0.0,0,0,0,-,,,,,,,,,,,,,,,,,,
Noah Whittington,HOU,RB,3161758,CIN,13,8,1,1,N/R,,,0,0,,0,0,0.0,0,0,0.0,0,0,0,-,,,,,,,,,,,,,,,,,,
Jordan Byrd,PIT,RB,2969002,@NE,16,9,1,1,N/R,,,0,0,,0,0,0.0,0,0,0.0,0,0,0,-,,,,,,,,,,,,,,,,,,
Ben VanSumeren,KC,RB,2968491,IND,27,5,1,1,N/R,,,0,0,,0,0,0.0,0,0,0.0,0,0,0,0.00,,,,,,,,,,,,,,,,,,
Tre Harbison III,CLE,RB,2239576,@TB,5,11,0,0,N/R,,,0,0,,0,0,0.0,0,0,0.0,0,0,0,-,,,,,,,,,,,,,,,,,,
Coleman Bennett,MIA,RB,3163724,@SF,23,6,1,1,N/R,,,0,0,,0,0,0.0,0,0,0.0,0,0,0,-,,,,,,,,,,,,,,,,,,
Tyler Badie,DEN,RB,2964494,JAC,6,10,1,1,N/R,,,1,0,,1,28,1.0,0,0,14.0,0,3,2,0.00,,,,,,,,,,,,,,,,,,
Raheem Blackshear,DET,RB,2870476,@BUF,25,6,1,1,N/R,,,0,0,,0,0,0.0,0,0,0.0,0,0,0,-,,,,,,,,,,,,,,,,,,
Ian Wheeler,BUF,RB,3126061,DET,8,7,1,1,N/R,,,0,0,,0,0,0.0,0,0,0.0,0,0,0,-,,,,,,,,,,,,,,,,,,
Terrell Jennings,NE,RB,3133899,PIT,21,11,1,1,N/R,,,0,0,,0,0,0.0,0,0,0.0,0,0,0,-,,,,,,,,,,,,,,,,,,
Max Borghi,PIT,RB,2965014,@NE,16,9,1,1,N/R,,,0,0,,0,0,0.0,0,0,0.0,0,0,0,-,,,,,,,,,,,,,,,,,,
Jalen Jackson,JAC,RB,2968156,@DEN,31,7,1,1,N/R,,,0,0,,0,0,0.0,0,0,0.0,0,0,0,-,,,,,,,,,,,,,,,,,,
Kaelon Black,SF,RB,3162599,MIA,29,8,89,8,N/R,,,25,0,,7,0,3.6,0,0,0.0,0,0,0,0.00,,,,,,,,,,,,,,,,,,
Josh Williams,TB,RB,3121241,CLE,10,10,1,1,N/R,,,0,0,,0,0,0.0,0,0,0.0,0,0,0,-,,,,,,,,,,,,,,,,,,
Pete Guerriero,PIT,RB,3172327,@NE,16,9,1,1,N/R,,,0,0,,0,0,0.0,0,0,0.0,0,0,0,-,,,,,,,,,,,,,,,,,,
Pierre Strong Jr.,GB,RB,2819247,@NYJ,19,11,1,1,N/R,,,0,0,,0,0,0.0,0,0,0.0,0,0,0,-,,,,,,,,,,,,,,,,,,
Stevie Scott III,ARI,RB,2967217,SEA,7,14,1,0,N/R,,,0,0,,0,0,0.0,0,0,0.0,0,0,0,-,,,,,,,,,,,,,,,,,,
Jawhar Jordan,HOU,RB,3121704,CIN,13,8,1,1,N/R,,,0,0,,0,0,0.0,0,0,0.0,0,0,0,-,,,,,,,,,,,,,,,,,,
Jalen White,GB,RB,3166561,@NYJ,19,11,1,1,N/R,,,0,0,,0,0,0.0,0,0,0.0,0,0,0,-,,,,,,,,,,,,,,,,,,
Zack Moss,CIN,RB,2240516,@HOU,2,6,1,1,N/R,,,0,0,,0,0,0.0,0,0,0.0,0,0,0,-,,,,,,,,,,,,,,,,,,
Tiyon Evans,CAR,RB,26701126,@ATL,1,5,1,0,N/R,,,0,0,,0,0,0.0,0,0,0.0,0,0,0,-,,,,,,,,,,,,,,,,,,
David Montgomery,HOU,RB,2261252,CIN,13,8,100,87,20,,,10,0,,6,14,1.7,0,0,7.0,0,2,2,0.00,,,,,,,,,,,,,,,,,,
Justice Hill,BAL,RB,2250388,NO,28,13,20,1,N/R,,,6,0,,2,12,3.0,0,0,6.0,0,2,2,0.00,,,,,,,,,,,,,,,,,,
Trabis Ward,FA,RB,1705702,BYE,---,0,1,1,N/R,,,0,0,,0,0,0.0,0,0,0.0,0,0,0,-,,,,,,,,,,,,,,,,,,
Cam Akers,SEA,RB,2804034,@ARI,17,11,1,1,N/R,,,0,0,,0,0,0.0,0,0,0.0,0,0,0,-,,,,,,,,,,,,,,,,,,
Noah Cain,CIN,RB,3122713,@HOU,2,6,1,1,N/R,,,0,0,,0,0,0.0,0,0,0.0,0,0,0,-,,,,,,,,,,,,,,,,,,
Adam Prentice,DEN,RB,2188826,JAC,6,10,1,1,N/R,,,0,0,,0,2,0.0,0,0,2.0,0,1,1,0.00,,,,,,,,,,,,,,,,,,
Christopher Brooks,GB,RB,2962350,@NYJ,19,11,21,1,N/R,,,11,0,,4,15,2.8,0,0,15.0,0,2,1,0.00,,,,,,,,,,,,,,,,,,
Shane Watts,NE,RB,50024129,PIT,21,11,1,1,N/R,,,0,0,,0,0,0.0,0,0,0.0,0,0,0,-,,,,,,,,,,,,,,,,,,
Chris Smith,SEA,RB,2962556,@ARI,17,11,1,1,N/R,,,0,0,,0,0,0.0,0,0,0.0,0,0,0,-,,,,,,,,,,,,,,,,,,
Jaydn Ott,KC,RB,28876778,IND,27,5,1,1,N/R,,,0,0,,0,0,0.0,0,0,0.0,0,0,0,-,,,,,,,,,,,,,,,,,,
Aidan Robbins,CLE,RB,3123398,@TB,5,11,1,1,N/R,,,0,0,,0,0,0.0,0,0,0.0,0,0,0,-,,,,,,,,,,,,,,,,,,
Chip Trayanum,NYJ,RB,3162240,GB,30,13,1,1,N/R,,,0,0,,0,0,0.0,0,0,0.0,0,0,0,-,,,,,,,,,,,,,,,,,,
Zach Ojile,MIN,RB,29118586,@CHI,26,6,1,1,N/R,,,0,0,,0,0,0.0,0,0,0.0,0,0,0,-,,,,,,,,,,,,,,,,,,
Travis Dye,NYJ,RB,2967055,GB,30,13,0,0,N/R,,,0,0,,0,0,0.0,0,0,0.0,0,0,0,-,,,,,,,,,,,,,,,,,,
Kevin Harris,JAC,RB,3122797,@DEN,31,7,1,1,N/R,,,0,0,,0,0,0.0,0,0,0.0,0,0,0,-,,,,,,,,,,,,,,,,,,
Rodney Anderson,CIN,RB,2179644,@HOU,2,6,1,1,N/R,,,0,0,,0,0,0.0,0,0,0.0,0,0,0,-,,,,,,,,,,,,,,,,,,
Phil Mafah,NYG,RB,26695049,@LAR,11,8,1,1,N/R,,,0,0,,0,0,0.0,0,0,0.0,0,0,0,-,,,,,,,,,,,,,,,,,,
Kennedy Brooks,PHI,RB,2867341,@TEN,22,10,1,0,N/R,,,0,0,,0,0,0.0,0,0,0.0,0,0,0,-,,,,,,,,,,,,,,,,,,
Isaiah Spiller,LV,RB,3131703,@LAC,20,13,1,1,N/R,,,0,0,,0,0,0.0,0,0,0.0,0,0,0,-,,,,,,,,,,,,,,,,,,
Dante Miller,NYG,RB,2961818,@LAR,11,8,1,1,N/R,,,0,0,,0,0,0.0,0,0,0.0,0,0,0,-,,,,,,,,,,,,,,,,,,
Brandon Johnson,PIT,RB,2245903,@NE,16,9,0,0,N/R,,,0,0,,0,0,0.0,0,0,0.0,0,0,0,-,,,,,,,,,,,,,,,,,,
Xavier Turner,SEA,RB,3117016,@ARI,17,11,1,0,N/R,,,0,0,,0,0,0.0,0,0,0.0,0,0,0,-,,,,,,,,,,,,,,,,,,
Toriano Clinton,IND,RB,29169380,@KC,9,13,1,1,N/R,,,0,0,,0,0,0.0,0,0,0.0,0,0,0,-,,,,,,,,,,,,,,,,,,
Eli Heidenreich,PIT,RB,28901170,@NE,16,9,5,1,N/R,,,0,0,,0,0,0.0,0,0,0.0,0,0,0,0.00,,,,,,,,,,,,,,,,,,
Tayon Fleet-Davis,KC,RB,2804284,IND,27,5,1,1,N/R,,,0,0,,0,0,0.0,0,0,0.0,0,0,0,-,,,,,,,,,,,,,,,,,,
Micah Bernard,NE,RB,3122912,PIT,21,11,1,1,N/R,,,0,0,,0,0,0.0,0,0,0.0,0,0,0,-,,,,,,,,,,,,,,,,,,
ShunDerrick Powell,KC,RB,26695018,IND,27,5,1,1,N/R,,,0,0,,0,0,0.0,0,0,0.0,0,0,0,-,,,,,,,,,,,,,,,,,,
Emani Bailey,CAR,RB,3164304,@ATL,1,5,1,1,N/R,,,0,0,,0,0,0.0,0,0,0.0,0,0,0,-,,,,,,,,,,,,,,,,,,
Lan Larison,NE,RB,3161645,PIT,21,11,1,1,N/R,,,0,0,,0,0,0.0,0,0,0.0,0,0,0,-,,,,,,,,,,,,,,,,,,
Nico Evans,PHI,RB,2131958,@TEN,22,10,1,0,N/R,,,0,0,,0,0,0.0,0,0,0.0,0,0,0,-,,,,,,,,,,,,,,,,,,
Brittain Brown,CHI,RB,2249805,MIN,4,10,1,1,N/R,,,0,0,,0,0,0.0,0,0,0.0,0,0,0,-,,,,,,,,,,,,,,,,,,
Robert Henry Jr.,WAS,RB,29123025,@DAL,24,7,1,0,N/R,,,0,0,,0,0,0.0,0,0,0.0,0,0,0,-,,,,,,,,,,,,,,,,,,
Jordan James,SF,RB,28916212,MIA,29,8,14,1,N/R,,,15,0,,4,0,3.8,0,0,0.0,0,0,0,0.00,,,,,,,,,,,,,,,,,,
Demond Claiborne,MIN,RB,28883197,@CHI,26,6,11,1,N/R,,,0,0,,0,2,0.0,0,0,2.0,0,1,1,0.00,,,,,,,,,,,,,,,,,,
B.J. Catalon,FA,RB,1984363,BYE,---,0,1,1,N/R,,,0,0,,0,0,0.0,0,0,0.0,0,0,0,-,,,,,,,,,,,,,,,,,,
Deon Jackson,DET,RB,2866237,@BUF,25,6,1,1,N/R,,,0,0,,0,0,0.0,0,0,0.0,0,0,0,-,,,,,,,,,,,,,,,,,,
Adam Choice,SEA,RB,2133458,@ARI,17,11,1,1,N/R,,,0,0,,0,0,0.0,0,0,0.0,0,0,0,-,,,,,,,,,,,,,,,,,,
BJ Emmons,HOU,RB,2252835,CIN,13,8,1,1,N/R,,,0,0,,0,0,0.0,0,0,0.0,0,0,0,-,,,,,,,,,,,,,,,,,,
Avery Williams,NYJ,RB,2257948,GB,30,13,1,1,N/R,,,0,0,,0,0,0.0,0,0,0.0,0,0,0,-,,,,,,,,,,,,,,,,,,
Salvon Ahmed,CHI,RB,2815163,MIN,4,10,1,1,N/R,,,0,0,,0,0,0.0,0,0,0.0,0,0,0,-,,,,,,,,,,,,,,,,,,
Quinshon Judkins,CLE,RB,28878286,@TB,5,11,100,77,23,,,21,0,,12,27,1.8,0,0,5.4,0,5,5,0.00,,,,,,,,,,,,,,,,,,
DJ Williams,TB,RB,3122835,CLE,10,10,1,1,N/R,,,0,0,,0,0,0.0,0,0,0.0,0,0,0,-,,,,,,,,,,,,,,,,,,
Darius Clark,CAR,RB,26642430,@ATL,1,5,1,1,N/R,,,0,0,,0,0,0.0,0,0,0.0,0,0,0,-,,,,,,,,,,,,,,,,,,
Kenneth Harper,NYG,RB,2175119,@LAR,11,8,1,0,N/R,,,0,0,,0,0,0.0,0,0,0.0,0,0,0,-,,,,,,,,,,,,,,,,,,
Tyler Hoosman,LAC,RB,2866762,LV,14,7,1,1,N/R,,,0,0,,0,0,0.0,0,0,0.0,0,0,0,-,,,,,,,,,,,,,,,,,,
Ahmani Marshall,CAR,RB,3162108,@ATL,1,5,1,1,N/R,,,0,0,,0,0,0.0,0,0,0.0,0,0,0,-,,,,,,,,,,,,,,,,,,
Kentrel Bullock,CIN,RB,3168827,@HOU,2,6,1,1,N/R,,,0,0,,0,0,0.0,0,0,0.0,0,0,0,-,,,,,,,,,,,,,,,,,,
Marcus Major,BAL,RB,3125801,NO,28,13,1,1,N/R,,,0,0,,0,0,0.0,0,0,0.0,0,0,0,-,,,,,,,,,,,,,,,,,,
Brock Lampe,SEA,RB,26701144,@ARI,17,11,1,1,N/R,,,0,0,,0,0,0.0,0,0,0.0,0,0,0,-,,,,,,,,,,,,,,,,,,
Damon Bankston,GB,RB,26725313,@NYJ,19,11,1,1,N/R,,,0,0,,0,0,0.0,0,0,0.0,0,0,0,-,,,,,,,,,,,,,,,,,,
EJ Smith,KC,RB,3163764,IND,27,5,1,0,N/R,,,0,0,,0,0,0.0,0,0,0.0,0,0,0,-,,,,,,,,,,,,,,,,,,
Sam Schnee,TEN,RB,2968047,PHI,15,9,1,1,N/R,,,0,0,,0,0,0.0,0,0,0.0,0,0,0,-,,,,,,,,,,,,,,,,,,
Zach Charbonnet,SEA,RB,3123810,@ARI,17,11,69,1,N/R,,,0,0,,0,0,0.0,0,0,0.0,0,0,0,-,,,,,,,,,,,,,,,,,,
Carlos Washington Jr.,MIA,RB,2867377,@SF,23,6,1,1,N/R,,,0,0,,0,0,0.0,0,0,0.0,0,0,0,-,,,,,,,,,,,,,,,,,,
Davon Booth,IND,RB,29122230,@KC,9,13,1,0,N/R,,,0,0,,0,0,0.0,0,0,0.0,0,0,0,-,,,,,,,,,,,,,,,,,,
Garrett Groshek,MIN,RB,2251875,@CHI,26,6,1,1,N/R,,,0,0,,0,0,0.0,0,0,0.0,0,0,0,-,,,,,,,,,,,,,,,,,,
Michael Burton,CLE,RB,1759407,@TB,5,11,1,1,N/R,,,0,0,,0,0,0.0,0,0,0.0,0,0,0,0.00,,,,,,,,,,,,,,,,,,
Gary Brightwell,CIN,RB,2870531,@HOU,2,6,1,1,N/R,,,0,0,,0,0,0.0,0,0,0.0,0,0,0,-,,,,,,,,,,,,,,,,,,
Sandro Platzgummer,NYG,RB,3168435,@LAR,11,8,1,1,N/R,,,0,0,,0,0,0.0,0,0,0.0,0,0,0,-,,,,,,,,,,,,,,,,,,
Zonovan Knight,ARI,RB,3121860,SEA,7,14,1,1,N/R,,,24,0,,2,0,12.0,0,0,0.0,0,0,0,0.00,,,,,,,,,,,,,,,,,,
Julius Chestnut,TEN,RB,2967664,PHI,15,9,1,1,N/R,,,0,0,,0,0,0.0,0,0,0.0,0,0,0,0.00,,,,,,,,,,,,,,,,,,
Jonathon Brooks,CAR,RB,26730706,@ATL,1,5,59,1,N/R,,,16,0,,5,-5,3.2,0,0,-5.0,0,1,1,0.00,,,,,,,,,,,,,,,,,,
Lucas Scott,BAL,RB,26728625,NO,28,13,1,1,N/R,,,0,0,,0,0,0.0,0,0,0.0,0,0,0,-,,,,,,,,,,,,,,,,,,
Josh Jacobs,GB,RB,2257876,@NYJ,19,11,92,2,N/R,,,0,0,,0,0,0.0,0,0,0.0,0,0,0,-,,,,,,,,,,,,,,,,,,
J.C. Copeland,NYJ,RB,1752358,GB,30,13,0,0,N/R,,,0,0,,0,0,0.0,0,0,0.0,0,0,0,-,,,,,,,,,,,,,,,,,,
Dean Connors,LAR,RB,28874921,NYG,18,11,1,0,N/R,,,0,0,,0,0,0.0,0,0,0.0,0,0,0,-,,,,,,,,,,,,,,,,,,
Tyler Gaffney,NE,RB,2061073,PIT,21,11,1,1,N/R,,,0,0,,0,0,0.0,0,0,0.0,0,0,0,-,,,,,,,,,,,,,,,,,,
Raheem Mostert,LV,RB,2174957,@LAC,20,13,1,1,N/R,,,0,0,,0,0,0.0,0,0,0.0,0,0,0,-,,,,,,,,,,,,,,,,,,
Ja'Quinden Jackson,PHI,RB,3168195,@TEN,22,10,0,0,N/R,,,0,0,,0,0,0.0,0,0,0.0,0,0,0,-,,,,,,,,,,,,,,,,,,
Tyler Goodson,DAL,RB,3122473,WAS,3,14,1,1,N/R,,,0,0,,0,0,0.0,0,0,0.0,0,0,0,-,,,,,,,,,,,,,,,,,,
James Butler,LV,RB,2164714,@LAC,20,13,0,0,N/R,,,0,0,,0,0,0.0,0,0,0.0,0,0,0,-,,,,,,,,,,,,,,,,,,
Otis Anderson,LAR,RB,2804600,NYG,18,11,1,1,N/R,,,0,0,,0,0,0.0,0,0,0.0,0,0,0,-,,,,,,,,,,,,,,,,,,
Christian Wade,BUF,RB,3114045,DET,8,7,1,0,N/R,,,0,0,,0,0,0.0,0,0,0.0,0,0,0,-,,,,,,,,,,,,,,,,,,
Velus Jones Jr.,SEA,RB,2242764,@ARI,17,11,1,1,N/R,,,0,0,,0,0,0.0,0,0,0.0,0,0,0,-,,,,,,,,,,,,,,,,,,
CJ Verdell,IND,RB,2866324,@KC,9,13,1,0,N/R,,,0,0,,0,0,0.0,0,0,0.0,0,0,0,-,,,,,,,,,,,,,,,,,,
J.J. Taylor,HOU,RB,2252786,CIN,13,8,1,0,N/R,,,0,0,,0,0,0.0,0,0,0.0,0,0,0,-,,,,,,,,,,,,,,,,,,
Cordarrelle Patterson,PIT,RB,1996183,@NE,16,9,1,1,N/R,,,0,0,,0,0,0.0,0,0,0.0,0,0,0,-,,,,,,,,,,,,,,,,,,
Ty Johnson,BUF,RB,2179323,DET,8,7,4,1,N/R,,,0,0,,0,0,0.0,0,0,0.0,0,0,0,-,,,,,,,,,,,,,,,,,,
Austin Ekeler,WAS,RB,2820090,@DAL,24,7,1,1,N/R,,,0,0,,0,0,0.0,0,0,0.0,0,0,0,-,,,,,,,,,,,,,,,,,,
Montel Harris,FA,RB,1630429,BYE,---,0,1,1,N/R,,,0,0,,0,0,0.0,0,0,0.0,0,0,0,-,,,,,,,,,,,,,,,,,,
Kamryn Pettway,MIN,RB,2139794,@CHI,26,6,1,1,N/R,,,0,0,,0,0,0.0,0,0,0.0,0,0,0,-,,,,,,,,,,,,,,,,,,
Jamaal Williams,NO,RB,2001287,@BAL,12,8,1,1,N/R,,,0,0,,0,0,0.0,0,0,0.0,0,0,0,-,,,,,,,,,,,,,,,,,,
DJ Herman,MIA,RB,26734114,@SF,23,6,1,1,N/R,,,0,0,,0,18,0.0,0,0,18.0,0,3,1,0.00,,,,,,,,,,,,,,,,,,
Elijah Tau-Tolliver,BAL,RB,26697830,NO,28,13,1,1,N/R,,,0,0,,0,0,0.0,0,0,0.0,0,0,0,-,,,,,,,,,,,,,,,,,,
Myles Gaskin,SEA,RB,2180360,@ARI,17,11,1,1,N/R,,,0,0,,0,0,0.0,0,0,0.0,0,0,0,-,,,,,,,,,,,,,,,,,,
Zavier Scott,MIN,RB,2869402,@CHI,26,6,1,1,N/R,,,0,0,,0,0,0.0,0,0,0.0,0,0,0,-,,,,,,,,,,,,,,,,,,
Nay'Quan Wright,IND,RB,3125818,@KC,9,13,1,1,N/R,,,0,0,,0,0,0.0,0,0,0.0,0,0,0,-,,,,,,,,,,,,,,,,,,
Valentine Holmes,NYJ,RB,3114048,GB,30,13,1,1,N/R,,,0,0,,0,0,0.0,0,0,0.0,0,0,0,-,,,,,,,,,,,,,,,,,,
B.J. Baylor,ATL,RB,2868250,CAR,32,11,1,1,N/R,,,0,0,,0,0,0.0,0,0,0.0,0,0,0,-,,,,,,,,,,,,,,,,,,
Taj McGowan,JAC,RB,3117391,@DEN,31,7,1,1,N/R,,,0,0,,0,0,0.0,0,0,0.0,0,0,0,-,,,,,,,,,,,,,,,,,,
Jeff Wilson,MIA,RB,2925161,@SF,23,6,1,1,N/R,,,0,0,,0,0,0.0,0,0,0.0,0,0,0,-,,,,,,,,,,,,,,,,,,
Tyrone Tracy Jr.,NYG,RB,2963637,@LAR,11,8,19,1,N/R,,,0,0,,0,0,0.0,0,0,0.0,0,0,0,0.00,,,,,,,,,,,,,,,,,,
Darrynton Evans,BUF,RB,2240806,DET,8,7,1,1,N/R,,,0,0,,0,0,0.0,0,0,0.0,0,0,0,-,,,,,,,,,,,,,,,,,,
Alfonzo Graham,PIT,RB,26745241,@NE,16,9,1,1,N/R,,,0,0,,0,0,0.0,0,0,0.0,0,0,0,-,,,,,,,,,,,,,,,,,,
ZaQuandre White,MIA,RB,2864584,@SF,23,6,1,0,N/R,,,0,0,,0,0,0.0,0,0,0.0,0,0,0,-,,,,,,,,,,,,,,,,,,
Lew Nichols,PIT,RB,3121706,@NE,16,9,1,0,N/R,,,0,0,,0,0,0.0,0,0,0.0,0,0,0,-,,,,,,,,,,,,,,,,,,
Bryant Koback,SEA,RB,2803780,@ARI,17,11,1,1,N/R,,,0,0,,0,0,0.0,0,0,0.0,0,0,0,-,,,,,,,,,,,,,,,,,,
Lincoln Pare,IND,RB,3162885,@KC,9,13,1,1,N/R,,,0,0,,0,0,0.0,0,0,0.0,0,0,0,-,,,,,,,,,,,,,,,,,,
Al-Jay Henderson,NYJ,RB,26696811,GB,30,13,0,0,N/R,,,0,0,,0,0,0.0,0,0,0.0,0,0,0,-,,,,,,,,,,,,,,,,,,
Ellis Merriweather,GB,RB,3161644,@NYJ,19,11,1,1,N/R,,,0,0,,0,0,0.0,0,0,0.0,0,0,0,-,,,,,,,,,,,,,,,,,,
LaVance Taylor,KC,RB,2185128,IND,27,5,1,0,N/R,,,0,0,,0,0,0.0,0,0,0.0,0,0,0,-,,,,,,,,,,,,,,,,,,
Miles Davis,CAR,RB,3174323,@ATL,1,5,1,1,N/R,,,0,0,,0,0,0.0,0,0,0.0,0,0,0,-,,,,,,,,,,,,,,,,,,
Brenden Knox,KC,RB,2864720,IND,27,5,1,1,N/R,,,0,0,,0,0,0.0,0,0,0.0,0,0,0,-,,,,,,,,,,,,,,,,,,
Isiah Pacheco,DET,RB,2966551,@BUF,25,6,25,1,N/R,,,0,0,,0,0,0.0,0,0,0.0,0,0,0,-,,,,,,,,,,,,,,,,,,
Greg Bell,PIT,RB,3137978,@NE,16,9,1,1,N/R,,,0,0,,0,0,0.0,0,0,0.0,0,0,0,-,,,,,,,,,,,,,,,,,,
Patrick Taylor,SF,RB,2256736,MIA,29,8,1,1,N/R,,,0,0,,0,0,0.0,0,0,0.0,0,0,0,-,,,,,,,,,,,,,,,,,,
Dylan Laube,LV,RB,2964322,@LAC,20,13,1,1,N/R,,,0,0,,0,0,0.0,0,0,0.0,0,0,0,0.00,,,,,,,,,,,,,,,,,,
Troy Hairston II,CLE,RB,2880293,@TB,5,11,1,1,N/R,,,0,0,,0,0,0.0,0,0,0.0,0,0,0,-,,,,,,,,,,,,,,,,,,
Gerrid Doaks,HOU,RB,2240551,CIN,13,8,1,0,N/R,,,0,0,,0,0,0.0,0,0,0.0,0,0,0,-,,,,,,,,,,,,,,,,,,
Mataeo Durant,PIT,RB,2966697,@NE,16,9,1,0,N/R,,,0,0,,0,0,0.0,0,0,0.0,0,0,0,-,,,,,,,,,,,,,,,,,,
Audric Estime,NO,RB,26713577,@BAL,12,8,1,1,N/R,,,0,0,,0,0,0.0,0,0,0.0,0,0,0,-,,,,,,,,,,,,,,,,,,
Joshua Kelley,TEN,RB,2183195,PHI,15,9,1,1,N/R,,,0,0,,0,0,0.0,0,0,0.0,0,0,0,-,,,,,,,,,,,,,,,,,,
Najee Harris,NYG,RB,2741200,@LAR,11,8,11,1,N/R,,,6,0,,4,0,1.5,0,0,0.0,0,0,0,0.00,,,,,,,,,,,,,,,,,,
Bryce Love,WAS,RB,2186835,@DAL,24,7,1,0,N/R,,,0,0,,0,0,0.0,0,0,0.0,0,0,0,-,,,,,,,,,,,,,,,,,,
Jase McClellan,TB,RB,3162688,CLE,10,10,1,1,N/R,,,0,0,,0,0,0.0,0,0,0.0,0,0,0,-,,,,,,,,,,,,,,,,,,
Isi Sofele,FA,RB,1679913,BYE,---,0,1,0,N/R,,,0,0,,0,0,0.0,0,0,0.0,0,0,0,-,,,,,,,,,,,,,,,,,,
Max Hurleman,PIT,RB,3163775,@NE,16,9,1,0,N/R,,,0,0,,0,0,0.0,0,0,0.0,0,0,0,-,,,,,,,,,,,,,,,,,,
Jakob Johnson,HOU,RB,3114047,CIN,13,8,1,1,N/R,,,0,0,,0,0,0.0,0,0,0.0,0,0,0,-,,,,,,,,,,,,,,,,,,
Jeremy McNichols,WAS,RB,2139987,@DAL,24,7,1,1,N/R,,,0,0,,0,0,0.0,0,0,0.0,0,0,0,-,,,,,,,,,,,,,,,,,,
Royce Freeman,LAC,RB,2139588,LV,14,7,1,1,N/R,,,0,0,,0,0,0.0,0,0,0.0,0,0,0,-,,,,,,,,,,,,,,,,,,
Jerome Ford,MIN,RB,2966543,@CHI,26,6,1,1,N/R,,,0,0,,0,0,0.0,0,0,0.0,0,0,0,-,,,,,,,,,,,,,,,,,,
Patrick Carr,SEA,RB,3159195,@ARI,17,11,1,1,N/R,,,0,0,,0,0,0.0,0,0,0.0,0,0,0,-,,,,,,,,,,,,,,,,,,
Michael Carter,TEN,RB,2804075,PHI,15,9,1,1,N/R,,,0,0,,0,0,0.0,0,0,0.0,0,0,0,-,,,,,,,,,,,,,,,,,,
Ronnie Rivers,LAR,RB,2804793,NYG,18,11,1,1,N/R,,,0,0,,0,0,0.0,0,0,0.0,0,0,0,0.00,,,,,,,,,,,,,,,,,,
LeQuint Allen,JAC,RB,28877884,@DEN,31,7,1,1,N/R,,,0,0,,0,0,0.0,0,0,0.0,0,1,0,0.00,,,,,,,,,,,,,,,,,,
Terrance Cobb,LV,RB,2130333,@LAC,20,13,1,1,N/R,,,0,0,,0,0,0.0,0,0,0.0,0,0,0,-,,,,,,,,,,,,,,,,,,
TJ Pledger,ARI,RB,2963440,SEA,7,14,1,1,N/R,,,0,0,,0,0,0.0,0,0,0.0,0,0,0,-,,,,,,,,,,,,,,,,,,
Ashton Jeanty,LV,RB,28874008,@LAC,20,13,100,100,13,,,48,0,,21,15,2.3,0,0,3.8,0,7,4,0.00,,,,,,,,,,,,,,,,,,
Anderson Castle,IND,RB,3172308,@KC,9,13,1,1,N/R,,,0,0,,0,0,0.0,0,0,0.0,0,0,0,-,,,,,,,,,,,,,,,,,,
Aaron Dykes,MIN,RB,2964516,@CHI,26,6,1,1,N/R,,,0,0,,0,0,0.0,0,0,0.0,0,0,0,-,,,,,,,,,,,,,,,,,,
Anthony Tyus III,CAR,RB,26696862,@ATL,1,5,1,1,N/R,,,0,0,,0,0,0.0,0,0,0.0,0,0,0,-,,,,,,,,,,,,,,,,,,
Corey Taylor II,CLE,RB,26734864,@TB,5,11,0,0,N/R,,,0,0,,0,0,0.0,0,0,0.0,0,0,0,-,,,,,,,,,,,,,,,,,,
AJ Dillon,CAR,RB,2867083,@ATL,1,5,6,1,N/R,,,-3,0,,3,0,-1.0,0,0,0.0,0,0,0,0.00,,,,,,,,,,,,,,,,,,
Isaac Guerendo,SF,RB,2964154,MIA,29,8,1,1,N/R,,,0,0,,0,0,0.0,0,0,0.0,0,0,0,-,,,,,,,,,,,,,,,,,,
Kejon Owens,MIN,RB,3165466,@CHI,26,6,1,0,N/R,,,0,0,,0,0,0.0,0,0,0.0,0,0,0,-,,,,,,,,,,,,,,,,,,
Greg Desrosiers Jr.,LAC,RB,26697079,LV,14,7,1,1,N/R,,,0,0,,0,0,0.0,0,0,0.0,0,0,0,-,,,,,,,,,,,,,,,,,,
Master Teague III,PIT,RB,2962320,@NE,16,9,1,0,N/R,,,0,0,,0,0,0.0,0,0,0.0,0,0,0,-,,,,,,,,,,,,,,,,,,
Reggie Gilliam,NE,RB,3161112,PIT,21,11,1,1,N/R,,,0,0,,0,4,0.0,0,0,4.0,0,2,1,0.00,,,,,,,,,,,,,,,,,,
Tyrion Davis-Price,GB,RB,3123979,@NYJ,19,11,1,1,N/R,,,0,0,,0,0,0.0,0,0,0.0,0,0,0,-,,,,,,,,,,,,,,,,,,
Grant Finley,NYG,RB,50063058,@LAR,11,8,1,1,N/R,,,0,0,,0,0,0.0,0,0,0.0,0,0,0,-,,,,,,,,,,,,,,,,,,
Darrin Hall,PIT,RB,3116786,@NE,16,9,1,1,N/R,,,0,0,,0,0,0.0,0,0,0.0,0,0,0,-,,,,,,,,,,,,,,,,,,
Jordan Ellis,CIN,RB,2139040,@HOU,2,6,1,0,N/R,,,0,0,,0,0,0.0,0,0,0.0,0,0,0,-,,,,,,,,,,,,,,,,,,
Jaleel McLaughlin,CLE,RB,26725939,@TB,5,11,1,1,N/R,,,3,0,,1,0,3.0,0,0,0.0,0,1,0,0.00,,,,,,,,,,,,,,,,,,
Kye Robichaux,DET,RB,26705587,@BUF,25,6,1,0,N/R,,,0,0,,0,0,0.0,0,0,0.0,0,0,0,-,,,,,,,,,,,,,,,,,,
Frank Gore Jr.,BUF,RB,3172189,DET,8,7,1,1,N/R,,,0,0,,0,0,0.0,0,0,0.0,0,0,0,0.00,,,,,,,,,,,,,,,,,,
Woody Marks,HOU,RB,3171045,CIN,13,8,71,4,39,,,8,0,,8,27,1.0,0,0,5.4,0,6,5,0.00,,,,,,,,,,,,,,,,,,
Sone Ntoh,BAL,RB,3121137,NO,28,13,0,0,N/R,,,0,0,,0,0,0.0,0,0,0.0,0,0,0,-,,,,,,,,,,,,,,,,,,
TaMerik Williams,SEA,RB,2961275,@ARI,17,11,1,1,N/R,,,0,0,,0,0,0.0,0,0,0.0,0,0,0,-,,,,,,,,,,,,,,,,,,
Amar Johnson,LAC,RB,26745358,LV,14,7,1,1,N/R,,,0,0,,0,0,0.0,0,0,0.0,0,0,0,-,,,,,,,,,,,,,,,,,,
Cash Jones,ATL,RB,26738725,CAR,32,11,1,1,N/R,,,0,0,,0,0,0.0,0,0,0.0,0,0,0,-,,,,,,,,,,,,,,,,,,
Hassan Haskins,NE,RB,2968506,PIT,21,11,1,1,N/R,,,0,0,,0,0,0.0,0,0,0.0,0,0,0,-,,,,,,,,,,,,,,,,,,
Darius Hagans,PIT,RB,29113333,@NE,16,9,1,1,N/R,,,0,0,,0,0,0.0,0,0,0.0,0,0,0,-,,,,,,,,,,,,,,,,,,
Jabari Small,DET,RB,3171876,@BUF,25,6,1,1,N/R,,,0,0,,0,0,0.0,0,0,0.0,0,0,0,-,,,,,,,,,,,,,,,,,,
Elijah Young,BUF,RB,3161976,DET,8,7,1,1,N/R,,,0,0,,0,0,0.0,0,0,0.0,0,0,0,-,,,,,,,,,,,,,,,,,,
Barika Kpeenu,TB,RB,26726059,CLE,10,10,1,1,N/R,,,0,0,,0,0,0.0,0,0,0.0,0,0,0,-,,,,,,,,,,,,,,,,,,
Travis Homer,PIT,RB,2249831,@NE,16,9,1,1,N/R,,,16,0,,2,0,8.0,0,0,0.0,0,0,0,0.00,,,,,,,,,,,,,,,,,,
Seth McGowan,IND,RB,3161581,@KC,9,13,7,1,N/R,,,0,0,,2,0,0.0,0,0,0.0,0,0,0,0.00,,,,,,,,,,,,,,,,,,
Toa Taua,CLE,RB,2964065,@TB,5,11,1,0,N/R,,,0,0,,0,0,0.0,0,0,0.0,0,0,0,-,,,,,,,,,,,,,,,,,,
Alec Ingold,LAC,RB,2183930,LV,14,7,1,1,N/R,,,0,0,,0,0,0.0,0,0,0.0,0,0,0,0.00,,,,,,,,,,,,,,,,,,
Malik Davis,DAL,RB,2773009,WAS,3,14,6,1,N/R,,,0,0,,0,0,0.0,0,0,0.0,0,0,0,-,,,,,,,,,,,,,,,,,,
Nyheim Miller-Hines,NO,RB,2183832,@BAL,12,8,1,1,N/R,,,0,0,,0,0,0.0,0,0,0.0,0,0,0,-,,,,,,,,,,,,,,,,,,
Jacory Croskey-Merritt,WAS,RB,3126952,@DAL,24,7,95,19,34,,,43,0,,12,5,3.6,0,0,5.0,0,1,1,0.00,,,,,,,,,,,,,,,,,,
Brian Robinson Jr.,ATL,RB,2741207,CAR,32,11,39,1,N/R,,,51,0,,11,16,4.6,0,0,8.0,0,2,2,0.00,,,,,,,,,,,,,,,,,,
Sione Vaki,DET,RB,28877349,@BUF,25,6,3,1,N/R,,,7,0,,1,13,7.0,0,0,13.0,0,1,1,0.00,,,,,,,,,,,,,,,,,,
Tony Pollard,TEN,RB,2184011,PHI,15,9,97,40,28,,,64,0,,14,1,4.6,0,0,1.0,0,1,1,0.00,,,,,,,,,,,,,,,,,,
Adam Randall,BAL,RB,28878514,NO,28,13,6,1,N/R,,,0,0,,0,0,0.0,0,0,0.0,0,0,0,-,,,,,,,,,,,,,,,,,,
Will Shipley,PHI,RB,26699119,@TEN,22,10,3,1,N/R,,,24,0,,7,5,3.4,0,0,2.5,0,2,2,0.00,,,,,,,,,,,,,,,,,,
Jacob Saylors,DET,RB,2976071,@BUF,25,6,2,1,N/R,,,0,0,,0,0,0.0,0,0,0.0,0,0,0,0.00,,,,,,,,,,,,,,,,,,
Deshaun Fenwick,GB,RB,2965278,@NYJ,19,11,1,0,N/R,,,0,0,,0,0,0.0,0,0,0.0,0,0,0,-,,,,,,,,,,,,,,,,,,
Alexander Mattison,MIA,RB,2257933,@SF,23,6,1,1,N/R,,,0,0,,0,0,0.0,0,0,0.0,0,0,0,-,,,,,,,,,,,,,,,,,,
Javonte Williams,DAL,RB,2961719,WAS,3,14,100,95,18,,,30,0,,12,20,2.5,0,0,6.7,0,4,3,0.00,,,,,,,,,,,,,,,,,,
Ollie Gordon II,MIA,RB,28873887,@SF,23,6,3,1,N/R,,,7,0,,3,0,2.3,0,0,0.0,0,0,0,0.00,,,,,,,,,,,,,,,,,,
Cam Skattebo,NYG,RB,26697012,@LAR,11,8,100,92,21,,,36,0,,12,19,3.0,0,0,4.8,0,4,4,0.00,,,,,,,,,,,,,,,,,,
Nick Chubb,HOU,RB,2131579,CIN,13,8,1,1,N/R,,,0,0,,0,0,0.0,0,0,0.0,0,0,0,-,,,,,,,,,,,,,,,,,,
Nick Brossette,DET,RB,2180613,@BUF,25,6,1,1,N/R,,,0,0,,0,0,0.0,0,0,0.0,0,0,0,-,,,,,,,,,,,,,,,,,,
Josh Pitsenberger,HOU,RB,28938986,CIN,13,8,1,1,N/R,,,0,0,,0,0,0.0,0,0,0.0,0,0,0,-,,,,,,,,,,,,,,,,,,
Miles Sanders,DAL,RB,2251305,WAS,3,14,1,1,N/R,,,0,0,,0,0,0.0,0,0,0.0,0,0,0,-,,,,,,,,,,,,,,,,,,
Evan Hull,ARI,RB,3124679,SEA,7,14,1,1,N/R,,,0,0,,0,0,0.0,0,0,0.0,0,0,0,-,,,,,,,,,,,,,,,,,,
Kareem Hunt,KC,RB,2079567,IND,27,5,1,1,N/R,,,0,0,,0,0,0.0,0,0,0.0,0,0,0,-,,,,,,,,,,,,,,,,,,
Jawon Chisholm,PIT,RB,2185207,@NE,16,9,1,0,N/R,,,0,0,,0,0,0.0,0,0,0.0,0,0,0,-,,,,,,,,,,,,,,,,,,
Trey Benson,ARI,RB,3176915,SEA,7,14,2,1,N/R,,,0,0,,0,0,0.0,0,0,0.0,0,0,0,-,,,,,,,,,,,,,,,,,,
Eric Gray,CLE,RB,3123569,@TB,5,11,1,1,N/R,,,0,0,,0,0,0.0,0,0,0.0,0,0,0,-,,,,,,,,,,,,,,,,,,
Kimani Vidal,LAC,RB,3163421,LV,14,7,8,1,N/R,,,0,0,,0,0,0.0,0,0,0.0,0,0,0,0.00,,,,,,,,,,,,,,,,,,
Chase Edmonds,WAS,RB,2137507,@DAL,24,7,1,1,N/R,,,0,0,,0,0,0.0,0,0,0.0,0,0,0,-,,,,,,,,,,,,,,,,,,
Raheim Sanders,CLE,RB,26700087,@TB,5,11,3,1,N/R,,,4,0,,2,7,2.0,0,0,7.0,0,1,1,0.00,,,,,,,,,,,,,,,,,,
Kendre Miller,NO,RB,3162256,@BAL,12,8,4,1,N/R,,,0,0,,0,0,0.0,0,0,0.0,0,0,0,-,,,,,,,,,,,,,,,,,,
Tahj Brooks,CIN,RB,3168518,@HOU,2,6,1,1,N/R,,,0,0,,0,0,0.0,0,0,0.0,0,0,0,0.00,,,,,,,,,,,,,,,,,,
George Holani,SEA,RB,3131661,@ARI,17,11,6,1,N/R,,,13,0,,4,2,3.2,0,0,2.0,0,1,1,0.00,,,,,,,,,,,,,,,,,,
Chris Collier,LV,RB,3161765,@LAC,20,13,1,1,N/R,,,0,0,,0,0,0.0,0,0,0.0,0,0,0,-,,,,,,,,,,,,,,,,,,
Trent Pennix,IND,RB,2965838,@KC,9,13,1,1,N/R,,,0,0,,0,0,0.0,0,0,0.0,0,0,0,-,,,,,,,,,,,,,,,,,,
Sincere McCormick,SF,RB,3121308,MIA,29,8,1,1,N/R,,,0,0,,0,0,0.0,0,0,0.0,0,0,0,-,,,,,,,,,,,,,,,,,,
Jaret Patterson,MIN,RB,2964701,@CHI,26,6,1,1,N/R,,,0,0,,0,0,0.0,0,0,0.0,0,0,0,-,,,,,,,,,,,,,,,,,,
Kendall Milton,CIN,RB,3162977,@HOU,2,6,1,1,N/R,,,0,0,,0,0,0.0,0,0,0.0,0,0,0,-,,,,,,,,,,,,,,,,,,
Sean Tucker,TB,RB,3168416,CLE,10,10,4,1,N/R,,,0,0,,0,0,0.0,0,0,0.0,0,0,0,0.00,,,,,,,,,,,,,,,,,,
Louis Rees-Zammit,JAC,RB,29375761,@DEN,31,7,1,1,N/R,,,0,0,,0,0,0.0,0,0,0.0,0,0,0,-,,,,,,,,,,,,,,,,,,
Gus Edwards,LAC,RB,2925410,LV,14,7,1,1,N/R,,,0,0,,0,0,0.0,0,0,0.0,0,0,0,-,,,,,,,,,,,,,,,,,,
Roschon Johnson,CHI,RB,3121395,MIN,4,10,2,1,N/R,,,0,0,,0,0,0.0,0,0,0.0,0,0,0,0.00,,,,,,,,,,,,,,,,,,
Ronnie Brown,TB,RB,29117338,CLE,10,10,1,1,N/R,,,0,0,,0,0,0.0,0,0,0.0,0,0,0,-,,,,,,,,,,,,,,,,,,
Blake Watson,TEN,RB,2963426,PHI,15,9,1,1,N/R,,,0,0,,0,0,0.0,0,0,0.0,0,0,0,-,,,,,,,,,,,,,,,,,,
Joe Mixon,HOU,RB,2131143,CIN,13,8,1,1,N/R,,,0,0,,0,0,0.0,0,0,0.0,0,0,0,-,,,,,,,,,,,,,,,,,,
Carson Steele,PHI,RB,26698435,@TEN,22,10,1,1,N/R,,,0,0,,0,0,0.0,0,0,0.0,0,0,0,-,,,,,,,,,,,,,,,,,,
A.J. Rose,LAR,RB,2245147,NYG,18,11,1,1,N/R,,,0,0,,0,0,0.0,0,0,0.0,0,0,0,-,,,,,,,,,,,,,,,,,,
Nicholas Singleton,TEN,RB,28876754,PHI,15,9,10,1,N/R,,,10,0,,4,0,2.5,0,0,0.0,0,0,0,0.00,,,,,,,,,,,,,,,,,,
Alvin Kamara,NO,RB,2082721,@BAL,12,8,65,5,41,,,15,0,,9,7,1.7,0,0,1.4,0,6,5,0.00,,,,,,,,,,,,,,,,,,
Kaleb Johnson,GB,RB,28875572,@NYJ,19,11,21,2,46,,,32,0,,8,0,4.0,0,0,0.0,0,0,0,0.00,,,,,,,,,,,,,,,,,,
Isaiah Bowser,BUF,RB,2966767,DET,8,7,1,1,N/R,,,0,0,,0,0,0.0,0,0,0.0,0,0,0,-,,,,,,,,,,,,,,,,,,
Kay'ron Lynch-Adams,CAR,RB,3127817,@ATL,1,5,1,1,N/R,,,0,0,,0,0,0.0,0,0,0.0,0,0,0,-,,,,,,,,,,,,,,,,,,
Kenneth Gainwell,TB,RB,2968948,CLE,10,10,80,7,45,,,10,0,,2,5,5.0,0,0,1.7,0,4,3,0.00,,,,,,,,,,,,,,,,,,
Robert Burns,ATL,RB,2804092,CAR,32,11,1,1,N/R,,,0,0,,0,0,0.0,0,0,0.0,0,0,0,-,,,,,,,,,,,,,,,,,,
Michael Wiley,TB,RB,3128079,CLE,10,10,1,1,N/R,,,0,0,,0,0,0.0,0,0,0.0,0,0,0,-,,,,,,,,,,,,,,,,,,
Brashard Smith,KC,RB,26694196,IND,27,5,2,1,N/R,,,0,0,,0,0,0.0,0,0,0.0,0,0,0,0.00,,,,,,,,,,,,,,,,,,
Rico Dowdle,PIT,RB,2252798,@NE,16,9,90,3,N/R,,,22,0,,7,22,3.1,0,0,11.0,0,2,2,0.00,,,,,,,,,,,,,,,,,,
Mike Boone,MIA,RB,2925551,@SF,23,6,1,1,N/R,,,0,0,,0,0,0.0,0,0,0.0,0,0,0,-,,,,,,,,,,,,,,,,,,
Zamir White,NO,RB,2963641,@BAL,12,8,1,1,N/R,,,0,0,,0,0,0.0,0,0,0.0,0,0,0,-,,,,,,,,,,,,,,,,,,
Tre Stewart,ARI,RB,29426636,SEA,7,14,1,1,N/R,,,0,0,,0,0,0.0,0,0,0.0,0,0,0,-,,,,,,,,,,,,,,,,,,
Jaden Nixon,GB,RB,26727476,@NYJ,19,11,1,1,N/R,,,0,0,,0,0,0.0,0,0,0.0,0,0,0,-,,,,,,,,,,,,,,,,,,
Alex Tecza,PIT,RB,28908694,@NE,16,9,0,0,N/R,,,0,0,,0,0,0.0,0,0,0.0,0,0,0,-,,,,,,,,,,,,,,,,,,
Cameron Scarlett,SEA,RB,3161136,@ARI,17,11,1,1,N/R,,,0,0,,0,0,0.0,0,0,0.0,0,0,0,-,,,,,,,,,,,,,,,,,,
Devin Neal,NO,RB,26703005,@BAL,12,8,1,1,N/R,,,0,0,,0,0,0.0,0,0,0.0,0,0,0,-,,,,,,,,,,,,,,,,,,
Deion Hankins,CHI,RB,3133199,MIN,4,10,1,1,N/R,,,0,0,,0,0,0.0,0,0,0.0,0,0,0,-,,,,,,,,,,,,,,,,,,
Ty Chandler,NO,RB,2867472,@BAL,12,8,1,1,N/R,,,0,0,,0,0,0.0,0,0,0.0,0,0,0,-,,,,,,,,,,,,,,,,,,
RJ Harvey,DEN,RB,3121207,JAC,6,10,89,8,33,,,0,0,,0,0,0.0,0,0,0.0,0,0,0,-,,,,,,,,,,,,,,,,,,
Austin Ramesh,ARI,RB,2926510,SEA,7,14,1,1,N/R,,,0,0,,0,0,0.0,0,0,0.0,0,0,0,-,,,,,,,,,,,,,,,,,,
Roman Hemby,LV,RB,26700412,@LAC,20,13,1,1,N/R,,,0,0,,0,0,0.0,0,0,0.0,0,0,0,-,,,,,,,,,,,,,,,,,,
Austin Jones,WAS,RB,3121977,@DAL,24,7,1,1,N/R,,,0,0,,0,0,0.0,0,0,0.0,0,0,0,-,,,,,,,,,,,,,,,,,,
Donovan Edwards,MIA,RB,26697211,@SF,23,6,1,1,N/R,,,0,0,,0,0,0.0,0,0,0.0,0,0,0,-,,,,,,,,,,,,,,,,,,
Andrew Beck,NYJ,RB,2131774,GB,30,13,1,1,N/R,,,0,0,,0,0,0.0,0,0,0.0,0,0,0,0.00,,,,,,,,,,,,,,,,,,
Israel Abanikanda,DAL,RB,3163291,WAS,3,14,1,1,N/R,,,0,0,,0,0,0.0,0,0,0.0,0,0,0,-,,,,,,,,,,,,,,,,,,
Darnell Holland,NO,RB,3117071,@BAL,12,8,1,1,N/R,,,0,0,,0,0,0.0,0,0,0.0,0,0,0,-,,,,,,,,,,,,,,,,,,
Kenny McIntosh,SEA,RB,3121460,@ARI,17,11,1,1,N/R,,,0,0,,0,0,0.0,0,0,0.0,0,0,0,-,,,,,,,,,,,,,,,,,,
Jackson Acker,BUF,RB,26726610,DET,8,7,1,1,N/R,,,0,0,,0,0,0.0,0,0,0.0,0,0,0,-,,,,,,,,,,,,,,,,,,
Chris Rodriguez Jr.,JAC,RB,2964667,@DEN,31,7,51,2,N/R,,,13,0,,6,0,2.2,0,0,0.0,0,0,0,0.00,,,,,,,,,,,,,,,,,,
Ray Davis,BUF,RB,3123108,DET,8,7,16,1,N/R,,,0,0,,0,0,0.0,0,0,0.0,0,0,0,0.00,,,,,,,,,,,,,,,,,,
Calvin Tyler Jr.,CIN,RB,2870612,@HOU,2,6,1,1,N/R,,,0,0,,0,0,0.0,0,0,0.0,0,0,0,-,,,,,,,,,,,,,,,,,,
Tyreik McAllister,LV,RB,28867646,@LAC,20,13,1,0,N/R,,,0,0,,0,0,0.0,0,0,0.0,0,0,0,-,,,,,,,,,,,,,,,,,,
Dontae McMillan,BAL,RB,3121365,NO,28,13,1,0,N/R,,,0,0,,0,0,0.0,0,0,0.0,0,0,0,-,,,,,,,,,,,,,,,,,,
Nate Noel,IND,RB,3172309,@KC,9,13,1,1,N/R,,,0,0,,0,0,0.0,0,0,0.0,0,0,0,-,,,,,,,,,,,,,,,,,,
Kairee Robinson,SEA,RB,3121812,@ARI,17,11,1,1,N/R,,,0,0,,0,0,0.0,0,0,0.0,0,0,0,-,,,,,,,,,,,,,,,,,,
Jonathan Ward,BAL,RB,3159088,NO,28,13,1,1,N/R,,,0,0,,0,0,0.0,0,0,0.0,0,0,0,-,,,,,,,,,,,,,,,,,,
Aca'Cedric Ware,TB,RB,3127655,CLE,10,10,1,0,N/R,,,0,0,,0,0,0.0,0,0,0.0,0,0,0,-,,,,,,,,,,,,,,,,,,
Tyler Allgeier,ARI,RB,2975590,SEA,7,14,59,2,44,,,10,0,,5,9,2.0,0,0,4.5,0,2,2,0.00,,,,,,,,,,,,,,,,,,
Darius Anderson,HOU,RB,2240319,CIN,13,8,1,1,N/R,,,0,0,,0,0,0.0,0,0,0.0,0,0,0,-,,,,,,,,,,,,,,,,,,
Jamal Haynes,CIN,RB,26698534,@HOU,2,6,1,0,N/R,,,0,0,,0,0,0.0,0,0,0.0,0,0,0,-,,,,,,,,,,,,,,,,,,
Damien Martinez,GB,RB,28873395,@NYJ,19,11,1,1,N/R,,,0,0,,0,0,0.0,0,0,0.0,0,0,0,-,,,,,,,,,,,,,,,,,,
Devon Ramsay,FA,RB,1243006,BYE,---,0,1,1,N/R,,,0,0,,0,0,0.0,0,0,0.0,0,0,0,-,,,,,,,,,,,,,,,,,,
Kadarius Calloway,TB,RB,29123778,CLE,10,10,1,1,N/R,,,0,0,,0,0,0.0,0,0,0.0,0,0,0,-,,,,,,,,,,,,,,,,,,
Leddie Brown,LAC,RB,2963315,LV,14,7,1,0,N/R,,,0,0,,0,0,0.0,0,0,0.0,0,0,0,-,,,,,,,,,,,,,,,,,,
Kaytron Allen,WAS,RB,28875485,@DAL,24,7,10,1,N/R,,,24,0,,5,0,4.8,0,0,0.0,0,0,0,0.00,,,,,,,,,,,,,,,,,,
Ke'Shawn Vaughn,SF,RB,2179704,MIA,29,8,1,1,N/R,,,0,0,,0,0,0.0,0,0,0.0,0,0,0,-,,,,,,,,,,,,,,,,,,
Abram Smith,MIN,RB,2807112,@CHI,26,6,1,0,N/R,,,0,0,,0,0,0.0,0,0,0.0,0,0,0,-,,,,,,,,,,,,,,,,,,
Dare Ogunbowale,LV,RB,2010409,@LAC,20,13,1,1,N/R,,,0,0,,0,0,0.0,0,0,0.0,0,0,0,-,,,,,,,,,,,,,,,,,,
Robbie Ouzts,SEA,RB,26697728,@ARI,17,11,1,0,N/R,,,0,0,,0,0,0.0,0,0,0.0,0,0,0,-,,,,,,,,,,,,,,,,,,
D'Onta Foreman,CLE,RB,2139847,@TB,5,11,1,1,N/R,,,0,0,,0,0,0.0,0,0,0.0,0,0,0,-,,,,,,,,,,,,,,,,,,
Dee Hart,FA,RB,1824784,BYE,---,0,1,0,N/R,,,0,0,,0,0,0.0,0,0,0.0,0,0,0,-,,,,,,,,,,,,,,,,,,
Mike Weber,NYG,RB,2179830,@LAR,11,8,1,0,N/R,,,0,0,,0,0,0.0,0,0,0.0,0,0,0,-,,,,,,,,,,,,,,,,,,
Nathaniel Peat,DAL,RB,3121003,WAS,3,14,1,1,N/R,,,0,0,,0,0,0.0,0,0,0.0,0,0,0,-,,,,,,,,,,,,,,,,,,
Kevin Marks Jr.,LAC,RB,2868972,LV,14,7,1,0,N/R,,,0,0,,0,0,0.0,0,0,0.0,0,0,0,-,,,,,,,,,,,,,,,,,,
Jam Miller,NE,RB,28875653,PIT,21,11,1,1,N/R,,,0,0,,0,0,0.0,0,0,0.0,0,0,0,-,,,,,,,,,,,,,,,,,,
Kalel Mullings,TEN,RB,3169471,PHI,15,9,1,1,N/R,,,0,0,,0,0,0.0,0,0,0.0,0,0,0,-,,,,,,,,,,,,,,,,,,
C.J. Ham,MIN,RB,2237239,@CHI,26,6,1,1,N/R,,,0,0,,0,0,0.0,0,0,0.0,0,0,0,-,,,,,,,,,,,,,,,,,,
Jordan Waters,LAR,RB,3124649,NYG,18,11,1,1,N/R,,,0,0,,0,0,0.0,0,0,0.0,0,0,0,-,,,,,,,,,,,,,,,,,,
Camerun Peoples,CAR,RB,2967422,@ATL,1,5,1,0,N/R,,,0,0,,0,0,0.0,0,0,0.0,0,0,0,-,,,,,,,,,,,,,,,,,,
Desmond Reid,BUF,RB,28911101,DET,8,7,1,1,N/R,,,0,0,,0,0,0.0,0,0,0.0,0,0,0,-,,,,,,,,,,,,,,,,,,
Samaje Perine,CIN,RB,2131148,@HOU,2,6,13,1,N/R,,,6,0,,2,16,3.0,0,0,16.0,0,1,1,0.00,,,,,,,,,,,,,,,,,,
Myles Montgomery,NE,RB,26703126,PIT,21,11,1,1,N/R,,,0,0,,0,0,0.0,0,0,0.0,0,0,0,-,,,,,,,,,,,,,,,,,,
Rasheen Ali,BAL,RB,3168797,NO,28,13,1,1,N/R,,,0,0,,0,0,0.0,0,0,0.0,0,0,0,0.00,,,,,,,,,,,,,,,,,,
Mikey Daniel,CAR,RB,2195033,@ATL,1,5,0,0,N/R,,,0,0,,0,0,0.0,0,0,0.0,0,0,0,-,,,,,,,,,,,,,,,,,,
John Kelly,CLE,RB,2180519,@TB,5,11,1,1,N/R,,,0,0,,0,0,0.0,0,0,0.0,0,0,0,-,,,,,,,,,,,,,,,,,,
Rushawn Baker,NE,RB,26693659,PIT,21,11,1,1,N/R,,,0,0,,0,0,0.0,0,0,0.0,0,0,0,-,,,,,,,,,,,,,,,,,,
Keilan Robinson,NYJ,RB,3121310,GB,30,13,1,1,N/R,,,0,0,,0,0,0.0,0,0,0.0,0,0,0,-,,,,,,,,,,,,,,,,,,
Nick Sharga,LV,RB,2925439,@LAC,20,13,0,0,N/R,,,0,0,,0,0,0.0,0,0,0.0,0,0,0,-,,,,,,,,,,,,,,,,,,
Saquon Barkley,PHI,RB,2185957,@TEN,22,10,100,91,10,,,9,0,,4,11,2.2,0,0,11.0,0,2,1,0.00,,,,,,,,,,,,,,,,,,
Devin Singletary,NYG,RB,2241251,@LAR,11,8,17,1,N/R,,,9,0,,3,0,3.0,0,0,0.0,0,1,0,0.00,,,,,,,,,,,,,,,,,,
Montrell Johnson Jr.,CAR,RB,26699807,@ATL,1,5,1,1,N/R,,,0,0,,0,0,0.0,0,0,0.0,0,0,0,-,,,,,,,,,,,,,,,,,,
Shermari Jones,CIN,RB,3162906,@HOU,2,6,1,1,N/R,,,0,0,,0,0,0.0,0,0,0.0,0,0,0,-,,,,,,,,,,,,,,,,,,
Elijah Collins,CIN,RB,2961847,@HOU,2,6,0,0,N/R,,,0,0,,0,0,0.0,0,0,0.0,0,0,0,-,,,,,,,,,,,,,,,,,,
Kene Nwangwu,NYJ,RB,2261254,GB,30,13,1,1,N/R,,,0,0,,0,0,0.0,0,0,0.0,0,0,0,-,,,,,,,,,,,,,,,,,,
James Conner,ARI,RB,2071585,SEA,7,14,12,1,N/R,,,0,0,,0,0,0.0,0,0,0.0,0,0,0,-,,,,,,,,,,,,,,,,,,
Ameer Abdullah,JAC,RB,1824308,@DEN,31,7,1,1,N/R,,,11,0,,3,2,3.7,0,0,2.0,0,1,1,0.00,,,,,,,,,,,,,,,,,,
Trey Sermon,ATL,RB,2804142,CAR,32,11,1,1,N/R,,,0,0,,0,0,0.0,0,0,0.0,0,0,0,-,,,,,,,,,,,,,,,,,,
DJ Giddens,IND,RB,26695679,@KC,9,13,2,1,N/R,,,0,0,,0,0,0.0,0,0,0.0,0,0,0,-,,,,,,,,,,,,,,,,,,
Brady Russell,SEA,RB,2866240,@ARI,17,11,1,1,N/R,,,0,0,,0,0,0.0,0,0,0.0,0,0,0,0.00,,,,,,,,,,,,,,,,,,
Isaiah Davis,NYJ,RB,26718641,GB,30,13,1,1,N/R,,,0,0,,0,0,0.0,0,0,0.0,0,0,0,0.00,,,,,,,,,,,,,,,,,,
Emmett Johnson,KC,RB,28877097,IND,27,5,69,6,38,,,15,0,,2,20,7.5,0,0,10.0,0,2,2,0.00,,,,,,,,,,,,,,,,,,
Emari Demercado,DAL,RB,2964372,WAS,3,14,12,1,N/R,,,8,0,,3,0,2.7,0,0,0.0,0,0,0,0.00,,,,,,,,,,,,,,,,,,
Dedrick Mills,DET,RB,2239541,@BUF,25,6,1,0,N/R,,,0,0,,0,0,0.0,0,0,0.0,0,0,0,-,,,,,,,,,,,,,,,,,,
Aaron Shampklin,MIA,RB,2820186,@SF,23,6,1,0,N/R,,,0,0,,0,0,0.0,0,0,0.0,0,0,0,-,,,,,,,,,,,,,,,,,,
Ramon Jefferson,TB,RB,2816981,CLE,10,10,1,1,N/R,,,0,0,,0,0,0.0,0,0,0.0,0,0,0,-,,,,,,,,,,,,,,,,,,
J'Mari Taylor,JAC,RB,26726239,@DEN,31,7,1,0,N/R,,,0,0,,0,0,0.0,0,0,0.0,0,0,0,-,,,,,,,,,,,,,,,,,,
British Brooks,HOU,RB,2961993,CIN,13,8,1,1,N/R,,,0,0,,0,0,0.0,0,0,0.0,0,0,0,0.00,,,,,,,,,,,,,,,,,,
Jared Baker,ARI,RB,1824667,SEA,7,14,1,1,N/R,,,0,0,,0,0,0.0,0,0,0.0,0,0,0,-,,,,,,,,,,,,,,,,,,
Ralph Webb,PIT,RB,2079834,@NE,16,9,1,0,N/R,,,0,0,,0,0,0.0,0,0,0.0,0,0,0,-,,,,,,,,,,,,,,,,,,
Jaden Shirden,CAR,RB,26693614,@ATL,1,5,1,1,N/R,,,0,0,,0,0,0.0,0,0,0.0,0,0,0,-,,,,,,,,,,,,,,,,,,
Keaton Mitchell,LAC,RB,3164710,LV,14,7,29,1,47,,,24,0,,5,15,4.8,0,0,15.0,0,1,1,0.00,,,,,,,,,,,,,,,,,,
Le'Veon Moss,MIA,RB,28923721,@SF,23,6,1,0,N/R,,,0,0,,0,0,0.0,0,0,0.0,0,0,0,-,,,,,,,,,,,,,,,,,,
Corey Kiner,NE,RB,26698879,PIT,21,11,1,1,N/R,,,0,0,,2,0,0.0,0,0,0.0,0,0,0,0.00,,,,,,,,,,,,,,,,,,
Trevor Etienne,CAR,RB,28901419,@ATL,1,5,2,1,N/R,,,0,0,,0,0,0.0,0,0,0.0,0,0,0,-,,,,,,,,,,,,,,,,,,
Owen Wright,HOU,RB,2818062,CIN,13,8,1,1,N/R,,,0,0,,0,0,0.0,0,0,0.0,0,0,0,-,,,,,,,,,,,,,,,,,,
Jeremiyah Love,ARI,RB,29133405,SEA,7,14,100,74,29,,,29,0,,9,16,3.2,0,0,5.3,0,3,3,0.00,,,,,,,,,,,,,,,,,,
Taimi Tutogi,FA,RB,1679885,BYE,---,0,1,1,N/R,,,0,0,,0,0,0.0,0,0,0.0,0,0,0,-,,,,,,,,,,,,,,,,,,
Justin Jones,SEA,RB,3172156,@ARI,17,11,1,1,N/R,,,0,0,,0,0,0.0,0,0,0.0,0,0,0,-,,,,,,,,,,,,,,,,,,
Quali Conley,CIN,RB,3164735,@HOU,2,6,1,1,N/R,,,0,0,,0,0,0.0,0,0,0.0,0,0,0,-,,,,,,,,,,,,,,,,,,
DeWayne McBride,MIN,RB,3168024,@CHI,26,6,1,1,N/R,,,0,0,,0,0,0.0,0,0,0.0,0,0,0,-,,,,,,,,,,,,,,,,,,
Lawrance Toafili,NYJ,RB,3164862,GB,30,13,1,0,N/R,,,0,0,,0,0,0.0,0,0,0.0,0,0,0,-,,,,,,,,,,,,,,,,,,
Sam Scott,NYJ,RB,26700754,GB,30,13,1,1,N/R,,,0,0,,0,0,0.0,0,0,0.0,0,0,0,-,,,,,,,,,,,,,,,,,,
Demetric Felton,WAS,RB,2240193,@DAL,24,7,1,1,N/R,,,0,0,,0,0,0.0,0,0,0.0,0,0,0,-,,,,,,,,,,,,,,,,,,
Jaxon Smith-Njigba,SEA,WR,3162959,@ARI,30,11,100,100,2,,,155,3,,0,0,17.2,0,0,0.0,12,11,9,12.00,,,,,,,,,,,,,,,,,,
Davante Adams,LAR,WR,1893167,NYG,21,11,100,94,12,,,195,2,,0,0,24.4,0,0,0.0,11,10,8,11.00,,,,,,,,,,,,,,,,,,
CeeDee Lamb,DAL,WR,2865251,WAS,32,14,100,100,4,,,153,2,,0,0,19.1,0,0,0.0,8,9,8,8.00,,,,,,,,,,,,,,,,,,
Amon-Ra St. Brown,DET,WR,2967690,@BUF,31,6,100,100,1,,,142,2,,0,0,15.8,0,0,0.0,7,13,9,7.00,,,,,,,,,,,,,,,,,,
Tre Tucker,LV,WR,3121848,@LAC,19,13,77,35,35,,,119,1,,0,0,23.8,0,0,0.0,6,7,5,6.00,,,,,,,,,,,,,,,,,,
Denzel Boston,CLE,WR,28875368,@TB,10,11,92,54,32,,,95,1,,0,0,19.0,0,0,0.0,6,7,5,6.00,,,,,,,,,,,,,,,,,,
Ja'Marr Chase,CIN,WR,2966320,@HOU,29,6,100,100,3,,,75,2,,0,0,10.7,0,0,0.0,6,9,7,6.00,,,,,,,,,,,,,,,,,,
Ryan Miller,MIA,WR,2964726,@SF,11,6,1,1,N/R,,,77,1,,0,0,77.0,0,0,0.0,6,1,1,6.00,,,,,,,,,,,,,,,,,,
DeVonta Smith,PHI,WR,2866975,@TEN,18,10,100,96,7,,,117,1,,0,0,11.7,0,0,0.0,5,13,10,5.00,,,,,,,,,,,,,,,,,,
Jaylen Waddle,DEN,WR,2962110,JAC,20,10,100,75,17,,,138,0,,0,0,17.2,0,0,0.0,4,10,8,4.00,,,,,,,,,,,,,,,,,,
Rashod Bateman,BAL,WR,2960940,NO,7,13,89,64,31,,,88,1,,0,0,12.6,0,0,0.0,3,9,7,3.00,,,,,,,,,,,,,,,,,,
Josh Palmer,BUF,WR,2867325,DET,27,7,12,4,N/R,,,43,1,,0,0,43.0,0,0,0.0,3,3,1,3.00,,,,,,,,,,,,,,,,,,
Chris Olave,NO,WR,2963666,@BAL,26,8,100,100,5,,,86,1,,0,0,10.8,0,0,0.0,3,10,8,3.00,,,,,,,,,,,,,,,,,,
Stefon Diggs,WAS,WR,2000038,@DAL,14,7,94,33,29,,,47,2,,0,0,9.4,0,0,0.0,3,6,5,3.00,,,,,,,,,,,,,,,,,,
Tetairoa McMillan,CAR,WR,28877124,@ATL,28,5,100,92,13,,,101,0,,0,0,20.2,0,0,0.0,2,10,5,2.00,,,,,,,,,,,,,,,,,,
Parker Washington,JAC,WR,3168820,@DEN,9,7,99,88,9,,,98,0,,0,0,14.0,0,0,0.0,2,12,7,2.00,,,,,,,,,,,,,,,,,,
Tee Higgins,CIN,WR,2809208,@HOU,29,6,100,91,15,,,95,0,,0,0,19.0,0,0,0.0,2,10,5,2.00,,,,,,,,,,,,,,,,,,
Romeo Doubs,NE,WR,2961886,PIT,12,11,78,26,39,,,96,0,,0,0,32.0,0,0,0.0,2,4,3,2.00,,,,,,,,,,,,,,,,,,
Cody White,LV,WR,2865884,@LAC,19,13,1,1,N/R,,,24,2,,0,0,12.0,0,0,0.0,2,2,2,2.00,,,,,,,,,,,,,,,,,,
Josh Downs,IND,WR,3162970,@KC,2,13,88,44,20,,,72,0,,0,0,10.3,0,0,0.0,1,9,7,1.00,,,,,,,,,,,,,,,,,,
Emeka Egbuka,TB,WR,26696165,CLE,22,10,100,75,25,,,16,1,,1,-3,5.3,0,0,-3.0,1,5,3,1.00,,,,,,,,,,,,,,,,,,
Tyquan Thornton,KC,WR,2965066,IND,24,5,7,2,N/R,,,86,0,,0,0,21.5,0,0,0.0,1,4,4,1.00,,,,,,,,,,,,,,,,,,
Christian Watson,GB,WR,2869806,@NYJ,5,11,100,96,10,,,41,1,,0,0,10.2,0,0,0.0,1,11,4,1.00,,,,,,,,,,,,,,,,,,
Xavier Worthy,KC,WR,26730787,IND,24,5,83,37,45,,,25,1,,0,0,5.0,0,0,0.0,1,7,5,1.00,,,,,,,,,,,,,,,,,,
Jalen Royals,KC,WR,28924106,IND,24,5,1,1,N/R,,,6,1,,0,0,3.0,0,0,0.0,1,2,2,1.00,,,,,,,,,,,,,,,,,,
Dontayvion Wicks,PHI,WR,3122375,@TEN,18,10,68,28,34,,,74,0,,0,0,14.8,0,0,0.0,1,6,5,1.00,,,,,,,,,,,,,,,,,,
Darius Cooper,PHI,WR,3165205,@TEN,18,10,1,1,N/R,,,26,1,,0,0,13.0,0,0,0.0,1,3,2,1.00,,,,,,,,,,,,,,,,,,
Rashee Rice,KC,WR,3124978,IND,24,5,100,97,24,,,83,0,,0,0,20.8,0,0,0.0,1,6,4,1.00,,,,,,,,,,,,,,,,,,
Garrett Wilson,NYJ,WR,3123864,GB,23,13,100,95,8,,,57,1,,0,0,11.4,0,0,0.0,1,7,5,1.00,,,,,,,,,,,,,,,,,,
Braylon Sanders,WAS,WR,2869933,@DAL,14,7,1,1,N/R,,,0,0,,0,0,0.0,0,0,0.0,0,0,0,-,,,,,,,,,,,,,,,,,,
Calvin Jackson Jr.,MIA,WR,2968105,@SF,11,6,0,0,N/R,,,0,0,,0,0,0.0,0,0,0.0,0,0,0,-,,,,,,,,,,,,,,,,,,
Josh Jarboe,FA,WR,1684461,BYE,---,0,1,1,N/R,,,0,0,,0,0,0.0,0,0,0.0,0,0,0,-,,,,,,,,,,,,,,,,,,
Keshunn Abram,NYJ,WR,3126551,GB,23,13,1,1,N/R,,,0,0,,0,0,0.0,0,0,0.0,0,0,0,-,,,,,,,,,,,,,,,,,,
Braxton Westfield,IND,WR,2240959,@KC,2,13,1,1,N/R,,,0,0,,0,0,0.0,0,0,0.0,0,0,0,-,,,,,,,,,,,,,,,,,,
Riley Lees,CIN,WR,2247038,@HOU,29,6,1,1,N/R,,,0,0,,0,0,0.0,0,0,0.0,0,0,0,-,,,,,,,,,,,,,,,,,,
Tim Patrick,NYJ,WR,2818910,GB,23,13,1,1,N/R,,,0,0,,0,0,0.0,0,0,0.0,0,0,0,-,,,,,,,,,,,,,,,,,,
Ayir Asante,NYG,WR,3124133,@LAR,15,8,1,1,N/R,,,0,0,,0,0,0.0,0,0,0.0,0,0,0,-,,,,,,,,,,,,,,,,,,
Daje Johnson,ATL,WR,1996830,CAR,4,11,1,1,N/R,,,0,0,,0,0,0.0,0,0,0.0,0,0,0,-,,,,,,,,,,,,,,,,,,
Mario Williams,LAR,WR,26697388,NYG,21,11,1,0,N/R,,,0,0,,0,0,0.0,0,0,0.0,0,0,0,-,,,,,,,,,,,,,,,,,,
Jaylen Johnson,LAC,WR,2975613,LV,6,7,1,0,N/R,,,0,0,,0,0,0.0,0,0,0.0,0,0,0,-,,,,,,,,,,,,,,,,,,
Jazz Ferguson,SEA,WR,2180620,@ARI,30,11,1,1,N/R,,,0,0,,0,0,0.0,0,0,0.0,0,0,0,-,,,,,,,,,,,,,,,,,,
Traeshon Holden,DAL,WR,3163354,WAS,32,14,1,1,N/R,,,0,0,,0,0,0.0,0,0,0.0,0,0,0,-,,,,,,,,,,,,,,,,,,
Johnnie Dixon,DAL,WR,2131248,WAS,32,14,1,0,N/R,,,0,0,,0,0,0.0,0,0,0.0,0,0,0,-,,,,,,,,,,,,,,,,,,
Daewood Davis,CAR,WR,2867589,@ATL,28,5,0,0,N/R,,,0,0,,0,0,0.0,0,0,0.0,0,0,0,-,,,,,,,,,,,,,,,,,,
Phillip Brooks,KC,WR,2961854,IND,24,5,1,1,N/R,,,0,0,,0,0,0.0,0,0,0.0,0,0,0,-,,,,,,,,,,,,,,,,,,
Ricky Pearsall,SF,WR,3122949,MIA,3,8,4,1,N/R,,,0,0,,0,0,0.0,0,0,0.0,0,0,0,-,,,,,,,,,,,,,,,,,,
Jakobi Meyers,JAC,WR,2183835,@DEN,9,7,67,9,N/R,,,28,0,,0,0,28.0,0,0,0.0,0,1,1,0.00,,,,,,,,,,,,,,,,,,
Chris Coleman,MIA,WR,2804779,@SF,11,6,1,0,N/R,,,0,0,,0,0,0.0,0,0,0.0,0,0,0,-,,,,,,,,,,,,,,,,,,
Deion Burks,IND,WR,26694367,@KC,2,13,1,1,N/R,,,0,0,,2,14,0.0,0,0,7.0,0,0,0,0.00,,,,,,,,,,,,,,,,,,
Chandler Brayboy,NE,WR,3121489,PIT,12,11,1,0,N/R,,,0,0,,0,0,0.0,0,0,0.0,0,0,0,-,,,,,,,,,,,,,,,,,,
Tru Edwards,LAR,WR,26710155,NYG,21,11,1,0,N/R,,,0,0,,0,0,0.0,0,0,0.0,0,0,0,-,,,,,,,,,,,,,,,,,,
JuJu Smith-Schuster,NYG,WR,2139620,@LAR,15,8,1,1,N/R,,,0,0,,0,0,0.0,0,0,0.0,0,0,0,-,,,,,,,,,,,,,,,,,,
Bug Howard,TB,WR,2060469,CLE,22,10,1,1,N/R,,,0,0,,0,0,0.0,0,0,0.0,0,0,0,-,,,,,,,,,,,,,,,,,,
Tre Harris,LAC,WR,3162525,LV,6,7,7,1,N/R,,,53,0,,0,0,53.0,0,0,0.0,0,3,1,0.00,,,,,,,,,,,,,,,,,,
Derius Davis,LAC,WR,2966544,LV,6,7,1,1,N/R,,,0,0,,0,0,0.0,0,0,0.0,0,1,0,0.00,,,,,,,,,,,,,,,,,,
DJ Chark,ATL,WR,2131689,CAR,4,11,1,1,N/R,,,0,0,,0,0,0.0,0,0,0.0,0,0,0,-,,,,,,,,,,,,,,,,,,
Dan Chisena,CAR,WR,3159144,@ATL,28,5,1,1,N/R,,,0,0,,0,0,0.0,0,0,0.0,0,0,0,-,,,,,,,,,,,,,,,,,,
Tamorrion Terry,SEA,WR,2866340,@ARI,30,11,1,1,N/R,,,0,0,,0,0,0.0,0,0,0.0,0,0,0,-,,,,,,,,,,,,,,,,,,
Will Sheppard,GB,WR,3161602,@NYJ,5,11,1,0,N/R,,,0,0,,0,0,0.0,0,0,0.0,0,0,0,-,,,,,,,,,,,,,,,,,,
Sam James,LAR,WR,2965746,NYG,21,11,1,1,N/R,,,0,0,,0,0,0.0,0,0,0.0,0,0,0,-,,,,,,,,,,,,,,,,,,
Praise Olatoke,CAR,WR,29385901,@ATL,28,5,1,1,N/R,,,0,0,,0,0,0.0,0,0,0.0,0,0,0,-,,,,,,,,,,,,,,,,,,
Brennan Eagles,DAL,WR,2965527,WAS,32,14,1,1,N/R,,,0,0,,0,0,0.0,0,0,0.0,0,0,0,-,,,,,,,,,,,,,,,,,,
Christian Kirk,SF,WR,2180820,MIA,3,8,5,1,N/R,,,0,0,,0,0,0.0,0,0,0.0,0,0,0,-,,,,,,,,,,,,,,,,,,
Roman Wilson,PIT,WR,3169495,@NE,8,9,2,1,N/R,,,28,0,,0,0,5.6,0,0,0.0,0,6,5,0.00,,,,,,,,,,,,,,,,,,
Ja'Mori Maclin,BUF,WR,3162257,DET,27,7,1,0,N/R,,,0,0,,0,0,0.0,0,0,0.0,0,0,0,-,,,,,,,,,,,,,,,,,,
Malcome Kennedy,NO,WR,2175065,@BAL,26,8,1,0,N/R,,,0,0,,0,0,0.0,0,0,0.0,0,0,0,-,,,,,,,,,,,,,,,,,,
Thayer Thomas,DEN,WR,2865035,JAC,20,10,1,0,N/R,,,0,0,,0,0,0.0,0,0,0.0,0,0,0,-,,,,,,,,,,,,,,,,,,
Jeremiah Webb,NE,WR,3135525,PIT,12,11,1,1,N/R,,,0,0,,0,0,0.0,0,0,0.0,0,0,0,-,,,,,,,,,,,,,,,,,,
Dillon Mitchell,MIN,WR,2221967,@CHI,17,6,1,0,N/R,,,0,0,,0,0,0.0,0,0,0.0,0,0,0,-,,,,,,,,,,,,,,,,,,
Derrick Dillon,CLE,WR,2180617,@TB,10,11,0,0,N/R,,,0,0,,0,0,0.0,0,0,0.0,0,0,0,-,,,,,,,,,,,,,,,,,,
Khalil Shakir,BUF,WR,2969119,DET,27,7,58,16,N/R,,,38,0,,0,0,12.7,0,0,0.0,0,6,3,0.00,,,,,,,,,,,,,,,,,,
Avery Davis,DET,WR,2868630,@BUF,31,6,0,0,N/R,,,0,0,,0,0,0.0,0,0,0.0,0,0,0,-,,,,,,,,,,,,,,,,,,
Tyjon Lindsey,SEA,WR,2804338,@ARI,30,11,0,0,N/R,,,0,0,,0,0,0.0,0,0,0.0,0,0,0,-,,,,,,,,,,,,,,,,,,
Skyy Moore,GB,WR,3126874,@NYJ,5,11,1,1,N/R,,,6,0,,0,0,3.0,0,0,0.0,0,3,2,0.00,,,,,,,,,,,,,,,,,,
Treylon Burks,WAS,WR,3122944,@DAL,14,7,1,1,N/R,,,0,0,,0,0,0.0,0,0,0.0,0,1,0,0.00,,,,,,,,,,,,,,,,,,
Leon Johnson III,LAC,WR,29125075,LV,6,7,1,1,N/R,,,0,0,,0,0,0.0,0,0,0.0,0,0,0,-,,,,,,,,,,,,,,,,,,
Deonte Harty,BAL,WR,3116892,NO,7,13,1,1,N/R,,,0,0,,0,0,0.0,0,0,0.0,0,0,0,-,,,,,,,,,,,,,,,,,,
Kalif Raymond,CHI,WR,1999329,MIN,25,10,16,2,N/R,,,40,0,,0,0,8.0,0,0,0.0,0,5,5,0.00,,,,,,,,,,,,,,,,,,
Devonte Ross,LAC,WR,26703014,LV,6,7,1,0,N/R,,,0,0,,0,0,0.0,0,0,0.0,0,0,0,-,,,,,,,,,,,,,,,,,,
Omar Cooper Jr.,NYJ,WR,28900921,GB,23,13,10,1,N/R,,,0,0,,0,0,0.0,0,0,0.0,0,0,0,-,,,,,,,,,,,,,,,,,,
Jacob Copeland,PIT,WR,2964883,@NE,8,9,1,1,N/R,,,0,0,,0,0,0.0,0,0,0.0,0,0,0,-,,,,,,,,,,,,,,,,,,
Jequez Ezzard,WAS,WR,2260702,@DAL,14,7,1,0,N/R,,,0,0,,0,0,0.0,0,0,0.0,0,0,0,-,,,,,,,,,,,,,,,,,,
Tejhaun Palmer,NE,WR,26702915,PIT,12,11,1,0,N/R,,,0,0,,0,0,0.0,0,0,0.0,0,0,0,-,,,,,,,,,,,,,,,,,,
Isaiah Wooden,CLE,WR,3139308,@TB,10,11,1,1,N/R,,,0,0,,0,0,0.0,0,0,0.0,0,0,0,-,,,,,,,,,,,,,,,,,,
DeVonte Dedmon,MIA,WR,2137691,@SF,11,6,0,0,N/R,,,0,0,,0,0,0.0,0,0,0.0,0,0,0,-,,,,,,,,,,,,,,,,,,
Chris Tyree,NO,WR,3171678,@BAL,26,8,1,1,N/R,,,0,0,,0,0,0.0,0,0,0.0,0,0,0,-,,,,,,,,,,,,,,,,,,
David Wallis,NE,WR,29383209,PIT,12,11,1,1,N/R,,,0,0,,0,0,0.0,0,0,0.0,0,0,0,-,,,,,,,,,,,,,,,,,,
Ladd McConkey,LAC,WR,3163962,LV,6,7,100,87,14,,,35,0,,0,0,11.7,0,0,0.0,0,3,3,0.00,,,,,,,,,,,,,,,,,,
Darius Lassiter,JAC,WR,28874276,@DEN,9,7,1,1,N/R,,,0,0,,0,0,0.0,0,0,0.0,0,0,0,-,,,,,,,,,,,,,,,,,,
Braxton Berrios,NYG,WR,2130981,@LAR,15,8,1,1,N/R,,,0,0,,0,0,0.0,0,0,0.0,0,0,0,0.00,,,,,,,,,,,,,,,,,,
Jaquarii Roberson,LAR,WR,2805613,NYG,21,11,1,0,N/R,,,0,0,,0,0,0.0,0,0,0.0,0,0,0,-,,,,,,,,,,,,,,,,,,
Josh Kelly,HOU,WR,3121933,CIN,13,8,1,1,N/R,,,0,0,,0,0,0.0,0,0,0.0,0,0,0,-,,,,,,,,,,,,,,,,,,
Anthony Miller,BAL,WR,2082810,NO,7,13,1,0,N/R,,,0,0,,0,0,0.0,0,0,0.0,0,0,0,-,,,,,,,,,,,,,,,,,,
Jerjuan Newton,DEN,WR,3125586,JAC,20,10,1,1,N/R,,,0,0,,0,0,0.0,0,0,0.0,0,0,0,-,,,,,,,,,,,,,,,,,,
Jalen Tolbert,MIA,WR,2868238,@SF,11,6,1,1,N/R,,,0,0,,0,0,0.0,0,0,0.0,0,0,0,-,,,,,,,,,,,,,,,,,,
Charleston Rambo,PHI,WR,2867306,@TEN,18,10,0,0,N/R,,,0,0,,0,0,0.0,0,0,0.0,0,0,0,-,,,,,,,,,,,,,,,,,,
Zach D'Orazio,NE,WR,2175721,PIT,12,11,1,1,N/R,,,0,0,,0,0,0.0,0,0,0.0,0,0,0,-,,,,,,,,,,,,,,,,,,
Josh Cameron,JAC,WR,26726935,@DEN,9,7,1,1,N/R,,,0,0,,0,0,0.0,0,0,0.0,0,0,0,0.00,,,,,,,,,,,,,,,,,,
Luke Wysong,MIN,WR,26717211,@CHI,17,6,1,1,N/R,,,0,0,,0,0,0.0,0,0,0.0,0,0,0,-,,,,,,,,,,,,,,,,,,
Papi White,TEN,WR,2139547,PHI,16,9,1,0,N/R,,,0,0,,0,0,0.0,0,0,0.0,0,0,0,-,,,,,,,,,,,,,,,,,,
Alex Wesley,CHI,WR,2142830,MIN,25,10,0,0,N/R,,,0,0,,0,0,0.0,0,0,0.0,0,0,0,-,,,,,,,,,,,,,,,,,,
Jalen Brooks,ARI,WR,3165078,SEA,1,14,1,1,N/R,,,0,0,,0,0,0.0,0,0,0.0,0,0,0,0.00,,,,,,,,,,,,,,,,,,
Joseph Scates,JAC,WR,28873479,@DEN,9,7,1,1,N/R,,,0,0,,0,0,0.0,0,0,0.0,0,0,0,-,,,,,,,,,,,,,,,,,,
Josh Pearson,TB,WR,3159217,CLE,22,10,1,1,N/R,,,0,0,,0,0,0.0,0,0,0.0,0,0,0,-,,,,,,,,,,,,,,,,,,
Marquez Valdes-Scantling,LAC,WR,2071540,LV,6,7,1,1,N/R,,,0,0,,0,0,0.0,0,0,0.0,0,0,0,-,,,,,,,,,,,,,,,,,,
Dillon Bell,MIN,WR,28903382,@CHI,17,6,1,1,N/R,,,0,0,,0,0,0.0,0,0,0.0,0,0,0,0.00,,,,,,,,,,,,,,,,,,
Equanimeous St. Brown,SF,WR,2186674,MIA,3,8,1,1,N/R,,,0,0,,0,0,0.0,0,0,0.0,0,0,0,-,,,,,,,,,,,,,,,,,,
DeVontres Dukes,DEN,WR,2261694,JAC,20,10,1,1,N/R,,,0,0,,0,0,0.0,0,0,0.0,0,0,0,-,,,,,,,,,,,,,,,,,,
CJ Williams,JAC,WR,28875641,@DEN,9,7,1,0,N/R,,,0,0,,0,0,0.0,0,0,0.0,0,0,0,-,,,,,,,,,,,,,,,,,,
Golden Tate,TEN,WR,1265470,PHI,16,9,1,1,N/R,,,0,0,,0,0,0.0,0,0,0.0,0,0,0,-,,,,,,,,,,,,,,,,,,
Jimmy Horn Jr.,CLE,WR,26717166,@TB,10,11,1,1,N/R,,,0,0,,0,0,0.0,0,0,0.0,0,0,0,-,,,,,,,,,,,,,,,,,,
Luke McCaffrey,WAS,WR,3121502,@DAL,14,7,1,1,N/R,,,0,0,,0,0,0.0,0,0,0.0,0,0,0,-,,,,,,,,,,,,,,,,,,
Cole Burgess,PIT,WR,29362393,@NE,8,9,1,1,N/R,,,0,0,,0,0,0.0,0,0,0.0,0,0,0,-,,,,,,,,,,,,,,,,,,
Elijah Cooks,CAR,WR,2804732,@ATL,28,5,1,1,N/R,,,0,0,,0,0,0.0,0,0,0.0,0,0,0,-,,,,,,,,,,,,,,,,,,
Josh Vann,CAR,WR,2965222,@ATL,28,5,1,1,N/R,,,0,0,,0,0,0.0,0,0,0.0,0,0,0,-,,,,,,,,,,,,,,,,,,
Mike Williams,LAC,WR,2082516,LV,6,7,1,1,N/R,,,0,0,,0,0,0.0,0,0,0.0,0,0,0,-,,,,,,,,,,,,,,,,,,
Duece Watts,PIT,WR,3163069,@NE,8,9,0,0,N/R,,,0,0,,0,0,0.0,0,0,0.0,0,0,0,-,,,,,,,,,,,,,,,,,,
Omari Evans,KC,WR,28875329,IND,24,5,1,1,N/R,,,0,0,,0,0,0.0,0,0,0.0,0,0,0,-,,,,,,,,,,,,,,,,,,
Justin Marshall,SEA,WR,2866624,@ARI,30,11,1,1,N/R,,,0,0,,0,0,0.0,0,0,0.0,0,0,0,-,,,,,,,,,,,,,,,,,,
Ramel Keyton,TEN,WR,3123657,PHI,16,9,1,0,N/R,,,0,0,,0,0,0.0,0,0,0.0,0,0,0,-,,,,,,,,,,,,,,,,,,
Tahj Washington,PHI,WR,3122529,@TEN,18,10,1,1,N/R,,,0,0,,0,0,0.0,0,0,0.0,0,0,0,-,,,,,,,,,,,,,,,,,,
Noah Thomas,CIN,WR,28922853,@HOU,29,6,1,1,N/R,,,0,0,,0,0,0.0,0,0,0.0,0,0,0,-,,,,,,,,,,,,,,,,,,
David Bell,CLE,WR,3131708,@TB,10,11,1,1,N/R,,,0,0,,0,0,0.0,0,0,0.0,0,0,0,-,,,,,,,,,,,,,,,,,,
Trevon Clark,BAL,WR,3127826,NO,7,13,1,0,N/R,,,0,0,,0,0,0.0,0,0,0.0,0,0,0,-,,,,,,,,,,,,,,,,,,
Chase Roberts,LV,WR,26728791,@LAC,19,13,1,0,N/R,,,0,0,,0,0,0.0,0,0,0.0,0,0,0,-,,,,,,,,,,,,,,,,,,
Kelvin Harmon,DAL,WR,2246942,WAS,32,14,1,0,N/R,,,0,0,,0,0,0.0,0,0,0.0,0,0,0,-,,,,,,,,,,,,,,,,,,
Dontario Drummond,DAL,WR,3122376,WAS,32,14,1,0,N/R,,,0,0,,0,0,0.0,0,0,0.0,0,0,0,-,,,,,,,,,,,,,,,,,,
Keith Kirkwood,BAL,WR,2925874,NO,7,13,1,1,N/R,,,0,0,,0,0,0.0,0,0,0.0,0,0,0,-,,,,,,,,,,,,,,,,,,
Brevin Easton,JAC,WR,28887494,@DEN,9,7,1,0,N/R,,,0,0,,0,0,0.0,0,0,0.0,0,0,0,-,,,,,,,,,,,,,,,,,,
Kody Case,IND,WR,2867551,@KC,2,13,1,1,N/R,,,0,0,,0,0,0.0,0,0,0.0,0,0,0,-,,,,,,,,,,,,,,,,,,
Key'Shawn Smith,KC,WR,3161656,IND,24,5,1,0,N/R,,,0,0,,0,0,0.0,0,0,0.0,0,0,0,-,,,,,,,,,,,,,,,,,,
Luke Grimm,LAC,WR,3166697,LV,6,7,1,1,N/R,,,0,0,,0,0,0.0,0,0,0.0,0,0,0,-,,,,,,,,,,,,,,,,,,
Jack Sorenson,CIN,WR,2240110,@HOU,29,6,0,0,N/R,,,0,0,,0,0,0.0,0,0,0.0,0,0,0,-,,,,,,,,,,,,,,,,,,
Dean Patterson,TB,WR,26696444,CLE,22,10,1,1,N/R,,,0,0,,0,0,0.0,0,0,0.0,0,0,0,-,,,,,,,,,,,,,,,,,,
Isaiah Hodgins,PIT,WR,2783899,@NE,8,9,1,1,N/R,,,0,0,,0,0,0.0,0,0,0.0,0,0,0,-,,,,,,,,,,,,,,,,,,
Tay Martin,DET,WR,2865709,@BUF,31,6,1,0,N/R,,,0,0,,0,0,0.0,0,0,0.0,0,0,0,0.00,,,,,,,,,,,,,,,,,,
Kyron Hudson,CHI,WR,26720252,MIN,25,10,0,0,N/R,,,0,0,,0,0,0.0,0,0,0.0,0,0,0,-,,,,,,,,,,,,,,,,,,
Ra'Shaun Henry,SEA,WR,2248189,@ARI,30,11,0,0,N/R,,,0,0,,0,0,0.0,0,0,0.0,0,0,0,-,,,,,,,,,,,,,,,,,,
Jordan Matthews,CAR,WR,1759816,@ATL,28,5,1,0,N/R,,,0,0,,0,0,0.0,0,0,0.0,0,0,0,-,,,,,,,,,,,,,,,,,,
Drake Stoops,LAR,WR,2961345,NYG,21,11,1,1,N/R,,,0,0,,0,0,0.0,0,0,0.0,0,0,0,-,,,,,,,,,,,,,,,,,,
Malik Flowers,LV,WR,2865446,@LAC,19,13,1,1,N/R,,,0,0,,0,0,0.0,0,0,0.0,0,0,0,-,,,,,,,,,,,,,,,,,,
Cortrelle Simpson,TB,WR,3117088,CLE,22,10,1,0,N/R,,,0,0,,0,0,0.0,0,0,0.0,0,0,0,-,,,,,,,,,,,,,,,,,,
Mike Harley,MIA,WR,2826762,@SF,11,6,1,1,N/R,,,0,0,,0,0,0.0,0,0,0.0,0,0,0,-,,,,,,,,,,,,,,,,,,
Jerome Kapp,NYJ,WR,29118901,GB,23,13,1,1,N/R,,,0,0,,0,0,0.0,0,0,0.0,0,0,0,-,,,,,,,,,,,,,,,,,,
KeAndre Lambert-Smith,LAC,WR,3163041,LV,6,7,1,1,N/R,,,0,0,,0,0,0.0,0,0,0.0,0,0,0,-,,,,,,,,,,,,,,,,,,
Kaden Davis,CHI,WR,28868815,MIN,25,10,1,1,N/R,,,0,0,,0,0,0.0,0,0,0.0,0,0,0,-,,,,,,,,,,,,,,,,,,
Cedric Tillman,NO,WR,2962120,@BAL,26,8,1,1,N/R,,,0,0,,0,0,0.0,0,0,0.0,0,0,0,-,,,,,,,,,,,,,,,,,,
Reggie White Jr.,NYG,WR,3116826,@LAR,15,8,1,1,N/R,,,0,0,,0,0,0.0,0,0,0.0,0,0,0,-,,,,,,,,,,,,,,,,,,
Tanner Knue,TB,WR,2964657,CLE,22,10,1,1,N/R,,,0,0,,0,0,0.0,0,0,0.0,0,0,0,-,,,,,,,,,,,,,,,,,,
Reece Horn,CIN,WR,2239232,@HOU,29,6,1,1,N/R,,,0,0,,0,0,0.0,0,0,0.0,0,0,0,-,,,,,,,,,,,,,,,,,,
Lincoln Victor,DEN,WR,3127480,JAC,20,10,1,0,N/R,,,0,0,,0,0,0.0,0,0,0.0,0,0,0,-,,,,,,,,,,,,,,,,,,
Kristian Wilkerson,ATL,WR,3161137,CAR,4,11,0,0,N/R,,,0,0,,0,0,0.0,0,0,0.0,0,0,0,-,,,,,,,,,,,,,,,,,,
Ketron Jackson Jr.,LV,WR,26698032,@LAC,19,13,1,1,N/R,,,0,0,,0,0,0.0,0,0,0.0,0,0,0,-,,,,,,,,,,,,,,,,,,
Montorie Foster Jr.,SEA,WR,3169784,@ARI,30,11,1,1,N/R,,,0,0,,0,0,0.0,0,0,0.0,0,0,0,-,,,,,,,,,,,,,,,,,,
Diontae Johnson,CLE,WR,2194164,@TB,10,11,1,1,N/R,,,0,0,,0,0,0.0,0,0,0.0,0,0,0,-,,,,,,,,,,,,,,,,,,
Darnell Mooney,NYG,WR,2240651,@LAR,15,8,4,1,N/R,,,48,0,,0,0,24.0,0,0,0.0,0,3,2,0.00,,,,,,,,,,,,,,,,,,
Kyle Sheets,KC,WR,29379128,IND,24,5,1,1,N/R,,,0,0,,0,0,0.0,0,0,0.0,0,0,0,-,,,,,,,,,,,,,,,,,,
Cameron Camper,NYJ,WR,28874582,GB,23,13,1,1,N/R,,,0,0,,0,0,0.0,0,0,0.0,0,0,0,-,,,,,,,,,,,,,,,,,,
Curtis Samuel,BUF,WR,2131252,DET,27,7,1,1,N/R,,,0,0,,0,0,0.0,0,0,0.0,0,0,0,-,,,,,,,,,,,,,,,,,,
Zay Flowers,BAL,WR,3127049,NO,7,13,100,26,26,,,0,0,,0,0,0.0,0,0,0.0,0,0,0,-,,,,,,,,,,,,,,,,,,
Donovan Peoples-Jones,NO,WR,2819119,@BAL,26,8,1,1,N/R,,,0,0,,0,0,0.0,0,0,0.0,0,0,0,-,,,,,,,,,,,,,,,,,,
Ashton Dulin,IND,WR,3116796,@KC,2,13,1,0,N/R,,,0,0,,0,0,0.0,0,0,0.0,0,0,0,-,,,,,,,,,,,,,,,,,,
Dymere Miller,NYJ,WR,3163055,GB,23,13,1,1,N/R,,,0,0,,0,0,0.0,0,0,0.0,0,0,0,-,,,,,,,,,,,,,,,,,,
Jordan Watkins,SF,WR,3164736,MIA,3,8,1,1,N/R,,,0,0,,0,0,0.0,0,0,0.0,0,0,0,-,,,,,,,,,,,,,,,,,,
Dohnte Meyers,CIN,WR,2978569,@HOU,29,6,1,1,N/R,,,0,0,,0,0,0.0,0,0,0.0,0,1,0,0.00,,,,,,,,,,,,,,,,,,
Hank Beatty,TEN,WR,28915401,PHI,16,9,1,1,N/R,,,0,0,,0,0,0.0,0,0,0.0,0,0,0,-,,,,,,,,,,,,,,,,,,
Will Pauling,SF,WR,26697818,MIA,3,8,1,0,N/R,,,0,0,,0,0,0.0,0,0,0.0,0,0,0,-,,,,,,,,,,,,,,,,,,
Noah Brown,LV,WR,2139270,@LAC,19,13,1,1,N/R,,,0,0,,0,0,0.0,0,0,0.0,0,0,0,-,,,,,,,,,,,,,,,,,,
Malik Cunningham,DET,WR,2866334,@BUF,31,6,1,1,N/R,,,0,0,,0,0,0.0,0,0,0.0,0,0,0,-,,,,,,,,,,,,,,,,,,
Jalen Coker,CAR,WR,3163990,@ATL,28,5,97,70,18,,,66,0,,0,0,8.2,0,0,0.0,0,9,8,0.00,,,,,,,,,,,,,,,,,,
Jaxon Janke,HOU,WR,2976447,CIN,13,8,1,0,N/R,,,0,0,,0,0,0.0,0,0,0.0,0,0,0,-,,,,,,,,,,,,,,,,,,
Damon Hazelton,HOU,WR,2252367,CIN,13,8,1,0,N/R,,,0,0,,0,0,0.0,0,0,0.0,0,0,0,-,,,,,,,,,,,,,,,,,,
Lance McCutcheon,TEN,WR,2836356,PHI,16,9,1,0,N/R,,,0,0,,0,0,0.0,0,0,0.0,0,0,0,-,,,,,,,,,,,,,,,,,,
Xavier Gipson,PHI,WR,3127427,@TEN,18,10,1,1,N/R,,,0,0,,0,0,0.0,0,0,0.0,0,0,0,-,,,,,,,,,,,,,,,,,,
J. Michael Sturdivant,GB,WR,26723673,@NYJ,5,11,1,1,N/R,,,0,0,,0,0,0.0,0,0,0.0,0,0,0,0.00,,,,,,,,,,,,,,,,,,
Kaden Prather,GB,WR,26694721,@NYJ,5,11,1,0,N/R,,,0,0,,0,0,0.0,0,0,0.0,0,0,0,-,,,,,,,,,,,,,,,,,,
Brennan Presley,LAR,WR,3169136,NYG,21,11,1,0,N/R,,,0,0,,0,0,0.0,0,0,0.0,0,0,0,-,,,,,,,,,,,,,,,,,,
Ajou Ajou,IND,WR,3161800,@KC,2,13,1,1,N/R,,,0,0,,0,0,0.0,0,0,0.0,0,0,0,-,,,,,,,,,,,,,,,,,,
Samori Toure,PHI,WR,2245831,@TEN,18,10,1,1,N/R,,,0,0,,0,0,0.0,0,0,0.0,0,0,0,-,,,,,,,,,,,,,,,,,,
Warren Jackson,LAR,WR,2803784,NYG,21,11,1,0,N/R,,,0,0,,0,0,0.0,0,0,0.0,0,0,0,-,,,,,,,,,,,,,,,,,,
Detrich Clark,ATL,WR,2925203,CAR,4,11,1,1,N/R,,,0,0,,0,0,0.0,0,0,0.0,0,0,0,-,,,,,,,,,,,,,,,,,,
Rashid Shaheed,SEA,WR,2250863,@ARI,30,11,47,5,N/R,,,35,0,,1,4,11.7,0,0,4.0,0,6,3,0.00,,,,,,,,,,,,,,,,,,
Kyrese Rowan,NO,WR,3131544,@BAL,26,8,1,0,N/R,,,0,0,,0,0,0.0,0,0,0.0,0,0,0,-,,,,,,,,,,,,,,,,,,
Josh Johnson,DET,WR,2867095,@BUF,31,6,0,0,N/R,,,0,0,,0,0,0.0,0,0,0.0,0,0,0,-,,,,,,,,,,,,,,,,,,
Taylor Grimes,DEN,WR,2963130,JAC,20,10,1,1,N/R,,,0,0,,0,0,0.0,0,0,0.0,0,0,0,-,,,,,,,,,,,,,,,,,,
Xavier Johnson,CIN,WR,2984078,@HOU,29,6,1,1,N/R,,,0,0,,0,0,0.0,0,0,0.0,0,0,0,-,,,,,,,,,,,,,,,,,,
Devon Williams,BAL,WR,2966004,NO,7,13,0,0,N/R,,,0,0,,0,0,0.0,0,0,0.0,0,0,0,-,,,,,,,,,,,,,,,,,,
Jaivon Heiligh,CIN,WR,2962413,@HOU,29,6,1,1,N/R,,,0,0,,0,0,0.0,0,0,0.0,0,0,0,-,,,,,,,,,,,,,,,,,,
Brian Cobbs,ARI,WR,2961430,SEA,1,14,1,1,N/R,,,0,0,,0,0,0.0,0,0,0.0,0,0,0,-,,,,,,,,,,,,,,,,,,
Malachi Carter,CIN,WR,2961890,@HOU,29,6,1,1,N/R,,,0,0,,0,0,0.0,0,0,0.0,0,0,0,-,,,,,,,,,,,,,,,,,,
Kendric Pryor,CIN,WR,2251888,@HOU,29,6,0,0,N/R,,,0,0,,0,0,0.0,0,0,0.0,0,0,0,-,,,,,,,,,,,,,,,,,,
Moose Muhammad III,CAR,WR,3162427,@ATL,28,5,0,0,N/R,,,0,0,,0,0,0.0,0,0,0.0,0,0,0,-,,,,,,,,,,,,,,,,,,
Brandon Powell,MIN,WR,2926490,@CHI,17,6,1,1,N/R,,,0,0,,0,0,0.0,0,0,0.0,0,0,0,-,,,,,,,,,,,,,,,,,,
Kalil Pimpleton,NYG,WR,2805116,@LAR,15,8,1,0,N/R,,,0,0,,0,0,0.0,0,0,0.0,0,0,0,-,,,,,,,,,,,,,,,,,,
Jordan Hudson,DAL,WR,28875996,WAS,32,14,1,1,N/R,,,0,0,,0,0,0.0,0,0,0.0,0,0,0,-,,,,,,,,,,,,,,,,,,
Davonte Allen,BUF,WR,1892454,DET,27,7,1,1,N/R,,,0,0,,0,0,0.0,0,0,0.0,0,0,0,-,,,,,,,,,,,,,,,,,,
DeVonte Christopher,FA,WR,1621175,BYE,---,0,1,1,N/R,,,0,0,,0,0,0.0,0,0,0.0,0,0,0,-,,,,,,,,,,,,,,,,,,
Trey Palmer,NO,WR,3122273,@BAL,26,8,1,1,N/R,,,0,0,,0,0,0.0,0,0,0.0,0,0,0,-,,,,,,,,,,,,,,,,,,
Brandon Aiyuk,SF,WR,2967489,MIA,3,8,3,1,N/R,,,0,0,,0,0,0.0,0,0,0.0,0,0,0,-,,,,,,,,,,,,,,,,,,
Jahdae Walker,CHI,WR,29174299,MIN,25,10,1,1,N/R,,,0,0,,0,0,0.0,0,0,0.0,0,0,0,0.00,,,,,,,,,,,,,,,,,,
Xavier Hutchinson,HOU,WR,3161943,CIN,13,8,11,5,43,,,37,0,,0,0,12.3,0,0,0.0,0,9,3,0.00,,,,,,,,,,,,,,,,,,
Dane Key,DEN,WR,28873407,JAC,20,10,1,0,N/R,,,0,0,,0,0,0.0,0,0,0.0,0,0,0,-,,,,,,,,,,,,,,,,,,
Sterling Shepard,NYJ,WR,1996786,GB,23,13,1,1,N/R,,,0,0,,0,0,0.0,0,0,0.0,0,0,0,-,,,,,,,,,,,,,,,,,,
Chris Brazzell II,CAR,WR,26904572,@ATL,28,5,2,1,N/R,,,0,0,,0,0,0.0,0,0,0.0,0,0,0,-,,,,,,,,,,,,,,,,,,
Chris Hilton Jr.,GB,WR,26700928,@NYJ,5,11,1,1,N/R,,,0,0,,0,0,0.0,0,0,0.0,0,0,0,-,,,,,,,,,,,,,,,,,,
Laviska Shenault Jr.,BUF,WR,2866321,DET,27,7,1,0,N/R,,,0,0,,0,0,0.0,0,0,0.0,0,0,0,-,,,,,,,,,,,,,,,,,,
Nick DeGennaro,NE,WR,3166956,PIT,12,11,1,1,N/R,,,0,0,,0,0,0.0,0,0,0.0,0,0,0,-,,,,,,,,,,,,,,,,,,
Jake Bobo,SEA,WR,2962336,@ARI,30,11,1,1,N/R,,,0,0,,0,0,0.0,0,0,0.0,0,0,0,-,,,,,,,,,,,,,,,,,,
Puka Nacua,LAR,WR,3121687,NYG,21,11,100,7,N/R,,,0,0,,0,0,0.0,0,0,0.0,0,0,0,-,,,,,,,,,,,,,,,,,,
Tyler Johnson,NYJ,WR,1620002,GB,23,13,1,1,N/R,,,0,0,,0,0,0.0,0,0,0.0,0,0,0,-,,,,,,,,,,,,,,,,,,
Sage Surratt,ARI,WR,2806063,SEA,1,14,1,0,N/R,,,0,0,,0,0,0.0,0,0,0.0,0,0,0,-,,,,,,,,,,,,,,,,,,
Hamze El-Zayat,NYJ,WR,2820465,GB,23,13,0,0,N/R,,,0,0,,0,0,0.0,0,0,0.0,0,0,0,-,,,,,,,,,,,,,,,,,,
Scott Miller,CHI,WR,2180075,MIN,25,10,1,1,N/R,,,0,0,,0,0,0.0,0,0,0.0,0,0,0,-,,,,,,,,,,,,,,,,,,
Jake Herslow,SEA,WR,2252298,@ARI,30,11,0,0,N/R,,,0,0,,0,0,0.0,0,0,0.0,0,0,0,-,,,,,,,,,,,,,,,,,,
Kenzel Doe,PIT,WR,2185868,@NE,8,9,1,1,N/R,,,0,0,,0,0,0.0,0,0,0.0,0,0,0,-,,,,,,,,,,,,,,,,,,
Moochie Dixon,NO,WR,3168156,@BAL,26,8,1,0,N/R,,,0,0,,0,0,0.0,0,0,0.0,0,0,0,-,,,,,,,,,,,,,,,,,,
Mac Dalena,BUF,WR,3165469,DET,27,7,0,0,N/R,,,0,0,,0,0,0.0,0,0,0.0,0,0,0,-,,,,,,,,,,,,,,,,,,
Marcus Rosemy-Jacksaint,PHI,WR,3163938,@TEN,18,10,1,0,N/R,,,0,0,,0,0,0.0,0,0,0.0,0,0,0,-,,,,,,,,,,,,,,,,,,
Kai Locksley,MIA,WR,2186493,@SF,11,6,0,0,N/R,,,0,0,,0,0,0.0,0,0,0.0,0,0,0,-,,,,,,,,,,,,,,,,,,
Kevin Coleman Jr.,MIA,WR,28909178,@SF,11,6,1,1,N/R,,,0,0,,0,0,0.0,0,0,0.0,0,0,0,0.00,,,,,,,,,,,,,,,,,,
Thomas Sperbeck,TB,WR,2819114,CLE,22,10,1,0,N/R,,,0,0,,0,0,0.0,0,0,0.0,0,0,0,-,,,,,,,,,,,,,,,,,,
Lujuan Winningham,JAC,WR,2828807,@DEN,9,7,1,0,N/R,,,0,0,,0,0,0.0,0,0,0.0,0,0,0,-,,,,,,,,,,,,,,,,,,
Casey Washington,CAR,WR,3126493,@ATL,28,5,1,1,N/R,,,0,0,,0,0,0.0,0,0,0.0,0,0,0,-,,,,,,,,,,,,,,,,,,
Changa Hodge,ARI,WR,2262609,SEA,1,14,1,1,N/R,,,0,0,,0,0,0.0,0,0,0.0,0,0,0,-,,,,,,,,,,,,,,,,,,
Maurice Alexander,CHI,WR,28926362,MIN,25,10,1,1,N/R,,,0,0,,0,0,0.0,0,0,0.0,0,0,0,-,,,,,,,,,,,,,,,,,,
Kisean Johnson,GB,WR,26730190,@NYJ,5,11,0,0,N/R,,,0,0,,0,0,0.0,0,0,0.0,0,0,0,-,,,,,,,,,,,,,,,,,,
Rashon Ceaser,TEN,WR,2237133,PHI,16,9,1,1,N/R,,,0,0,,0,0,0.0,0,0,0.0,0,0,0,-,,,,,,,,,,,,,,,,,,
Kaden Wetjen,PIT,WR,28876038,@NE,8,9,1,1,N/R,,,0,0,,0,0,0.0,0,0,0.0,0,0,0,0.00,,,,,,,,,,,,,,,,,,
Tayvion Robinson,CAR,WR,3126630,@ATL,28,5,1,1,N/R,,,0,0,,0,0,0.0,0,0,0.0,0,0,0,-,,,,,,,,,,,,,,,,,,
Jayden Reed,GB,WR,2967762,@NYJ,5,11,49,1,N/R,,,4,0,,0,0,4.0,0,0,0.0,0,1,1,0.00,,,,,,,,,,,,,,,,,,
Braxton Burmeister,LAR,WR,2815157,NYG,21,11,1,1,N/R,,,0,0,,0,0,0.0,0,0,0.0,0,0,0,-,,,,,,,,,,,,,,,,,,
Xavier White,IND,WR,3127688,@KC,2,13,1,0,N/R,,,0,0,,0,0,0.0,0,0,0.0,0,0,0,-,,,,,,,,,,,,,,,,,,
Kameron Johnson,TB,WR,29380891,CLE,22,10,1,1,N/R,,,0,0,,0,0,0.0,0,0,0.0,0,0,0,0.00,,,,,,,,,,,,,,,,,,
Ife Adeyi,PHI,WR,3124097,@TEN,18,10,1,1,N/R,,,0,0,,0,0,0.0,0,0,0.0,0,0,0,-,,,,,,,,,,,,,,,,,,
Artavis Scott,HOU,WR,2133477,CIN,13,8,1,1,N/R,,,0,0,,0,0,0.0,0,0,0.0,0,0,0,-,,,,,,,,,,,,,,,,,,
Jalen Virgil,BUF,WR,2240825,DET,27,7,1,1,N/R,,,0,0,,0,0,0.0,0,0,0.0,0,0,0,-,,,,,,,,,,,,,,,,,,
Rashod Owens,CIN,WR,3169153,@HOU,29,6,1,1,N/R,,,0,0,,0,0,0.0,0,0,0.0,0,0,0,-,,,,,,,,,,,,,,,,,,
Garett Maag,MIN,WR,2962429,@CHI,17,6,1,1,N/R,,,0,0,,0,0,0.0,0,0,0.0,0,0,0,-,,,,,,,,,,,,,,,,,,
Daniel Sobkowicz,HOU,WR,26716333,CIN,13,8,1,0,N/R,,,0,0,,0,0,0.0,0,0,0.0,0,0,0,-,,,,,,,,,,,,,,,,,,
Shaquan Davis,PIT,WR,3137942,@NE,8,9,1,0,N/R,,,0,0,,0,0,0.0,0,0,0.0,0,0,0,-,,,,,,,,,,,,,,,,,,
Tyren Montgomery,TEN,WR,28935910,PHI,16,9,1,0,N/R,,,0,0,,0,0,0.0,0,0,0.0,0,0,0,-,,,,,,,,,,,,,,,,,,
Malik Williams,BUF,WR,2780940,DET,27,7,1,1,N/R,,,0,0,,0,0,0.0,0,0,0.0,0,0,0,-,,,,,,,,,,,,,,,,,,
Chris Finke,CHI,WR,2186662,MIN,25,10,1,1,N/R,,,0,0,,0,0,0.0,0,0,0.0,0,0,0,-,,,,,,,,,,,,,,,,,,
Ted Hurst,TB,WR,29421796,CLE,22,10,8,1,N/R,,,27,0,,0,0,13.5,0,0,0.0,0,7,2,0.00,,,,,,,,,,,,,,,,,,
Brenen Thompson,LAC,WR,28909756,LV,6,7,1,1,N/R,,,13,0,,0,0,13.0,0,0,0.0,0,3,1,0.00,,,,,,,,,,,,,,,,,,
Kearis Jackson,HOU,WR,2963747,CIN,13,8,1,1,N/R,,,0,0,,0,0,0.0,0,0,0.0,0,0,0,-,,,,,,,,,,,,,,,,,,
DeAndre Carter,CLE,WR,2174795,@TB,10,11,1,1,N/R,,,0,0,,0,0,0.0,0,0,0.0,0,0,0,-,,,,,,,,,,,,,,,,,,
Quartney Davis,IND,WR,2249179,@KC,2,13,1,0,N/R,,,0,0,,0,0,0.0,0,0,0.0,0,0,0,-,,,,,,,,,,,,,,,,,,
Jackson Meeks,DET,WR,26700892,@BUF,31,6,1,1,N/R,,,0,0,,0,0,0.0,0,0,0.0,0,0,0,0.00,,,,,,,,,,,,,,,,,,
Kazmeir Allen,WAS,WR,2962093,@DAL,14,7,1,1,N/R,,,0,0,,0,0,0.0,0,0,0.0,0,0,0,-,,,,,,,,,,,,,,,,,,
Isaiah Washington,BAL,WR,2256694,NO,7,13,1,0,N/R,,,0,0,,0,0,0.0,0,0,0.0,0,0,0,-,,,,,,,,,,,,,,,,,,
Simi Fehoko,ARI,WR,2965289,SEA,1,14,1,0,N/R,,,0,0,,0,0,0.0,0,0,0.0,0,0,0,0.00,,,,,,,,,,,,,,,,,,
Van Jefferson,WAS,WR,2186342,@DAL,14,7,1,1,N/R,,,0,0,,0,0,0.0,0,0,0.0,0,0,0,-,,,,,,,,,,,,,,,,,,
Jimmy Kibble,NE,WR,28925542,PIT,12,11,1,0,N/R,,,0,0,,0,0,0.0,0,0,0.0,0,0,0,-,,,,,,,,,,,,,,,,,,
Nick Williams,DEN,WR,28908782,JAC,20,10,1,0,N/R,,,0,0,,0,0,0.0,0,0,0.0,0,0,0,-,,,,,,,,,,,,,,,,,,
Chris Bell,MIA,WR,28877196,@SF,11,6,17,1,N/R,,,0,0,,0,0,0.0,0,0,0.0,0,1,0,0.00,,,,,,,,,,,,,,,,,,
Matthew Golden,GB,WR,28874927,@NYJ,5,11,96,69,21,,,58,0,,0,0,14.5,0,0,0.0,0,6,4,0.00,,,,,,,,,,,,,,,,,,
Justin Lockhart,KC,WR,3125802,IND,24,5,1,1,N/R,,,0,0,,0,0,0.0,0,0,0.0,0,0,0,-,,,,,,,,,,,,,,,,,,
Kevin Kassis,SEA,WR,2261023,@ARI,30,11,1,1,N/R,,,0,0,,0,0,0.0,0,0,0.0,0,0,0,-,,,,,,,,,,,,,,,,,,
Amba Etta-Tawo,HOU,WR,2001582,CIN,13,8,1,1,N/R,,,0,0,,0,0,0.0,0,0,0.0,0,0,0,-,,,,,,,,,,,,,,,,,,
T.J. Luther,CAR,WR,2963021,@ATL,28,5,1,1,N/R,,,0,0,,0,0,0.0,0,0,0.0,0,0,0,-,,,,,,,,,,,,,,,,,,
Khalil Tate,PHI,WR,3159159,@TEN,18,10,1,0,N/R,,,0,0,,0,0,0.0,0,0,0.0,0,0,0,-,,,,,,,,,,,,,,,,,,
Marcus Riley,NYJ,WR,3133994,GB,23,13,1,1,N/R,,,0,0,,0,0,0.0,0,0,0.0,0,0,0,-,,,,,,,,,,,,,,,,,,
Stephen Guidry,DAL,WR,2961462,WAS,32,14,1,1,N/R,,,0,0,,0,0,0.0,0,0,0.0,0,0,0,-,,,,,,,,,,,,,,,,,,
Tyler Adams,IND,WR,2820164,@KC,2,13,1,0,N/R,,,0,0,,0,0,0.0,0,0,0.0,0,0,0,-,,,,,,,,,,,,,,,,,,
Deebo Samuel,SF,WR,2139735,MIA,3,8,96,71,33,,,31,0,,1,4,10.3,0,0,4.0,0,4,3,0.00,,,,,,,,,,,,,,,,,,
Michael Pittman,PIT,WR,2240188,@NE,8,9,74,8,48,,,0,0,,0,0,0.0,0,0,0.0,0,0,0,-,,,,,,,,,,,,,,,,,,
Jontre Kirklin,SF,WR,2804559,MIA,3,8,1,0,N/R,,,0,0,,0,0,0.0,0,0,0.0,0,0,0,-,,,,,,,,,,,,,,,,,,
George Pickens,DAL,WR,3123212,WAS,32,14,100,96,16,,,40,0,,0,0,6.7,0,0,0.0,0,8,6,0.00,,,,,,,,,,,,,,,,,,
Dante Pettis,BUF,WR,2139642,DET,27,7,1,1,N/R,,,0,0,,0,0,0.0,0,0,0.0,0,0,0,-,,,,,,,,,,,,,,,,,,
Justyn Ross,KC,WR,2965335,IND,24,5,1,0,N/R,,,0,0,,0,0,0.0,0,0,0.0,0,0,0,-,,,,,,,,,,,,,,,,,,
Makai Polk,ATL,WR,3122839,CAR,4,11,1,1,N/R,,,0,0,,0,0,0.0,0,0,0.0,0,0,0,-,,,,,,,,,,,,,,,,,,
Jenson Stoshak,CAR,WR,2237669,@ATL,28,5,1,1,N/R,,,0,0,,0,0,0.0,0,0,0.0,0,0,0,-,,,,,,,,,,,,,,,,,,
Devin Duvernay,ARI,WR,2246849,SEA,1,14,1,1,N/R,,,0,0,,0,0,0.0,0,0,0.0,0,0,0,0.00,,,,,,,,,,,,,,,,,,
Tory Horton,SEA,WR,3165177,@ARI,30,11,4,1,N/R,,,0,0,,0,0,0.0,0,0,0.0,0,0,0,0.00,,,,,,,,,,,,,,,,,,
Hayden Hatten,SEA,WR,3125550,@ARI,30,11,1,1,N/R,,,0,0,,0,0,0.0,0,0,0.0,0,0,0,-,,,,,,,,,,,,,,,,,,
Jaelon Darden,SEA,WR,2836391,@ARI,30,11,1,1,N/R,,,0,0,,0,0,0.0,0,0,0.0,0,0,0,-,,,,,,,,,,,,,,,,,,
Andrei Iosivas,CIN,WR,2966908,@HOU,29,6,1,1,N/R,,,7,0,,0,0,7.0,0,0,0.0,0,1,1,0.00,,,,,,,,,,,,,,,,,,
Liam Clifford,LAC,WR,26695271,LV,6,7,1,0,N/R,,,0,0,,0,0,0.0,0,0,0.0,0,0,0,-,,,,,,,,,,,,,,,,,,
Kendrick Law,DET,WR,28874888,@BUF,31,6,1,0,N/R,,,0,0,,0,0,0.0,0,0,0.0,0,0,0,-,,,,,,,,,,,,,,,,,,
Juwann Winfree,HOU,WR,3116589,CIN,13,8,1,1,N/R,,,0,0,,0,0,0.0,0,0,0.0,0,0,0,-,,,,,,,,,,,,,,,,,,
Lideatrick Griffin,GB,WR,3171022,@NYJ,5,11,1,1,N/R,,,0,0,,0,0,0.0,0,0,0.0,0,0,0,-,,,,,,,,,,,,,,,,,,
EJ Horton Jr.,IND,WR,3168807,@KC,2,13,1,1,N/R,,,0,0,,0,0,0.0,0,0,0.0,0,0,0,-,,,,,,,,,,,,,,,,,,
Lewis Bond,HOU,WR,26695655,CIN,13,8,1,1,N/R,,,0,0,,0,0,0.0,0,0,0.0,0,0,0,0.00,,,,,,,,,,,,,,,,,,
D'Wayne Eskridge,MIA,WR,2252411,@SF,11,6,1,0,N/R,,,0,0,,0,0,0.0,0,0,0.0,0,0,0,-,,,,,,,,,,,,,,,,,,
Caleb Douglas,MIA,WR,28900321,@SF,11,6,40,1,N/R,,,19,0,,0,0,9.5,0,0,0.0,0,3,2,0.00,,,,,,,,,,,,,,,,,,
Shawn Poindexter,SF,WR,3116832,MIA,3,8,1,1,N/R,,,0,0,,0,0,0.0,0,0,0.0,0,0,0,-,,,,,,,,,,,,,,,,,,
Omari Kelly,CHI,WR,28875866,MIN,25,10,1,1,N/R,,,0,0,,0,0,0.0,0,0,0.0,0,0,0,-,,,,,,,,,,,,,,,,,,
Travis Toivonen,MIN,WR,2261149,@CHI,17,6,1,0,N/R,,,0,0,,0,0,0.0,0,0,0.0,0,0,0,-,,,,,,,,,,,,,,,,,,
DaRon Brown,FA,WR,1762348,BYE,---,0,1,1,N/R,,,0,0,,0,0,0.0,0,0,0.0,0,0,0,-,,,,,,,,,,,,,,,,,,
Courtney Jackson,TEN,WR,3123345,PHI,16,9,1,0,N/R,,,0,0,,0,0,0.0,0,0,0.0,0,0,0,-,,,,,,,,,,,,,,,,,,
Connor Wedington,SEA,WR,2866341,@ARI,30,11,1,1,N/R,,,0,0,,0,0,0.0,0,0,0.0,0,0,0,-,,,,,,,,,,,,,,,,,,
Xavier Restrepo,TEN,WR,3163221,PHI,16,9,1,1,N/R,,,0,0,,0,0,0.0,0,0,0.0,0,0,0,-,,,,,,,,,,,,,,,,,,
Elic Ayomanor,TEN,WR,28900714,PHI,16,9,7,1,N/R,,,69,0,,0,0,34.5,0,0,0.0,0,3,2,0.00,,,,,,,,,,,,,,,,,,
Savion Williams,GB,WR,3161844,@NYJ,5,11,1,1,N/R,,,0,0,,0,0,0.0,0,0,0.0,0,0,0,-,,,,,,,,,,,,,,,,,,
Tylan Wallace,CLE,WR,2866424,@TB,10,11,1,1,N/R,,,0,0,,0,0,0.0,0,0,0.0,0,0,0,0.00,,,,,,,,,,,,,,,,,,
Malik Nabers,NYG,WR,26697761,@LAR,15,8,100,67,19,,,1,0,,0,0,1.0,0,0,0.0,0,4,1,0.00,,,,,,,,,,,,,,,,,,
Henry Litwin,CHI,WR,28869012,MIN,25,10,1,1,N/R,,,0,0,,0,0,0.0,0,0,0.0,0,0,0,-,,,,,,,,,,,,,,,,,,
Jamal Agnew,ATL,WR,2818264,CAR,4,11,1,1,N/R,,,0,0,,0,0,0.0,0,0,0.0,0,0,0,-,,,,,,,,,,,,,,,,,,
Terrill Davis,MIN,WR,50007644,@CHI,17,6,1,1,N/R,,,0,0,,0,0,0.0,0,0,0.0,0,0,0,-,,,,,,,,,,,,,,,,,,
Justin Jefferson,MIN,WR,2871343,@CHI,17,6,100,99,6,,,55,0,,0,0,18.3,0,0,0.0,0,6,3,0.00,,,,,,,,,,,,,,,,,,
Miles Boykin,CHI,WR,2186656,MIN,25,10,1,0,N/R,,,0,0,,0,0,0.0,0,0,0.0,0,0,0,-,,,,,,,,,,,,,,,,,,
Aaron Anderson,CLE,WR,28877406,@TB,10,11,1,1,N/R,,,0,0,,0,0,0.0,0,0,0.0,0,0,0,-,,,,,,,,,,,,,,,,,,
Caleb Scott,LV,WR,2139757,@LAC,19,13,1,1,N/R,,,0,0,,0,0,0.0,0,0,0.0,0,0,0,-,,,,,,,,,,,,,,,,,,
Andre Baccellia,ARI,WR,3159102,SEA,1,14,1,1,N/R,,,0,0,,0,0,0.0,0,0,0.0,0,0,0,-,,,,,,,,,,,,,,,,,,
Mecole Hardman,BUF,WR,2248618,DET,27,7,1,1,N/R,,,0,0,,0,0,0.0,0,0,0.0,0,0,0,-,,,,,,,,,,,,,,,,,,
Jacolby George,CAR,WR,26700358,@ATL,28,5,0,0,N/R,,,0,0,,0,0,0.0,0,0,0.0,0,0,0,-,,,,,,,,,,,,,,,,,,
Beaux Collins,ATL,WR,26694592,CAR,4,11,1,1,N/R,,,0,0,,0,0,0.0,0,0,0.0,0,0,0,-,,,,,,,,,,,,,,,,,,
Collin Johnson,LV,WR,2240315,@LAC,19,13,1,0,N/R,,,0,0,,0,0,0.0,0,0,0.0,0,0,0,-,,,,,,,,,,,,,,,,,,
Rakim Jarrett,PIT,WR,3166901,@NE,8,9,1,1,N/R,,,0,0,,0,0,0.0,0,0,0.0,0,0,0,-,,,,,,,,,,,,,,,,,,
Dez Fitzpatrick,LAC,WR,2251151,LV,6,7,1,1,N/R,,,0,0,,0,0,0.0,0,0,0.0,0,0,0,-,,,,,,,,,,,,,,,,,,
TJ Sheffield,TEN,WR,3131565,PHI,16,9,1,0,N/R,,,0,0,,0,0,0.0,0,0,0.0,0,0,0,-,,,,,,,,,,,,,,,,,,
Michael Bandy,DEN,WR,2245832,JAC,20,10,1,0,N/R,,,0,0,,0,0,0.0,0,0,0.0,0,0,0,-,,,,,,,,,,,,,,,,,,
Cooper Kupp,SEA,WR,2006951,@ARI,30,11,26,3,N/R,,,20,0,,0,0,10.0,0,0,0.0,0,2,2,0.00,,,,,,,,,,,,,,,,,,
Greg Dortch,BUF,WR,2223207,DET,27,7,1,1,N/R,,,0,0,,0,0,0.0,0,0,0.0,0,0,0,0.00,,,,,,,,,,,,,,,,,,
Tyler Snead,PIT,WR,2983342,@NE,8,9,1,1,N/R,,,0,0,,0,0,0.0,0,0,0.0,0,0,0,-,,,,,,,,,,,,,,,,,,
Antonio Brown,TB,WR,1272852,CLE,22,10,1,1,N/R,,,0,0,,0,0,0.0,0,0,0.0,0,0,0,-,,,,,,,,,,,,,,,,,,
CJ Daniels,LAR,WR,3167404,NYG,21,11,1,1,N/R,,,0,0,,0,0,0.0,0,0,0.0,0,0,0,-,,,,,,,,,,,,,,,,,,
Kalija Lipscomb,TEN,WR,2247525,PHI,16,9,1,1,N/R,,,0,0,,0,0,0.0,0,0,0.0,0,0,0,-,,,,,,,,,,,,,,,,,,
Tai Felton,MIN,WR,26702969,@CHI,17,6,1,1,N/R,,,0,0,,0,0,0.0,0,0,0.0,0,0,0,0.00,,,,,,,,,,,,,,,,,,
Calvin Ridley,TEN,WR,2186328,PHI,16,9,26,4,N/R,,,35,0,,0,0,17.5,0,0,0.0,0,2,2,0.00,,,,,,,,,,,,,,,,,,
Malik Benson,LV,WR,29121426,@LAC,19,13,3,1,N/R,,,0,0,,0,0,0.0,0,0,0.0,0,1,0,0.00,,,,,,,,,,,,,,,,,,
Dylan Drummond,ATL,WR,2963946,CAR,4,11,1,1,N/R,,,0,0,,0,0,0.0,0,0,0.0,0,0,0,-,,,,,,,,,,,,,,,,,,
Zach Pascal,NYG,WR,1989197,@LAR,15,8,1,1,N/R,,,0,0,,0,0,0.0,0,0,0.0,0,0,0,-,,,,,,,,,,,,,,,,,,
Kawaan Baker,GB,WR,2264866,@NYJ,5,11,1,0,N/R,,,0,0,,0,0,0.0,0,0,0.0,0,0,0,-,,,,,,,,,,,,,,,,,,
Jordan Addison,MIN,WR,3162290,@CHI,17,6,78,12,40,,,21,0,,0,0,10.5,0,0,0.0,0,5,2,0.00,,,,,,,,,,,,,,,,,,
Kendrick Bourne,ARI,WR,2088428,SEA,1,14,6,1,N/R,,,11,0,,0,0,5.5,0,0,0.0,0,3,2,0.00,,,,,,,,,,,,,,,,,,
Tyreek Hill,MIA,WR,2131163,@SF,11,6,7,1,N/R,,,0,0,,0,0,0.0,0,0,0.0,0,0,0,-,,,,,,,,,,,,,,,,,,
Brandon Johnson,PIT,WR,2247509,@NE,8,9,1,1,N/R,,,0,0,,0,0,0.0,0,0,0.0,0,0,0,-,,,,,,,,,,,,,,,,,,
Damien Alford,NO,WR,3168395,@BAL,26,8,1,0,N/R,,,0,0,,0,0,0.0,0,0,0.0,0,0,0,-,,,,,,,,,,,,,,,,,,
Devin Carter,CAR,WR,2966243,@ATL,28,5,1,0,N/R,,,0,0,,0,0,0.0,0,0,0.0,0,0,0,-,,,,,,,,,,,,,,,,,,
Dareke Young,LV,WR,27017067,@LAC,19,13,1,1,N/R,,,27,0,,0,0,27.0,0,0,0.0,0,1,1,0.00,,,,,,,,,,,,,,,,,,
Tre Turner,LV,WR,2966451,@LAC,19,13,1,1,N/R,,,0,0,,0,0,0.0,0,0,0.0,0,0,0,-,,,,,,,,,,,,,,,,,,
Britain Covey,PHI,WR,2185571,@TEN,18,10,1,1,N/R,,,0,0,,0,0,0.0,0,0,0.0,0,0,0,0.00,,,,,,,,,,,,,,,,,,
Sahmir Hagans,IND,WR,26697142,@KC,2,13,1,0,N/R,,,0,0,,0,0,0.0,0,0,0.0,0,0,0,-,,,,,,,,,,,,,,,,,,
Terrace Marshall Jr.,MIA,WR,2963214,@SF,11,6,1,1,N/R,,,0,0,,0,0,0.0,0,0,0.0,0,0,0,-,,,,,,,,,,,,,,,,,,
Jaylen Smith,SEA,WR,2181185,@ARI,30,11,0,0,N/R,,,0,0,,0,0,0.0,0,0,0.0,0,0,0,-,,,,,,,,,,,,,,,,,,
Trebor Pena,JAC,WR,3168420,@DEN,9,7,1,1,N/R,,,0,0,,0,0,0.0,0,0,0.0,0,0,0,-,,,,,,,,,,,,,,,,,,
Nick Easley,BUF,WR,2804380,DET,27,7,0,0,N/R,,,0,0,,0,0,0.0,0,0,0.0,0,0,0,-,,,,,,,,,,,,,,,,,,
K.J. Osborn,TEN,WR,2184383,PHI,16,9,1,1,N/R,,,0,0,,0,0,0.0,0,0,0.0,0,0,0,-,,,,,,,,,,,,,,,,,,
J.J. Jones,JAC,WR,26701622,@DEN,9,7,1,1,N/R,,,0,0,,0,0,0.0,0,0,0.0,0,0,0,-,,,,,,,,,,,,,,,,,,
Alec Pierce,IND,WR,2965664,@KC,2,13,72,2,N/R,,,11,0,,0,0,11.0,0,0,0.0,0,1,1,0.00,,,,,,,,,,,,,,,,,,
Jon'Vea Johnson,CHI,WR,2136691,MIN,25,10,1,1,N/R,,,0,0,,0,0,0.0,0,0,0.0,0,0,0,-,,,,,,,,,,,,,,,,,,
Nikko Remigio,KC,WR,2964863,IND,24,5,1,1,N/R,,,0,0,,0,0,0.0,0,0,0.0,0,0,0,0.00,,,,,,,,,,,,,,,,,,
Jhamon Ausbon,PHI,WR,2758267,@TEN,18,10,1,1,N/R,,,0,0,,0,0,0.0,0,0,0.0,0,0,0,-,,,,,,,,,,,,,,,,,,
Barion Brown,NO,WR,28900204,@BAL,26,8,1,1,N/R,,,0,0,,0,0,0.0,0,0,0.0,0,0,0,0.00,,,,,,,,,,,,,,,,,,
Ben Skowronek,PIT,WR,2247046,@NE,8,9,1,1,N/R,,,2,0,,0,0,2.0,0,0,0.0,0,1,1,0.00,,,,,,,,,,,,,,,,,,
Germie Bernard,PIT,WR,28878358,@NE,8,9,7,1,N/R,,,35,0,,0,0,8.8,0,0,0.0,0,8,4,0.00,,,,,,,,,,,,,,,,,,
Jalon Calhoun,DET,WR,3124664,@BUF,31,6,0,0,N/R,,,0,0,,0,0,0.0,0,0,0.0,0,0,0,-,,,,,,,,,,,,,,,,,,
Josh Reese,PHI,WR,2174982,@TEN,18,10,1,1,N/R,,,0,0,,0,0,0.0,0,0,0.0,0,0,0,-,,,,,,,,,,,,,,,,,,
Dominic Lovett,DET,WR,26696063,@BUF,31,6,1,1,N/R,,,0,0,,0,0,0.0,0,0,0.0,0,0,0,-,,,,,,,,,,,,,,,,,,
Nico Collins,HOU,WR,2878193,CIN,13,8,100,4,N/R,,,0,0,,0,0,0.0,0,0,0.0,0,0,0,-,,,,,,,,,,,,,,,,,,
Makai Lemon,PHI,WR,29123772,@TEN,18,10,60,3,N/R,,,14,0,,1,-5,14.0,0,0,-5.0,0,1,1,0.00,,,,,,,,,,,,,,,,,,
Silas Bolden,HOU,WR,3176940,CIN,13,8,1,1,N/R,,,0,0,,0,0,0.0,0,0,0.0,0,0,0,-,,,,,,,,,,,,,,,,,,
Tyrone Broden,SEA,WR,3133378,@ARI,30,11,1,1,N/R,,,0,0,,0,0,0.0,0,0,0.0,0,0,0,-,,,,,,,,,,,,,,,,,,
Malik Washington,MIA,WR,3124729,@SF,11,6,18,3,47,,,43,0,,1,4,10.8,0,0,4.0,0,5,4,0.00,,,,,,,,,,,,,,,,,,
Mitchell Tinsley,HOU,WR,3162481,CIN,13,8,1,0,N/R,,,0,0,,0,0,0.0,0,0,0.0,0,0,0,-,,,,,,,,,,,,,,,,,,
KaVontae Turpin,DAL,WR,2180870,WAS,32,14,1,1,N/R,,,0,0,,1,1,0.0,0,0,1.0,0,0,0,0.00,,,,,,,,,,,,,,,,,,
Bryant Mitchell,TB,WR,3103642,CLE,22,10,1,1,N/R,,,0,0,,0,0,0.0,0,0,0.0,0,0,0,-,,,,,,,,,,,,,,,,,,
Eric Rivers,TB,WR,29122776,CLE,22,10,1,0,N/R,,,0,0,,0,0,0.0,0,0,0.0,0,0,0,-,,,,,,,,,,,,,,,,,,
Joshua Cephus,JAC,WR,3127909,@DEN,9,7,1,1,N/R,,,0,0,,0,0,0.0,0,0,0.0,0,0,0,-,,,,,,,,,,,,,,,,,,
Tre Walker,BUF,WR,2864807,DET,27,7,1,1,N/R,,,0,0,,0,0,0.0,0,0,0.0,0,0,0,-,,,,,,,,,,,,,,,,,,
Johnny Johnson III,HOU,WR,2864938,CIN,13,8,1,1,N/R,,,0,0,,0,0,0.0,0,0,0.0,0,0,0,-,,,,,,,,,,,,,,,,,,
Landon Lenoir,CHI,WR,2247199,MIN,25,10,0,0,N/R,,,0,0,,0,0,0.0,0,0,0.0,0,0,0,-,,,,,,,,,,,,,,,,,,
Anthony Schwartz,MIA,WR,2965374,@SF,11,6,1,1,N/R,,,0,0,,0,0,0.0,0,0,0.0,0,0,0,-,,,,,,,,,,,,,,,,,,
John Mitchell,SEA,WR,2252295,@ARI,30,11,1,1,N/R,,,0,0,,0,0,0.0,0,0,0.0,0,0,0,-,,,,,,,,,,,,,,,,,,
Zakhari Franklin,LV,WR,3127917,@LAC,19,13,1,1,N/R,,,0,0,,0,0,0.0,0,0,0.0,0,0,0,-,,,,,,,,,,,,,,,,,,
Devaughn Vele,NO,WR,3121113,@BAL,26,8,82,39,27,,,64,0,,0,0,12.8,0,0,0.0,0,7,5,0.00,,,,,,,,,,,,,,,,,,
Phil Lutz,NE,WR,29152034,PIT,12,11,1,1,N/R,,,0,0,,0,0,0.0,0,0,0.0,0,0,0,-,,,,,,,,,,,,,,,,,,
Mante Morrow,LAC,WR,50049265,LV,6,7,1,0,N/R,,,0,0,,0,0,0.0,0,0,0.0,0,0,0,-,,,,,,,,,,,,,,,,,,
Jamison Crowder,WAS,WR,1850749,@DAL,14,7,1,1,N/R,,,0,0,,0,0,0.0,0,0,0.0,0,0,0,-,,,,,,,,,,,,,,,,,,
Gunner Olszewski,NYG,WR,3117210,@LAR,15,8,1,1,N/R,,,0,0,,0,0,0.0,0,0,0.0,0,0,0,-,,,,,,,,,,,,,,,,,,
Ke'Shawn Williams,CIN,WR,3171149,@HOU,29,6,1,1,N/R,,,0,0,,0,0,0.0,0,0,0.0,0,0,0,-,,,,,,,,,,,,,,,,,,
Bub Means,CLE,WR,3123413,@TB,10,11,1,1,N/R,,,0,0,,0,0,0.0,0,0,0.0,0,0,0,-,,,,,,,,,,,,,,,,,,
Da'Quan Felton,NYJ,WR,3128608,GB,23,13,1,1,N/R,,,0,0,,0,0,0.0,0,0,0.0,0,0,0,-,,,,,,,,,,,,,,,,,,
Peter LeBlanc,CHI,WR,3131648,MIN,25,10,1,1,N/R,,,0,0,,0,0,0.0,0,0,0.0,0,0,0,-,,,,,,,,,,,,,,,,,,
Kyle Williams,NE,WR,3167684,PIT,12,11,2,1,N/R,,,10,0,,0,0,10.0,0,0,0.0,0,2,1,0.00,,,,,,,,,,,,,,,,,,
Milton Williams,LV,WR,2175046,@LAC,19,13,1,1,N/R,,,0,0,,0,0,0.0,0,0,0.0,0,0,0,-,,,,,,,,,,,,,,,,,,
Dai'Jean Dixon,NO,WR,2864965,@BAL,26,8,1,1,N/R,,,0,0,,0,0,0.0,0,0,0.0,0,0,0,-,,,,,,,,,,,,,,,,,,
Roc Taylor,CAR,WR,26733219,@ATL,28,5,0,0,N/R,,,0,0,,0,0,0.0,0,0,0.0,0,0,0,-,,,,,,,,,,,,,,,,,,
Jimmy Holiday,KC,WR,3163391,IND,24,5,1,1,N/R,,,0,0,,0,0,0.0,0,0,0.0,0,0,0,-,,,,,,,,,,,,,,,,,,
Andrew Parchment,CAR,WR,2252355,@ATL,28,5,0,0,N/R,,,0,0,,0,0,0.0,0,0,0.0,0,0,0,-,,,,,,,,,,,,,,,,,,
Travis Jonsen,TB,WR,3159190,CLE,22,10,1,1,N/R,,,0,0,,0,0,0.0,0,0,0.0,0,0,0,-,,,,,,,,,,,,,,,,,,
Cameron Dorner,NE,WR,29721343,PIT,12,11,1,1,N/R,,,0,0,,0,0,0.0,0,0,0.0,0,0,0,-,,,,,,,,,,,,,,,,,,
DaVaris Daniels,NE,WR,1888751,PIT,12,11,1,1,N/R,,,0,0,,0,0,0.0,0,0,0.0,0,0,0,-,,,,,,,,,,,,,,,,,,
Brelan Chancellor,PIT,WR,2130622,@NE,8,9,1,1,N/R,,,0,0,,0,0,0.0,0,0,0.0,0,0,0,-,,,,,,,,,,,,,,,,,,
John Hall,SEA,WR,29119112,@ARI,30,11,1,1,N/R,,,0,0,,0,0,0.0,0,0,0.0,0,0,0,-,,,,,,,,,,,,,,,,,,
Jaylon Moore,JAC,WR,2181988,@DEN,9,7,1,1,N/R,,,0,0,,0,0,0.0,0,0,0.0,0,0,0,-,,,,,,,,,,,,,,,,,,
Arian Smith,NYJ,WR,3163930,GB,23,13,1,1,N/R,,,0,0,,0,0,0.0,0,0,0.0,0,0,0,0.00,,,,,,,,,,,,,,,,,,
Jamari Thrash,CLE,WR,3127827,@TB,10,11,1,0,N/R,,,0,0,,0,0,0.0,0,0,0.0,0,0,0,-,,,,,,,,,,,,,,,,,,
Jalen Walthall,NYJ,WR,26713535,GB,23,13,0,0,N/R,,,0,0,,0,0,0.0,0,0,0.0,0,0,0,-,,,,,,,,,,,,,,,,,,
Kelly Akharaiyi,ARI,WR,28874246,SEA,1,14,1,1,N/R,,,0,0,,0,0,0.0,0,0,0.0,0,0,0,-,,,,,,,,,,,,,,,,,,
Dax Milne,CAR,WR,2975629,@ATL,28,5,1,1,N/R,,,0,0,,0,0,0.0,0,0,0.0,0,0,0,-,,,,,,,,,,,,,,,,,,
Eli Stove,LAC,WR,2241806,LV,6,7,1,0,N/R,,,0,0,,0,0,0.0,0,0,0.0,0,0,0,-,,,,,,,,,,,,,,,,,,
DK Metcalf,PIT,WR,2260185,@NE,8,9,95,40,38,,,27,0,,0,0,6.8,0,0,0.0,0,9,4,0.00,,,,,,,,,,,,,,,,,,
Jadon Haselwood,PHI,WR,3122363,@TEN,18,10,1,1,N/R,,,0,0,,0,0,0.0,0,0,0.0,0,0,0,-,,,,,,,,,,,,,,,,,,
Parris Campbell,DAL,WR,2139271,WAS,32,14,1,1,N/R,,,0,0,,0,0,0.0,0,0,0.0,0,0,0,-,,,,,,,,,,,,,,,,,,
Levi Wentz,PIT,WR,3164057,@NE,8,9,0,0,N/R,,,0,0,,0,0,0.0,0,0,0.0,0,0,0,-,,,,,,,,,,,,,,,,,,
Seth Williams,LV,WR,2965944,@LAC,19,13,1,0,N/R,,,0,0,,0,0,0.0,0,0,0.0,0,0,0,-,,,,,,,,,,,,,,,,,,
Erik Ezukanma,PHI,WR,2962352,@TEN,18,10,1,1,N/R,,,0,0,,0,0,0.0,0,0,0.0,0,0,0,-,,,,,,,,,,,,,,,,,,
Michael Wilson,ARI,WR,2965181,SEA,1,14,89,25,36,,,18,0,,0,0,9.0,0,0,0.0,0,7,2,0.00,,,,,,,,,,,,,,,,,,
Jordan Whittington,LAR,WR,3122843,NYG,21,11,1,1,N/R,,,0,0,,0,0,0.0,0,0,0.0,0,0,0,-,,,,,,,,,,,,,,,,,,
Mason Tipton,NO,WR,3135304,@BAL,26,8,1,1,N/R,,,0,0,,0,0,0.0,0,0,0.0,0,0,0,-,,,,,,,,,,,,,,,,,,
Demetris Robertson,SEA,WR,2250830,@ARI,30,11,0,0,N/R,,,0,0,,0,0,0.0,0,0,0.0,0,0,0,-,,,,,,,,,,,,,,,,,,
Odell Beckham Jr.,NYG,WR,1824823,@LAR,15,8,3,1,N/R,,,0,0,,0,0,0.0,0,0,0.0,0,0,0,0.00,,,,,,,,,,,,,,,,,,
KC Concepcion,CLE,WR,29123718,@TB,10,11,72,11,N/R,,,28,0,,1,-6,4.7,0,0,-6.0,0,6,6,0.00,,,,,,,,,,,,,,,,,,
Steve Ishmael,IND,WR,2925153,@KC,2,13,1,1,N/R,,,0,0,,0,0,0.0,0,0,0.0,0,0,0,-,,,,,,,,,,,,,,,,,,
Marvin Mims,DEN,WR,3162586,JAC,20,10,2,1,N/R,,,0,0,,0,0,0.0,0,0,0.0,0,0,0,-,,,,,,,,,,,,,,,,,,
Xavier Weaver,ARI,WR,3131562,SEA,1,14,1,1,N/R,,,0,0,,0,0,0.0,0,0,0.0,0,0,0,-,,,,,,,,,,,,,,,,,,
Jordyn Tyson,NO,WR,28900885,@BAL,26,8,51,1,N/R,,,0,0,,0,0,0.0,0,0,0.0,0,0,0,-,,,,,,,,,,,,,,,,,,
Matt Landers,TEN,WR,2871748,PHI,16,9,1,1,N/R,,,0,0,,0,0,0.0,0,0,0.0,0,0,0,-,,,,,,,,,,,,,,,,,,
Luke Floriea,CLE,WR,3164098,@TB,10,11,1,0,N/R,,,0,0,,0,0,0.0,0,0,0.0,0,0,0,-,,,,,,,,,,,,,,,,,,
A.J. Richardson,ARI,WR,3117015,SEA,1,14,1,1,N/R,,,0,0,,0,0,0.0,0,0,0.0,0,0,0,-,,,,,,,,,,,,,,,,,,
Andy Isabella,SF,WR,2182851,MIA,3,8,1,1,N/R,,,0,0,,0,0,0.0,0,0,0.0,0,0,0,-,,,,,,,,,,,,,,,,,,
De'Zhaun Stribling,SF,WR,26696676,MIA,3,8,37,1,N/R,,,0,0,,0,0,0.0,0,0,0.0,0,0,0,-,,,,,,,,,,,,,,,,,,
Anthony Ratliff-Williams,SEA,WR,2179349,@ARI,30,11,1,1,N/R,,,0,0,,0,0,0.0,0,0,0.0,0,0,0,-,,,,,,,,,,,,,,,,,,
Ben Patterson,CLE,WR,50048410,@TB,10,11,1,1,N/R,,,0,0,,0,0,0.0,0,0,0.0,0,0,0,-,,,,,,,,,,,,,,,,,,
Samson Nacua,NO,WR,2260501,@BAL,26,8,1,0,N/R,,,0,0,,0,0,0.0,0,0,0.0,0,0,0,-,,,,,,,,,,,,,,,,,,
Mathew Sexton,MIA,WR,2240073,@SF,11,6,0,0,N/R,,,0,0,,0,0,0.0,0,0,0.0,0,0,0,-,,,,,,,,,,,,,,,,,,
Malik Henry,NO,WR,3116830,@BAL,26,8,1,1,N/R,,,0,0,,0,0,0.0,0,0,0.0,0,0,0,-,,,,,,,,,,,,,,,,,,
Dennis Houston,TB,WR,2866062,CLE,22,10,1,1,N/R,,,0,0,,0,0,0.0,0,0,0.0,0,0,0,-,,,,,,,,,,,,,,,,,,
Kyle Philips,LV,WR,2966039,@LAC,19,13,1,1,N/R,,,0,0,,0,0,0.0,0,0,0.0,0,0,0,-,,,,,,,,,,,,,,,,,,
Russell Gage,SF,WR,2131694,MIA,3,8,1,1,N/R,,,0,0,,0,0,0.0,0,0,0.0,0,0,0,-,,,,,,,,,,,,,,,,,,
A.J. Brown,NE,WR,2258303,PIT,12,11,99,3,N/R,,,0,0,,0,0,0.0,0,0,0.0,0,0,0,-,,,,,,,,,,,,,,,,,,
Jalin Hyatt,NYG,WR,3171911,@LAR,15,8,1,1,N/R,,,0,0,,0,0,0.0,0,0,0.0,0,0,0,-,,,,,,,,,,,,,,,,,,
Tyler Kahmann,IND,WR,29729510,@KC,2,13,1,0,N/R,,,0,0,,0,0,0.0,0,0,0.0,0,0,0,-,,,,,,,,,,,,,,,,,,
Skyler Bell,BUF,WR,26726589,DET,27,7,3,1,N/R,,,0,0,,0,0,0.0,0,0,0.0,0,0,0,-,,,,,,,,,,,,,,,,,,
Joaquin Davis,PIT,WR,26726311,@NE,8,9,0,0,N/R,,,0,0,,0,0,0.0,0,0,0.0,0,0,0,-,,,,,,,,,,,,,,,,,,
Tyshaun James,ATL,WR,2876686,CAR,4,11,0,0,N/R,,,0,0,,0,0,0.0,0,0,0.0,0,0,0,-,,,,,,,,,,,,,,,,,,
Bailey Gaither,BAL,WR,2184609,NO,7,13,0,0,N/R,,,0,0,,0,0,0.0,0,0,0.0,0,0,0,-,,,,,,,,,,,,,,,,,,
John Hurst,IND,WR,3159214,@KC,2,13,1,1,N/R,,,0,0,,0,0,0.0,0,0,0.0,0,0,0,-,,,,,,,,,,,,,,,,,,
Mikah Holder,WAS,WR,2924894,@DAL,14,7,1,0,N/R,,,0,0,,0,0,0.0,0,0,0.0,0,0,0,-,,,,,,,,,,,,,,,,,,
Kyle Dixon,NE,WR,50049245,PIT,12,11,1,1,N/R,,,0,0,,0,0,0.0,0,0,0.0,0,0,0,-,,,,,,,,,,,,,,,,,,
A.J. Henning,MIA,WR,3169276,@SF,11,6,1,1,N/R,,,0,0,,0,0,0.0,0,0,0.0,0,0,0,-,,,,,,,,,,,,,,,,,,
Elijah Sarratt,BAL,WR,28888850,NO,7,13,2,1,N/R,,,0,0,,0,0,0.0,0,0,0.0,0,0,0,-,,,,,,,,,,,,,,,,,,
Malick Meiga,SEA,WR,3168821,@ARI,30,11,1,1,N/R,,,0,0,,0,0,0.0,0,0,0.0,0,0,0,-,,,,,,,,,,,,,,,,,,
Jahmal Banks,BAL,WR,3162810,NO,7,13,1,1,N/R,,,0,0,,0,0,0.0,0,0,0.0,0,0,0,-,,,,,,,,,,,,,,,,,,
Ja'seem Reed,CAR,WR,26717711,@ATL,28,5,1,1,N/R,,,0,0,,0,0,0.0,0,0,0.0,0,0,0,-,,,,,,,,,,,,,,,,,,
Shedrick Jackson,BAL,WR,2962459,NO,7,13,0,0,N/R,,,0,0,,0,0,0.0,0,0,0.0,0,0,0,-,,,,,,,,,,,,,,,,,,
Malachi Corley,CLE,WR,3162613,@TB,10,11,1,1,N/R,,,0,0,,0,0,0.0,0,0,0.0,0,0,0,0.00,,,,,,,,,,,,,,,,,,
Reggie Roberson Jr.,TEN,WR,2835560,PHI,16,9,1,1,N/R,,,0,0,,0,0,0.0,0,0,0.0,0,0,0,-,,,,,,,,,,,,,,,,,,
Kelvin McKnight,DEN,WR,2186057,JAC,20,10,1,1,N/R,,,0,0,,0,0,0.0,0,0,0.0,0,0,0,-,,,,,,,,,,,,,,,,,,
Jacob Cowing,SF,WR,3133200,MIA,3,8,1,1,N/R,,,0,0,,0,0,0.0,0,0,0.0,0,0,0,0.00,,,,,,,,,,,,,,,,,,
Trevion Thompson,TEN,WR,2133481,PHI,16,9,1,0,N/R,,,0,0,,0,0,0.0,0,0,0.0,0,0,0,-,,,,,,,,,,,,,,,,,,
Tez Johnson,TB,WR,3161539,CLE,22,10,1,1,N/R,,,49,0,,0,0,49.0,0,0,0.0,0,4,1,0.00,,,,,,,,,,,,,,,,,,
Khalil McClain,MIA,WR,2866259,@SF,11,6,0,0,N/R,,,0,0,,0,0,0.0,0,0,0.0,0,0,0,-,,,,,,,,,,,,,,,,,,
C.J. Johnson,SEA,WR,3123939,@ARI,30,11,1,1,N/R,,,0,0,,0,0,0.0,0,0,0.0,0,0,0,-,,,,,,,,,,,,,,,,,,
JP Richardson,CHI,WR,26693430,MIN,25,10,1,0,N/R,,,0,0,,0,0,0.0,0,0,0.0,0,0,0,-,,,,,,,,,,,,,,,,,,
Deven Thompkins,LV,WR,2969006,@LAC,19,13,1,0,N/R,,,0,0,,0,0,0.0,0,0,0.0,0,0,0,-,,,,,,,,,,,,,,,,,,
Cornelius Johnson,BAL,WR,3133361,NO,7,13,1,1,N/R,,,0,0,,0,0,0.0,0,0,0.0,0,0,0,-,,,,,,,,,,,,,,,,,,
Austin Watkins Jr.,PHI,WR,2961443,@TEN,18,10,1,1,N/R,,,0,0,,0,0,0.0,0,0,0.0,0,0,0,-,,,,,,,,,,,,,,,,,,
Brandon Lewis,TEN,WR,3044909,PHI,16,9,1,1,N/R,,,0,0,,0,0,0.0,0,0,0.0,0,0,0,-,,,,,,,,,,,,,,,,,,
Jordan Bly,NYG,WR,26697040,@LAR,15,8,1,0,N/R,,,0,0,,0,0,0.0,0,0,0.0,0,0,0,-,,,,,,,,,,,,,,,,,,
Marquise Brown,PHI,WR,2804128,@TEN,18,10,4,1,N/R,,,0,0,,2,12,0.0,0,0,6.0,0,0,0,0.00,,,,,,,,,,,,,,,,,,
Damion Jeanpiere,CAR,WR,3117009,@ATL,28,5,0,0,N/R,,,0,0,,0,0,0.0,0,0,0.0,0,0,0,-,,,,,,,,,,,,,,,,,,
Charles Holland,CIN,WR,3117020,@HOU,29,6,1,1,N/R,,,0,0,,0,0,0.0,0,0,0.0,0,0,0,-,,,,,,,,,,,,,,,,,,
Josh Imatorbhebhe,JAC,WR,2240184,@DEN,9,7,1,0,N/R,,,0,0,,0,0,0.0,0,0,0.0,0,0,0,-,,,,,,,,,,,,,,,,,,
Jaelen Gill,CLE,WR,2967603,@TB,10,11,0,0,N/R,,,0,0,,0,0,0.0,0,0,0.0,0,0,0,-,,,,,,,,,,,,,,,,,,
Gabe Davis,BUF,WR,2804813,DET,27,7,1,1,N/R,,,0,0,,0,0,0.0,0,0,0.0,0,0,0,-,,,,,,,,,,,,,,,,,,
Austin Proehl,NYG,WR,2130950,@LAR,15,8,1,1,N/R,,,0,0,,0,0,0.0,0,0,0.0,0,0,0,-,,,,,,,,,,,,,,,,,,
Isaiah Weston,CLE,WR,2247180,@TB,10,11,0,0,N/R,,,0,0,,0,0,0.0,0,0,0.0,0,0,0,-,,,,,,,,,,,,,,,,,,
Talolo Limu-Jones,CAR,WR,2250273,@ATL,28,5,1,1,N/R,,,0,0,,0,0,0.0,0,0,0.0,0,0,0,-,,,,,,,,,,,,,,,,,,
Quentin Johnston,LAC,WR,3162609,LV,6,7,83,20,42,,,7,0,,1,7,7.0,0,0,7.0,0,5,1,0.00,,,,,,,,,,,,,,,,,,
Michael Woods II,DEN,WR,2965459,JAC,20,10,1,0,N/R,,,0,0,,0,0,0.0,0,0,0.0,0,0,0,-,,,,,,,,,,,,,,,,,,
Isaac TeSlaa,DET,WR,29122587,@BUF,31,6,6,1,N/R,,,26,0,,0,0,13.0,0,0,0.0,0,5,2,0.00,,,,,,,,,,,,,,,,,,
Jeret Smith,KC,WR,2176561,IND,24,5,1,1,N/R,,,0,0,,0,0,0.0,0,0,0.0,0,0,0,-,,,,,,,,,,,,,,,,,,
Antwane Wells Jr.,ATL,WR,3161901,CAR,4,11,1,1,N/R,,,0,0,,0,0,0.0,0,0,0.0,0,0,0,-,,,,,,,,,,,,,,,,,,
Cam Johnson,CAR,WR,2966680,@ATL,28,5,1,1,N/R,,,0,0,,0,0,0.0,0,0,0.0,0,0,0,-,,,,,,,,,,,,,,,,,,
Jonathan Duhart,DET,WR,3117025,@BUF,31,6,0,0,N/R,,,0,0,,0,0,0.0,0,0,0.0,0,0,0,-,,,,,,,,,,,,,,,,,,
LaJohntay Wester,BAL,WR,3170389,NO,7,13,1,1,N/R,,,14,0,,0,0,14.0,0,0,0.0,0,2,1,0.00,,,,,,,,,,,,,,,,,,
Terry Wright,MIA,WR,3116837,@SF,11,6,0,0,N/R,,,0,0,,0,0,0.0,0,0,0.0,0,0,0,-,,,,,,,,,,,,,,,,,,
Jadon Janke,GB,WR,2976448,@NYJ,5,11,1,1,N/R,,,0,0,,0,0,0.0,0,0,0.0,0,0,0,-,,,,,,,,,,,,,,,,,,
LaQuvionte Gonzalez,LAR,WR,2925157,NYG,21,11,1,1,N/R,,,0,0,,0,0,0.0,0,0,0.0,0,0,0,-,,,,,,,,,,,,,,,,,,
Kayshon Boutte,HOU,WR,3163170,CIN,13,8,26,4,N/R,,,37,0,,0,0,12.3,0,0,0.0,0,5,3,0.00,,,,,,,,,,,,,,,,,,
Troy Franklin,DEN,WR,26693436,JAC,20,10,6,1,N/R,,,27,0,,0,0,27.0,0,0,0.0,0,2,1,0.00,,,,,,,,,,,,,,,,,,
Tre Nixon,NE,WR,2260187,PIT,12,11,1,1,N/R,,,0,0,,0,0,0.0,0,0,0.0,0,0,0,-,,,,,,,,,,,,,,,,,,
Ihmir Smith-Marsette,CAR,WR,2865894,@ATL,28,5,1,1,N/R,,,0,0,,0,0,0.0,0,0,0.0,0,0,0,-,,,,,,,,,,,,,,,,,,
Isaiah Bond,CLE,WR,28910521,@TB,10,11,1,1,N/R,,,10,0,,0,0,10.0,0,0,0.0,0,1,1,0.00,,,,,,,,,,,,,,,,,,
Austin Willis,DET,WR,2175115,@BUF,31,6,0,0,N/R,,,0,0,,0,0,0.0,0,0,0.0,0,0,0,-,,,,,,,,,,,,,,,,,,
Jalen McCleskey,NO,WR,2185697,@BAL,26,8,1,1,N/R,,,0,0,,0,0,0.0,0,0,0.0,0,0,0,-,,,,,,,,,,,,,,,,,,
Nelson Agholor,BAL,WR,1996508,NO,7,13,1,1,N/R,,,0,0,,0,0,0.0,0,0,0.0,0,0,0,-,,,,,,,,,,,,,,,,,,
Chase Cota,CLE,WR,2965589,@TB,10,11,1,1,N/R,,,0,0,,0,0,0.0,0,0,0.0,0,0,0,-,,,,,,,,,,,,,,,,,,
Stanley Morgan,TEN,WR,2179632,PHI,16,9,1,1,N/R,,,0,0,,0,0,0.0,0,0,0.0,0,0,0,-,,,,,,,,,,,,,,,,,,
Garrett Greene,TB,WR,3162974,CLE,22,10,1,1,N/R,,,0,0,,0,0,0.0,0,0,0.0,0,0,0,-,,,,,,,,,,,,,,,,,,
Tommy Mellott,NO,WR,3162687,@BAL,26,8,1,1,N/R,,,0,0,,0,0,0.0,0,0,0.0,0,0,0,-,,,,,,,,,,,,,,,,,,
Cody Chrest,GB,WR,2241883,@NYJ,5,11,1,1,N/R,,,0,0,,0,0,0.0,0,0,0.0,0,0,0,-,,,,,,,,,,,,,,,,,,
Marcus Simms,SEA,WR,3125670,@ARI,30,11,0,0,N/R,,,0,0,,0,0,0.0,0,0,0.0,0,0,0,-,,,,,,,,,,,,,,,,,,
Demeer Blankumsee,NE,WR,3166844,PIT,12,11,1,1,N/R,,,0,0,,0,0,0.0,0,0,0.0,0,0,0,-,,,,,,,,,,,,,,,,,,
Shaq Roland,CHI,WR,2926785,MIN,25,10,1,1,N/R,,,0,0,,0,0,0.0,0,0,0.0,0,0,0,-,,,,,,,,,,,,,,,,,,
Brady Boyd,JAC,WR,26696036,@DEN,9,7,1,0,N/R,,,0,0,,0,0,0.0,0,0,0.0,0,0,0,-,,,,,,,,,,,,,,,,,,
Isaiah McKoy,IND,WR,2965743,@KC,2,13,1,1,N/R,,,0,0,,0,0,0.0,0,0,0.0,0,0,0,-,,,,,,,,,,,,,,,,,,
Tyler Hudson,LAR,WR,3122893,NYG,21,11,1,1,N/R,,,0,0,,0,0,0.0,0,0,0.0,0,0,0,-,,,,,,,,,,,,,,,,,,
Kolbe Katsis,DEN,WR,29423982,JAC,20,10,1,1,N/R,,,0,0,,0,0,0.0,0,0,0.0,0,0,0,-,,,,,,,,,,,,,,,,,,
Wesley Grimes,SF,WR,28883053,MIA,3,8,1,0,N/R,,,0,0,,0,0,0.0,0,0,0.0,0,0,0,-,,,,,,,,,,,,,,,,,,
Octavian Smith Jr.,BAL,WR,28900666,NO,7,13,1,0,N/R,,,0,0,,0,0,0.0,0,0,0.0,0,0,0,-,,,,,,,,,,,,,,,,,,
Travis Hunter,JAC,WR,28909849,@DEN,9,7,7,1,N/R,,,0,0,,0,0,0.0,0,0,0.0,0,0,0,0.00,,,,,,,,,,,,,,,,,,
David Durden,DAL,WR,2836832,WAS,32,14,1,1,N/R,,,0,0,,0,0,0.0,0,0,0.0,0,0,0,-,,,,,,,,,,,,,,,,,,
Felton Davis,KC,WR,2186422,IND,24,5,1,0,N/R,,,0,0,,0,0,0.0,0,0,0.0,0,0,0,-,,,,,,,,,,,,,,,,,,
Coleman Owen,IND,WR,3137926,@KC,2,13,1,0,N/R,,,0,0,,0,0,0.0,0,0,0.0,0,0,0,-,,,,,,,,,,,,,,,,,,
Christion Jones,MIA,WR,1893141,@SF,11,6,1,1,N/R,,,0,0,,0,0,0.0,0,0,0.0,0,0,0,-,,,,,,,,,,,,,,,,,,
Jahan Dotson,ATL,WR,2962944,CAR,4,11,1,1,N/R,,,11,0,,0,0,5.5,0,0,0.0,0,4,2,0.00,,,,,,,,,,,,,,,,,,
David Moore,CAR,WR,2818351,@ATL,28,5,1,1,N/R,,,0,0,,0,0,0.0,0,0,0.0,0,0,0,-,,,,,,,,,,,,,,,,,,
Mike Evans,SF,WR,1824909,MIA,3,8,100,66,23,,,54,0,,0,0,18.0,0,0,0.0,0,3,3,0.00,,,,,,,,,,,,,,,,,,
Tom Kennedy,DET,WR,3117113,@BUF,31,6,1,1,N/R,,,0,0,,0,0,0.0,0,0,0.0,0,0,0,0.00,,,,,,,,,,,,,,,,,,
Arthur Williams,NYJ,WR,2185867,GB,23,13,1,1,N/R,,,0,0,,0,0,0.0,0,0,0.0,0,0,0,-,,,,,,,,,,,,,,,,,,
Jeremiah Haydel,LAR,WR,2815197,NYG,21,11,1,0,N/R,,,0,0,,0,0,0.0,0,0,0.0,0,0,0,-,,,,,,,,,,,,,,,,,,
Caullin Lacy,NYJ,WR,3172596,GB,23,13,1,0,N/R,,,0,0,,0,0,0.0,0,0,0.0,0,0,0,-,,,,,,,,,,,,,,,,,,
T.J. Rahming,MIA,WR,3116702,@SF,11,6,1,1,N/R,,,0,0,,0,0,0.0,0,0,0.0,0,0,0,-,,,,,,,,,,,,,,,,,,
Chris Godwin,TB,WR,2818150,CLE,22,10,89,19,41,,,46,0,,1,12,15.3,0,0,12.0,0,3,3,0.00,,,,,,,,,,,,,,,,,,
T.J. Vasher,DAL,WR,2252275,WAS,32,14,1,1,N/R,,,0,0,,0,0,0.0,0,0,0.0,0,0,0,-,,,,,,,,,,,,,,,,,,
Dorian Singer,JAC,WR,26730616,@DEN,9,7,1,0,N/R,,,0,0,,0,0,0.0,0,0,0.0,0,0,0,-,,,,,,,,,,,,,,,,,,
Allen Robinson,DET,WR,1889923,@BUF,31,6,1,1,N/R,,,0,0,,0,0,0.0,0,0,0.0,0,0,0,-,,,,,,,,,,,,,,,,,,
Easop Winston,NYJ,WR,3159184,GB,23,13,0,0,N/R,,,0,0,,0,0,0.0,0,0,0.0,0,0,0,-,,,,,,,,,,,,,,,,,,
Demario Douglas,NE,WR,3126241,PIT,12,11,3,1,N/R,,,9,0,,0,0,9.0,0,0,0.0,0,2,1,0.00,,,,,,,,,,,,,,,,,,
Cornell Powell,PIT,WR,2239529,@NE,8,9,1,1,N/R,,,0,0,,0,0,0.0,0,0,0.0,0,0,0,-,,,,,,,,,,,,,,,,,,
Javon Baker,SF,WR,3170860,MIA,3,8,1,1,N/R,,,0,0,,0,0,0.0,0,0,0.0,0,0,0,-,,,,,,,,,,,,,,,,,,
Jonathan Brady,LV,WR,28901278,@LAC,19,13,1,1,N/R,,,0,0,,0,0,0.0,0,0,0.0,0,0,0,-,,,,,,,,,,,,,,,,,,
Monaray Baldwin,MIA,WR,26727563,@SF,11,6,1,1,N/R,,,0,0,,0,0,0.0,0,0,0.0,0,0,0,-,,,,,,,,,,,,,,,,,,
Ronnie Bell,LV,WR,2968474,@LAC,19,13,1,1,N/R,,,0,0,,0,0,0.0,0,0,0.0,0,0,0,-,,,,,,,,,,,,,,,,,,
Deon Cain,BUF,WR,2179211,DET,27,7,1,1,N/R,,,0,0,,0,0,0.0,0,0,0.0,0,0,0,-,,,,,,,,,,,,,,,,,,
Laquon Treadwell,IND,WR,2079899,@KC,2,13,1,1,N/R,,,61,0,,0,0,20.3,0,0,0.0,0,3,3,0.00,,,,,,,,,,,,,,,,,,
Kameron Brown,TB,WR,2191099,CLE,22,10,1,0,N/R,,,0,0,,0,0,0.0,0,0,0.0,0,0,0,-,,,,,,,,,,,,,,,,,,
Braydon Johnson,BUF,WR,2864986,DET,27,7,0,0,N/R,,,0,0,,0,0,0.0,0,0,0.0,0,0,0,-,,,,,,,,,,,,,,,,,,
Jaden Smith,DAL,WR,3133126,WAS,32,14,1,1,N/R,,,0,0,,0,0,0.0,0,0,0.0,0,0,0,-,,,,,,,,,,,,,,,,,,
Trenton Irwin,SF,WR,3117052,MIA,3,8,1,1,N/R,,,0,0,,0,0,0.0,0,0,0.0,0,0,0,-,,,,,,,,,,,,,,,,,,
Charlie Jones,NYG,WR,2868959,@LAR,15,8,1,1,N/R,,,0,0,,0,0,0.0,0,0,0.0,0,0,0,-,,,,,,,,,,,,,,,,,,
Quentin Skinner,BUF,WR,3166676,DET,27,7,0,0,N/R,,,0,0,,0,0,0.0,0,0,0.0,0,0,0,-,,,,,,,,,,,,,,,,,,
D.J. Montgomery,IND,WR,3116788,@KC,2,13,1,1,N/R,,,0,0,,0,0,0.0,0,0,0.0,0,0,0,-,,,,,,,,,,,,,,,,,,
Sam Wiglusz,LAR,WR,2984114,NYG,21,11,1,0,N/R,,,0,0,,0,0,0.0,0,0,0.0,0,0,0,-,,,,,,,,,,,,,,,,,,
Grant DuBose,BUF,WR,26720345,DET,27,7,1,0,N/R,,,0,0,,0,0,0.0,0,0,0.0,0,0,0,-,,,,,,,,,,,,,,,,,,
Ja'Kobi Lane,BAL,WR,29158151,NO,7,13,34,1,N/R,,,0,0,,0,0,0.0,0,0,0.0,0,0,0,-,,,,,,,,,,,,,,,,,,
Tracy Moore,FA,WR,1685895,BYE,---,0,1,1,N/R,,,0,0,,0,0,0.0,0,0,0.0,0,0,0,-,,,,,,,,,,,,,,,,,,
Danny Gray,PHI,WR,3168336,@TEN,18,10,1,1,N/R,,,0,0,,0,0,0.0,0,0,0.0,0,0,0,-,,,,,,,,,,,,,,,,,,
Jesse Matthews,ATL,WR,2976870,CAR,4,11,0,0,N/R,,,0,0,,0,0,0.0,0,0,0.0,0,0,0,-,,,,,,,,,,,,,,,,,,
Irvin Charles,SEA,WR,2185963,@ARI,30,11,1,1,N/R,,,0,0,,0,0,0.0,0,0,0.0,0,0,0,-,,,,,,,,,,,,,,,,,,
Joseph Ngata,PHI,WR,3122907,@TEN,18,10,1,1,N/R,,,0,0,,0,0,0.0,0,0,0.0,0,0,0,-,,,,,,,,,,,,,,,,,,
Jose Barbon,DAL,WR,2963601,WAS,32,14,1,1,N/R,,,0,0,,0,0,0.0,0,0,0.0,0,0,0,-,,,,,,,,,,,,,,,,,,
Jaden Bradley,WAS,WR,26713355,@DAL,14,7,1,1,N/R,,,0,0,,0,0,0.0,0,0,0.0,0,0,0,-,,,,,,,,,,,,,,,,,,
DeAngelo Hardy,BAL,WR,29376463,NO,7,13,1,1,N/R,,,0,0,,0,0,0.0,0,0,0.0,0,0,0,-,,,,,,,,,,,,,,,,,,
Jared Wayne,HOU,WR,3126867,CIN,13,8,1,0,N/R,,,33,0,,0,0,16.5,0,0,0.0,0,7,2,0.00,,,,,,,,,,,,,,,,,,
Cyrus Allen,KC,WR,28875899,IND,24,5,9,1,N/R,,,0,0,,0,0,0.0,0,0,0.0,0,0,0,0.00,,,,,,,,,,,,,,,,,,
DeAndre Hopkins,BAL,WR,1737078,NO,7,13,1,1,N/R,,,0,0,,0,0,0.0,0,0,0.0,0,0,0,-,,,,,,,,,,,,,,,,,,
Jeremy Gallon,LV,WR,2129680,@LAC,19,13,1,0,N/R,,,0,0,,0,0,0.0,0,0,0.0,0,0,0,-,,,,,,,,,,,,,,,,,,
Brandon Hayes,PHI,WR,3170373,@TEN,18,10,1,1,N/R,,,0,0,,0,0,0.0,0,0,0.0,0,0,0,-,,,,,,,,,,,,,,,,,,
James Proche,TEN,WR,2180769,PHI,16,9,1,1,N/R,,,0,0,,0,0,0.0,0,0,0.0,0,0,0,-,,,,,,,,,,,,,,,,,,
Treyvhon Saunders,HOU,WR,28927179,CIN,13,8,1,0,N/R,,,0,0,,0,0,0.0,0,0,0.0,0,0,0,-,,,,,,,,,,,,,,,,,,
Jalen Reagor,MIA,WR,2803733,@SF,11,6,1,1,N/R,,,0,0,,0,0,0.0,0,0,0.0,0,0,0,-,,,,,,,,,,,,,,,,,,
Isaac Zico,ARI,WR,3117099,SEA,1,14,1,1,N/R,,,0,0,,0,0,0.0,0,0,0.0,0,0,0,-,,,,,,,,,,,,,,,,,,
Jonathan Mingo,DAL,WR,3126905,WAS,32,14,1,1,N/R,,,0,0,,0,0,0.0,0,0,0.0,0,0,0,0.00,,,,,,,,,,,,,,,,,,
Jordan Williams-Lambert,CHI,WR,2237119,MIN,25,10,0,0,N/R,,,0,0,,0,0,0.0,0,0,0.0,0,0,0,-,,,,,,,,,,,,,,,,,,
Landon Parker,IND,WR,2962034,@KC,2,13,1,1,N/R,,,0,0,,0,0,0.0,0,0,0.0,0,0,0,-,,,,,,,,,,,,,,,,,,
DaMarkus Lodge,CIN,WR,2186347,@HOU,29,6,1,1,N/R,,,0,0,,0,0,0.0,0,0,0.0,0,0,0,-,,,,,,,,,,,,,,,,,,
Zavion Thomas,CHI,WR,28909795,MIN,25,10,4,1,N/R,,,0,0,,0,0,0.0,0,0,0.0,0,0,0,0.00,,,,,,,,,,,,,,,,,,
Rome Odunze,CHI,WR,3162979,MIN,25,10,95,19,44,,,43,0,,0,0,14.3,0,0,0.0,0,4,3,0.00,,,,,,,,,,,,,,,,,,
Ja'Lynn Polk,NO,WR,3162664,@BAL,26,8,1,1,N/R,,,0,0,,0,0,0.0,0,0,0.0,0,0,0,-,,,,,,,,,,,,,,,,,,
Savon Scarver,CHI,WR,2869196,MIN,25,10,0,0,N/R,,,0,0,,0,0,0.0,0,0,0.0,0,0,0,-,,,,,,,,,,,,,,,,,,
Emanuel Hall,WAS,WR,2185471,@DAL,14,7,1,0,N/R,,,0,0,,0,0,0.0,0,0,0.0,0,0,0,-,,,,,,,,,,,,,,,,,,
Mack Hollins,NE,WR,2010349,PIT,12,11,19,4,N/R,,,18,0,,0,0,9.0,0,0,0.0,0,2,2,0.00,,,,,,,,,,,,,,,,,,
Devin Ross,LV,WR,2082532,@LAC,19,13,1,1,N/R,,,0,0,,0,0,0.0,0,0,0.0,0,0,0,-,,,,,,,,,,,,,,,,,,
Ja'Corey Brooks,WAS,WR,26702195,@DAL,14,7,1,1,N/R,,,0,0,,0,0,0.0,0,0,0.0,0,0,0,-,,,,,,,,,,,,,,,,,,
Tarik Black,DET,WR,2819115,@BUF,31,6,0,0,N/R,,,0,0,,0,0,0.0,0,0,0.0,0,0,0,-,,,,,,,,,,,,,,,,,,
Shemar Bridges,BAL,WR,28866847,NO,7,13,1,1,N/R,,,0,0,,0,0,0.0,0,0,0.0,0,0,0,-,,,,,,,,,,,,,,,,,,
Dalton Schoen,KC,WR,2179601,IND,24,5,1,1,N/R,,,0,0,,0,0,0.0,0,0,0.0,0,0,0,-,,,,,,,,,,,,,,,,,,
John Metchie III,CAR,WR,3121171,@ATL,28,5,1,1,N/R,,,0,0,,0,0,0.0,0,0,0.0,0,0,0,0.00,,,,,,,,,,,,,,,,,,
Terry McLaurin,WAS,WR,2139279,@DAL,14,7,96,27,30,,,50,0,,0,0,25.0,0,0,0.0,0,9,2,0.00,,,,,,,,,,,,,,,,,,
Marcus Green,PHI,WR,2181212,@TEN,18,10,1,1,N/R,,,0,0,,0,0,0.0,0,0,0.0,0,0,0,-,,,,,,,,,,,,,,,,,,
Jaylin Lane,WAS,WR,3162484,@DAL,14,7,1,1,N/R,,,0,0,,0,0,0.0,0,0,0.0,0,0,0,0.00,,,,,,,,,,,,,,,,,,
Tyrell Shavers,BUF,WR,2741208,DET,27,7,1,1,N/R,,,0,0,,0,0,0.0,0,0,0.0,0,0,0,-,,,,,,,,,,,,,,,,,,
Branden Mack,DEN,WR,2256707,JAC,20,10,1,0,N/R,,,0,0,,0,0,0.0,0,0,0.0,0,0,0,-,,,,,,,,,,,,,,,,,,
Jerreth Sterns,LAR,WR,3123544,NYG,21,11,1,1,N/R,,,0,0,,0,0,0.0,0,0,0.0,0,0,0,-,,,,,,,,,,,,,,,,,,
T.J. Simmons,TB,WR,2240254,CLE,22,10,1,0,N/R,,,0,0,,0,0,0.0,0,0,0.0,0,0,0,-,,,,,,,,,,,,,,,,,,
Tre'Shaun Harrison,TEN,WR,2963056,PHI,16,9,1,1,N/R,,,0,0,,0,0,0.0,0,0,0.0,0,0,0,-,,,,,,,,,,,,,,,,,,
Trishton Jackson,ARI,WR,2253371,SEA,1,14,1,1,N/R,,,0,0,,0,0,0.0,0,0,0.0,0,0,0,-,,,,,,,,,,,,,,,,,,
Devonte Robinson,GB,WR,2139449,@NYJ,5,11,1,0,N/R,,,0,0,,0,0,0.0,0,0,0.0,0,0,0,-,,,,,,,,,,,,,,,,,,
Xavier Malone,ATL,WR,29128526,CAR,4,11,0,0,N/R,,,0,0,,0,0,0.0,0,0,0.0,0,0,0,-,,,,,,,,,,,,,,,,,,
Reggie Davis,DAL,WR,2820499,WAS,32,14,1,1,N/R,,,0,0,,0,0,0.0,0,0,0.0,0,0,0,-,,,,,,,,,,,,,,,,,,
Austin Trammell,JAC,WR,2838491,@DEN,9,7,1,0,N/R,,,0,0,,0,0,0.0,0,0,0.0,0,0,0,-,,,,,,,,,,,,,,,,,,
Jalen Moreno-Cropper,NO,WR,3122722,@BAL,26,8,1,1,N/R,,,0,0,,0,0,0.0,0,0,0.0,0,0,0,-,,,,,,,,,,,,,,,,,,
Kade Warner,TB,WR,2804353,CLE,22,10,1,0,N/R,,,0,0,,0,0,0.0,0,0,0.0,0,0,0,-,,,,,,,,,,,,,,,,,,
Malik Heath,ATL,WR,3171033,CAR,4,11,1,1,N/R,,,0,0,,0,0,0.0,0,0,0.0,0,0,0,-,,,,,,,,,,,,,,,,,,
John Rhys Plumlee,PIT,WR,3126959,@NE,8,9,1,1,N/R,,,0,0,,0,0,0.0,0,0,0.0,0,0,0,-,,,,,,,,,,,,,,,,,,
Camden Brown,DAL,WR,28877638,WAS,32,14,1,0,N/R,,,0,0,,0,0,0.0,0,0,0.0,0,0,0,-,,,,,,,,,,,,,,,,,,
Myles Price,MIN,WR,3168525,@CHI,17,6,1,1,N/R,,,0,0,,0,0,0.0,0,0,0.0,0,1,0,0.00,,,,,,,,,,,,,,,,,,
E.J. Williams Jr.,CAR,WR,3162445,@ATL,28,5,1,0,N/R,,,0,0,,0,0,0.0,0,0,0.0,0,0,0,-,,,,,,,,,,,,,,,,,,
Andre Miller,GB,WR,2963411,@NYJ,5,11,1,1,N/R,,,0,0,,0,0,0.0,0,0,0.0,0,0,0,-,,,,,,,,,,,,,,,,,,
Micah Simon,CAR,WR,2188221,@ATL,28,5,0,0,N/R,,,0,0,,0,0,0.0,0,0,0.0,0,0,0,-,,,,,,,,,,,,,,,,,,
Gavin Holmes,TEN,WR,2868689,PHI,16,9,1,0,N/R,,,0,0,,0,0,0.0,0,0,0.0,0,0,0,-,,,,,,,,,,,,,,,,,,
DJ Turner,HOU,WR,2251084,CIN,13,8,1,1,N/R,,,0,0,,0,0,0.0,0,0,0.0,0,0,0,-,,,,,,,,,,,,,,,,,,
Calvin Austin III,NYG,WR,2866214,@LAR,15,8,1,1,N/R,,,0,0,,0,0,0.0,0,0,0.0,0,0,0,-,,,,,,,,,,,,,,,,,,
Jha'Quan Jackson,TB,WR,3122336,CLE,22,10,1,1,N/R,,,0,0,,0,0,0.0,0,0,0.0,0,0,0,-,,,,,,,,,,,,,,,,,,
JaQuae Jackson,LAC,WR,29166460,LV,6,7,1,1,N/R,,,0,0,,0,0,0.0,0,0,0.0,0,0,0,-,,,,,,,,,,,,,,,,,,
DT Sheffield,NYJ,WR,29122875,GB,23,13,1,1,N/R,,,0,0,,0,0,0.0,0,0,0.0,0,0,0,-,,,,,,,,,,,,,,,,,,
Jerry Jeudy,CLE,WR,2741201,@TB,10,11,31,2,N/R,,,0,0,,0,0,0.0,0,0,0.0,0,1,0,0.00,,,,,,,,,,,,,,,,,,
Taylor Morin,PHI,WR,3127330,@TEN,18,10,1,1,N/R,,,0,0,,0,0,0.0,0,0,0.0,0,0,0,-,,,,,,,,,,,,,,,,,,
Chris Moore,BAL,WR,1871375,NO,7,13,1,1,N/R,,,6,0,,0,0,6.0,0,0,0.0,0,3,1,0.00,,,,,,,,,,,,,,,,,,
Dylan Cantrell,WAS,WR,2080023,@DAL,14,7,1,0,N/R,,,0,0,,0,0,0.0,0,0,0.0,0,0,0,-,,,,,,,,,,,,,,,,,,
Matthew Henry,TB,WR,29408013,CLE,22,10,0,0,N/R,,,0,0,,0,0,0.0,0,0,0.0,0,0,0,-,,,,,,,,,,,,,,,,,,
Corey Sutton,DET,WR,2239648,@BUF,31,6,0,0,N/R,,,0,0,,0,0,0.0,0,0,0.0,0,0,0,-,,,,,,,,,,,,,,,,,,
River Cracraft,WAS,WR,2890282,@DAL,14,7,1,0,N/R,,,0,0,,0,0,0.0,0,0,0.0,0,0,0,-,,,,,,,,,,,,,,,,,,
Lawrence Keys III,DET,WR,2969108,@BUF,31,6,1,1,N/R,,,0,0,,0,0,0.0,0,0,0.0,0,0,0,-,,,,,,,,,,,,,,,,,,
Antoine Green,DET,WR,2962502,@BUF,31,6,1,1,N/R,,,0,0,,0,0,0.0,0,0,0.0,0,0,0,-,,,,,,,,,,,,,,,,,,
Tyler Boyd,TEN,WR,2071582,PHI,16,9,1,1,N/R,,,0,0,,0,0,0.0,0,0,0.0,0,0,0,-,,,,,,,,,,,,,,,,,,
Emeka Emezie,ATL,WR,2867204,CAR,4,11,1,0,N/R,,,0,0,,0,0,0.0,0,0,0.0,0,0,0,-,,,,,,,,,,,,,,,,,,
Julian Hicks,SEA,WR,2866554,@ARI,30,11,1,1,N/R,,,0,0,,0,0,0.0,0,0,0.0,0,0,0,-,,,,,,,,,,,,,,,,,,
Gage Larvadain,BAL,WR,26718347,NO,7,13,1,1,N/R,,,0,0,,0,0,0.0,0,0,0.0,0,0,0,-,,,,,,,,,,,,,,,,,,
Josh Harper,LV,WR,1766833,@LAC,19,13,1,1,N/R,,,0,0,,0,0,0.0,0,0,0.0,0,0,0,-,,,,,,,,,,,,,,,,,,
Tyler Vaughns,PIT,WR,2242770,@NE,8,9,1,0,N/R,,,0,0,,0,0,0.0,0,0,0.0,0,0,0,-,,,,,,,,,,,,,,,,,,
Cade McDonald,CLE,WR,3132630,@TB,10,11,1,1,N/R,,,0,0,,0,0,0.0,0,0,0.0,0,0,0,-,,,,,,,,,,,,,,,,,,
Aaron Bailey,BAL,WR,2820501,NO,7,13,1,0,N/R,,,0,0,,0,0,0.0,0,0,0.0,0,0,0,-,,,,,,,,,,,,,,,,,,
Olamide Zaccheaus,ATL,WR,2186266,CAR,4,11,1,1,N/R,,,3,0,,0,0,3.0,0,0,0.0,0,3,1,0.00,,,,,,,,,,,,,,,,,,
Ryan McDaniel,JAC,WR,2879694,@DEN,9,7,1,0,N/R,,,0,0,,0,0,0.0,0,0,0.0,0,0,0,-,,,,,,,,,,,,,,,,,,
Trevon Bradford,LAC,WR,2240172,LV,6,7,1,0,N/R,,,0,0,,0,0,0.0,0,0,0.0,0,0,0,-,,,,,,,,,,,,,,,,,,
Tavonn Salter,ATL,WR,3153041,CAR,4,11,1,1,N/R,,,0,0,,0,0,0.0,0,0,0.0,0,0,0,-,,,,,,,,,,,,,,,,,,
Michael Dereus,BAL,WR,3161102,NO,7,13,1,1,N/R,,,0,0,,0,0,0.0,0,0,0.0,0,0,0,-,,,,,,,,,,,,,,,,,,
Taysir Mack,SF,WR,2253350,MIA,3,8,1,1,N/R,,,0,0,,0,0,0.0,0,0,0.0,0,0,0,-,,,,,,,,,,,,,,,,,,
Colbie Young,CIN,WR,28934874,@HOU,29,6,1,1,N/R,,,7,0,,0,0,7.0,0,0,0.0,0,1,1,0.00,,,,,,,,,,,,,,,,,,
Wan'Dale Robinson,TEN,WR,3124107,PHI,16,9,65,12,N/R,,,9,0,,0,0,9.0,0,0,0.0,0,1,1,0.00,,,,,,,,,,,,,,,,,,
Jeff Caldwell,KC,WR,28900417,IND,24,5,1,1,N/R,,,0,0,,0,0,0.0,0,0,0.0,0,0,0,-,,,,,,,,,,,,,,,,,,
Michael Young Jr.,HOU,WR,2868607,CIN,13,8,1,1,N/R,,,0,0,,0,0,0.0,0,0,0.0,0,0,0,-,,,,,,,,,,,,,,,,,,
Alex Bachman,LAR,WR,2186388,NYG,21,11,1,1,N/R,,,0,0,,0,0,0.0,0,0,0.0,0,0,0,-,,,,,,,,,,,,,,,,,,
Jalen Hurd,NE,WR,2131633,PIT,12,11,1,1,N/R,,,0,0,,0,0,0.0,0,0,0.0,0,0,0,-,,,,,,,,,,,,,,,,,,
Latreal Jones,TB,WR,28875290,CLE,22,10,1,0,N/R,,,0,0,,0,0,0.0,0,0,0.0,0,0,0,-,,,,,,,,,,,,,,,,,,
Sean Ryan,BAL,WR,2963218,NO,7,13,0,0,N/R,,,0,0,,0,0,0.0,0,0,0.0,0,0,0,-,,,,,,,,,,,,,,,,,,
Xavier Guillory,BAL,WR,3161932,NO,7,13,1,1,N/R,,,0,0,,0,0,0.0,0,0,0.0,0,0,0,-,,,,,,,,,,,,,,,,,,
Bryson Green,ARI,WR,26696745,SEA,1,14,1,1,N/R,,,0,0,,0,0,0.0,0,0,0.0,0,0,0,-,,,,,,,,,,,,,,,,,,
Marvin Harrison Jr.,ARI,WR,26701883,SEA,1,14,86,11,N/R,,,0,0,,0,0,0.0,0,0,0.0,0,1,0,0.00,,,,,,,,,,,,,,,,,,
Harrison Wallace III,ARI,WR,26698495,SEA,1,14,1,0,N/R,,,0,0,,0,0,0.0,0,0,0.0,0,0,0,-,,,,,,,,,,,,,,,,,,
Dayton Wade,BAL,WR,3121829,NO,7,13,1,0,N/R,,,0,0,,0,0,0.0,0,0,0.0,0,0,0,-,,,,,,,,,,,,,,,,,,
Dontay Demus Jr.,BAL,WR,2963923,NO,7,13,1,1,N/R,,,0,0,,0,0,0.0,0,0,0.0,0,0,0,-,,,,,,,,,,,,,,,,,,
Dontae Fleming,MIN,WR,3164185,@CHI,17,6,1,0,N/R,,,0,0,,0,0,0.0,0,0,0.0,0,0,0,-,,,,,,,,,,,,,,,,,,
Lucky Jackson,DET,WR,2184739,@BUF,31,6,0,0,N/R,,,0,0,,0,0,0.0,0,0,0.0,0,0,0,-,,,,,,,,,,,,,,,,,,
Mac Hippenhammer,CIN,WR,2868995,@HOU,29,6,0,0,N/R,,,0,0,,0,0,0.0,0,0,0.0,0,0,0,-,,,,,,,,,,,,,,,,,,
Odieu Hiliare,ATL,WR,3138422,CAR,4,11,0,0,N/R,,,0,0,,0,0,0.0,0,0,0.0,0,0,0,-,,,,,,,,,,,,,,,,,,
Derrick Johnson,NYG,WR,2130883,@LAR,15,8,1,1,N/R,,,0,0,,0,0,0.0,0,0,0.0,0,0,0,-,,,,,,,,,,,,,,,,,,
Colton Dowell,PIT,WR,2828751,@NE,8,9,1,1,N/R,,,0,0,,0,0,0.0,0,0,0.0,0,0,0,-,,,,,,,,,,,,,,,,,,
Stephen Gosnell,BUF,WR,3162073,DET,27,7,0,0,N/R,,,0,0,,0,0,0.0,0,0,0.0,0,0,0,-,,,,,,,,,,,,,,,,,,
Nsimba Webster,CHI,WR,3117157,MIN,25,10,1,0,N/R,,,0,0,,0,0,0.0,0,0,0.0,0,0,0,-,,,,,,,,,,,,,,,,,,
Ray-Ray McCloud,CHI,WR,2179226,MIN,25,10,1,1,N/R,,,0,0,,0,0,0.0,0,0,0.0,0,0,0,-,,,,,,,,,,,,,,,,,,
De'Mornay Pierson-El,DEN,WR,2925144,JAC,20,10,1,0,N/R,,,0,0,,0,0,0.0,0,0,0.0,0,0,0,-,,,,,,,,,,,,,,,,,,
Jacob De Jesus,KC,WR,29121519,IND,24,5,1,1,N/R,,,0,0,,0,0,0.0,0,0,0.0,0,0,0,-,,,,,,,,,,,,,,,,,,
Devontez Walker,BAL,WR,26702084,NO,7,13,1,1,N/R,,,47,0,,0,0,47.0,0,0,0.0,0,2,1,0.00,,,,,,,,,,,,,,,,,,
Tyler Davis,MIA,WR,2219915,@SF,11,6,0,0,N/R,,,0,0,,0,0,0.0,0,0,0.0,0,0,0,-,,,,,,,,,,,,,,,,,,
Hunter Renfrow,CAR,WR,2144726,@ATL,28,5,1,1,N/R,,,0,0,,0,0,0.0,0,0,0.0,0,0,0,-,,,,,,,,,,,,,,,,,,
Cam Ross,DEN,WR,3122246,JAC,20,10,1,1,N/R,,,0,0,,0,0,0.0,0,0,0.0,0,0,0,-,,,,,,,,,,,,,,,,,,
Robbie Chosen,WAS,WR,1886746,@DAL,14,7,1,1,N/R,,,0,0,,0,0,0.0,0,0,0.0,0,0,0,-,,,,,,,,,,,,,,,,,,
Jared Smart,ARI,WR,3123048,SEA,1,14,1,0,N/R,,,0,0,,0,0,0.0,0,0,0.0,0,0,0,-,,,,,,,,,,,,,,,,,,
Xavier Legette,CAR,WR,3131575,@ATL,28,5,2,1,N/R,,,64,0,,0,0,32.0,0,0,0.0,0,4,2,0.00,,,,,,,,,,,,,,,,,,
Jalen Nailor,LV,WR,2967232,@LAC,19,13,16,1,N/R,,,9,0,,0,0,9.0,0,0,0.0,0,3,1,0.00,,,,,,,,,,,,,,,,,,
Cortez Braham Jr.,BAL,WR,28919816,NO,7,13,1,1,N/R,,,0,0,,0,0,0.0,0,0,0.0,0,0,0,-,,,,,,,,,,,,,,,,,,
Steven Sims,ARI,WR,3116703,SEA,1,14,1,1,N/R,,,0,0,,0,0,0.0,0,0,0.0,0,0,0,-,,,,,,,,,,,,,,,,,,
Jeff Weimer,KC,WR,28878520,IND,24,5,1,1,N/R,,,0,0,,0,0,0.0,0,0,0.0,0,0,0,-,,,,,,,,,,,,,,,,,,
Tre Mosley,CIN,WR,3121001,@HOU,29,6,1,1,N/R,,,0,0,,0,0,0.0,0,0,0.0,0,0,0,-,,,,,,,,,,,,,,,,,,
Blayne Taylor,IND,WR,28914781,@KC,2,13,1,1,N/R,,,0,0,,0,0,0.0,0,0,0.0,0,0,0,-,,,,,,,,,,,,,,,,,,
Lil'Jordan Humphrey,DEN,WR,2246852,JAC,20,10,1,1,N/R,,,0,0,,0,0,0.0,0,0,0.0,0,1,0,0.00,,,,,,,,,,,,,,,,,,
Keenan Allen,IND,WR,1737096,@KC,2,13,29,2,N/R,,,5,0,,0,0,5.0,0,0,0.0,0,5,1,0.00,,,,,,,,,,,,,,,,,,
Jaaron Hayek,KC,WR,3128825,IND,24,5,1,1,N/R,,,0,0,,0,0,0.0,0,0,0.0,0,0,0,-,,,,,,,,,,,,,,,,,,
Nick Nash,WAS,WR,3123884,@DAL,14,7,1,1,N/R,,,0,0,,0,0,0.0,0,0,0.0,0,0,0,-,,,,,,,,,,,,,,,,,,
Cedrick Wilson Jr.,DET,WR,2240685,@BUF,31,6,1,1,N/R,,,0,0,,0,0,0.0,0,0,0.0,0,0,0,-,,,,,,,,,,,,,,,,,,
Vinny Anthony II,ATL,WR,28921356,CAR,4,11,1,1,N/R,,,0,0,,0,0,0.0,0,0,0.0,0,0,0,-,,,,,,,,,,,,,,,,,,
Jaylen Jones,LAC,WR,26698771,LV,6,7,1,1,N/R,,,0,0,,0,0,0.0,0,0,0.0,0,0,0,-,,,,,,,,,,,,,,,,,,
Nick Westbrook-Ikhine,IND,WR,2185954,@KC,2,13,1,1,N/R,,,0,0,,0,0,0.0,0,0,0.0,0,0,0,-,,,,,,,,,,,,,,,,,,
Donaven McCulley,MIA,WR,26702279,@SF,11,6,1,1,N/R,,,0,0,,0,0,0.0,0,0,0.0,0,0,0,-,,,,,,,,,,,,,,,,,,
Demarcus Robinson,SF,WR,2061095,MIA,3,8,4,1,N/R,,,34,0,,0,0,11.3,0,0,0.0,0,3,3,0.00,,,,,,,,,,,,,,,,,,
Phillip Dorsett,LV,WR,1836058,@LAC,19,13,1,1,N/R,,,0,0,,0,0,0.0,0,0,0.0,0,0,0,-,,,,,,,,,,,,,,,,,,
Osirus Mitchell,GB,WR,2249164,@NYJ,5,11,1,1,N/R,,,0,0,,0,0,0.0,0,0,0.0,0,0,0,-,,,,,,,,,,,,,,,,,,
Gary Chambers,BUF,WR,1851098,DET,27,7,1,1,N/R,,,0,0,,0,0,0.0,0,0,0.0,0,0,0,-,,,,,,,,,,,,,,,,,,
Jonathon Rumph,NYJ,WR,2175993,GB,23,13,1,0,N/R,,,0,0,,0,0,0.0,0,0,0.0,0,0,0,-,,,,,,,,,,,,,,,,,,
Harvey Binford,IND,WR,2252503,@KC,2,13,1,0,N/R,,,0,0,,0,0,0.0,0,0,0.0,0,0,0,-,,,,,,,,,,,,,,,,,,
Ty Scott,SEA,WR,2960933,@ARI,30,11,1,1,N/R,,,0,0,,0,0,0.0,0,0,0.0,0,0,0,-,,,,,,,,,,,,,,,,,,
Ryan Flournoy,DAL,WR,28891456,WAS,32,14,6,1,N/R,,,23,0,,0,0,4.6,0,0,0.0,0,6,5,0.00,,,,,,,,,,,,,,,,,,
Marcus Sanders Jr.,MIN,WR,28924530,@CHI,17,6,1,0,N/R,,,0,0,,0,0,0.0,0,0,0.0,0,0,0,-,,,,,,,,,,,,,,,,,,
Bryan Thompson,BUF,WR,2827539,DET,27,7,1,1,N/R,,,0,0,,0,0,0.0,0,0,0.0,0,0,0,-,,,,,,,,,,,,,,,,,,
Mike Strachan,WAS,WR,26650288,@DAL,14,7,1,0,N/R,,,0,0,,0,0,0.0,0,0,0.0,0,0,0,-,,,,,,,,,,,,,,,,,,
Justin Watson,HOU,WR,2137198,CIN,13,8,1,1,N/R,,,0,0,,0,0,0.0,0,0,0.0,0,0,0,-,,,,,,,,,,,,,,,,,,
Johnny King,PHI,WR,3163632,@TEN,18,10,0,0,N/R,,,0,0,,0,0,0.0,0,0,0.0,0,0,0,-,,,,,,,,,,,,,,,,,,
Sean Modster,BAL,WR,3116763,NO,7,13,1,1,N/R,,,0,0,,0,0,0.0,0,0,0.0,0,0,0,-,,,,,,,,,,,,,,,,,,
Antonio Williams,WAS,WR,28877974,@DAL,14,7,37,2,N/R,,,24,0,,0,0,8.0,0,0,0.0,0,3,3,0.00,,,,,,,,,,,,,,,,,,
Devron Harper,MIN,WR,3121796,@CHI,17,6,1,1,N/R,,,0,0,,0,0,0.0,0,0,0.0,0,0,0,-,,,,,,,,,,,,,,,,,,
Xavier Smith,LAR,WR,2986749,NYG,21,11,1,1,N/R,,,0,0,,0,0,0.0,0,0,0.0,0,1,0,0.00,,,,,,,,,,,,,,,,,,
Jeff Foreman,LV,WR,3121012,@LAC,19,13,1,1,N/R,,,0,0,,0,0,0.0,0,0,0.0,0,0,0,-,,,,,,,,,,,,,,,,,,
Elijah Moore,PHI,WR,2963569,@TEN,18,10,1,1,N/R,,,0,0,,0,0,0.0,0,0,0.0,0,0,0,-,,,,,,,,,,,,,,,,,,
Drake London,ATL,WR,3127902,CAR,4,11,100,96,11,,,51,0,,1,-2,12.8,0,0,-2.0,0,5,4,0.00,,,,,,,,,,,,,,,,,,
Andrew Armstrong,KC,WR,28926946,IND,24,5,1,1,N/R,,,0,0,,0,0,0.0,0,0,0.0,0,0,0,-,,,,,,,,,,,,,,,,,,
Ty James,MIN,WR,3135294,@CHI,17,6,1,0,N/R,,,0,0,,0,0,0.0,0,0,0.0,0,0,0,-,,,,,,,,,,,,,,,,,,
Brian Thomas Jr.,JAC,WR,3132164,@DEN,9,7,89,18,46,,,40,0,,0,0,13.3,0,0,0.0,0,9,3,0.00,,,,,,,,,,,,,,,,,,
Tyler Simmons,PIT,WR,3159178,@NE,8,9,1,1,N/R,,,0,0,,0,0,0.0,0,0,0.0,0,0,0,-,,,,,,,,,,,,,,,,,,
Max Tomczak,BUF,WR,26725930,DET,27,7,1,1,N/R,,,0,0,,0,0,0.0,0,0,0.0,0,0,0,-,,,,,,,,,,,,,,,,,,
Malachi Fields,NYG,WR,26706066,@LAR,15,8,25,1,N/R,,,30,0,,0,0,15.0,0,0,0.0,0,6,2,0.00,,,,,,,,,,,,,,,,,,
Kobe Hudson,CAR,WR,3161851,@ATL,28,5,1,1,N/R,,,0,0,,0,0,0.0,0,0,0.0,0,0,0,-,,,,,,,,,,,,,,,,,,
Oliver Martin,JAC,WR,2878230,@DEN,9,7,1,1,N/R,,,0,0,,0,0,0.0,0,0,0.0,0,0,0,-,,,,,,,,,,,,,,,,,,
Sy Barnett,NO,WR,29116249,@BAL,26,8,1,0,N/R,,,0,0,,0,0,0.0,0,0,0.0,0,0,0,-,,,,,,,,,,,,,,,,,,
DJ Moore,BUF,WR,2179328,DET,27,7,100,41,22,,,0,0,,1,-1,0.0,0,0,-1.0,0,0,0,0.00,,,,,,,,,,,,,,,,,,
Ahmarean Brown,BUF,WR,3123946,DET,27,7,1,1,N/R,,,0,0,,0,0,0.0,0,0,0.0,0,0,0,-,,,,,,,,,,,,,,,,,,
Adonai Mitchell,NYJ,WR,26701928,GB,23,13,47,3,N/R,,,63,0,,0,0,10.5,0,0,0.0,0,12,6,0.00,,,,,,,,,,,,,,,,,,
Jordan Moore,CIN,WR,26698828,@HOU,29,6,0,0,N/R,,,0,0,,0,0,0.0,0,0,0.0,0,0,0,-,,,,,,,,,,,,,,,,,,
Keytaon Thompson,DET,WR,2744571,@BUF,31,6,0,0,N/R,,,0,0,,0,0,0.0,0,0,0.0,0,0,0,-,,,,,,,,,,,,,,,,,,
Ed Lee,NE,WR,2830185,PIT,12,11,0,0,N/R,,,0,0,,0,0,0.0,0,0,0.0,0,0,0,-,,,,,,,,,,,,,,,,,,
Thomas Ives,CHI,WR,3116774,MIN,25,10,1,1,N/R,,,0,0,,0,0,0.0,0,0,0.0,0,0,0,-,,,,,,,,,,,,,,,,,,
K.J. Hamler,BUF,WR,2804432,DET,27,7,1,0,N/R,,,0,0,,0,0,0.0,0,0,0.0,0,0,0,-,,,,,,,,,,,,,,,,,,
Dalevon Campbell,LAC,WR,3126518,LV,6,7,1,1,N/R,,,0,0,,0,0,0.0,0,0,0.0,0,0,0,-,,,,,,,,,,,,,,,,,,
Adam Thielen,PIT,WR,2059362,@NE,8,9,2,2,N/R,,,0,0,,0,0,0.0,0,0,0.0,0,0,0,-,,,,,,,,,,,,,,,,,,
Trent Taylor,SF,WR,2060838,MIA,3,8,1,0,N/R,,,0,0,,0,0,0.0,0,0,0.0,0,0,0,-,,,,,,,,,,,,,,,,,,
JoJo Ward,ARI,WR,3159155,SEA,1,14,1,0,N/R,,,0,0,,0,0,0.0,0,0,0.0,0,0,0,-,,,,,,,,,,,,,,,,,,
Brycen Tremayne,CAR,WR,2967463,@ATL,28,5,1,1,N/R,,,0,0,,0,0,0.0,0,0,0.0,0,0,0,0.00,,,,,,,,,,,,,,,,,,
Davon Grayson,KC,WR,2080267,IND,24,5,1,1,N/R,,,0,0,,0,0,0.0,0,0,0.0,0,0,0,-,,,,,,,,,,,,,,,,,,
Anthony Gould,IND,WR,3122031,@KC,2,13,1,1,N/R,,,0,0,,0,0,0.0,0,0,0.0,0,0,0,0.00,,,,,,,,,,,,,,,,,,
Cyrus Holder,CHI,WR,2242794,MIN,25,10,0,0,N/R,,,0,0,,0,0,0.0,0,0,0.0,0,0,0,-,,,,,,,,,,,,,,,,,,
Kekoa Crawford,KC,WR,2260488,IND,24,5,1,0,N/R,,,0,0,,0,0,0.0,0,0,0.0,0,0,0,-,,,,,,,,,,,,,,,,,,
Jaylin Noel,HOU,WR,26697286,CIN,13,8,6,1,N/R,,,31,0,,1,13,31.0,0,0,13.0,0,5,1,0.00,,,,,,,,,,,,,,,,,,
Khadarel Hodge,SF,WR,2954080,MIA,3,8,1,1,N/R,,,18,0,,0,0,18.0,0,0,0.0,0,1,1,0.00,,,,,,,,,,,,,,,,,,
Johnathon Johnson,WAS,WR,3159233,@DAL,14,7,1,1,N/R,,,0,0,,0,0,0.0,0,0,0.0,0,0,0,-,,,,,,,,,,,,,,,,,,
Isaiah Williams,NYJ,WR,3126581,GB,23,13,1,1,N/R,,,34,0,,1,14,5.7,0,0,14.0,0,6,6,0.00,,,,,,,,,,,,,,,,,,
Thyrick Pitts,GB,WR,2816155,@NYJ,5,11,1,0,N/R,,,0,0,,0,0,0.0,0,0,0.0,0,0,0,-,,,,,,,,,,,,,,,,,,
Jameson Williams,DET,WR,3125968,@BUF,31,6,99,69,28,,,33,0,,0,0,16.5,0,0,0.0,0,4,2,0.00,,,,,,,,,,,,,,,,,,
Devante Davis,PHI,WR,1868418,@TEN,18,10,1,1,N/R,,,0,0,,0,0,0.0,0,0,0.0,0,0,0,-,,,,,,,,,,,,,,,,,,
Efton Chism III,NE,WR,3163509,PIT,12,11,1,1,N/R,,,-2,0,,0,0,-2.0,0,0,0.0,0,1,1,0.00,,,,,,,,,,,,,,,,,,
Blake Proehl,MIN,WR,2827939,@CHI,17,6,1,0,N/R,,,0,0,,0,0,0.0,0,0,0.0,0,0,0,-,,,,,,,,,,,,,,,,,,
Danny Davis,GB,WR,2866956,@NYJ,5,11,1,1,N/R,,,0,0,,0,0,0.0,0,0,0.0,0,0,0,-,,,,,,,,,,,,,,,,,,
Emmanuel Henderson Jr.,SEA,WR,28909837,@ARI,30,11,1,1,N/R,,,0,0,,0,0,0.0,0,0,0.0,0,0,0,-,,,,,,,,,,,,,,,,,,
Montana Lemonious-Craig,PIT,WR,3166692,@NE,8,9,0,0,N/R,,,0,0,,0,0,0.0,0,0,0.0,0,0,0,-,,,,,,,,,,,,,,,,,,
Jamaal Pritchett,NYJ,WR,28877767,GB,23,13,1,1,N/R,,,0,0,,0,0,0.0,0,0,0.0,0,0,0,-,,,,,,,,,,,,,,,,,,
Malik Knowles,SF,WR,2966553,MIA,3,8,1,1,N/R,,,0,0,,0,0,0.0,0,0,0.0,0,0,0,-,,,,,,,,,,,,,,,,,,
Aron Cruickshank,PIT,WR,2961237,@NE,8,9,1,1,N/R,,,0,0,,0,0,0.0,0,0,0.0,0,0,0,-,,,,,,,,,,,,,,,,,,
Tyler Harrell,NYJ,WR,1691256,GB,23,13,1,1,N/R,,,0,0,,0,0,0.0,0,0,0.0,0,0,0,-,,,,,,,,,,,,,,,,,,
Anthony Johnson,PIT,WR,2258536,@NE,8,9,1,1,N/R,,,0,0,,0,0,0.0,0,0,0.0,0,0,0,-,,,,,,,,,,,,,,,,,,
Dallas Daniels,DEN,WR,3166474,JAC,20,10,1,0,N/R,,,0,0,,0,0,0.0,0,0,0.0,0,0,0,-,,,,,,,,,,,,,,,,,,
Trevon Grimes,PHI,WR,2826772,@TEN,18,10,1,1,N/R,,,0,0,,0,0,0.0,0,0,0.0,0,0,0,-,,,,,,,,,,,,,,,,,,
Michael Wortham,JAC,WR,29137521,@DEN,9,7,1,1,N/R,,,0,0,,0,0,0.0,0,0,0.0,0,0,0,-,,,,,,,,,,,,,,,,,,
Nate McCollum,ARI,WR,3162296,SEA,1,14,1,1,N/R,,,0,0,,0,0,0.0,0,0,0.0,0,0,0,-,,,,,,,,,,,,,,,,,,
Theo Wease Jr.,LAC,WR,3124276,LV,6,7,1,1,N/R,,,0,0,,0,0,0.0,0,0,0.0,0,0,0,-,,,,,,,,,,,,,,,,,,
Taye Barber,TB,WR,2962839,CLE,22,10,1,1,N/R,,,0,0,,0,0,0.0,0,0,0.0,0,0,0,-,,,,,,,,,,,,,,,,,,
Brandin Cooks,SF,WR,1880880,MIA,3,8,2,1,N/R,,,0,0,,0,0,0.0,0,0,0.0,0,0,0,-,,,,,,,,,,,,,,,,,,
Courtland Sutton,DEN,WR,2218461,JAC,20,10,89,19,N/R,,,25,0,,0,0,8.3,0,0,0.0,0,4,3,0.00,,,,,,,,,,,,,,,,,,
Daniel Jackson,HOU,WR,3178022,CIN,13,8,1,0,N/R,,,0,0,,0,0,0.0,0,0,0.0,0,0,0,-,,,,,,,,,,,,,,,,,,
Roderick Daniels Jr.,NO,WR,26696826,@BAL,26,8,1,0,N/R,,,0,0,,0,0,0.0,0,0,0.0,0,0,0,-,,,,,,,,,,,,,,,,,,
Gabriel Benyard,CAR,WR,29417586,@ATL,28,5,1,0,N/R,,,0,0,,0,0,0.0,0,0,0.0,0,0,0,-,,,,,,,,,,,,,,,,,,
John Jackson III,CHI,WR,3123560,MIN,25,10,1,1,N/R,,,0,0,,0,0,0.0,0,0,0.0,0,0,0,-,,,,,,,,,,,,,,,,,,
Ricky White III,SEA,WR,3169795,@ARI,30,11,1,0,N/R,,,0,0,,0,0,0.0,0,0,0.0,0,0,0,-,,,,,,,,,,,,,,,,,,
Jakobie Keeney-James,PIT,WR,3122024,@NE,8,9,1,1,N/R,,,0,0,,0,0,0.0,0,0,0.0,0,0,0,-,,,,,,,,,,,,,,,,,,
Tyler Lockett,LV,WR,1860834,@LAC,19,13,1,1,N/R,,,0,0,,0,0,0.0,0,0,0.0,0,0,0,-,,,,,,,,,,,,,,,,,,
Shae Wyatt,SF,WR,26695205,MIA,3,8,1,0,N/R,,,0,0,,0,0,0.0,0,0,0.0,0,0,0,-,,,,,,,,,,,,,,,,,,
Kevin Shaa,CHI,WR,2965479,MIN,25,10,0,0,N/R,,,0,0,,0,0,0.0,0,0,0.0,0,0,0,-,,,,,,,,,,,,,,,,,,
Stephon Robinson Jr.,ARI,WR,2961667,SEA,1,14,1,1,N/R,,,0,0,,0,0,0.0,0,0,0.0,0,0,0,-,,,,,,,,,,,,,,,,,,
Mason Kinsey,TEN,WR,3161133,PHI,16,9,1,1,N/R,,,0,0,,0,0,0.0,0,0,0.0,0,0,0,-,,,,,,,,,,,,,,,,,,
Marquez Callaway,LV,WR,2247505,@LAC,19,13,1,1,N/R,,,0,0,,0,0,0.0,0,0,0.0,0,0,0,-,,,,,,,,,,,,,,,,,,
Zay Jones,HOU,WR,2080270,CIN,13,8,1,1,N/R,,,0,0,,0,0,0.0,0,0,0.0,0,0,0,-,,,,,,,,,,,,,,,,,,
Brock Rechsteiner,NO,WR,26725349,@BAL,26,8,1,0,N/R,,,0,0,,0,0,0.0,0,0,0.0,0,0,0,-,,,,,,,,,,,,,,,,,,
Jalen Wayne,GB,WR,2869352,@NYJ,5,11,0,0,N/R,,,0,0,,0,0,0.0,0,0,0.0,0,0,0,-,,,,,,,,,,,,,,,,,,
Javon McKinley,PIT,WR,2260685,@NE,8,9,1,1,N/R,,,0,0,,0,0,0.0,0,0,0.0,0,0,0,-,,,,,,,,,,,,,,,,,,
Tank Dell,HOU,WR,2963970,CIN,13,8,19,1,N/R,,,0,0,,0,0,0.0,0,0,0.0,0,0,0,-,,,,,,,,,,,,,,,,,,
Tutu Atwell,LAR,WR,2965372,NYG,21,11,1,1,N/R,,,19,0,,0,0,19.0,0,0,0.0,0,2,1,0.00,,,,,,,,,,,,,,,,,,
Kobe Prentice,NYG,WR,28909320,@LAR,15,8,1,0,N/R,,,0,0,,0,0,0.0,0,0,0.0,0,0,0,-,,,,,,,,,,,,,,,,,,
Bryce Ford-Wheaton,NYG,WR,2963723,@LAR,15,8,1,1,N/R,,,0,0,,0,0,0.0,0,0,0.0,0,0,0,-,,,,,,,,,,,,,,,,,,
John Jiles,NE,WR,29362392,PIT,12,11,0,0,N/R,,,0,0,,0,0,0.0,0,0,0.0,0,0,0,-,,,,,,,,,,,,,,,,,,
Jacoby Jones,WAS,WR,28878082,@DAL,14,7,1,0,N/R,,,0,0,,0,0,0.0,0,0,0.0,0,0,0,-,,,,,,,,,,,,,,,,,,
Junior Bergen,NYJ,WR,26731678,GB,23,13,1,1,N/R,,,0,0,,0,0,0.0,0,0,0.0,0,0,0,-,,,,,,,,,,,,,,,,,,
Malik McClain,NYJ,WR,26693641,GB,23,13,1,0,N/R,,,0,0,,0,0,0.0,0,0,0.0,0,0,0,-,,,,,,,,,,,,,,,,,,
Johnny Wilson,PHI,WR,3163268,@TEN,18,10,1,1,N/R,,,0,0,,0,0,0.0,0,0,0.0,0,0,0,-,,,,,,,,,,,,,,,,,,
Jayden Higgins,HOU,WR,26708551,CIN,13,8,4,1,N/R,,,0,0,,0,0,0.0,0,0,0.0,0,0,0,-,,,,,,,,,,,,,,,,,,
Chris Blair,ATL,WR,2965618,CAR,4,11,1,1,N/R,,,6,0,,0,0,6.0,0,0,0.0,0,3,1,0.00,,,,,,,,,,,,,,,,,,
Robert Woods,PIT,WR,1754280,@NE,8,9,1,1,N/R,,,0,0,,0,0,0.0,0,0,0.0,0,0,0,-,,,,,,,,,,,,,,,,,,
Rashad Rochelle,SEA,WR,28873470,@ARI,30,11,1,1,N/R,,,0,0,,0,0,0.0,0,0,0.0,0,0,0,-,,,,,,,,,,,,,,,,,,
JJ Laap,LAR,WR,29379354,NYG,21,11,1,1,N/R,,,0,0,,0,0,0.0,0,0,0.0,0,0,0,-,,,,,,,,,,,,,,,,,,
Chimere Dike,TEN,WR,3162452,PHI,16,9,3,1,N/R,,,0,0,,0,0,0.0,0,0,0.0,0,0,0,0.00,,,,,,,,,,,,,,,,,,
JaVonta Payton,ARI,WR,3126147,SEA,1,14,1,1,N/R,,,0,0,,0,0,0.0,0,0,0.0,0,0,0,-,,,,,,,,,,,,,,,,,,
Jermaine Burton,CIN,WR,3163951,@HOU,29,6,1,1,N/R,,,0,0,,0,0,0.0,0,0,0.0,0,0,0,-,,,,,,,,,,,,,,,,,,
Derek Wright,CAR,WR,3124074,@ATL,28,5,1,1,N/R,,,0,0,,0,0,0.0,0,0,0.0,0,0,0,-,,,,,,,,,,,,,,,,,,
Michael Briscoe,MIN,WR,26706359,@CHI,17,6,1,1,N/R,,,0,0,,0,0,0.0,0,0,0.0,0,0,0,-,,,,,,,,,,,,,,,,,,
Malik Turner,SF,WR,2136527,MIA,3,8,1,1,N/R,,,0,0,,0,0,0.0,0,0,0.0,0,0,0,-,,,,,,,,,,,,,,,,,,
Jalen Sample,WAS,WR,29100602,@DAL,14,7,1,1,N/R,,,0,0,,0,0,0.0,0,0,0.0,0,0,0,-,,,,,,,,,,,,,,,,,,
Allen Lazard,NYJ,WR,2141655,GB,23,13,1,1,N/R,,,0,0,,0,0,0.0,0,0,0.0,0,0,0,-,,,,,,,,,,,,,,,,,,
Terique Owens,SF,WR,3124921,MIA,3,8,1,1,N/R,,,0,0,,0,0,0.0,0,0,0.0,0,0,0,-,,,,,,,,,,,,,,,,,,
Devin Gray,KC,WR,2925207,IND,24,5,1,1,N/R,,,0,0,,0,0,0.0,0,0,0.0,0,0,0,-,,,,,,,,,,,,,,,,,,
Joseph Manjack IV,DEN,WR,26720249,JAC,20,10,1,1,N/R,,,0,0,,0,0,0.0,0,0,0.0,0,0,0,-,,,,,,,,,,,,,,,,,,
Keilahn Harris,PIT,WR,29119117,@NE,8,9,0,0,N/R,,,0,0,,0,0,0.0,0,0,0.0,0,0,0,-,,,,,,,,,,,,,,,,,,
Winston Wright Jr.,CLE,WR,3123346,@TB,10,11,1,0,N/R,,,0,0,,0,0,0.0,0,0,0.0,0,0,0,-,,,,,,,,,,,,,,,,,,
Reggie Brown,KC,WR,2961395,IND,24,5,1,1,N/R,,,0,0,,0,0,0.0,0,0,0.0,0,0,0,-,,,,,,,,,,,,,,,,,,
Elijhah Badger,KC,WR,3163150,IND,24,5,1,0,N/R,,,0,0,,0,0,0.0,0,0,0.0,0,0,0,-,,,,,,,,,,,,,,,,,,
Donte Sylencieux,BAL,WR,26664285,NO,7,13,1,0,N/R,,,0,0,,0,0,0.0,0,0,0.0,0,0,0,-,,,,,,,,,,,,,,,,,,
Robert Lewis,MIN,WR,3166596,@CHI,17,6,1,1,N/R,,,0,0,,0,0,0.0,0,0,0.0,0,0,0,-,,,,,,,,,,,,,,,,,,
Tim Jones,JAC,WR,2839207,@DEN,9,7,1,0,N/R,,,0,0,,0,0,0.0,0,0,0.0,0,0,0,-,,,,,,,,,,,,,,,,,,
Trayvon Rudolph,MIN,WR,3167411,@CHI,17,6,1,1,N/R,,,0,0,,0,0,0.0,0,0,0.0,0,0,0,-,,,,,,,,,,,,,,,,,,
De'Quan Hampton,SEA,WR,2180325,@ARI,30,11,1,0,N/R,,,0,0,,0,0,0.0,0,0,0.0,0,0,0,-,,,,,,,,,,,,,,,,,,
Dyami Brown,WAS,WR,2965973,@DAL,14,7,1,1,N/R,,,21,0,,0,0,5.2,0,1,0.0,0,6,4,0.00,,,,,,,,,,,,,,,,,,
Dont'e Thornton Jr.,LV,WR,26694424,@LAC,19,13,1,1,N/R,,,0,0,,0,0,0.0,0,0,0.0,0,0,0,-,,,,,,,,,,,,,,,,,,
Dalen Cambre,NYG,WR,3131659,@LAR,15,8,1,1,N/R,,,0,0,,0,0,0.0,0,0,0.0,0,0,0,-,,,,,,,,,,,,,,,,,,
Kevin Austin Jr.,NO,WR,2969073,@BAL,26,8,1,0,N/R,,,7,0,,0,0,7.0,0,0,0.0,0,1,1,0.00,,,,,,,,,,,,,,,,,,
Brandon Smith,PIT,WR,2865783,@NE,8,9,1,1,N/R,,,0,0,,0,0,0.0,0,0,0.0,0,0,0,-,,,,,,,,,,,,,,,,,,
Jadakis Bonds,GB,WR,2982608,@NYJ,5,11,1,1,N/R,,,0,0,,0,0,0.0,0,0,0.0,0,0,0,-,,,,,,,,,,,,,,,,,,
Hal Presley,TEN,WR,26727031,PHI,16,9,1,1,N/R,,,0,0,,0,0,0.0,0,0,0.0,0,0,0,-,,,,,,,,,,,,,,,,,,
Drew Estrada,HOU,WR,2242283,CIN,13,8,1,0,N/R,,,0,0,,0,0,0.0,0,0,0.0,0,0,0,-,,,,,,,,,,,,,,,,,,
Bryce Oliver,HOU,WR,2967309,CIN,13,8,1,0,N/R,,,0,0,,0,0,0.0,0,0,0.0,0,0,0,-,,,,,,,,,,,,,,,,,,
Jalen Williams,NYG,WR,2820236,@LAR,15,8,1,1,N/R,,,0,0,,0,0,0.0,0,0,0.0,0,0,0,-,,,,,,,,,,,,,,,,,,
Jauan Jennings,MIN,WR,2180514,@CHI,17,6,18,1,N/R,,,0,0,,0,0,0.0,0,0,0.0,0,0,0,-,,,,,,,,,,,,,,,,,,
A.T. Perry,PIT,WR,2965235,@NE,8,9,1,1,N/R,,,0,0,,0,0,0.0,0,0,0.0,0,0,0,-,,,,,,,,,,,,,,,,,,
Romello Brinson,DAL,WR,26694913,WAS,32,14,1,0,N/R,,,0,0,,0,0,0.0,0,0,0.0,0,0,0,-,,,,,,,,,,,,,,,,,,
R.J. Starkey,GB,WR,2980231,@NYJ,5,11,1,1,N/R,,,0,0,,0,0,0.0,0,0,0.0,0,0,0,-,,,,,,,,,,,,,,,,,,
Jonathan Adams Jr.,DET,WR,2805617,@BUF,31,6,1,1,N/R,,,0,0,,0,0,0.0,0,0,0.0,0,0,0,-,,,,,,,,,,,,,,,,,,
Jamoi Mayes,CIN,WR,26719064,@HOU,29,6,1,0,N/R,,,0,0,,0,0,0.0,0,0,0.0,0,0,0,-,,,,,,,,,,,,,,,,,,
Je'Quan Burton,MIA,WR,2962576,@SF,11,6,0,0,N/R,,,0,0,,0,0,0.0,0,0,0.0,0,0,0,-,,,,,,,,,,,,,,,,,,
Amari Cooper,LV,WR,1984220,@LAC,19,13,1,1,N/R,,,0,0,,0,0,0.0,0,0,0.0,0,0,0,-,,,,,,,,,,,,,,,,,,
Jerand Bradley,LAC,WR,26701763,LV,6,7,1,1,N/R,,,0,0,,0,0,0.0,0,0,0.0,0,0,0,-,,,,,,,,,,,,,,,,,,
Emmanuel Butler,NO,WR,2142440,@BAL,26,8,1,1,N/R,,,0,0,,0,0,0.0,0,0,0.0,0,0,0,-,,,,,,,,,,,,,,,,,,
Cephus Johnson III,TB,WR,2868267,CLE,22,10,1,0,N/R,,,0,0,,0,0,0.0,0,0,0.0,0,0,0,-,,,,,,,,,,,,,,,,,,
Dimitri Stanley,GB,WR,2962329,@NYJ,5,11,0,0,N/R,,,0,0,,0,0,0.0,0,0,0.0,0,0,0,-,,,,,,,,,,,,,,,,,,
Ainias Smith,CAR,WR,3131553,@ATL,28,5,1,0,N/R,,,0,0,,0,0,0.0,0,0,0.0,0,0,0,-,,,,,,,,,,,,,,,,,,
Jason Brownlee,KC,WR,3170352,IND,24,5,1,1,N/R,,,0,0,,0,0,0.0,0,0,0.0,0,0,0,-,,,,,,,,,,,,,,,,,,
Jaray Jenkins,PIT,WR,2965695,@NE,8,9,1,0,N/R,,,0,0,,0,0,0.0,0,0,0.0,0,0,0,-,,,,,,,,,,,,,,,,,,
Manasseh Bailey,NYJ,WR,3159152,GB,23,13,1,1,N/R,,,0,0,,0,0,0.0,0,0,0.0,0,0,0,-,,,,,,,,,,,,,,,,,,
Montrell Washington,HOU,WR,2866191,CIN,13,8,1,1,N/R,,,0,0,,0,0,0.0,0,0,0.0,0,0,0,-,,,,,,,,,,,,,,,,,,
Eli Pancol,IND,WR,3121378,@KC,2,13,1,0,N/R,,,0,0,,0,0,0.0,0,0,0.0,0,0,0,-,,,,,,,,,,,,,,,,,,
Keelan Marion,ATL,WR,3162048,CAR,4,11,1,1,N/R,,,0,0,,0,0,0.0,0,0,0.0,0,0,0,-,,,,,,,,,,,,,,,,,,
Quincy Skinner Jr.,GB,WR,26697082,@NYJ,5,11,1,1,N/R,,,0,0,,0,0,0.0,0,0,0.0,0,0,0,-,,,,,,,,,,,,,,,,,,
Giles Jackson,PHI,WR,3133264,@TEN,18,10,1,1,N/R,,,0,0,,0,0,0.0,0,0,0.0,0,0,0,-,,,,,,,,,,,,,,,,,,
Jack Bech,LV,WR,26700682,@LAC,19,13,3,1,N/R,,,25,0,,0,0,12.5,0,0,0.0,0,2,2,0.00,,,,,,,,,,,,,,,,,,
Kole Wilson,CLE,WR,28950335,@TB,10,11,1,0,N/R,,,0,0,,0,0,0.0,0,0,0.0,0,0,0,-,,,,,,,,,,,,,,,,,,
Slade Bolden,ATL,WR,2960931,CAR,4,11,1,1,N/R,,,0,0,,0,0,0.0,0,0,0.0,0,0,0,-,,,,,,,,,,,,,,,,,,
Carnell Tate,TEN,WR,29124411,PHI,16,9,80,9,N/R,,,27,0,,0,0,9.0,0,0,0.0,0,5,3,0.00,,,,,,,,,,,,,,,,,,
Darece Roberson Jr.,SEA,WR,26654230,@ARI,30,11,1,1,N/R,,,0,0,,0,0,0.0,0,0,0.0,0,0,0,-,,,,,,,,,,,,,,,,,,
Corey Rucker,LV,WR,3163046,@LAC,19,13,0,0,N/R,,,0,0,,0,0,0.0,0,0,0.0,0,0,0,-,,,,,,,,,,,,,,,,,,
Jeshaun Jones,MIN,WR,2961918,@CHI,17,6,1,1,N/R,,,0,0,,0,0,0.0,0,0,0.0,0,0,0,-,,,,,,,,,,,,,,,,,,
Michael Johnson,PHI,WR,2185524,@TEN,18,10,0,0,N/R,,,0,0,,0,0,0.0,0,0,0.0,0,0,0,-,,,,,,,,,,,,,,,,,,
Ty Fryfogle,KC,WR,2866135,IND,24,5,1,0,N/R,,,0,0,,0,0,0.0,0,0,0.0,0,0,0,-,,,,,,,,,,,,,,,,,,
Konata Mumpfield,LAR,WR,26694679,NYG,21,11,1,1,N/R,,,12,0,,0,0,12.0,0,0,0.0,0,2,1,0.00,,,,,,,,,,,,,,,,,,
David Sills,TB,WR,2179491,CLE,22,10,1,1,N/R,,,0,0,,0,0,0.0,0,0,0.0,0,0,0,-,,,,,,,,,,,,,,,,,,
Travell Harris,CLE,WR,2865807,@TB,10,11,0,0,N/R,,,0,0,,0,0,0.0,0,0,0.0,0,0,0,-,,,,,,,,,,,,,,,,,,
Trent Sherfield,BUF,WR,2139758,DET,27,7,1,1,N/R,,,0,0,,0,0,0.0,0,0,0.0,0,0,0,-,,,,,,,,,,,,,,,,,,
Michael Gallup,WAS,WR,2240415,@DAL,14,7,1,1,N/R,,,0,0,,0,0,0.0,0,0,0.0,0,0,0,-,,,,,,,,,,,,,,,,,,
Willie Johnson,JAC,WR,2263021,@DEN,9,7,1,1,N/R,,,0,0,,0,0,0.0,0,0,0.0,0,0,0,-,,,,,,,,,,,,,,,,,,
Sincere Brown,LAC,WR,3173147,LV,6,7,1,1,N/R,,,0,0,,0,0,0.0,0,0,0.0,0,0,0,-,,,,,,,,,,,,,,,,,,
Jamal Custis,PIT,WR,2139136,@NE,8,9,0,0,N/R,,,0,0,,0,0,0.0,0,0,0.0,0,0,0,-,,,,,,,,,,,,,,,,,,
Antonio Nunn,ATL,WR,2258543,CAR,4,11,1,1,N/R,,,0,0,,0,0,0.0,0,0,0.0,0,0,0,-,,,,,,,,,,,,,,,,,,
Corey Crooms Jr.,DAL,WR,3123126,WAS,32,14,1,0,N/R,,,0,0,,0,0,0.0,0,0,0.0,0,0,0,-,,,,,,,,,,,,,,,,,,
Juwan Green,KC,WR,2967680,IND,24,5,1,1,N/R,,,0,0,,0,0,0.0,0,0,0.0,0,0,0,-,,,,,,,,,,,,,,,,,,
Omar Bayless,KC,WR,2179863,IND,24,5,1,0,N/R,,,0,0,,0,0,0.0,0,0,0.0,0,0,0,-,,,,,,,,,,,,,,,,,,
Jalen McMillan,TB,WR,3162347,CLE,22,10,13,1,N/R,,,0,0,,0,0,0.0,0,0,0.0,0,0,0,0.00,,,,,,,,,,,,,,,,,,
Zion Bowens,WAS,WR,3168734,@DAL,14,7,1,1,N/R,,,0,0,,0,0,0.0,0,0,0.0,0,0,0,-,,,,,,,,,,,,,,,,,,
Daniel Arias,ARI,WR,2966863,SEA,1,14,1,0,N/R,,,0,0,,0,0,0.0,0,0,0.0,0,0,0,-,,,,,,,,,,,,,,,,,,
Deontez Alexander,SEA,WR,2926949,@ARI,30,11,1,1,N/R,,,0,0,,0,0,0.0,0,0,0.0,0,0,0,-,,,,,,,,,,,,,,,,,,
Ontaria Wilson,NYJ,WR,2865393,GB,23,13,1,1,N/R,,,0,0,,0,0,0.0,0,0,0.0,0,0,0,-,,,,,,,,,,,,,,,,,,
Quez Watkins,PHI,WR,2262953,@TEN,18,10,1,0,N/R,,,0,0,,0,0,0.0,0,0,0.0,0,0,0,-,,,,,,,,,,,,,,,,,,
Shaleak Knotts,MIN,WR,28901305,@CHI,17,6,1,1,N/R,,,0,0,,0,0,0.0,0,0,0.0,0,0,0,-,,,,,,,,,,,,,,,,,,
Bryce Lance,NO,WR,26725855,@BAL,26,8,6,1,N/R,,,8,0,,0,0,8.0,0,0,0.0,0,1,1,0.00,,,,,,,,,,,,,,,,,,
Milton Wright,LAC,WR,3131611,LV,6,7,1,1,N/R,,,0,0,,0,0,0.0,0,0,0.0,0,0,0,-,,,,,,,,,,,,,,,,,,
Thomas Hennigan,MIN,WR,2780930,@CHI,17,6,1,0,N/R,,,0,0,,0,0,0.0,0,0,0.0,0,0,0,-,,,,,,,,,,,,,,,,,,
Kyre Duplessis,DEN,WR,26699047,JAC,20,10,1,1,N/R,,,0,0,,0,0,0.0,0,0,0.0,0,0,0,-,,,,,,,,,,,,,,,,,,
Quintez Cephus,BUF,WR,2251870,DET,27,7,1,0,N/R,,,0,0,,0,0,0.0,0,0,0.0,0,0,0,-,,,,,,,,,,,,,,,,,,
Rico Bussey,PIT,WR,2251993,@NE,8,9,0,0,N/R,,,0,0,,0,0,0.0,0,0,0.0,0,0,0,-,,,,,,,,,,,,,,,,,,
Sam Pinckney,CAR,WR,2961512,@ATL,28,5,1,1,N/R,,,0,0,,0,0,0.0,0,0,0.0,0,0,0,-,,,,,,,,,,,,,,,,,,
Le'Meke Brockington,ATL,WR,26695012,CAR,4,11,0,0,N/R,,,0,0,,0,0,0.0,0,0,0.0,0,0,0,-,,,,,,,,,,,,,,,,,,
Reggie Virgil,ARI,WR,28883008,SEA,1,14,1,1,N/R,,,0,0,,0,0,0.0,0,0,0.0,0,0,0,-,,,,,,,,,,,,,,,,,,
Keric Wheatfall,PHI,WR,3122481,@TEN,18,10,0,0,N/R,,,0,0,,0,0,0.0,0,0,0.0,0,0,0,-,,,,,,,,,,,,,,,,,,
Siaosi Mariner,BAL,WR,3161110,NO,7,13,1,1,N/R,,,0,0,,0,0,0.0,0,0,0.0,0,0,0,-,,,,,,,,,,,,,,,,,,
Malik Taylor,DET,WR,3117089,@BUF,31,6,0,0,N/R,,,0,0,,0,0,0.0,0,0,0.0,0,0,0,-,,,,,,,,,,,,,,,,,,
Darius Slayton,IND,WR,2183982,@KC,2,13,2,1,N/R,,,0,0,,0,0,0.0,0,0,0.0,0,0,0,-,,,,,,,,,,,,,,,,,,
Luther Burden III,CHI,WR,28874444,MIN,25,10,97,29,37,,,32,0,,0,0,10.7,0,0,0.0,0,7,3,0.00,,,,,,,,,,,,,,,,,,
Bobo Beathard,ARI,WR,1840609,SEA,1,14,1,1,N/R,,,0,0,,0,0,0.0,0,0,0.0,0,0,0,-,,,,,,,,,,,,,,,,,,
Keon Coleman,BUF,WR,26717289,DET,27,7,15,2,N/R,,,63,0,,0,0,10.5,0,0,0.0,0,6,6,0.00,,,,,,,,,,,,,,,,,,
Armanti Foreman,MIN,WR,2925428,@CHI,17,6,1,1,N/R,,,0,0,,0,0,0.0,0,0,0.0,0,0,0,-,,,,,,,,,,,,,,,,,,
Neil Pau'u,BUF,WR,2807947,DET,27,7,1,1,N/R,,,0,0,,0,0,0.0,0,0,0.0,0,0,0,-,,,,,,,,,,,,,,,,,,
Anthony Smith,DAL,WR,3164577,WAS,32,14,1,0,N/R,,,0,0,,0,0,0.0,0,0,0.0,0,0,0,-,,,,,,,,,,,,,,,,,,
Zachariah Branch,ATL,WR,29123979,CAR,4,11,6,1,N/R,,,14,0,,0,0,7.0,0,0,0.0,0,2,2,0.00,,,,,,,,,,,,,,,,,,
Isaiah Winstead,PIT,WR,2835033,@NE,8,9,0,0,N/R,,,0,0,,0,0,0.0,0,0,0.0,0,0,0,-,,,,,,,,,,,,,,,,,,
Aleva Hifo,ARI,WR,3159106,SEA,1,14,1,0,N/R,,,0,0,,0,0,0.0,0,0,0.0,0,0,0,-,,,,,,,,,,,,,,,,,,
Sam Brown Jr.,GB,WR,29052184,@NYJ,5,11,1,1,N/R,,,0,0,,0,0,0.0,0,0,0.0,0,0,0,-,,,,,,,,,,,,,,,,,,
Isaiah Neyor,GB,WR,3121203,@NYJ,5,11,1,1,N/R,,,0,0,,0,0,0.0,0,0,0.0,0,0,0,-,,,,,,,,,,,,,,,,,,
Xavier Loyd,KC,WR,26695352,IND,24,5,1,0,N/R,,,0,0,,0,0,0.0,0,0,0.0,0,0,0,-,,,,,,,,,,,,,,,,,,
Raylen Sharpe,IND,WR,26698282,@KC,2,13,1,0,N/R,,,0,0,,0,0,0.0,0,0,0.0,0,0,0,-,,,,,,,,,,,,,,,,,,
Whop Philyor,MIN,WR,2867503,@CHI,17,6,1,0,N/R,,,0,0,,0,0,0.0,0,0,0.0,0,0,0,-,,,,,,,,,,,,,,,,,,
Justin Hall,MIN,WR,2865819,@CHI,17,6,1,1,N/R,,,0,0,,0,0,0.0,0,0,0.0,0,0,0,-,,,,,,,,,,,,,,,,,,
Pat Bryant,DEN,WR,26697415,JAC,20,10,10,1,N/R,,,0,0,,1,16,0.0,0,0,16.0,0,1,0,0.00,,,,,,,,,,,,,,,,,,
Brenden Rice,GB,WR,3166803,@NYJ,5,11,1,1,N/R,,,0,0,,0,0,0.0,0,0,0.0,0,0,0,-,,,,,,,,,,,,,,,,,,
Tyler Scott,LAR,WR,3163215,NYG,21,11,1,1,N/R,,,0,0,,0,0,0.0,0,0,0.0,0,0,0,-,,,,,,,,,,,,,,,,,,
DeAndre Thompkins,GB,WR,2131257,@NYJ,5,11,1,1,N/R,,,0,0,,0,0,0.0,0,0,0.0,0,0,0,-,,,,,,,,,,,,,,,,,,
Josh Reynolds,NYJ,WR,2131796,GB,23,13,1,1,N/R,,,0,0,,0,0,0.0,0,0,0.0,0,0,0,-,,,,,,,,,,,,,,,,,,
Dalton Kincaid,BUF,TE,2982991,DET,32,7,98,89,2,,,95,1,,0,0,13.6,0,0,0.0,6,8,7,6.00,,,,,,,,,,,,,,,,,,
Travis Kelce,KC,TE,1725130,IND,26,5,98,87,4,,,101,1,,0,0,11.2,0,0,0.0,6,11,9,6.00,,,,,,,,,,,,,,,,,,
Dalton Schultz,HOU,TE,2136748,CIN,31,8,89,69,7,,,140,0,,0,0,11.7,0,0,0.0,6,14,12,6.00,,,,,,,,,,,,,,,,,,
Jake Ferguson,DAL,TE,2867159,WAS,30,14,81,34,19,,,43,2,,0,0,10.8,0,0,0.0,5,4,4,5.00,,,,,,,,,,,,,,,,,,
George Kittle,SF,TE,2818265,MIA,24,8,99,88,9,,,80,1,,0,0,20.0,0,0,0.0,5,4,4,5.00,,,,,,,,,,,,,,,,,,
Darren Waller,CAR,TE,1850793,@ATL,21,5,26,9,21,,,33,2,,0,0,11.0,0,0,0.0,4,3,3,4.00,,,,,,,,,,,,,,,,,,
Blake Whiteheart,CLE,TE,2964419,@TB,25,11,1,1,N/R,,,17,1,,0,0,17.0,0,0,0.0,3,2,1,3.00,,,,,,,,,,,,,,,,,,
Trey McBride,ARI,TE,2963385,SEA,9,14,100,99,1,,,41,1,,0,0,5.1,0,0,0.0,2,10,8,2.00,,,,,,,,,,,,,,,,,,
Nate Adkins,DEN,TE,2977285,JAC,5,10,1,1,N/R,,,32,1,,1,6,10.7,0,0,6.0,2,3,3,2.00,,,,,,,,,,,,,,,,,,
Terrance Ferguson,LAR,TE,26701481,NYG,12,11,44,19,14,,,54,1,,0,0,9.0,0,0,0.0,2,9,6,2.00,,,,,,,,,,,,,,,,,,
Juwan Johnson,NO,TE,2186637,@BAL,16,8,83,42,15,,,66,0,,0,0,16.5,0,0,0.0,2,4,4,2.00,,,,,,,,,,,,,,,,,,
Sam LaPorta,DET,TE,3124197,@BUF,4,6,98,83,5,,,52,1,,0,0,8.7,0,0,0.0,2,7,6,2.00,,,,,,,,,,,,,,,,,,
Oronde Gadsden II,LAC,TE,26727374,LV,27,7,37,14,17,,,18,1,,0,0,9.0,0,0,0.0,2,2,2,2.00,,,,,,,,,,,,,,,,,,
Hunter Henry,NE,TE,2079848,PIT,14,11,57,18,16,,,40,0,,0,0,13.3,0,0,0.0,1,5,3,1.00,,,,,,,,,,,,,,,,,,
AJ Barner,SEA,TE,3169283,@ARI,28,11,22,5,N/R,,,8,0,,1,1,8.0,1,0,1.0,1,1,1,1.00,,,,,,,,,,,,,,,,,,
Mark Andrews,BAL,TE,2131121,NO,29,13,88,45,13,,,49,0,,0,0,8.2,0,0,0.0,1,7,6,1.00,,,,,,,,,,,,,,,,,,
Dawson Knox,BUF,TE,2186345,DET,32,7,2,1,N/R,,,5,1,,0,0,2.5,0,0,0.0,1,2,2,1.00,,,,,,,,,,,,,,,,,,
Harold Fannin Jr.,CLE,TE,28900882,@TB,25,11,93,53,18,,,54,0,,0,0,10.8,0,0,0.0,1,6,5,1.00,,,,,,,,,,,,,,,,,,
Tyler Warren,IND,TE,3168800,@KC,15,13,99,77,6,,,21,1,,1,3,3.5,0,0,3.0,1,7,6,1.00,,,,,,,,,,,,,,,,,,
Drew Sample,CIN,TE,2139646,@HOU,20,6,1,1,N/R,,,0,0,,0,0,0.0,0,0,0.0,0,0,0,0.00,,,,,,,,,,,,,,,,,,
Brayden Lenius,ATL,TE,28867632,CAR,19,11,1,1,N/R,,,0,0,,0,0,0.0,0,0,0.0,0,0,0,-,,,,,,,,,,,,,,,,,,
Brenden Bates,JAC,TE,2963924,@DEN,22,7,1,1,N/R,,,0,0,,0,0,0.0,0,0,0.0,0,0,0,-,,,,,,,,,,,,,,,,,,
Brevin Jordan,HOU,TE,2964787,CIN,31,8,1,1,N/R,,,0,0,,0,0,0.0,0,0,0.0,0,0,0,-,,,,,,,,,,,,,,,,,,
Feleipe Franks,CAR,TE,2221829,@ATL,21,5,1,1,N/R,,,0,0,,0,0,0.0,0,0,0.0,0,0,0,0.00,,,,,,,,,,,,,,,,,,
Dallin Holker,NO,TE,2975555,@BAL,16,8,1,1,N/R,,,0,0,,0,0,0.0,0,0,0.0,0,0,0,-,,,,,,,,,,,,,,,,,,
Josh Whyle,GB,TE,2962513,@NYJ,3,11,1,1,N/R,,,0,0,,0,0,0.0,0,0,0.0,0,0,0,0.00,,,,,,,,,,,,,,,,,,
Marcedes Lewis,DEN,TE,415313,JAC,5,10,1,1,N/R,,,0,0,,0,0,0.0,0,0,0.0,0,0,0,-,,,,,,,,,,,,,,,,,,
Tyler Mabry,CAR,TE,3159198,@ATL,21,5,1,1,N/R,,,0,0,,0,0,0.0,0,0,0.0,0,0,0,-,,,,,,,,,,,,,,,,,,
Matt Lauter,MIN,TE,26725448,@CHI,11,6,1,1,N/R,,,0,0,,0,0,0.0,0,0,0.0,0,0,0,-,,,,,,,,,,,,,,,,,,
Ty Pezza,BAL,TE,28925533,NO,29,13,1,1,N/R,,,0,0,,0,0,0.0,0,0,0.0,0,0,0,-,,,,,,,,,,,,,,,,,,
Matt Seybert,LAC,TE,2184386,LV,27,7,1,0,N/R,,,0,0,,0,0,0.0,0,0,0.0,0,0,0,-,,,,,,,,,,,,,,,,,,
Jacob Harris,TB,TE,2189290,CLE,23,10,1,0,N/R,,,0,0,,0,0,0.0,0,0,0.0,0,0,0,-,,,,,,,,,,,,,,,,,,
C.J. Conrad,NYG,TE,2180481,@LAR,6,8,1,1,N/R,,,0,0,,0,0,0.0,0,0,0.0,0,0,0,-,,,,,,,,,,,,,,,,,,
Hunter Thedford,CLE,TE,2180777,@TB,25,11,0,0,N/R,,,0,0,,0,0,0.0,0,0,0.0,0,0,0,-,,,,,,,,,,,,,,,,,,
Max Klare,LAR,TE,28921209,NYG,12,11,2,1,N/R,,,0,0,,0,0,0.0,0,0,0.0,0,0,0,0.00,,,,,,,,,,,,,,,,,,
Cole Herdman,TEN,TE,2136567,PHI,1,9,1,1,N/R,,,0,0,,0,0,0.0,0,0,0.0,0,0,0,-,,,,,,,,,,,,,,,,,,
Zach Heins,LAC,TE,2976450,LV,27,7,1,0,N/R,,,0,0,,0,0,0.0,0,0,0.0,0,0,0,-,,,,,,,,,,,,,,,,,,
Mike Gesicki,CIN,TE,2139298,@HOU,20,6,12,2,N/R,,,0,0,,0,0,0.0,0,0,0.0,0,0,0,0.00,,,,,,,,,,,,,,,,,,
RJ Maryland,GB,TE,28915341,@NYJ,3,11,1,1,N/R,,,0,0,,0,0,0.0,0,0,0.0,0,0,0,-,,,,,,,,,,,,,,,,,,
Jake Roh,ATL,TE,2925215,CAR,19,11,1,1,N/R,,,0,0,,0,0,0.0,0,0,0.0,0,0,0,-,,,,,,,,,,,,,,,,,,
Carson Williams,LV,TE,2355180,@LAC,13,13,1,1,N/R,,,0,0,,0,0,0.0,0,0,0.0,0,0,0,-,,,,,,,,,,,,,,,,,,
Kenny Fletcher Jr.,IND,TE,28873912,@KC,15,13,1,0,N/R,,,0,0,,0,0,0.0,0,0,0.0,0,0,0,-,,,,,,,,,,,,,,,,,,
Jake Phillips,PIT,TE,2253478,@NE,2,9,1,1,N/R,,,0,0,,0,0,0.0,0,0,0.0,0,0,0,-,,,,,,,,,,,,,,,,,,
Dalton Keene,HOU,TE,2805113,CIN,31,8,1,1,N/R,,,0,0,,0,0,0.0,0,0,0.0,0,0,0,-,,,,,,,,,,,,,,,,,,
Sal Cannella,CLE,TE,2804541,@TB,25,11,1,0,N/R,,,0,0,,0,0,0.0,0,0,0.0,0,0,0,-,,,,,,,,,,,,,,,,,,
Kole Taylor,CIN,TE,3163049,@HOU,20,6,1,1,N/R,,,0,0,,0,0,0.0,0,0,0.0,0,0,0,-,,,,,,,,,,,,,,,,,,
Josh Kattus,CIN,TE,28901524,@HOU,20,6,1,1,N/R,,,0,0,,0,0,0.0,0,0,0.0,0,0,0,-,,,,,,,,,,,,,,,,,,
Matt Sokol,PIT,TE,2131215,@NE,2,9,0,0,N/R,,,0,0,,0,0,0.0,0,0,0.0,0,0,0,-,,,,,,,,,,,,,,,,,,
Charlie Kolar,LAC,TE,2866273,LV,27,7,1,1,N/R,,,21,0,,0,0,7.0,0,0,0.0,0,3,3,0.00,,,,,,,,,,,,,,,,,,
Ben Sims,MIA,TE,2964709,@SF,10,6,1,1,N/R,,,0,0,,0,0,0.0,0,0,0.0,0,0,0,-,,,,,,,,,,,,,,,,,,
Travis Koontz,LV,TE,3127726,@LAC,13,13,0,0,N/R,,,0,0,,0,0,0.0,0,0,0.0,0,0,0,-,,,,,,,,,,,,,,,,,,
Miles Kitselman,DET,TE,28912020,@BUF,4,6,1,1,N/R,,,0,0,,0,0,0.0,0,0,0.0,0,0,0,-,,,,,,,,,,,,,,,,,,
Princeton Fant,DAL,TE,2865409,WAS,30,14,1,1,N/R,,,0,0,,0,0,0.0,0,0,0.0,0,0,0,-,,,,,,,,,,,,,,,,,,
Lincoln Sefcik,NYJ,TE,26701907,GB,8,13,0,0,N/R,,,0,0,,0,0,0.0,0,0,0.0,0,0,0,-,,,,,,,,,,,,,,,,,,
Keenen Brown,HOU,TE,2139241,CIN,31,8,1,1,N/R,,,0,0,,0,0,0.0,0,0,0.0,0,0,0,-,,,,,,,,,,,,,,,,,,
Drake Dabney,GB,TE,3168310,@NYJ,3,11,1,1,N/R,,,0,0,,0,0,0.0,0,0,0.0,0,0,0,-,,,,,,,,,,,,,,,,,,
Zach Horton,DET,TE,26698603,@BUF,4,6,1,1,N/R,,,0,0,,0,0,0.0,0,0,0.0,0,0,0,-,,,,,,,,,,,,,,,,,,
Daniel Crawford,GB,TE,2188929,@NYJ,3,11,1,0,N/R,,,0,0,,0,0,0.0,0,0,0.0,0,0,0,-,,,,,,,,,,,,,,,,,,
Mitch Van Vooren,DAL,TE,29738519,WAS,30,14,1,0,N/R,,,0,0,,0,0,0.0,0,0,0.0,0,0,0,-,,,,,,,,,,,,,,,,,,
Mark Redman,GB,TE,3162063,@NYJ,3,11,1,1,N/R,,,0,0,,0,0,0.0,0,0,0.0,0,0,0,0.00,,,,,,,,,,,,,,,,,,
Stone Smartt,NO,TE,2864800,@BAL,16,8,1,1,N/R,,,0,0,,0,0,0.0,0,0,0.0,0,0,0,-,,,,,,,,,,,,,,,,,,
Kevin Foelsch,PIT,TE,29380772,@NE,2,9,1,1,N/R,,,0,0,,0,0,0.0,0,0,0.0,0,0,0,-,,,,,,,,,,,,,,,,,,
Zack Kuntz,DAL,TE,2963243,WAS,30,14,1,1,N/R,,,0,0,,0,0,0.0,0,0,0.0,0,0,0,-,,,,,,,,,,,,,,,,,,
Ben Sinnott,WAS,TE,3168647,@DAL,17,7,1,1,N/R,,,6,0,,0,0,6.0,0,0,0.0,0,1,1,0.00,,,,,,,,,,,,,,,,,,
Marlin Klein,HOU,TE,28927889,CIN,31,8,2,1,N/R,,,0,0,,0,0,0.0,0,0,0.0,0,0,0,0.00,,,,,,,,,,,,,,,,,,
Pat Conroy,LV,TE,3138345,@LAC,13,13,1,0,N/R,,,0,0,,0,0,0.0,0,0,0.0,0,0,0,-,,,,,,,,,,,,,,,,,,
Devon Garrison,SEA,TE,29456571,@ARI,28,11,1,1,N/R,,,0,0,,0,0,0.0,0,0,0.0,0,0,0,-,,,,,,,,,,,,,,,,,,
Nate Boerkircher,JAC,TE,3162867,@DEN,22,7,1,1,N/R,,,0,0,,0,0,0.0,0,0,0.0,0,0,0,0.00,,,,,,,,,,,,,,,,,,
Moliki Matavao,NO,TE,26693980,@BAL,16,8,1,1,N/R,,,0,0,,0,0,0.0,0,0,0.0,0,0,0,-,,,,,,,,,,,,,,,,,,
Connor Hulstein,NYJ,TE,26756957,GB,8,13,0,0,N/R,,,0,0,,0,0,0.0,0,0,0.0,0,0,0,-,,,,,,,,,,,,,,,,,,
Irv Smith,HOU,TE,2257888,CIN,31,8,1,1,N/R,,,0,0,,0,0,0.0,0,0,0.0,0,0,0,-,,,,,,,,,,,,,,,,,,
Adam Trautman,DEN,TE,2182228,JAC,5,10,1,1,N/R,,,0,0,,0,0,0.0,0,0,0.0,0,0,0,0.00,,,,,,,,,,,,,,,,,,
Jared Scott,IND,TE,2866491,@KC,15,13,1,0,N/R,,,0,0,,0,0,0.0,0,0,0.0,0,0,0,-,,,,,,,,,,,,,,,,,,
Tanner Taula,TB,TE,2865559,CLE,23,10,1,0,N/R,,,0,0,,0,0,0.0,0,0,0.0,0,0,0,-,,,,,,,,,,,,,,,,,,
Noah Fant,NO,TE,2251095,@BAL,16,8,2,1,N/R,,,0,0,,0,0,0.0,0,0,0.0,0,0,0,0.00,,,,,,,,,,,,,,,,,,
Harrison Bryant,SEA,TE,2241240,@ARI,28,11,1,1,N/R,,,0,0,,0,0,0.0,0,0,0.0,0,0,0,-,,,,,,,,,,,,,,,,,,
Joel Honigford,ARI,TE,2878156,SEA,9,14,1,1,N/R,,,0,0,,0,0,0.0,0,0,0.0,0,0,0,-,,,,,,,,,,,,,,,,,,
Elijah Arroyo,SEA,TE,26700496,@ARI,28,11,2,1,N/R,,,17,0,,0,0,17.0,0,0,0.0,0,1,1,0.00,,,,,,,,,,,,,,,,,,
Maximilian Mang,NYG,TE,3161969,@LAR,6,8,1,1,N/R,,,0,0,,0,0,0.0,0,0,0.0,0,0,0,-,,,,,,,,,,,,,,,,,,
Baylor Cupp,ARI,TE,3122788,SEA,9,14,1,1,N/R,,,0,0,,0,0,0.0,0,0,0.0,0,0,0,-,,,,,,,,,,,,,,,,,,
Kehinde Oginni,ATL,TE,28867199,CAR,19,11,1,1,N/R,,,0,0,,0,0,0.0,0,0,0.0,0,0,0,-,,,,,,,,,,,,,,,,,,
Kris Leach,DEN,TE,2838551,JAC,5,10,1,0,N/R,,,0,0,,0,0,0.0,0,0,0.0,0,0,0,-,,,,,,,,,,,,,,,,,,
Colston Loveland,CHI,TE,28874696,MIN,18,10,97,36,20,,,3,0,,0,0,3.0,0,0,0.0,0,3,1,0.00,,,,,,,,,,,,,,,,,,
Brock Wright,DET,TE,2807423,@BUF,4,6,1,1,N/R,,,0,0,,0,0,0.0,0,0,0.0,0,0,0,0.00,,,,,,,,,,,,,,,,,,
Dax Raymond,PIT,TE,2189163,@NE,2,9,1,1,N/R,,,0,0,,0,0,0.0,0,0,0.0,0,0,0,-,,,,,,,,,,,,,,,,,,
Shaun Beyer,GB,TE,2251090,@NYJ,3,11,1,1,N/R,,,0,0,,0,0,0.0,0,0,0.0,0,0,0,-,,,,,,,,,,,,,,,,,,
Jerome Washington,ARI,TE,2179406,SEA,9,14,1,1,N/R,,,0,0,,0,0,0.0,0,0,0.0,0,0,0,-,,,,,,,,,,,,,,,,,,
Thomas Yassmin,GB,TE,2966406,@NYJ,3,11,1,1,N/R,,,0,0,,0,0,0.0,0,0,0.0,0,0,0,-,,,,,,,,,,,,,,,,,,
Davis Allen,LAR,TE,3123267,NYG,12,11,1,1,N/R,,,7,0,,0,0,7.0,0,0,0.0,0,1,1,0.00,,,,,,,,,,,,,,,,,,
Layne Pryor,HOU,TE,26729515,CIN,31,8,1,0,N/R,,,0,0,,0,0,0.0,0,0,0.0,0,0,0,-,,,,,,,,,,,,,,,,,,
Tanner Arkin,NE,TE,26713728,PIT,14,11,1,0,N/R,,,0,0,,0,0,0.0,0,0,0.0,0,0,0,-,,,,,,,,,,,,,,,,,,
Albert Okwuegbunam,LV,TE,2245117,@LAC,13,13,1,1,N/R,,,0,0,,0,0,0.0,0,0,0.0,0,0,0,-,,,,,,,,,,,,,,,,,,
E.J. Jenkins,PHI,TE,2820917,@TEN,7,10,1,1,N/R,,,0,0,,0,0,0.0,0,0,0.0,0,0,0,0.00,,,,,,,,,,,,,,,,,,
Dallen Bentley,DEN,TE,29164633,JAC,5,10,1,1,N/R,,,0,0,,0,0,0.0,0,0,0.0,0,0,0,-,,,,,,,,,,,,,,,,,,
Austin Stogner,ATL,TE,3121976,CAR,19,11,1,1,N/R,,,0,0,,0,0,0.0,0,0,0.0,0,0,0,-,,,,,,,,,,,,,,,,,,
Christian Sims,LAR,TE,3133400,NYG,12,11,1,0,N/R,,,0,0,,0,0,0.0,0,0,0.0,0,0,0,-,,,,,,,,,,,,,,,,,,
Treyton Welch,NO,TE,3123913,@BAL,16,8,1,0,N/R,,,0,0,,0,0,0.0,0,0,0.0,0,0,0,0.00,,,,,,,,,,,,,,,,,,
Anthony Norris,DEN,TE,1906458,JAC,5,10,1,0,N/R,,,0,0,,0,0,0.0,0,0,0.0,0,0,0,-,,,,,,,,,,,,,,,,,,
James Mitchell,DAL,TE,2963242,WAS,30,14,1,1,N/R,,,0,0,,0,0,0.0,0,0,0.0,0,0,0,-,,,,,,,,,,,,,,,,,,
Gerrit Prince,KC,TE,2969148,IND,26,5,1,1,N/R,,,0,0,,0,0,0.0,0,0,0.0,0,0,0,-,,,,,,,,,,,,,,,,,,
Jack Westover,WAS,TE,2964293,@DAL,17,7,1,1,N/R,,,0,0,,0,0,0.0,0,0,0.0,0,0,0,-,,,,,,,,,,,,,,,,,,
Mason Fairchild,NO,TE,3127029,@BAL,16,8,1,1,N/R,,,0,0,,0,0,0.0,0,0,0.0,0,0,0,-,,,,,,,,,,,,,,,,,,
Jaheim Bell,PIT,TE,3169583,@NE,2,9,1,1,N/R,,,0,0,,0,0,0.0,0,0,0.0,0,0,0,-,,,,,,,,,,,,,,,,,,
Will Kacmarek,MIA,TE,26717403,@SF,10,6,1,1,N/R,,,4,0,,0,0,4.0,0,0,0.0,0,1,1,0.00,,,,,,,,,,,,,,,,,,
Sam Roush,CHI,TE,28877184,MIN,18,10,1,1,N/R,,,9,0,,0,0,9.0,0,0,0.0,0,3,1,0.00,,,,,,,,,,,,,,,,,,
Carson Towt,IND,TE,3158076,@KC,15,13,1,1,N/R,,,0,0,,0,0,0.0,0,0,0.0,0,0,0,-,,,,,,,,,,,,,,,,,,
Chris Manhertz,NYG,TE,2167520,@LAR,6,8,1,1,N/R,,,0,0,,0,0,0.0,0,0,0.0,0,0,0,0.00,,,,,,,,,,,,,,,,,,
Ben Johnson,LAC,TE,395994,LV,27,7,1,1,N/R,,,0,0,,0,0,0.0,0,0,0.0,0,0,0,-,,,,,,,,,,,,,,,,,,
Ian Thomas,LV,TE,2253359,@LAC,13,13,1,1,N/R,,,11,0,,0,0,11.0,0,0,0.0,0,1,1,0.00,,,,,,,,,,,,,,,,,,
John FitzPatrick,GB,TE,2975736,@NYJ,3,11,1,1,N/R,,,0,0,,0,0,0.0,0,0,0.0,0,0,0,-,,,,,,,,,,,,,,,,,,
Shane Zylstra,NE,TE,26688308,PIT,14,11,1,1,N/R,,,0,0,,0,0,0.0,0,0,0.0,0,0,0,-,,,,,,,,,,,,,,,,,,
Lachlan Pitts,CHI,TE,2818058,MIN,18,10,0,0,N/R,,,0,0,,0,0,0.0,0,0,0.0,0,0,0,-,,,,,,,,,,,,,,,,,,
Mike Rigerman,BAL,TE,29376329,NO,29,13,1,1,N/R,,,0,0,,0,0,0.0,0,0,0.0,0,0,0,-,,,,,,,,,,,,,,,,,,
Heinrich Haarberg,CAR,TE,26701120,@ATL,21,5,1,1,N/R,,,0,0,,0,0,0.0,0,0,0.0,0,0,0,-,,,,,,,,,,,,,,,,,,
Jalen Wydermyer,IND,TE,3131559,@KC,15,13,1,1,N/R,,,0,0,,0,0,0.0,0,0,0.0,0,0,0,-,,,,,,,,,,,,,,,,,,
Jordan Murray,CHI,TE,2963239,MIN,18,10,0,0,N/R,,,0,0,,0,0,0.0,0,0,0.0,0,0,0,-,,,,,,,,,,,,,,,,,,
Curtis Hodges,CAR,TE,2760856,@ATL,21,5,1,1,N/R,,,0,0,,0,0,0.0,0,0,0.0,0,0,0,-,,,,,,,,,,,,,,,,,,
Nick Guggemos,BUF,TE,26661732,DET,32,7,1,1,N/R,,,0,0,,0,0,0.0,0,0,0.0,0,0,0,-,,,,,,,,,,,,,,,,,,
Tucker Kraft,GB,TE,3133332,@NYJ,3,11,97,74,10,,,15,0,,0,0,7.5,0,0,0.0,0,3,2,0.00,,,,,,,,,,,,,,,,,,
Kyle Pitts,ATL,TE,2964514,CAR,19,11,90,39,11,,,15,0,,0,0,15.0,0,0,0.0,0,3,1,0.00,,,,,,,,,,,,,,,,,,
Alize Mack,TEN,TE,2186666,PHI,1,9,1,0,N/R,,,0,0,,0,0,0.0,0,0,0.0,0,0,0,-,,,,,,,,,,,,,,,,,,
Ben Yurosek,MIN,TE,3163725,@CHI,11,6,1,1,N/R,,,0,0,,0,0,0.0,0,0,0.0,0,0,0,-,,,,,,,,,,,,,,,,,,
Anthony Torres,LAR,TE,2960827,NYG,12,11,1,1,N/R,,,0,0,,0,0,0.0,0,0,0.0,0,0,0,-,,,,,,,,,,,,,,,,,,
McCallan Castles,GB,TE,2964061,@NYJ,3,11,1,1,N/R,,,0,0,,0,0,0.0,0,0,0.0,0,0,0,-,,,,,,,,,,,,,,,,,,
Austin Fort,TEN,TE,2131959,PHI,1,9,1,0,N/R,,,0,0,,0,0,0.0,0,0,0.0,0,0,0,-,,,,,,,,,,,,,,,,,,
Brenton Strange,JAC,TE,3121696,@DEN,22,7,54,10,23,,,17,0,,0,0,8.5,0,0,0.0,0,2,2,0.00,,,,,,,,,,,,,,,,,,
Gee Scott Jr.,NYJ,TE,3163073,GB,8,13,1,0,N/R,,,0,0,,0,0,0.0,0,0,0.0,0,0,0,-,,,,,,,,,,,,,,,,,,
Pro Wells,CIN,TE,2965260,@HOU,20,6,0,0,N/R,,,0,0,,0,0,0.0,0,0,0.0,0,0,0,-,,,,,,,,,,,,,,,,,,
Ethan Conner,MIA,TE,29121831,@SF,10,6,1,1,N/R,,,0,0,,0,0,0.0,0,0,0.0,0,0,0,-,,,,,,,,,,,,,,,,,,
Jack Stoll,SF,TE,2239684,MIA,24,8,1,1,N/R,,,0,0,,0,0,0.0,0,0,0.0,0,0,0,-,,,,,,,,,,,,,,,,,,
Drew Belcher,WAS,TE,3117011,@DAL,17,7,1,1,N/R,,,0,0,,0,0,0.0,0,0,0.0,0,0,0,-,,,,,,,,,,,,,,,,,,
Justin Shorter,LV,TE,2965077,@LAC,13,13,1,1,N/R,,,0,0,,0,0,0.0,0,0,0.0,0,0,0,-,,,,,,,,,,,,,,,,,,
Chase Curtis,NYJ,TE,3171155,GB,8,13,1,1,N/R,,,0,0,,0,0,0.0,0,0,0.0,0,0,0,-,,,,,,,,,,,,,,,,,,
Anthony Firkser,DET,TE,2818971,@BUF,4,6,1,1,N/R,,,0,0,,0,0,0.0,0,0,0.0,0,0,0,-,,,,,,,,,,,,,,,,,,
Theo Johnson,NYG,TE,3162129,@LAR,6,8,2,1,N/R,,,0,0,,0,0,0.0,0,0,0.0,0,4,0,0.00,,,,,,,,,,,,,,,,,,
Nate Wieting,NYG,TE,2179741,@LAR,6,8,0,0,N/R,,,0,0,,0,0,0.0,0,0,0.0,0,0,0,-,,,,,,,,,,,,,,,,,,
Drew Biber,CLE,TE,26727217,@TB,25,11,1,1,N/R,,,0,0,,0,0,0.0,0,0,0.0,0,0,0,-,,,,,,,,,,,,,,,,,,
Damien Caffrey,CHI,TE,3138466,MIN,18,10,1,1,N/R,,,0,0,,0,0,0.0,0,0,0.0,0,0,0,-,,,,,,,,,,,,,,,,,,
Tommy Tremble,CAR,TE,2969027,@ATL,21,5,1,1,N/R,,,4,0,,0,0,4.0,0,0,0.0,0,2,1,0.00,,,,,,,,,,,,,,,,,,
Connor Heyward,LV,TE,2867599,@LAC,13,13,1,1,N/R,,,0,0,,1,1,0.0,0,0,1.0,0,0,0,0.00,,,,,,,,,,,,,,,,,,
Thomas Fidone II,NYG,TE,26699695,@LAR,6,8,1,1,N/R,,,0,0,,0,0,0.0,0,0,0.0,0,0,0,-,,,,,,,,,,,,,,,,,,
Scott Orndoff,PHI,TE,2060508,@TEN,7,10,1,1,N/R,,,0,0,,0,0,0.0,0,0,0.0,0,0,0,-,,,,,,,,,,,,,,,,,,
Thaddeus Moss,CIN,TE,2246946,@HOU,20,6,1,1,N/R,,,0,0,,0,0,0.0,0,0,0.0,0,0,0,-,,,,,,,,,,,,,,,,,,
Donald Parham Jr.,PIT,TE,2183713,@NE,2,9,1,1,N/R,,,0,0,,0,0,0.0,0,0,0.0,0,0,0,-,,,,,,,,,,,,,,,,,,
Oscar Delp,NO,TE,28873644,@BAL,16,8,2,1,N/R,,,8,0,,0,0,8.0,0,0,0.0,0,1,1,0.00,,,,,,,,,,,,,,,,,,
Marcus Santos-Silva,CLE,TE,2893412,@TB,25,11,1,1,N/R,,,0,0,,0,0,0.0,0,0,0.0,0,0,0,-,,,,,,,,,,,,,,,,,,
Tip Reiman,ARI,TE,3169268,SEA,9,14,1,1,N/R,,,0,0,,0,0,0.0,0,0,0.0,0,0,0,-,,,,,,,,,,,,,,,,,,
Eli Raridon,NE,TE,28924611,PIT,14,11,3,1,N/R,,,30,0,,0,0,30.0,0,0,0.0,0,1,1,0.00,,,,,,,,,,,,,,,,,,
Daniel Bellinger,TEN,TE,2963615,PHI,1,9,1,1,N/R,,,0,0,,0,0,0.0,0,0,0.0,0,1,0,0.00,,,,,,,,,,,,,,,,,,
Jacob Breeland,BAL,TE,2180288,NO,29,13,1,0,N/R,,,0,0,,0,0,0.0,0,0,0.0,0,0,0,-,,,,,,,,,,,,,,,,,,
Riley Nowakowski,PIT,TE,3175781,@NE,2,9,1,1,N/R,,,0,0,,0,0,0.0,0,0,0.0,0,0,0,0.00,,,,,,,,,,,,,,,,,,
Trey Knox,MIN,TE,3122488,@CHI,11,6,1,1,N/R,,,0,0,,0,0,0.0,0,0,0.0,0,0,0,-,,,,,,,,,,,,,,,,,,
La'Michael Pettway,NE,TE,2185504,PIT,14,11,1,1,N/R,,,0,0,,0,0,0.0,0,0,0.0,0,0,0,-,,,,,,,,,,,,,,,,,,
Patrick Gurd,LV,TE,3169599,@LAC,13,13,1,1,N/R,,,0,0,,0,0,0.0,0,0,0.0,0,0,0,-,,,,,,,,,,,,,,,,,,
Austin Hooper,ATL,TE,2067004,CAR,19,11,1,1,N/R,,,20,0,,0,0,10.0,0,0,0.0,0,4,2,0.00,,,,,,,,,,,,,,,,,,
Eric Saubert,SEA,TE,2001018,@ARI,28,11,1,1,N/R,,,-10,0,,0,0,-10.0,0,0,0.0,0,1,1,0.00,,,,,,,,,,,,,,,,,,
Tyler Higbee,LAR,TE,1853103,NYG,12,11,2,1,N/R,,,0,0,,0,0,0.0,0,0,0.0,0,0,0,0.00,,,,,,,,,,,,,,,,,,
Luke Deal,DET,TE,3122054,@BUF,4,6,1,1,N/R,,,0,0,,0,0,0.0,0,0,0.0,0,0,0,-,,,,,,,,,,,,,,,,,,
Carl Tucker,MIA,TE,2179354,@SF,10,6,1,1,N/R,,,0,0,,0,0,0.0,0,0,0.0,0,0,0,-,,,,,,,,,,,,,,,,,,
Cary Angeline,PHI,TE,2242759,@TEN,7,10,1,1,N/R,,,0,0,,0,0,0.0,0,0,0.0,0,0,0,-,,,,,,,,,,,,,,,,,,
Kenyon Sadiq,NYJ,TE,29125433,GB,8,13,44,9,22,,,17,0,,0,0,8.5,0,0,0.0,0,3,2,0.00,,,,,,,,,,,,,,,,,,
Johnny Pascuzzi,LAC,TE,26699834,LV,27,7,1,1,N/R,,,0,0,,0,0,0.0,0,0,0.0,0,0,0,-,,,,,,,,,,,,,,,,,,
Stephen Carlson,CHI,TE,3116783,MIN,18,10,1,1,N/R,,,0,0,,0,0,0.0,0,0,0.0,0,0,0,-,,,,,,,,,,,,,,,,,,
Eli Wolf,WAS,TE,3161106,@DAL,17,7,1,1,N/R,,,0,0,,0,0,0.0,0,0,0.0,0,0,0,-,,,,,,,,,,,,,,,,,,
Mark Vital,KC,TE,2354807,IND,26,5,1,1,N/R,,,0,0,,0,0,0.0,0,0,0.0,0,0,0,-,,,,,,,,,,,,,,,,,,
Jaren Kanak,TEN,TE,28875704,PHI,1,9,1,1,N/R,,,0,0,,0,0,0.0,0,0,0.0,0,0,0,-,,,,,,,,,,,,,,,,,,
Chris Myarick,LV,TE,3117054,@LAC,13,13,1,1,N/R,,,0,0,,0,0,0.0,0,0,0.0,0,0,0,0.00,,,,,,,,,,,,,,,,,,
Luke Musgrave,GB,TE,3129283,@NYJ,3,11,1,1,N/R,,,0,0,,0,0,0.0,0,0,0.0,0,0,0,-,,,,,,,,,,,,,,,,,,
Tim Brown,TB,TE,2236987,CLE,23,10,1,1,N/R,,,0,0,,0,0,0.0,0,0,0.0,0,0,0,-,,,,,,,,,,,,,,,,,,
Jack Endries,CIN,TE,28916552,@HOU,20,6,1,1,N/R,,,0,0,,0,0,0.0,0,0,0.0,0,0,0,0.00,,,,,,,,,,,,,,,,,,
Charlie Woerner,ATL,TE,2248629,CAR,19,11,1,1,N/R,,,0,0,,0,0,0.0,0,0,0.0,0,1,0,0.00,,,,,,,,,,,,,,,,,,
Christian Scotland-Williamson,PIT,TE,2926331,@NE,2,9,1,1,N/R,,,0,0,,0,0,0.0,0,0,0.0,0,0,0,-,,,,,,,,,,,,,,,,,,
Tyree Jackson,WAS,TE,2184377,@DAL,17,7,1,0,N/R,,,0,0,,0,0,0.0,0,0,0.0,0,0,0,-,,,,,,,,,,,,,,,,,,
Isaac Rex,LAC,TE,3127763,LV,27,7,1,1,N/R,,,0,0,,0,0,0.0,0,0,0.0,0,0,0,-,,,,,,,,,,,,,,,,,,
Michael Mayer,LV,TE,3171673,@LAC,13,13,15,1,N/R,,,23,0,,0,0,7.7,0,0,0.0,0,4,3,0.00,,,,,,,,,,,,,,,,,,
Messiah Swinson,GB,TE,2966595,@NYJ,3,11,1,1,N/R,,,0,0,,0,0,0.0,0,0,0.0,0,0,0,-,,,,,,,,,,,,,,,,,,
Dae'Quan Wright,CLE,TE,28874125,@TB,25,11,1,1,N/R,,,0,0,,0,0,0.0,0,0,0.0,0,0,0,-,,,,,,,,,,,,,,,,,,
Greg Dulcich,MIA,TE,2964274,@SF,10,6,13,1,N/R,,,17,0,,0,0,8.5,0,0,0.0,0,3,2,0.00,,,,,,,,,,,,,,,,,,
Mo Alie-Cox,IND,TE,2815925,@KC,15,13,1,1,N/R,,,0,0,,0,0,0.0,0,0,0.0,0,0,0,0.00,,,,,,,,,,,,,,,,,,
C.J. Uzomah,PHI,TE,2174118,@TEN,7,10,1,1,N/R,,,0,0,,0,0,0.0,0,0,0.0,0,0,0,-,,,,,,,,,,,,,,,,,,
Chamon Metayer,CAR,TE,26693575,@ATL,21,5,1,1,N/R,,,0,0,,0,0,0.0,0,0,0.0,0,0,0,-,,,,,,,,,,,,,,,,,,
Connor Davis,CLE,TE,3170411,@TB,25,11,1,1,N/R,,,0,0,,0,0,0.0,0,0,0.0,0,0,0,-,,,,,,,,,,,,,,,,,,
Bryson Nesbit,MIN,TE,26695112,@CHI,11,6,1,1,N/R,,,0,0,,0,0,0.0,0,0,0.0,0,0,0,-,,,,,,,,,,,,,,,,,,
Michael Trigg,DAL,TE,26720219,WAS,30,14,1,0,N/R,,,0,0,,0,0,0.0,0,0,0.0,0,0,0,-,,,,,,,,,,,,,,,,,,
Pat Freiermuth,PIT,TE,2961270,@NE,2,9,31,14,12,,,32,0,,1,2,8.0,0,0,2.0,0,5,4,0.00,,,,,,,,,,,,,,,,,,
Taysom Hill,NO,TE,2818935,@BAL,16,8,1,1,N/R,,,0,0,,0,0,0.0,0,0,0.0,0,0,0,-,,,,,,,,,,,,,,,,,,
Erick All,CIN,TE,3121555,@HOU,20,6,1,1,N/R,,,5,0,,0,0,2.5,0,0,0.0,0,3,2,0.00,,,,,,,,,,,,,,,,,,
Marshall Lang,MIN,TE,3164086,@CHI,11,6,1,0,N/R,,,0,0,,0,0,0.0,0,0,0.0,0,0,0,-,,,,,,,,,,,,,,,,,,
Darnell Washington,PIT,TE,3163963,@NE,2,9,1,1,N/R,,,7,0,,0,0,7.0,0,0,0.0,0,2,1,0.00,,,,,,,,,,,,,,,,,,
Mason Taylor,NYJ,TE,28878064,GB,8,13,3,1,N/R,,,0,0,,0,0,0.0,0,0,0.0,0,0,0,0.00,,,,,,,,,,,,,,,,,,
Keith Towbridge,WAS,TE,2819975,@DAL,17,7,1,1,N/R,,,0,0,,0,0,0.0,0,0,0.0,0,0,0,-,,,,,,,,,,,,,,,,,,
Darion Clark,CHI,TE,3157668,MIN,18,10,0,0,N/R,,,0,0,,0,0,0.0,0,0,0.0,0,0,0,-,,,,,,,,,,,,,,,,,,
Cade Otton,TB,TE,2815179,CLE,23,10,22,3,N/R,,,38,0,,0,0,7.6,0,0,0.0,0,6,5,0.00,,,,,,,,,,,,,,,,,,
Derrick Deese Jr.,DET,TE,2969083,@BUF,4,6,1,0,N/R,,,0,0,,0,0,0.0,0,0,0.0,0,0,0,-,,,,,,,,,,,,,,,,,,
Zach Ertz,PHI,TE,1685963,@TEN,7,10,6,1,N/R,,,0,0,,0,0,0.0,0,0,0.0,0,0,0,-,,,,,,,,,,,,,,,,,,
Gavin Bartholomew,MIN,TE,26702972,@CHI,11,6,1,1,N/R,,,0,0,,0,0,0.0,0,0,0.0,0,0,0,0.00,,,,,,,,,,,,,,,,,,
Tyler Conklin,DET,TE,2165249,@BUF,4,6,1,1,N/R,,,0,0,,0,0,0.0,0,0,0.0,0,0,0,0.00,,,,,,,,,,,,,,,,,,
Dylan Parham,DEN,TE,2223195,JAC,5,10,1,1,N/R,,,0,0,,0,0,0.0,0,0,0.0,0,0,0,-,,,,,,,,,,,,,,,,,,
Josh Cuevas,BAL,TE,26706410,NO,29,13,1,1,N/R,,,0,0,,0,0,0.0,0,0,0.0,0,0,0,0.00,,,,,,,,,,,,,,,,,,
Bauer Sharp,TB,TE,26730919,CLE,23,10,1,1,N/R,,,0,0,,0,0,0.0,0,0,0.0,0,0,0,0.00,,,,,,,,,,,,,,,,,,
Thomas Gordon,DET,TE,3124711,@BUF,4,6,1,1,N/R,,,0,0,,0,0,0.0,0,0,0.0,0,0,0,-,,,,,,,,,,,,,,,,,,
Matthew Hibner,BAL,TE,3169490,NO,29,13,1,1,N/R,,,0,0,,0,0,0.0,0,0,0.0,0,0,0,0.00,,,,,,,,,,,,,,,,,,
Caleb Lohner,DEN,TE,3177905,JAC,5,10,1,1,N/R,,,0,0,,0,0,0.0,0,0,0.0,0,0,0,-,,,,,,,,,,,,,,,,,,
Luke Benson,LAC,TE,3126340,LV,27,7,1,1,N/R,,,0,0,,0,0,0.0,0,0,0.0,0,0,0,-,,,,,,,,,,,,,,,,,,
Quintin Morris,JAC,TE,2864581,@DEN,22,7,1,1,N/R,,,7,0,,0,0,7.0,0,0,0.0,0,1,1,0.00,,,,,,,,,,,,,,,,,,
Tanner McLachlan,SF,TE,2980252,MIA,24,8,1,1,N/R,,,0,0,,0,0,0.0,0,0,0.0,0,0,0,-,,,,,,,,,,,,,,,,,,
Max Bredeson,MIN,TE,26727130,@CHI,11,6,1,1,N/R,,,0,0,,0,0,0.0,0,0,0.0,0,0,0,0.00,,,,,,,,,,,,,,,,,,
Ben Beise,TB,TE,28866830,CLE,23,10,1,1,N/R,,,0,0,,0,0,0.0,0,0,0.0,0,0,0,-,,,,,,,,,,,,,,,,,,
Cameron Latu,NE,TE,2964535,PIT,14,11,1,1,N/R,,,0,0,,0,0,0.0,0,0,0.0,0,0,0,0.00,,,,,,,,,,,,,,,,,,
Travis Vokolek,ARI,TE,2870478,SEA,9,14,1,1,N/R,,,0,0,,0,0,0.0,0,0,0.0,0,0,0,-,,,,,,,,,,,,,,,,,,
Eli Stowers,PHI,TE,26696120,@TEN,7,10,5,1,N/R,,,0,0,,0,0,0.0,0,0,0.0,0,0,0,-,,,,,,,,,,,,,,,,,,
Peyton Hendershot,KC,TE,2867545,IND,26,5,1,1,N/R,,,0,0,,0,0,0.0,0,0,0.0,0,0,0,-,,,,,,,,,,,,,,,,,,
Tyler Moore,IND,TE,26695106,@KC,15,13,1,0,N/R,,,0,0,,0,0,0.0,0,0,0.0,0,0,0,-,,,,,,,,,,,,,,,,,,
Jamal Pettigrew,LAR,TE,2240263,NYG,12,11,1,1,N/R,,,0,0,,0,0,0.0,0,0,0.0,0,0,0,-,,,,,,,,,,,,,,,,,,
Hayden Rucci,LAC,TE,3131519,LV,27,7,1,1,N/R,,,0,0,,0,0,0.0,0,0,0.0,0,0,0,-,,,,,,,,,,,,,,,,,,
Nick Muse,ATL,TE,2818056,CAR,19,11,1,1,N/R,,,0,0,,0,0,0.0,0,0,0.0,0,0,0,0.00,,,,,,,,,,,,,,,,,,
Joel Wilson,TEN,TE,2962072,PHI,1,9,1,1,N/R,,,0,0,,0,0,0.0,0,0,0.0,0,0,0,-,,,,,,,,,,,,,,,,,,
Rysen John,CHI,TE,3159167,MIN,18,10,0,0,N/R,,,0,0,,0,0,0.0,0,0,0.0,0,0,0,-,,,,,,,,,,,,,,,,,,
Foster Moreau,HOU,TE,2180634,CIN,31,8,1,1,N/R,,,34,0,,0,0,17.0,0,0,0.0,0,2,2,0.00,,,,,,,,,,,,,,,,,,
Cade Stover,HOU,TE,3125978,CIN,31,8,1,1,N/R,,,0,0,,0,0,0.0,0,0,0.0,0,0,0,0.00,,,,,,,,,,,,,,,,,,
Grayson Gunter,JAC,TE,2247058,@DEN,22,7,1,0,N/R,,,0,0,,0,0,0.0,0,0,0.0,0,0,0,-,,,,,,,,,,,,,,,,,,
Seydou Traore,MIA,TE,26696643,@SF,10,6,1,1,N/R,,,0,0,,0,0,0.0,0,0,0.0,0,0,0,0.00,,,,,,,,,,,,,,,,,,
T.J. Hockenson,MIN,TE,2251097,@CHI,11,6,30,6,24,,,29,0,,0,0,9.7,0,0,0.0,0,4,3,0.00,,,,,,,,,,,,,,,,,,
Jeremy Ruckert,NYJ,TE,2965446,GB,8,13,1,1,N/R,,,5,0,,0,0,2.5,0,0,0.0,0,2,2,0.00,,,,,,,,,,,,,,,,,,
Garrett Walston,SF,TE,2239574,MIA,24,8,1,1,N/R,,,0,0,,0,0,0.0,0,0,0.0,0,0,0,-,,,,,,,,,,,,,,,,,,
Chase Harrell,SF,TE,2179546,MIA,24,8,1,0,N/R,,,0,0,,0,0,0.0,0,0,0.0,0,0,0,-,,,,,,,,,,,,,,,,,,
DJ Rogers,DAL,TE,26693776,WAS,30,14,1,1,N/R,,,0,0,,0,0,0.0,0,0,0.0,0,0,0,-,,,,,,,,,,,,,,,,,,
Ja'Tavion Sanders,CAR,TE,26731381,@ATL,21,5,1,1,N/R,,,0,0,,0,0,0.0,0,0,0.0,0,0,0,-,,,,,,,,,,,,,,,,,,
Brock Bowers,LV,TE,26693971,@LAC,13,13,100,77,3,,,0,0,,0,0,0.0,0,0,0.0,0,0,0,-,,,,,,,,,,,,,,,,,,
Jonnu Smith,GB,TE,2081506,@NYJ,3,11,1,1,N/R,,,0,0,,0,0,0.0,0,0,0.0,0,0,0,0.00,,,,,,,,,,,,,,,,,,
Shawn Bowman,ARI,TE,2962851,SEA,9,14,1,1,N/R,,,0,0,,0,0,0.0,0,0,0.0,0,0,0,-,,,,,,,,,,,,,,,,,,
Geoff Swaim,CLE,TE,2174207,@TB,25,11,1,0,N/R,,,0,0,,0,0,0.0,0,0,0.0,0,0,0,-,,,,,,,,,,,,,,,,,,
Dallas Goedert,PHI,TE,2132551,@TEN,7,10,89,4,N/R,,,4,0,,0,0,4.0,0,0,0.0,0,3,1,0.00,,,,,,,,,,,,,,,,,,
Jermaine Terry II,CLE,TE,26700676,@TB,25,11,1,0,N/R,,,0,0,,0,0,0.0,0,0,0.0,0,0,0,-,,,,,,,,,,,,,,,,,,
Justin Tukes,PHI,TE,2174961,@TEN,7,10,1,1,N/R,,,0,0,,0,0,0.0,0,0,0.0,0,0,0,-,,,,,,,,,,,,,,,,,,
Cam Grandy,MIN,TE,29148608,@CHI,11,6,1,1,N/R,,,0,0,,0,0,0.0,0,0,0.0,0,0,0,-,,,,,,,,,,,,,,,,,,
Riley Sharp,BAL,TE,3047671,NO,29,13,0,0,N/R,,,0,0,,0,0,0.0,0,0,0.0,0,0,0,-,,,,,,,,,,,,,,,,,,
John Michael Gyllenborg,KC,TE,26695610,IND,26,5,1,1,N/R,,,0,0,,0,0,0.0,0,0,0.0,0,0,0,-,,,,,,,,,,,,,,,,,,
Qadir Ismail,CHI,TE,2968088,MIN,18,10,0,0,N/R,,,0,0,,0,0,0.0,0,0,0.0,0,0,0,-,,,,,,,,,,,,,,,,,,
Tucker Fisk,LAC,TE,2866766,LV,27,7,1,1,N/R,,,0,0,,0,0,0.0,0,0,0.0,0,0,0,-,,,,,,,,,,,,,,,,,,
Billy Brown,IND,TE,2820079,@KC,15,13,1,0,N/R,,,0,0,,0,0,0.0,0,0,0.0,0,0,0,-,,,,,,,,,,,,,,,,,,
Will Dissly,LAC,TE,2139628,LV,27,7,1,1,N/R,,,0,0,,0,0,0.0,0,0,0.0,0,0,0,-,,,,,,,,,,,,,,,,,,
Nikola Kalinic,CHI,TE,28867671,MIN,18,10,1,1,N/R,,,0,0,,0,0,0.0,0,0,0.0,0,0,0,-,,,,,,,,,,,,,,,,,,
Lucas Krull,DEN,TE,2961761,JAC,5,10,1,1,N/R,,,0,0,,0,0,0.0,0,0,0.0,0,0,0,-,,,,,,,,,,,,,,,,,,
Michael Jacobson,NO,TE,2202932,@BAL,16,8,1,0,N/R,,,0,0,,0,0,0.0,0,0,0.0,0,0,0,-,,,,,,,,,,,,,,,,,,
Nick Kallerup,SEA,TE,3123192,@ARI,28,11,0,0,N/R,,,0,0,,0,0,0.0,0,0,0.0,0,0,0,0.00,,,,,,,,,,,,,,,,,,
Tre' McKitty,WAS,TE,2804040,@DAL,17,7,1,1,N/R,,,0,0,,0,0,0.0,0,0,0.0,0,0,0,-,,,,,,,,,,,,,,,,,,
Hakeem Butler,DEN,TE,2185654,JAC,5,10,1,0,N/R,,,0,0,,0,0,0.0,0,0,0.0,0,0,0,-,,,,,,,,,,,,,,,,,,
Luke Lachey,GB,TE,3163014,@NYJ,3,11,1,0,N/R,,,0,0,,0,0,0.0,0,0,0.0,0,0,0,-,,,,,,,,,,,,,,,,,,
Griffin Hebert,PHI,TE,2816291,@TEN,7,10,1,1,N/R,,,0,0,,0,0,0.0,0,0,0.0,0,0,0,-,,,,,,,,,,,,,,,,,,
Ross Dwelley,CAR,TE,2924888,@ATL,21,5,1,1,N/R,,,0,0,,0,0,0.0,0,0,0.0,0,0,0,-,,,,,,,,,,,,,,,,,,
Andrew Vollert,IND,TE,2161771,@KC,15,13,1,0,N/R,,,0,0,,0,0,0.0,0,0,0.0,0,0,0,-,,,,,,,,,,,,,,,,,,
Nolan Givan,DET,TE,2252366,@BUF,4,6,1,1,N/R,,,0,0,,0,0,0.0,0,0,0.0,0,0,0,-,,,,,,,,,,,,,,,,,,
Will Mallory,IND,TE,2962073,@KC,15,13,1,1,N/R,,,0,0,,0,0,0.0,0,0,0.0,0,0,0,-,,,,,,,,,,,,,,,,,,
Tanner Conner,NE,TE,2260697,PIT,14,11,1,1,N/R,,,0,0,,0,0,0.0,0,0,0.0,0,0,0,-,,,,,,,,,,,,,,,,,,
Brian Walker,BAL,TE,29113614,NO,29,13,1,1,N/R,,,0,0,,0,0,0.0,0,0,0.0,0,0,0,-,,,,,,,,,,,,,,,,,,
Jake Burt,NE,TE,3159209,PIT,14,11,1,1,N/R,,,0,0,,0,0,0.0,0,0,0.0,0,0,0,-,,,,,,,,,,,,,,,,,,
Hayden Hurst,LAC,TE,2185053,LV,27,7,1,1,N/R,,,0,0,,0,0,0.0,0,0,0.0,0,0,0,-,,,,,,,,,,,,,,,,,,
Jelani Woods,NYJ,TE,2787078,GB,8,13,1,1,N/R,,,0,0,,0,0,0.0,0,0,0.0,0,0,0,0.00,,,,,,,,,,,,,,,,,,
Colin Granger,CAR,TE,3177592,@ATL,21,5,1,1,N/R,,,0,0,,0,0,0.0,0,0,0.0,0,0,0,-,,,,,,,,,,,,,,,,,,
Kylen Granson,TEN,TE,2247146,PHI,1,9,1,1,N/R,,,0,0,,0,0,0.0,0,0,0.0,0,0,0,-,,,,,,,,,,,,,,,,,,
Justin Rigg,TEN,TE,2245145,PHI,1,9,1,1,N/R,,,0,0,,0,0,0.0,0,0,0.0,0,0,0,-,,,,,,,,,,,,,,,,,,
Pharaoh Brown,IND,TE,2819155,@KC,15,13,1,1,N/R,,,0,0,,0,0,0.0,0,0,0.0,0,0,0,-,,,,,,,,,,,,,,,,,,
Josiah Deguara,PHI,TE,2181108,@TEN,7,10,1,1,N/R,,,0,0,,0,0,0.0,0,0,0.0,0,0,0,-,,,,,,,,,,,,,,,,,,
CJ Dippre,TB,TE,26698858,CLE,23,10,0,0,N/R,,,0,0,,0,0,0.0,0,0,0.0,0,0,0,-,,,,,,,,,,,,,,,,,,
Hayden Large,CHI,TE,29122200,MIN,18,10,1,0,N/R,,,0,0,,0,0,0.0,0,0,0.0,0,0,0,-,,,,,,,,,,,,,,,,,,
Moritz Boehringer,CIN,TE,2235403,@HOU,20,6,1,1,N/R,,,0,0,,0,0,0.0,0,0,0.0,0,0,0,-,,,,,,,,,,,,,,,,,,
John Raine,ATL,TE,2241250,CAR,19,11,0,0,N/R,,,0,0,,0,0,0.0,0,0,0.0,0,0,0,-,,,,,,,,,,,,,,,,,,
Cam Sutton,SEA,TE,2968097,@ARI,28,11,1,1,N/R,,,0,0,,0,0,0.0,0,0,0.0,0,0,0,-,,,,,,,,,,,,,,,,,,
Jacob Warren,NE,TE,2963488,PIT,14,11,1,0,N/R,,,0,0,,0,0,0.0,0,0,0.0,0,0,0,-,,,,,,,,,,,,,,,,,,
Cole Fotheringham,NE,TE,2240503,PIT,14,11,1,1,N/R,,,0,0,,0,0,0.0,0,0,0.0,0,0,0,-,,,,,,,,,,,,,,,,,,
Johnny Lumpkin,GB,TE,2963046,@NYJ,3,11,0,0,N/R,,,0,0,,0,0,0.0,0,0,0.0,0,0,0,-,,,,,,,,,,,,,,,,,,
DeShon Williams,SEA,TE,2868230,@ARI,28,11,0,0,N/R,,,0,0,,0,0,0.0,0,0,0.0,0,0,0,-,,,,,,,,,,,,,,,,,,
Dominique Dafney,CAR,TE,3172375,@ATL,21,5,1,1,N/R,,,0,0,,0,0,0.0,0,0,0.0,0,0,0,-,,,,,,,,,,,,,,,,,,
John Bates,WAS,TE,2257291,@DAL,17,7,1,1,N/R,,,0,0,,0,0,0.0,0,0,0.0,0,0,0,0.00,,,,,,,,,,,,,,,,,,
David Martin-Robinson,TEN,TE,2962690,PHI,1,9,1,0,N/R,,,0,0,,0,0,0.0,0,0,0.0,0,0,0,0.00,,,,,,,,,,,,,,,,,,
Teagan Quitoriano,ARI,TE,2965963,SEA,9,14,1,1,N/R,,,0,0,,0,0,0.0,0,0,0.0,0,0,0,-,,,,,,,,,,,,,,,,,,
Johnny Mundt,PHI,TE,2818622,@TEN,7,10,1,1,N/R,,,8,0,,0,0,4.0,0,0,0.0,0,3,2,0.00,,,,,,,,,,,,,,,,,,
Keleki Latu,BUF,TE,26723643,DET,32,7,1,1,N/R,,,0,0,,0,0,0.0,0,0,0.0,0,0,0,0.00,,,,,,,,,,,,,,,,,,
Jake Hausmann,WAS,TE,2260981,@DAL,17,7,1,1,N/R,,,0,0,,0,0,0.0,0,0,0.0,0,0,0,-,,,,,,,,,,,,,,,,,,
Austin Allen,GB,TE,2804325,@NYJ,3,11,1,1,N/R,,,0,0,,0,0,0.0,0,0,0.0,0,0,0,-,,,,,,,,,,,,,,,,,,
Dan Villari,LAR,TE,3169258,NYG,12,11,1,1,N/R,,,0,0,,0,0,0.0,0,0,0.0,0,0,0,-,,,,,,,,,,,,,,,,,,
Leonard Taylor,JAC,TE,2966865,@DEN,22,7,1,1,N/R,,,0,0,,0,0,0.0,0,0,0.0,0,0,0,-,,,,,,,,,,,,,,,,,,
Joe Royer,CLE,TE,3169621,@TB,25,11,1,1,N/R,,,0,0,,0,0,0.0,0,0,0.0,0,0,0,-,,,,,,,,,,,,,,,,,,
Thomas Greaney,CLE,TE,2967042,@TB,25,11,1,0,N/R,,,0,0,,0,0,0.0,0,0,0.0,0,0,0,-,,,,,,,,,,,,,,,,,,
Jake Tonges,SF,TE,2870660,MIA,24,8,1,1,N/R,,,0,0,,0,0,0.0,0,0,0.0,0,0,0,-,,,,,,,,,,,,,,,,,,
Neal Johnson,NYJ,TE,3131532,GB,8,13,1,1,N/R,,,0,0,,0,0,0.0,0,0,0.0,0,0,0,-,,,,,,,,,,,,,,,,,,
Isaiah Searight,NYG,TE,2182104,@LAR,6,8,1,1,N/R,,,0,0,,0,0,0.0,0,0,0.0,0,0,0,-,,,,,,,,,,,,,,,,,,
Seth Green,NO,TE,2239758,@BAL,16,8,1,0,N/R,,,0,0,,0,0,0.0,0,0,0.0,0,0,0,-,,,,,,,,,,,,,,,,,,
Sean McKeon,IND,TE,2239736,@KC,15,13,1,1,N/R,,,0,0,,0,0,0.0,0,0,0.0,0,0,0,-,,,,,,,,,,,,,,,,,,
Rohan Jones,LAR,TE,28887229,NYG,12,11,1,1,N/R,,,0,0,,0,0,0.0,0,0,0.0,0,0,0,-,,,,,,,,,,,,,,,,,,
Charlie Taumoepeau,DET,TE,2183178,@BUF,4,6,1,1,N/R,,,0,0,,0,0,0.0,0,0,0.0,0,0,0,-,,,,,,,,,,,,,,,,,,
Jeremiah Franklin,MIA,TE,28876766,@SF,10,6,0,0,N/R,,,0,0,,0,0,0.0,0,0,0.0,0,0,0,-,,,,,,,,,,,,,,,,,,
Chris Pierce Jr.,CAR,TE,2835008,@ATL,21,5,1,1,N/R,,,0,0,,0,0,0.0,0,0,0.0,0,0,0,-,,,,,,,,,,,,,,,,,,
Erik Krommenhoek,LAC,TE,2868233,LV,27,7,1,1,N/R,,,0,0,,0,0,0.0,0,0,0.0,0,0,0,-,,,,,,,,,,,,,,,,,,
Izaiah Gathings,KC,TE,2961109,IND,26,5,1,1,N/R,,,0,0,,0,0,0.0,0,0,0.0,0,0,0,-,,,,,,,,,,,,,,,,,,
Jordan Petaia,LAC,TE,29711196,LV,27,7,1,0,N/R,,,0,0,,0,0,0.0,0,0,0.0,0,0,0,-,,,,,,,,,,,,,,,,,,
Tre Watson,MIA,TE,26699319,@SF,10,6,1,1,N/R,,,0,0,,0,0,0.0,0,0,0.0,0,0,0,-,,,,,,,,,,,,,,,,,,
Graham Adomitis,IND,TE,2184656,@KC,15,13,1,0,N/R,,,0,0,,0,0,0.0,0,0,0.0,0,0,0,-,,,,,,,,,,,,,,,,,,
Dylan Leonard,DEN,TE,3127183,JAC,5,10,1,0,N/R,,,0,0,,0,0,0.0,0,0,0.0,0,0,0,-,,,,,,,,,,,,,,,,,,
Naz Bohannon,JAC,TE,2893513,@DEN,22,7,1,0,N/R,,,0,0,,0,0,0.0,0,0,0.0,0,0,0,-,,,,,,,,,,,,,,,,,,
Jake Briningstool,KC,TE,26697836,IND,26,5,1,1,N/R,,,0,0,,0,0,0.0,0,0,0.0,0,0,0,0.00,,,,,,,,,,,,,,,,,,
Brevyn Spann-Ford,DAL,TE,2961760,WAS,30,14,1,1,N/R,,,0,0,,0,0,0.0,0,0,0.0,0,0,0,0.00,,,,,,,,,,,,,,,,,,
Patrick Herbert,LAC,TE,3121535,LV,27,7,1,0,N/R,,,0,0,,0,0,0.0,0,0,0.0,0,0,0,-,,,,,,,,,,,,,,,,,,
DJ Thomas-Jones,PIT,TE,3168777,@NE,2,9,1,1,N/R,,,0,0,,0,0,0.0,0,0,0.0,0,0,0,-,,,,,,,,,,,,,,,,,,
Robert Tonyan,PIT,TE,2820026,@NE,2,9,1,1,N/R,,,0,0,,0,0,0.0,0,0,0.0,0,0,0,0.00,,,,,,,,,,,,,,,,,,
Josh Oliver,MIN,TE,2184618,@CHI,11,6,1,1,N/R,,,24,0,,0,0,24.0,0,0,0.0,0,1,1,0.00,,,,,,,,,,,,,,,,,,
MyCole Pruitt,PIT,TE,1760327,@NE,2,9,1,1,N/R,,,0,0,,0,0,0.0,0,0,0.0,0,0,0,-,,,,,,,,,,,,,,,,,,
Tanner Hudson,CIN,TE,2926606,@HOU,20,6,1,1,N/R,,,0,0,,0,0,0.0,0,0,0.0,0,0,0,-,,,,,,,,,,,,,,,,,,
Justin Johnson,ARI,TE,3117392,SEA,9,14,1,1,N/R,,,0,0,,0,0,0.0,0,0,0.0,0,0,0,-,,,,,,,,,,,,,,,,,,
Alec Holler,DAL,TE,2966128,WAS,30,14,1,1,N/R,,,0,0,,0,0,0.0,0,0,0.0,0,0,0,-,,,,,,,,,,,,,,,,,,
Scooter Harrington,CHI,TE,2251139,MIN,18,10,1,1,N/R,,,0,0,,0,0,0.0,0,0,0.0,0,0,0,-,,,,,,,,,,,,,,,,,,
Rivaldo Fairweather,ARI,TE,3165468,SEA,9,14,1,1,N/R,,,0,0,,0,0,0.0,0,0,0.0,0,0,0,-,,,,,,,,,,,,,,,,,,
John Copenhaver,JAC,TE,3162185,@DEN,22,7,1,0,N/R,,,0,0,,0,0,0.0,0,0,0.0,0,0,0,-,,,,,,,,,,,,,,,,,,
Luke Farrell,SF,TE,2260977,MIA,24,8,1,1,N/R,,,0,0,,0,0,0.0,0,0,0.0,0,0,0,0.00,,,,,,,,,,,,,,,,,,
Louis Hansen,HOU,TE,26727305,CIN,31,8,1,1,N/R,,,0,0,,0,0,0.0,0,0,0.0,0,0,0,-,,,,,,,,,,,,,,,,,,
JJ Galbreath,IND,TE,26719274,@KC,15,13,1,0,N/R,,,0,0,,0,0,0.0,0,0,0.0,0,0,0,-,,,,,,,,,,,,,,,,,,
Khalil Dinkins,SF,TE,26697764,MIA,24,8,1,1,N/R,,,0,0,,0,0,0.0,0,0,0.0,0,0,0,-,,,,,,,,,,,,,,,,,,
Oscar Cardenas,ARI,TE,3127887,SEA,9,14,1,0,N/R,,,0,0,,0,0,0.0,0,0,0.0,0,0,0,-,,,,,,,,,,,,,,,,,,
Noah Gray,KC,TE,2866903,IND,26,5,1,1,N/R,,,0,0,,0,0,0.0,0,0,0.0,0,1,0,0.00,,,,,,,,,,,,,,,,,,
Jody Fortson,KC,TE,3117124,IND,26,5,1,0,N/R,,,0,0,,0,0,0.0,0,0,0.0,0,0,0,-,,,,,,,,,,,,,,,,,,
Grant Calcaterra,PHI,TE,2804129,@TEN,7,10,1,1,N/R,,,0,0,,0,0,0.0,0,0,0.0,0,0,0,-,,,,,,,,,,,,,,,,,,
Patrick Murtagh,DEN,TE,29375400,JAC,5,10,1,0,N/R,,,0,0,,0,0,0.0,0,0,0.0,0,0,0,-,,,,,,,,,,,,,,,,,,
Noah Gindorff,PIT,TE,2869790,@NE,2,9,1,1,N/R,,,0,0,,0,0,0.0,0,0,0.0,0,0,0,-,,,,,,,,,,,,,,,,,,
Tyler Neville,DAL,TE,3164475,WAS,30,14,1,0,N/R,,,0,0,,0,0,0.0,0,0,0.0,0,0,0,-,,,,,,,,,,,,,,,,,,
Devin Culp,TB,TE,2967413,CLE,23,10,1,1,N/R,,,0,0,,0,0,0.0,0,0,0.0,0,0,0,-,,,,,,,,,,,,,,,,,,
Ko Kieft,TB,TE,2239763,CLE,23,10,1,1,N/R,,,0,0,,0,0,0.0,0,0,0.0,0,0,0,0.00,,,,,,,,,,,,,,,,,,
Brayden Willis,SF,TE,2963088,MIA,24,8,1,1,N/R,,,0,0,,0,0,0.0,0,0,0.0,0,0,0,0.00,,,,,,,,,,,,,,,,,,
Tyler Davis,NE,TE,2182811,PIT,14,11,1,1,N/R,,,0,0,,0,0,0.0,0,0,0.0,0,0,0,-,,,,,,,,,,,,,,,,,,
Payne Durham,TB,TE,2968469,CLE,23,10,1,1,N/R,,,0,0,,0,0,0.0,0,0,0.0,0,0,0,0.00,,,,,,,,,,,,,,,,,,
Kalif Jackson,MIA,TE,2180433,@SF,10,6,0,0,N/R,,,0,0,,0,0,0.0,0,0,0.0,0,0,0,-,,,,,,,,,,,,,,,,,,
Mason Pline,KC,TE,29176455,IND,26,5,1,1,N/R,,,0,0,,0,0,0.0,0,0,0.0,0,0,0,-,,,,,,,,,,,,,,,,,,
Jack Velling,ATL,TE,28923845,CAR,19,11,1,1,N/R,,,0,0,,0,0,0.0,0,0,0.0,0,0,0,-,,,,,,,,,,,,,,,,,,
Lawrence Cager,WAS,TE,2183845,@DAL,17,7,1,0,N/R,,,0,0,,0,0,0.0,0,0,0.0,0,0,0,-,,,,,,,,,,,,,,,,,,
Jeremiah Hall,NYG,TE,2804133,@LAR,6,8,1,1,N/R,,,0,0,,0,0,0.0,0,0,0.0,0,0,0,-,,,,,,,,,,,,,,,,,,
Temuchin Hodges,PIT,TE,2071631,@NE,2,9,1,1,N/R,,,0,0,,0,0,0.0,0,0,0.0,0,0,0,-,,,,,,,,,,,,,,,,,,
Chigoziem Okonkwo,WAS,TE,2965208,@DAL,17,7,13,1,N/R,,,0,0,,0,0,0.0,0,0,0.0,0,0,0,-,,,,,,,,,,,,,,,,,,
Giovanni Ricci,DET,TE,2189091,@BUF,4,6,1,1,N/R,,,0,0,,0,0,0.0,0,0,0.0,0,0,0,-,,,,,,,,,,,,,,,,,,
Thomas Odukoya,NE,TE,2964832,PIT,14,11,1,1,N/R,,,0,0,,0,0,0.0,0,0,0.0,0,0,0,-,,,,,,,,,,,,,,,,,,
Julian Hill,NE,TE,2961743,PIT,14,11,1,1,N/R,,,0,0,,0,0,0.0,0,0,0.0,0,0,0,-,,,,,,,,,,,,,,,,,,
Dom Wood-Anderson,SEA,TE,2967157,@ARI,28,11,0,0,N/R,,,0,0,,0,0,0.0,0,0,0.0,0,0,0,-,,,,,,,,,,,,,,,,,,
Cole Kmet,CHI,TE,2868619,MIN,18,10,2,1,N/R,,,0,0,,0,0,0.0,0,0,0.0,0,1,0,0.00,,,,,,,,,,,,,,,,,,
Kyle Markway,LAR,TE,2185055,NYG,12,11,1,1,N/R,,,0,0,,0,0,0.0,0,0,0.0,0,0,0,-,,,,,,,,,,,,,,,,,,
Lake McRee,PIT,TE,26697547,@NE,2,9,0,0,N/R,,,0,0,,0,0,0.0,0,0,0.0,0,0,0,-,,,,,,,,,,,,,,,,,,
Andrew Ogletree,IND,TE,26725942,@KC,15,13,1,1,N/R,,,0,0,,0,0,0.0,0,0,0.0,0,1,0,0.00,,,,,,,,,,,,,,,,,,
Jibri Blount,MIA,TE,2202419,@SF,10,6,1,1,N/R,,,0,0,,0,0,0.0,0,0,0.0,0,0,0,-,,,,,,,,,,,,,,,,,,
Tanner Koziol,JAC,TE,28874303,@DEN,22,7,1,1,N/R,,,0,0,,0,0,0.0,0,0,0.0,0,0,0,-,,,,,,,,,,,,,,,,,,
Christian Trahan,CIN,TE,2961033,@HOU,20,6,1,1,N/R,,,0,0,,0,0,0.0,0,0,0.0,0,0,0,-,,,,,,,,,,,,,,,,,,
Armani Rogers,BUF,TE,2258253,DET,32,7,1,1,N/R,,,0,0,,0,0,0.0,0,0,0.0,0,0,0,-,,,,,,,,,,,,,,,,,,
Artayvious Lynn,DAL,TE,2240334,WAS,30,14,1,1,N/R,,,0,0,,0,0,0.0,0,0,0.0,0,0,0,-,,,,,,,,,,,,,,,,,,
Bryce Pierre,CAR,TE,28877722,@ATL,21,5,1,1,N/R,,,0,0,,0,0,0.0,0,0,0.0,0,0,0,-,,,,,,,,,,,,,,,,,,
Evan Engram,DEN,TE,2079887,JAC,5,10,10,2,N/R,,,17,0,,0,0,17.0,0,0,0.0,0,1,1,0.00,,,,,,,,,,,,,,,,,,
Mitchell Evans,CAR,TE,26693662,@ATL,21,5,1,1,N/R,,,13,0,,0,0,13.0,0,0,0.0,0,1,1,0.00,,,,,,,,,,,,,,,,,,
Quentin Moore,WAS,TE,26702243,@DAL,17,7,1,1,N/R,,,0,0,,0,0,0.0,0,0,0.0,0,0,0,-,,,,,,,,,,,,,,,,,,
Scotty Washington,BAL,TE,2186416,NO,29,13,0,0,N/R,,,0,0,,0,0,0.0,0,0,0.0,0,0,0,-,,,,,,,,,,,,,,,,,,
Cole Turner,MIA,TE,2961855,@SF,10,6,1,1,N/R,,,0,0,,0,0,0.0,0,0,0.0,0,0,0,-,,,,,,,,,,,,,,,,,,
Gerald Everett,CHI,TE,2142692,MIN,18,10,1,1,N/R,,,0,0,,0,0,0.0,0,0,0.0,0,0,0,-,,,,,,,,,,,,,,,,,,
Charles Scarff,BAL,TE,2141604,NO,29,13,0,0,N/R,,,0,0,,0,0,0.0,0,0,0.0,0,0,0,-,,,,,,,,,,,,,,,,,,
Elijah Higgins,ARI,TE,3122914,SEA,9,14,1,1,N/R,,,0,0,,0,0,0.0,0,0,0.0,0,0,0,0.00,,,,,,,,,,,,,,,,,,
Hunter Long,ARI,TE,2867428,SEA,9,14,1,1,N/R,,,0,0,,0,0,0.0,0,0,0.0,0,0,0,0.00,,,,,,,,,,,,,,,,,,
Jay Rome,PIT,TE,1877289,@NE,2,9,0,0,N/R,,,0,0,,0,0,0.0,0,0,0.0,0,0,0,-,,,,,,,,,,,,,,,,,,
Sam Pitz,BAL,TE,29722440,NO,29,13,0,0,N/R,,,0,0,,0,0,0.0,0,0,0.0,0,0,0,-,,,,,,,,,,,,,,,,,,
Bruno Labelle,ARI,TE,2240557,SEA,9,14,1,1,N/R,,,0,0,,0,0,0.0,0,0,0.0,0,0,0,-,,,,,,,,,,,,,,,,,,
Gunnar Helm,TEN,TE,26696189,PHI,1,9,4,1,N/R,,,13,0,,0,0,6.5,0,0,0.0,0,2,2,0.00,,,,,,,,,,,,,,,,,,
Cade Brewer,SEA,TE,2868649,@ARI,28,11,1,1,N/R,,,0,0,,0,0,0.0,0,0,0.0,0,0,0,-,,,,,,,,,,,,,,,,,,
Isaiah Likely,NYG,TE,2961906,@LAR,6,8,98,69,8,,,33,0,,0,0,6.6,0,0,0.0,0,10,5,0.00,,,,,,,,,,,,,,,,,,
Caden Prieskorn,CAR,TE,3162059,@ATL,21,5,1,1,N/R,,,0,0,,0,0,0.0,0,0,0.0,0,0,0,-,,,,,,,,,,,,,,,,,,
Justin Joly,MIA,TE,28927892,@SF,10,6,1,1,N/R,,,0,0,,0,0,0.0,0,0,0.0,0,0,0,-,,,,,,,,,,,,,,,,,,
Kenny Yeboah,ARI,TE,2256993,SEA,9,14,1,1,N/R,,,0,0,,0,0,0.0,0,0,0.0,0,0,0,-,,,,,,,,,,,,,,,,,,
Briley Moore-McKinney,TEN,TE,2247169,PHI,1,9,1,1,N/R,,,0,0,,0,0,0.0,0,0,0.0,0,0,0,-,,,,,,,,,,,,,,,,,,
Josh Babicz,GB,TE,2869854,@NYJ,3,11,1,1,N/R,,,0,0,,0,0,0.0,0,0,0.0,0,0,0,-,,,,,,,,,,,,,,,,,,
Nick Eubanks,IND,TE,2260646,@KC,15,13,1,0,N/R,,,0,0,,0,0,0.0,0,0,0.0,0,0,0,-,,,,,,,,,,,,,,,,,,
Jared Wiley,KC,TE,3123819,IND,26,5,1,1,N/R,,,0,0,,0,0,0.0,0,0,0.0,0,0,0,-,,,,,,,,,,,,,,,,,,
Geor'quarius Spivey,KC,TE,2965537,IND,26,5,1,1,N/R,,,0,0,,0,0,0.0,0,0,0.0,0,0,0,-,,,,,,,,,,,,,,,,,,
Gunnar Oakes,DET,TE,2805178,@BUF,4,6,1,1,N/R,,,0,0,,0,0,0.0,0,0,0.0,0,0,0,-,,,,,,,,,,,,,,,,,,
Jameson Geers,ARI,TE,26694253,SEA,9,14,1,0,N/R,,,0,0,,0,0,0.0,0,0,0.0,0,0,0,-,,,,,,,,,,,,,,,,,,
Jordan Akins,JAC,TE,2142712,@DEN,22,7,1,1,N/R,,,0,0,,0,0,0.0,0,0,0.0,0,0,0,-,,,,,,,,,,,,,,,,,,
Evan Svoboda,LAC,TE,28877391,LV,27,7,1,1,N/R,,,0,0,,0,0,0.0,0,0,0.0,0,0,0,-,,,,,,,,,,,,,,,,,,
Carsen Ryan,CLE,TE,28873701,@TB,25,11,1,1,N/R,,,0,0,,0,0,0.0,0,0,0.0,0,0,0,0.00,,,,,,,,,,,,,,,,,,
Carter Runyon,LV,TE,29184228,@LAC,13,13,1,1,N/R,,,0,0,,0,0,0.0,0,0,0.0,0,0,0,-,,,,,,,,,,,,,,,,,,
Stevo Klotz,LAC,TE,3164867,LV,27,7,1,1,N/R,,,0,0,,0,0,0.0,0,0,0.0,0,0,0,-,,,,,,,,,,,,,,,,,,
Cheyenne O'Grady,CIN,TE,2185503,@HOU,20,6,1,1,N/R,,,0,0,,0,0,0.0,0,0,0.0,0,0,0,-,,,,,,,,,,,,,,,,,,
Colson Yankoff,WAS,TE,2961827,@DAL,17,7,1,1,N/R,,,14,0,,0,0,14.0,0,0,0.0,0,1,1,0.00,,,,,,,,,,,,,,,,,,
Zaire Mitchell-Paden,HOU,TE,26695325,CIN,31,8,1,1,N/R,,,0,0,,0,0,0.0,0,0,0.0,0,0,0,-,,,,,,,,,,,,,,,,,,
Dylan Soehner,NO,TE,2261259,@BAL,16,8,1,1,N/R,,,0,0,,0,0,0.0,0,0,0.0,0,0,0,-,,,,,,,,,,,,,,,,,,
Colby Parkinson,LAR,TE,2867522,NYG,12,11,4,1,N/R,,,15,0,,0,0,7.5,0,0,0.0,0,2,2,0.00,,,,,,,,,,,,,,,,,,
Nick Vannett,SEA,TE,1871322,@ARI,28,11,1,1,N/R,,,0,0,,0,0,0.0,0,0,0.0,0,0,0,-,,,,,,,,,,,,,,,,,,
Joshua Simon,ATL,TE,3123950,CAR,19,11,1,1,N/R,,,0,0,,0,0,0.0,0,0,0.0,0,0,0,-,,,,,,,,,,,,,,,,,,
Ryan Becker,ATL,TE,3159083,CAR,19,11,1,1,N/R,,,0,0,,0,0,0.0,0,0,0.0,0,0,0,-,,,,,,,,,,,,,,,,,,
Durham Smythe,BAL,TE,2082845,NO,29,13,1,1,N/R,,,0,0,,0,0,0.0,0,0,0.0,0,1,0,0.00,,,,,,,,,,,,,,,,,,
Jackson Hawes,BUF,TE,3135324,DET,32,7,1,1,N/R,,,0,0,,0,0,0.0,0,0,0.0,0,0,0,0.00,,,,,,,,,,,,,,,,,,
Steven Stilianos,DET,TE,2961775,@BUF,4,6,1,1,N/R,,,0,0,,0,0,0.0,0,0,0.0,0,0,0,-,,,,,,,,,,,,,,,,,,
N'Keal Harry,SEA,TE,2221807,@ARI,28,11,1,1,N/R,,,0,0,,0,0,0.0,0,0,0.0,0,0,0,-,,,,,,,,,,,,,,,,,,
Zach Davidson,NYG,TE,26653246,@LAR,6,8,1,1,N/R,,,0,0,,0,0,0.0,0,0,0.0,0,0,0,-,,,,,,,,,,,,,,,,,,
Cody Hardy,NYJ,TE,28891820,GB,8,13,1,1,N/R,,,0,0,,0,0,0.0,0,0,0.0,0,0,0,-,,,,,,,,,,,,,,,,,,
John Stephens Jr.,DAL,TE,2962043,WAS,30,14,1,1,N/R,,,0,0,,0,0,0.0,0,0,0.0,0,0,0,-,,,,,,,,,,,,,,,,,,
JJ Howland,TB,TE,2864966,CLE,23,10,1,1,N/R,,,0,0,,0,0,0.0,0,0,0.0,0,0,0,-,,,,,,,,,,,,,,,,,,
Luke Schoonmaker,DAL,TE,2968473,WAS,30,14,1,1,N/R,,,0,0,,0,0,0.0,0,0,0.0,0,0,0,0.00,,,,,,,,,,,,,,,,,,
Camren McDonald,LAR,TE,2965370,NYG,12,11,1,1,N/R,,,0,0,,0,0,0.0,0,0,0.0,0,0,0,-,,,,,,,,,,,,,,,,,,
Alex Gray,ATL,TE,2828649,CAR,19,11,1,1,N/R,,,0,0,,0,0,0.0,0,0,0.0,0,0,0,-,,,,,,,,,,,,,,,,,,
Jalin Conyers,MIA,TE,3168876,@SF,10,6,1,1,N/R,,,0,0,,0,0,0.0,0,0,0.0,0,0,0,-,,,,,,,,,,,,,,,,,,
Bernhard Seikovits,ARI,TE,26665068,SEA,9,14,1,0,N/R,,,0,0,,0,0,0.0,0,0,0.0,0,0,0,-,,,,,,,,,,,,,,,,,,
Lance Mason,PIT,TE,28936051,@NE,2,9,1,1,N/R,,,0,0,,0,0,0.0,0,0,0.0,0,0,0,-,,,,,,,,,,,,,,,,,,
Michael Ezeike,SEA,TE,2966873,@ARI,28,11,0,0,N/R,,,0,0,,0,0,0.0,0,0,0.0,0,0,0,-,,,,,,,,,,,,,,,,,,
David Njoku,LAC,TE,2136474,LV,27,7,8,1,N/R,,,9,0,,0,0,9.0,0,0,0.0,0,3,1,0.00,,,,,,,,,,,,,,,,,,
Brandon Aubrey,DAL,K,2815718,WAS,31,14,100,99,1,0,,,,,3,,8.50,,,,8.50,,,,3,0,1,1,0,0,1,1,1,1,4,4,,,,,,
Chase McLaughlin,TB,K,2165272,CLE,7,10,71,63,21,0,,,,,4,,7.50,,,,7.50,,,,4,0,0,0,2,2,1,1,1,1,1,1,,,,,,
Evan McPherson,CIN,K,2962681,@HOU,12,6,84,76,4,0,,,,,2,,7.00,,,,7.00,,,,2,0,0,0,0,0,0,0,2,2,2,2,,,,,,
Spencer Shrader,IND,K,3131541,@KC,5,13,44,34,9,0,,,,,3,,6.50,,,,6.50,,,,3,0,0,0,1,1,2,2,0,0,3,3,,,,,,
Daniel Carlson,NO,K,2079862,@BAL,10,8,31,27,20,0,,,,,3,,6.50,,,,6.50,,,,3,0,1,1,0,0,1,1,1,1,1,1,,,,,,
Harrison Butker,KC,K,2078888,IND,29,5,91,87,2,0,,,,,5,,6.50,,,,6.50,,,,4,0,1,1,1,1,2,2,0,1,3,3,,,,,,
Andre Szmyt,CLE,K,2868551,@TB,19,11,2,1,N/R,0,,,,,3,,5.00,,,,5.00,,,,3,0,0,0,2,2,0,0,1,1,2,2,,,,,,
Matt Gay,LV,K,2870511,@LAC,21,13,6,2,22,0,,,,,1,,4.50,,,,4.50,,,,1,0,0,0,0,0,0,0,1,1,3,3,,,,,,
Jake Elliott,PHI,K,2080295,@TEN,6,10,15,7,17,0,,,,,1,,4.50,,,,4.50,,,,1,0,0,0,0,0,0,0,1,1,3,3,,,,,,
Will Reichard,MIN,K,3121084,@CHI,16,6,52,43,16,0,,,,,3,,4.00,,,,4.00,,,,3,0,0,0,2,2,1,1,0,0,0,0,,,,,,
Andres Borregales,NE,K,26699665,PIT,15,11,22,11,23,0,,,,,3,,4.00,,,,4.00,,,,2,0,0,0,1,1,1,2,0,0,2,2,,,,,,
Ryan Fitzgerald,CAR,K,3126649,@ATL,23,5,3,2,10,0,,,,,2,,4.00,,,,4.00,,,,2,0,1,1,1,1,0,0,0,0,4,4,,,,,,
Drew Stevens,WAS,K,28873746,@DAL,30,7,3,1,N/R,0,,,,,3,,4.00,,,,4.00,,,,2,0,1,1,0,0,1,1,0,1,2,2,,,,,,
Dominic Zvada,NYG,K,28876817,@LAR,4,8,5,3,N/R,0,,,,,2,,4.00,,,,4.00,,,,2,0,1,1,0,0,0,0,1,1,0,0,,,,,,
Wil Lutz,DEN,K,2008545,JAC,2,10,26,15,13,0,,,,,2,,4.00,,,,4.00,,,,2,0,1,1,0,0,1,1,0,0,2,2,,,,,,
Cam Little,JAC,K,26702477,@DEN,17,7,93,85,11,0,,,,,3,,3.50,,,,3.50,,,,2,0,1,1,0,0,1,1,0,1,1,1,,,,,,
Ka'imi Fairbairn,HOU,K,1996562,CIN,14,8,98,93,3,0,,,,,3,,3.00,,,,3.00,,,,2,0,0,0,1,1,1,1,0,1,0,0,,,,,,
Tyler Loop,BAL,K,3174704,NO,22,13,66,58,7,0,,,,,2,,3.00,,,,3.00,,,,1,0,0,0,0,0,1,2,0,0,2,2,,,,,,
Chris Boswell,PIT,K,1724930,@NE,11,9,22,12,19,0,,,,,2,,3.00,,,,3.00,,,,1,0,0,0,0,0,0,0,1,2,0,0,,,,,,
Trey Smack,GB,K,28899321,@NYJ,18,11,35,30,6,0,,,,,2,,3.00,,,,3.00,,,,2,0,1,1,1,1,0,0,0,0,2,2,,,,,,
Joey Slye,TEN,K,3116871,PHI,3,9,8,4,N/R,0,,,,,2,,3.00,,,,3.00,,,,2,0,0,0,2,2,0,0,0,0,2,2,,,,,,
Jason Myers,SEA,K,2169640,@ARI,24,11,99,95,5,0,,,,,1,,3.00,,,,3.00,,,,1,0,0,0,1,1,0,0,0,0,4,4,,,,,,
Jake Bates,DET,K,3173439,@BUF,28,6,89,84,18,0,,,,,1,,3.00,,,,3.00,,,,1,0,0,0,1,1,0,0,0,0,4,4,,,,,,
Tyler Bass,BUF,K,2188356,DET,27,7,35,28,8,0,,,,,0,,2.50,,,,2.50,,,,0,0,0,0,0,0,0,0,0,0,5,6,,,,,,
Eddy Pineiro,SF,K,2221833,MIA,32,8,73,66,12,0,,,,,0,,2.50,,,,2.50,,,,0,0,0,0,0,0,0,0,0,0,5,5,,,,,,
Riley Patterson,MIA,K,2865368,@SF,9,6,2,1,N/R,0,,,,,3,,2.50,,,,2.50,,,,2,0,2,2,0,0,0,0,0,1,1,1,,,,,,
Nick Folk,ATL,K,410721,CAR,25,11,14,6,N/R,0,,,,,2,,2.00,,,,2.00,,,,1,0,0,0,0,0,1,1,0,1,0,0,,,,,,
Harrison Mevis,LAR,K,3162619,NYG,20,11,47,34,14,0,,,,,1,,2.00,,,,2.00,,,,0,0,0,0,0,0,0,1,0,0,4,4,,,,,,
Cairo Santos,CHI,K,2132690,MIN,1,10,44,28,24,0,,,,,2,,2.00,,,,2.00,,,,1,0,0,1,0,0,0,0,1,1,0,0,,,,,,
Jason Sanders,NYJ,K,2131909,GB,26,13,4,2,N/R,0,,,,,1,,2.00,,,,2.00,,,,1,0,0,0,1,1,0,0,0,0,2,2,,,,,,
Cameron Dicker,LAC,K,2961997,LV,13,7,67,52,15,0,,,,,1,,1.00,,,,1.00,,,,0,0,0,0,0,0,0,0,0,1,2,2,,,,,,
Chad Ryland,ARI,K,2964074,SEA,8,14,4,1,N/R,0,,,,,0,,0.50,,,,0.50,,,,0,0,0,0,0,0,0,0,0,0,1,1,,,,,,
Cade York,NYJ,K,3121034,GB,26,13,2,2,N/R,0,,,,,0,,-,,,,0.00,,,,0,0,0,0,0,0,0,0,0,0,0,0,,,,,,
Jonathan Kim,CHI,K,3126558,MIN,1,10,1,1,N/R,0,,,,,0,,-,,,,0.00,,,,0,0,0,0,0,0,0,0,0,0,0,0,,,,,,
Clayton Hatfield,IND,K,3116797,@KC,5,13,1,1,N/R,0,,,,,0,,-,,,,0.00,,,,0,0,0,0,0,0,0,0,0,0,0,0,,,,,,
Chris Freeman,HOU,K,3169797,CIN,14,8,1,1,N/R,0,,,,,0,,-,,,,0.00,,,,0,0,0,0,0,0,0,0,0,0,0,0,,,,,,
John Parker Romo,ATL,K,2245258,CAR,25,11,1,1,N/R,0,,,,,0,,-,,,,0.00,,,,0,0,0,0,0,0,0,0,0,0,0,0,,,,,,
Zane Gonzalez,MIA,K,2061033,@SF,9,6,1,1,N/R,0,,,,,0,,-,,,,0.00,,,,0,0,0,0,0,0,0,0,0,0,0,0,,,,,,
Corey Acosta,SF,K,2176444,MIA,32,8,1,1,N/R,0,,,,,0,,-,,,,0.00,,,,0,0,0,0,0,0,0,0,0,0,0,0,,,,,,
B.T. Potter,TB,K,2962281,CLE,7,10,1,1,N/R,0,,,,,0,,-,,,,0.00,,,,0,0,0,0,0,0,0,0,0,0,0,0,,,,,,
Matthew Wright,BUF,K,3116875,DET,27,7,1,1,N/R,0,,,,,0,,-,,,,0.00,,,,0,0,0,0,0,0,0,0,0,0,0,0,,,,,,
John Hoyland,BAL,K,3174826,NO,22,13,1,1,N/R,0,,,,,0,,-,,,,0.00,,,,0,0,0,0,0,0,0,0,0,0,0,0,,,,,,
Dan Conroy,FA,K,1631001,BYE,---,0,1,1,N/R,0,,,,,0,,-,,,,0.00,,,,0,0,0,0,0,0,0,0,0,0,0,0,,,,,,
Greg Joseph,LV,K,2926810,@LAC,21,13,1,1,N/R,0,,,,,0,,-,,,,0.00,,,,0,0,0,0,0,0,0,0,0,0,0,0,,,,,,
Joshua Karty,ARI,K,3163734,SEA,8,14,1,1,N/R,0,,,,,0,,-,,,,0.00,,,,0,0,0,0,0,0,0,0,0,0,0,0,,,,,,
Brandon McManus,GB,K,2058320,@NYJ,18,11,1,1,N/R,0,,,,,0,,-,,,,0.00,,,,0,0,0,0,0,0,0,0,0,0,0,0,,,,,,
Lenny Krieg,GB,K,29711189,@NYJ,18,11,1,1,N/R,0,,,,,0,,-,,,,0.00,,,,0,0,0,0,0,0,0,0,0,0,0,0,,,,,,
Mark McNamee,GB,K,50008565,@NYJ,18,11,1,1,N/R,0,,,,,0,,-,,,,0.00,,,,0,0,0,0,0,0,0,0,0,0,0,0,,,,,,
Jared Roberts,FA,K,2008709,BYE,---,0,1,1,N/R,0,,,,,0,,-,,,,0.00,,,,0,0,0,0,0,0,0,0,0,0,0,0,,,,,,
Jake Verity,TB,K,2247367,CLE,7,10,1,1,N/R,0,,,,,0,,-,,,,0.00,,,,0,0,0,0,0,0,0,0,0,0,0,0,,,,,,
Matt Prater,BUF,K,1109832,DET,27,7,1,1,N/R,0,,,,,0,,-,,,,0.00,,,,0,0,0,0,0,0,0,0,0,0,0,0,,,,,,
JJ Molson,GB,K,2240197,@NYJ,18,11,1,1,N/R,0,,,,,0,,-,,,,0.00,,,,0,0,0,0,0,0,0,0,0,0,0,0,,,,,,
Dustin Hopkins,CLE,K,1664151,@TB,19,11,1,1,N/R,0,,,,,0,,-,,,,0.00,,,,0,0,0,0,0,0,0,0,0,0,0,0,,,,,,
Austin Seibert,WAS,K,2179668,@DAL,30,7,1,1,N/R,0,,,,,0,,-,,,,0.00,,,,0,0,0,0,0,0,0,0,0,0,0,0,,,,,,
Blake Haubeil,CAR,K,2826774,@ATL,23,5,1,1,N/R,0,,,,,0,,-,,,,0.00,,,,0,0,0,0,0,0,0,0,0,0,0,0,,,,,,
Christopher Dunn,LAR,K,2963497,NYG,20,11,1,1,N/R,0,,,,,0,,-,,,,0.00,,,,0,0,0,0,0,0,0,0,0,0,0,0,,,,,,
Jack Podlesny,GB,K,2975696,@NYJ,18,11,1,1,N/R,0,,,,,0,,-,,,,0.00,,,,0,0,0,0,0,0,0,0,0,0,0,0,,,,,,
Justin Tucker,BAL,K,1985374,NO,22,13,1,1,N/R,0,,,,,0,,-,,,,0.00,,,,0,0,0,0,0,0,0,0,0,0,0,0,,,,,,
Blake Grupe,NYJ,K,2876348,GB,26,13,5,1,N/R,0,,,,,0,,-,,,,0.00,,,,0,0,0,0,0,0,0,0,0,0,0,0,,,,,,
Maddux Trujillo,BUF,K,26716700,DET,27,7,1,0,N/R,0,,,,,0,,-,,,,0.00,,,,0,0,0,0,0,0,0,0,0,0,0,0,,,,,,
Ben Sauls,NYG,K,3169819,@LAR,4,8,1,1,N/R,0,,,,,0,,-,,,,0.00,,,,0,0,0,0,0,0,0,0,0,0,0,0,,,,,,
Younghoe Koo,NYJ,K,2820093,GB,26,13,1,1,N/R,0,,,,,0,,-,,,,0.00,,,,0,0,0,0,0,0,0,0,0,0,0,0,,,,,,
John Baron,CHI,K,2144875,MIN,1,10,1,1,N/R,0,,,,,0,,-,,,,0.00,,,,0,0,0,0,0,0,0,0,0,0,0,0,,,,,,
Tanner Brown,NO,K,3167644,@BAL,10,8,1,1,N/R,0,,,,,0,,-,,,,0.00,,,,0,0,0,0,0,0,0,0,0,0,0,0,,,,,,
Mike Badgley,BUF,K,2925140,DET,27,7,1,1,N/R,0,,,,,0,,-,,,,0.00,,,,0,0,0,0,0,0,0,0,0,0,0,0,,,,,,
Matthew Trickett,ATL,K,2961405,CAR,25,11,1,1,N/R,0,,,,,0,,-,,,,0.00,,,,0,0,0,0,0,0,0,0,0,0,0,0,,,,,,
James Turner,GB,K,3133204,@NYJ,18,11,1,1,N/R,0,,,,,0,,-,,,,0.00,,,,0,0,0,0,0,0,0,0,0,0,0,0,,,,,,
Jake Moody,BAL,K,2968527,NO,22,13,1,1,N/R,0,,,,,0,,-,,,,0.00,,,,0,0,0,0,0,0,0,0,0,0,0,0,,,,,,
Andrew Furney,NYJ,K,2135490,GB,26,13,1,1,N/R,0,,,,,0,,-,,,,0.00,,,,0,0,0,0,0,0,0,0,0,0,0,0,,,,,,
Ryan Coe,TB,K,3130147,CLE,7,10,1,1,N/R,0,,,,,0,,-,,,,0.00,,,,0,0,0,0,0,0,0,0,0,0,0,0,,,,,,
Anthony Fera,FA,K,1664152,BYE,---,0,1,1,N/R,0,,,,,0,,-,,,,0.00,,,,0,0,0,0,0,0,0,0,0,0,0,0,,,,,,
Alex Hale,GB,K,2963565,@NYJ,18,11,2,2,N/R,0,,,,,0,,-,,,,0.00,,,,0,0,0,0,0,0,0,0,0,0,0,0,,,,,,
Kansei Matsuzawa,LV,K,29154102,@LAC,21,13,1,1,N/R,0,,,,,0,,-,,,,0.00,,,,0,0,0,0,0,0,0,0,0,0,0,0,,,,,,
Mason Shipley,NO,K,26731594,@BAL,10,8,1,1,N/R,0,,,,,0,,-,,,,0.00,,,,0,0,0,0,0,0,0,0,0,0,0,0,,,,,,
Brad Craddock,CLE,K,2001577,@TB,19,11,1,0,N/R,0,,,,,0,,-,,,,0.00,,,,0,0,0,0,0,0,0,0,0,0,0,0,,,,,,
Jaden Oberkrom,CLE,K,1996859,@TB,19,11,1,1,N/R,0,,,,,0,,-,,,,0.00,,,,0,0,0,0,0,0,0,0,0,0,0,0,,,,,,
Graham Gano,NYG,K,558839,@LAR,4,8,1,1,N/R,0,,,,,0,,-,,,,0.00,,,,0,0,0,0,0,0,0,0,0,0,0,0,,,,,,
Jonathan Garibay,DAL,K,3127678,WAS,31,14,2,2,N/R,0,,,,,0,,-,,,,0.00,,,,0,0,0,0,0,0,0,0,0,0,0,0,,,,,,
James McCourt,LV,K,2247018,@LAC,21,13,1,1,N/R,0,,,,,0,,-,,,,0.00,,,,0,0,0,0,0,0,0,0,0,0,0,0,,,,,,
Lucas Havrisik,GB,K,2870581,@NYJ,18,11,1,1,N/R,0,,,,,0,,-,,,,0.00,,,,0,0,0,0,0,0,0,0,0,0,0,0,,,,,,
Anthony Cantele,FA,K,1679724,BYE,---,0,1,1,N/R,0,,,,,0,,-,,,,0.00,,,,0,0,0,0,0,0,0,0,0,0,0,0,,,,,,
Alex Quevedo,NO,K,29090668,@BAL,10,8,1,1,N/R,0,,,,,0,,-,,,,0.00,,,,0,0,0,0,0,0,0,0,0,0,0,0,,,,,,
Charlie Smyth,NO,K,29375393,@BAL,10,8,2,1,N/R,0,,,,,0,,-,,,,0.00,,,,0,0,0,0,0,0,0,0,0,0,0,0,,,,,,
Gabriel Plascencia,CHI,K,29120994,MIN,1,10,2,2,N/R,0,,,,,0,,-,,,,0.00,,,,0,0,0,0,0,0,0,0,0,0,0,0,,,,,,
Andrew Mevis,JAC,K,2820471,@DEN,17,7,2,2,N/R,0,,,,,0,,-,,,,0.00,,,,0,0,0,0,0,0,0,0,0,0,0,0,,,,,,
Justin Rohrwasser,NE,K,2194734,PIT,15,11,1,1,N/R,0,,,,,0,,-,,,,0.00,,,,0,0,0,0,0,0,0,0,0,0,0,0,,,,,,
Tucker McCann,TEN,K,3161134,PHI,3,9,1,1,N/R,0,,,,,0,,-,,,,0.00,,,,0,0,0,0,0,0,0,0,0,0,0,0,,,,,,
Caden Davis,BUF,K,3124063,DET,27,7,1,1,N/R,0,,,,,0,,-,,,,0.00,,,,0,0,0,0,0,0,0,0,0,0,0,0,,,,,,
Laith Marjan,PIT,K,26693647,@NE,11,9,1,1,N/R,0,,,,,0,,-,,,,0.00,,,,0,0,0,0,0,0,0,0,0,0,0,0,,,,,,
Trey Wolff,TEN,K,2962857,PHI,3,9,1,1,N/R,0,,,,,0,,-,,,,0.00,,,,0,0,0,0,0,0,0,0,0,0,0,0,,,,,,
Austin MacGinnis,LAR,K,3158715,NYG,20,11,2,2,N/R,0,,,,,0,,-,,,,0.00,,,,0,0,0,0,0,0,0,0,0,0,0,0,,,,,,
Parker White,GB,K,2758258,@NYJ,18,11,1,1,N/R,0,,,,,0,,-,,,,0.00,,,,0,0,0,0,0,0,0,0,0,0,0,0,,,,,,
Gabe Brkic,GB,K,2962313,@NYJ,18,11,1,1,N/R,0,,,,,0,,-,,,,0.00,,,,0,0,0,0,0,0,0,0,0,0,0,0,,,,,,
Quinn Nordin,NE,K,2260323,PIT,15,11,2,1,N/R,0,,,,,0,,-,,,,0.00,,,,0,0,0,0,0,0,0,0,0,0,0,0,,,,,,
Jose Borregales,TB,K,2262788,CLE,7,10,1,1,N/R,0,,,,,0,,-,,,,0.00,,,,0,0,0,0,0,0,0,0,0,0,0,0,,,,,,
Greg Zuerlein,NYJ,K,1971893,GB,26,13,1,1,N/R,0,,,,,0,,-,,,,0.00,,,,0,0,0,0,0,0,0,0,0,0,0,0,,,,,,
Anders Carlson,NYJ,K,2866578,GB,26,13,1,1,N/R,0,,,,,0,,-,,,,0.00,,,,0,0,0,0,0,0,0,0,0,0,0,0,,,,,,
Jude McAtamney,NYG,K,28922958,@LAR,4,8,1,1,N/R,0,,,,,0,,-,,,,0.00,,,,0,0,0,0,0,0,0,0,0,0,0,0,,,,,,
Panthers,CAR,DST,1905,@ATL,32,5,55,52,,,,,1,3,,,286.00,,,3.00,286,,,11.00,,,,,,,,,,,,,3,2,1,0,3,11.00
Patriots,NE,DST,1931,PIT,27,11,74,48,,,,,1,1,,,235.00,,,3.00,235,,,10.00,,,,,,,,,,,,,4,1,0,0,3,10.00
Raiders,LV,DST,1920,@LAC,31,13,17,12,,,,,0,2,,,310.00,,,14.00,310,,,9.00,,,,,,,,,,,,,3,1,0,1,14,9.00
Vikings,MIN,DST,1916,@CHI,17,6,97,89,,,,,0,1,,,297.00,,,3.00,297,,,7.00,,,,,,,,,,,,,4,1,1,0,3,7.00
Bengals,CIN,DST,1907,@HOU,21,6,60,52,,,,,0,0,,,374.00,,,6.00,374,,,6.00,,,,,,,,,,,,,4,0,4,0,6,6.00
Bears,CHI,DST,1906,MIN,11,10,27,10,,,,,0,0,,,246.00,,,9.00,246,,,5.50,,,,,,,,,,,,,3,0,0,0,9,5.50
Rams,LAR,DST,1923,NYG,24,11,94,68,,,,,0,1,,,182.00,,,6.00,182,,,5.50,,,,,,,,,,,,,2,0,1,0,6,5.50
Seahawks,SEA,DST,1926,@ARI,13,11,100,97,,,,,0,1,,,151.00,,,7.00,151,,,5.50,,,,,,,,,,,,,2,0,0,0,7,5.50
49ers,SF,DST,1925,MIA,28,8,69,56,,,,,0,0,,,284.00,,,13.00,284,,,5.00,,,,,,,,,,,,,4,0,1,0,13,5.00
Broncos,DEN,DST,1909,JAC,4,10,92,59,,,,,0,1,,,268.00,,,13.00,268,,,4.50,,,,,,,,,,,,,2,0,0,0,13,4.50
Saints,NO,DST,1917,@BAL,6,8,49,42,,,,,0,1,,,312.00,,,17.00,312,,,4.00,,,,,,,,,,,,,3,0,0,0,17,4.00
Packers,GB,DST,1911,@NYJ,9,11,48,38,,,,,0,0,,,285.00,,,17.00,285,,,4.00,,,,,,,,,,,,,4,0,1,0,17,4.00
Steelers,PIT,DST,1922,@NE,29,9,86,63,,,,,0,1,,,327.00,,,14.00,327,,,3.50,,,,,,,,,,,,,3,1,0,0,14,3.50
Texans,HOU,DST,1932,CIN,19,8,99,81,,,,,0,0,,,267.00,,,20.00,267,,,3.50,,,,,,,,,,,,,5,0,0,0,20,3.50
Jets,NYJ,DST,1919,GB,22,13,7,3,,,,,0,0,,,199.00,,,20.00,199,,,3.00,,,,,,,,,,,,,3,1,1,0,20,3.00
Browns,CLE,DST,1930,@TB,30,11,16,6,,,,,0,1,,,313.00,,,19.00,313,,,3.00,,,,,,,,,,,,,3,0,1,0,19,3.00
Titans,TEN,DST,1928,PHI,14,9,12,9,,,,,0,2,,,341.00,,,24.00,341,,,2.50,,,,,,,,,,,,,3,0,0,0,24,2.50
Bills,BUF,DST,1904,DET,7,7,47,37,,,,,0,0,,,355.00,,,31.00,355,,,2.00,,,,,,,,,,,,,4,0,0,0,31,2.00
Eagles,PHI,DST,1921,@TEN,26,10,90,74,,,,,0,0,,,291.00,,,20.00,291,,,2.00,,,,,,,,,,,,,2,0,0,0,20,2.00
Cowboys,DAL,DST,1908,WAS,2,14,19,7,,,,,0,0,,,389.00,,,20.00,389,,,1.50,,,,,,,,,,,,,0,1,0,0,20,1.50
Jaguars,JAC,DST,1913,@DEN,18,7,56,40,,,,,0,1,,,392.00,,,20.00,392,,,1.50,,,,,,,,,,,,,0,0,0,0,20,1.50
Ravens,BAL,DST,1903,NO,20,13,69,34,,,,,0,0,,,298.00,,,24.00,298,,,1.50,,,,,,,,,,,,,3,0,0,0,24,1.50
Chargers,LAC,DST,1924,LV,8,7,32,12,,,,,0,1,,,305.00,,,24.00,305,,,1.50,,,,,,,,,,,,,2,0,1,0,24,1.50
Giants,NYG,DST,1918,@LAR,25,8,25,20,,,,,0,1,,,481.00,,,28.00,481,,,1.50,,,,,,,,,,,,,1,1,0,0,28,1.50
Lions,DET,DST,1910,@BUF,16,6,45,35,,,,,0,0,,,446.00,,,41.00,446,,,1.00,,,,,,,,,,,,,2,0,0,0,41,1.00
Commanders,WAS,DST,1929,@DAL,3,7,4,2,,,,,0,0,,,332.00,,,37.00,332,,,1.00,,,,,,,,,,,,,2,0,0,0,37,1.00
Colts,IND,DST,1912,@KC,5,13,7,2,,,,,0,0,,,523.00,,,33.00,523,,,1.00,,,,,,,,,,,,,2,0,0,0,33,1.00
Cardinals,ARI,DST,1901,SEA,15,14,4,3,,,,,0,0,,,381.00,,,31.00,381,,,1.00,,,,,,,,,,,,,1,1,2,0,31,1.00
Buccaneers,TB,DST,1927,CLE,23,10,31,20,,,,,0,0,,,267.00,,,23.00,267,,,1.00,,,,,,,,,,,,,2,0,1,0,23,1.00
Falcons,ATL,DST,1902,CAR,10,11,21,10,,,,,0,0,,,340.00,,,28.00,340,,,1.00,,,,,,,,,,,,,2,0,1,0,28,1.00
Chiefs,KC,DST,1914,IND,12,5,85,79,,,,,0,1,,,329.00,,,30.00,329,,,0.50,,,,,,,,,,,,,0,0,0,0,30,0.50
Dolphins,MIA,DST,1915,@SF,1,6,3,1,,,,,0,0,,,382.00,,,35.00,382,,,0.00,,,,,,,,,,,,,0,0,0,0,35,0.00
