player,team,pos,cbs_id,status,Opp,OVP,Bye,Rost,Start,Expert,ATT,Comp,Yds,TD,Int,Att,Yds_2,Avg,TD_2,Lost,Avg_2,Total,Tar,Rec,Avg_3,FG,FG_2,FG_3,ATT_2,FG_4,Att_2,FG_5,Att_3,FG_6,Att_4,XP,Att_5,SACK,Fum,DWN,STY,Total_2,Total_3
Bengals,CIN,DST,1907,waivers,JAC,5,6,40,24,,,,,2,13,,,380.88,,,25.65,6475,,,2.74,,,,,,,,,,,,,35,7,9,0,436,46.50
Buccaneers,TB,DST,1927,,GB,20,10,23,12,,,,,2,13,,,337.24,,,23.12,5733,,,3.18,,,,,,,,,,,,,37,10,16,1,393,54.00
Cardinals,ARI,DST,1901,,@NYG,24,14,10,8,,,,,2,10,,,357.71,,,27.65,6081,,,2.44,,,,,,,,,,,,,30,9,13,1,470,41.50
Chargers,LAC,DST,1924,,@SEA,15,7,30,14,,,,,0,19,,,285.24,,,18.94,4849,,,3.65,,,,,,,,,,,,,45,4,12,1,322,62.00
Colts,IND,DST,1912,,@WAS,2,13,7,3,,,,,1,14,,,349.82,,,23.41,5947,,,2.82,,,,,,,,,,,,,39,7,13,0,398,48.00
Commanders,WAS,DST,1929,,IND,14,7,4,2,,,,,2,8,,,384.00,,,26.18,6528,,,3.00,,,,,,,,,,,,,42,2,12,1,445,51.00
Cowboys,DAL,DST,1908,,@HOU,22,14,18,6,,,,,2,6,,,377.00,,,29.94,6409,,,2.26,,,,,,,,,,,,,35,6,8,1,509,38.50
Dolphins,MIA,DST,1915,,@MIN,11,6,3,1,,,,,1,9,,,348.76,,,23.88,5929,,,3.09,,,,,,,,,,,,,39,11,8,0,406,52.50
Giants,NYG,DST,1918,,ARI,13,8,19,11,,,,,2,9,,,359.53,,,24.76,6112,,,2.71,,,,,,,,,,,,,39,6,6,0,421,46.00
Jets,NYJ,DST,1919,,@CHI,9,13,8,4,,,,,4,0,,,355.59,,,29.24,6045,,,2.59,,,,,,,,,,,,,26,4,6,1,497,44.00
Packers,GB,DST,1911,waivers,@TB,30,11,59,48,,,,,0,7,,,311.82,,,21.06,5301,,,2.71,,,,,,,,,,,,,36,7,16,0,358,46.00
Panthers,CAR,DST,1905,waivers,DET,7,5,26,16,,,,,2,15,,,327.24,,,21.65,5563,,,3.03,,,,,,,,,,,,,30,6,8,0,368,51.50
Alex Hale,GB,K,2963565,,@TB,18,11,2,2,N/R,0,,,,,0,,-,,,,0.00,,,,0,0,0,0,0,0,0,0,0,0,0,0,,,,,,
Alex Quevedo,NO,K,29090668,,ATL,21,8,1,1,N/R,0,,,,,0,,-,,,,0.00,,,,0,0,0,0,0,0,0,0,0,0,0,0,,,,,,
Anders Carlson,NYJ,K,2866578,,@CHI,8,13,1,1,N/R,0,,,,,0,,-,,,,0.00,,,,0,0,0,0,0,0,0,0,0,0,0,0,,,,,,
Andre Szmyt,CLE,K,2868551,,PIT,15,11,2,1,N/R,0,,,,,27,,2.91,,,,49.50,,,,24,0,4,4,10,11,5,6,5,6,25,26,,,,,,
Andrew Furney,NYJ,K,2135490,,@CHI,8,13,1,1,N/R,0,,,,,0,,-,,,,0.00,,,,0,0,0,0,0,0,0,0,0,0,0,0,,,,,,
Andrew Mevis,JAC,K,2820471,,@CIN,11,7,2,2,N/R,0,,,,,0,,-,,,,0.00,,,,0,0,0,0,0,0,0,0,0,0,0,0,,,,,,
Anthony Cantele,FA,K,1679724,,BYE,---,0,1,1,N/R,0,,,,,0,,-,,,,0.00,,,,0,0,0,0,0,0,0,0,0,0,0,0,,,,,,
Anthony Fera,FA,K,1664152,,BYE,---,0,1,1,N/R,0,,,,,0,,-,,,,0.00,,,,0,0,0,0,0,0,0,0,0,0,0,0,,,,,,
Austin MacGinnis,LAR,K,3158715,,@PHI,14,11,2,2,N/R,0,,,,,0,,-,,,,0.00,,,,0,0,0,0,0,0,0,0,0,0,0,0,,,,,,
Austin Seibert,WAS,K,2179668,,IND,29,7,1,1,N/R,0,,,,,0,,-,,,,0.00,,,,0,0,0,0,0,0,0,0,0,0,0,0,,,,,,
B.T. Potter,TB,K,2962281,,GB,27,10,1,1,N/R,0,,,,,0,,-,,,,0.00,,,,0,0,0,0,0,0,0,0,0,0,0,0,,,,,,
Ben Sauls,NYG,K,3169819,,ARI,28,8,1,1,N/R,0,,,,,8,,4.17,,,,12.50,,,,8,0,3,3,4,4,1,1,0,0,7,7,,,,,,
Blake Grupe,NYJ,K,2876348,,@WAS,32,13,4,1,N/R,0,,,,,37,,3.62,,,,58.00,,,,29,0,9,9,10,12,3,6,7,10,25,25,,,,,,
Blake Haubeil,CAR,K,2826774,,DET,26,5,1,1,N/R,0,,,,,0,,-,,,,0.00,,,,0,0,0,0,0,0,0,0,0,0,0,0,,,,,,
Brad Craddock,CLE,K,2001577,,PIT,15,11,1,0,N/R,0,,,,,0,,-,,,,0.00,,,,0,0,0,0,0,0,0,0,0,0,0,0,,,,,,
Brandon McManus,GB,K,2058320,,@TB,18,11,1,1,N/R,0,,,,,30,,3.43,,,,48.00,,,,24,0,10,10,8,8,3,7,3,5,32,33,,,,,,
Cade York,NYJ,K,3121034,,@CHI,8,13,2,2,N/R,0,,,,,0,,-,,,,0.00,,,,0,0,0,0,0,0,0,0,0,0,0,0,,,,,,
Caden Davis,BUF,K,3124063,,NE,16,7,1,1,N/R,0,,,,,0,,-,,,,0.00,,,,0,0,0,0,0,0,0,0,0,0,0,0,,,,,,
Chad Ryland,ARI,K,2964074,,@NYG,20,14,5,3,17,0,,,,,33,,3.41,,,,58.00,,,,25,0,5,5,7,8,7,10,6,10,36,36,,,,,,
Charlie Smyth,NO,K,29375393,,ATL,21,8,2,1,N/R,0,,,,,16,,4.75,,,,28.50,,,,12,0,1,1,4,4,3,5,4,6,13,13,,,,,,
Chris Freeman,HOU,K,3169797,,DAL,30,8,1,1,N/R,0,,,,,0,,-,,,,0.00,,,,0,0,0,0,0,0,0,0,0,0,0,0,,,,,,
Christopher Dunn,LAR,K,2963497,,@PHI,14,11,1,1,N/R,0,,,,,0,,-,,,,0.00,,,,0,0,0,0,0,0,0,0,0,0,0,0,,,,,,
Clayton Hatfield,IND,K,3116797,,@WAS,32,13,1,1,N/R,0,,,,,0,,-,,,,0.00,,,,0,0,0,0,0,0,0,0,0,0,0,0,,,,,,
Corey Acosta,SF,K,2176444,,DEN,19,8,1,1,N/R,0,,,,,0,,-,,,,0.00,,,,0,0,0,0,0,0,0,0,0,0,0,0,,,,,,
Dan Conroy,FA,K,1631001,,BYE,---,0,1,1,N/R,0,,,,,0,,-,,,,0.00,,,,0,0,0,0,0,0,0,0,0,0,0,0,,,,,,
Dominic Zvada,NYG,K,28876817,,ARI,28,8,5,3,N/R,0,,,,,0,,-,,,,0.00,,,,0,0,0,0,0,0,0,0,0,0,0,0,,,,,,
Drew Stevens,WAS,K,28873746,,IND,29,7,3,1,21,0,,,,,0,,-,,,,0.00,,,,0,0,0,0,0,0,0,0,0,0,0,0,,,,,,
Dustin Hopkins,CLE,K,1664151,,PIT,15,11,1,1,N/R,0,,,,,0,,-,,,,0.00,,,,0,0,0,0,0,0,0,0,0,0,0,0,,,,,,
Gabe Brkic,GB,K,2962313,,@TB,18,11,1,1,N/R,0,,,,,0,,-,,,,0.00,,,,0,0,0,0,0,0,0,0,0,0,0,0,,,,,,
Gabriel Plascencia,CHI,K,29120994,,NYJ,17,10,2,2,N/R,0,,,,,0,,-,,,,0.00,,,,0,0,0,0,0,0,0,0,0,0,0,0,,,,,,
Graham Gano,NYG,K,558839,,ARI,28,8,1,1,N/R,0,,,,,10,,3.30,,,,16.50,,,,9,0,3,3,4,4,1,2,1,1,9,9,,,,,,
Greg Joseph,LV,K,2926810,,KC,3,13,1,1,N/R,0,,,,,0,,-,,,,0.00,,,,0,0,0,0,0,0,0,0,0,0,0,0,,,,,,
Greg Zuerlein,NYJ,K,1971893,,@CHI,8,13,1,1,N/R,0,,,,,0,,-,,,,0.00,,,,0,0,0,0,0,0,0,0,0,0,0,0,,,,,,
JJ Molson,GB,K,2240197,,@TB,18,11,1,1,N/R,0,,,,,0,,-,,,,0.00,,,,0,0,0,0,0,0,0,0,0,0,0,0,,,,,,
Jack Podlesny,GB,K,2975696,,@TB,18,11,1,0,N/R,0,,,,,0,,-,,,,0.00,,,,0,0,0,0,0,0,0,0,0,0,0,0,,,,,,
Jaden Oberkrom,CLE,K,1996859,,PIT,15,11,1,1,N/R,0,,,,,0,,-,,,,0.00,,,,0,0,0,0,0,0,0,0,0,0,0,0,,,,,,
Jake Elliott,PHI,K,2080295,waivers,LAR,4,10,14,5,N/R,0,,,,,27,,3.21,,,,54.50,,,,20,0,3,3,6,6,7,10,4,8,41,42,,,,,,
Jake Moody,BAL,K,2968527,,IND,29,13,1,1,N/R,0,,,,,23,,3.94,,,,35.50,,,,19,0,5,7,7,8,5,6,2,2,15,16,,,,,,
Jake Verity,TB,K,2247367,,GB,27,10,1,1,N/R,0,,,,,0,,-,,,,0.00,,,,0,0,0,0,0,0,0,0,0,0,0,0,,,,,,
James McCourt,LV,K,2247018,,KC,3,13,1,1,N/R,0,,,,,0,,-,,,,0.00,,,,0,0,0,0,0,0,0,0,0,0,0,0,,,,,,
James Turner,GB,K,3133204,,@TB,18,11,1,1,N/R,0,,,,,0,,-,,,,0.00,,,,0,0,0,0,0,0,0,0,0,0,0,0,,,,,,
Jared Roberts,FA,K,2008709,,BYE,---,0,1,1,N/R,0,,,,,0,,-,,,,0.00,,,,0,0,0,0,0,0,0,0,0,0,0,0,,,,,,
Jason Sanders,NYJ,K,2131909,,@CHI,8,13,3,1,N/R,0,,,,,0,,-,,,,0.00,,,,0,0,0,0,0,0,0,0,0,0,0,0,,,,,,
Joey Slye,TEN,K,3116871,,@BAL,10,9,7,3,N/R,0,,,,,35,,3.94,,,,63.00,,,,28,0,6,6,6,6,7,9,9,14,26,27,,,,,,
John Baron,CHI,K,2144875,,NYJ,17,10,1,1,N/R,0,,,,,0,,-,,,,0.00,,,,0,0,0,0,0,0,0,0,0,0,0,0,,,,,,
John Hoyland,BAL,K,3174826,,TEN,9,13,1,1,N/R,0,,,,,0,,-,,,,0.00,,,,0,0,0,0,0,0,0,0,0,0,0,0,,,,,,
John Parker Romo,ATL,K,2245258,,@NO,22,11,1,1,N/R,0,,,,,14,,2.86,,,,20.00,,,,11,0,2,2,7,8,1,2,1,2,12,13,,,,,,
Jonathan Garibay,DAL,K,3127678,,@HOU,12,14,2,2,N/R,0,,,,,0,,-,,,,0.00,,,,0,0,0,0,0,0,0,0,0,0,0,0,,,,,,
Jonathan Kim,CHI,K,3126558,,NYJ,17,10,1,1,N/R,0,,,,,0,,-,,,,0.00,,,,0,0,0,0,0,0,0,0,0,0,0,0,,,,,,
Jose Borregales,TB,K,2262788,,GB,27,10,1,1,N/R,0,,,,,0,,-,,,,0.00,,,,0,0,0,0,0,0,0,0,0,0,0,0,,,,,,
Joshua Karty,ARI,K,3163734,,@NYG,20,14,1,1,N/R,0,,,,,15,,3.31,,,,26.50,,,,10,0,3,4,3,5,3,4,1,2,23,26,,,,,,
Jude McAtamney,NYG,K,28922958,,ARI,28,8,1,1,N/R,0,,,,,2,,1.62,,,,6.50,,,,2,0,1,1,1,1,0,0,0,0,9,12,,,,,,
Justin Rohrwasser,NE,K,2194734,,@BUF,24,11,1,1,N/R,0,,,,,0,,-,,,,0.00,,,,0,0,0,0,0,0,0,0,0,0,0,0,,,,,,
Justin Tucker,BAL,K,1985374,,TEN,9,13,1,1,N/R,0,,,,,0,,-,,,,0.00,,,,0,0,0,0,0,0,0,0,0,0,0,0,,,,,,
Kansei Matsuzawa,LV,K,29154102,,KC,3,13,1,1,N/R,0,,,,,0,,-,,,,0.00,,,,0,0,0,0,0,0,0,0,0,0,0,0,,,,,,
Laith Marjan,PIT,K,26693647,,@CLE,5,9,1,1,N/R,0,,,,,0,,-,,,,0.00,,,,0,0,0,0,0,0,0,0,0,0,0,0,,,,,,
Lenny Krieg,GB,K,29711189,,@TB,18,11,1,1,N/R,0,,,,,0,,-,,,,0.00,,,,0,0,0,0,0,0,0,0,0,0,0,0,,,,,,
Lucas Havrisik,GB,K,2870581,,@TB,18,11,1,1,N/R,0,,,,,4,,3.67,,,,11.00,,,,4,0,0,0,2,2,1,1,1,1,7,9,,,,,,
Maddux Trujillo,BUF,K,26716700,,NE,16,7,1,0,N/R,0,,,,,0,,-,,,,0.00,,,,0,0,0,0,0,0,0,0,0,0,0,0,,,,,,
Mark McNamee,GB,K,50008565,,@TB,18,11,1,1,N/R,0,,,,,0,,-,,,,0.00,,,,0,0,0,0,0,0,0,0,0,0,0,0,,,,,,
Mason Shipley,NO,K,26731594,,ATL,21,8,1,1,N/R,0,,,,,0,,-,,,,0.00,,,,0,0,0,0,0,0,0,0,0,0,0,0,,,,,,
Matt Gay,LV,K,2870511,,DEN,19,13,7,3,19,0,,,,,23,,3.67,,,,44.00,,,,17,0,4,4,3,4,6,6,4,9,26,26,,,,,,
Matt Prater,BUF,K,1109832,,NE,16,7,1,1,N/R,0,,,,,20,,3.27,,,,49.00,,,,18,0,4,4,7,8,6,6,1,2,46,49,,,,,,
Matthew Trickett,ATL,K,2961405,,@NO,22,11,1,1,N/R,0,,,,,0,,-,,,,0.00,,,,0,0,0,0,0,0,0,0,0,0,0,0,,,,,,
Matthew Wright,BUF,K,3116875,,DAL,30,7,1,1,N/R,0,,,,,5,,2.50,,,,10.00,,,,5,0,1,1,1,1,3,3,0,0,4,4,,,,,,
Mike Badgley,BUF,K,2925140,,NE,16,7,1,1,N/R,0,,,,,12,,3.33,,,,30.00,,,,11,0,1,1,3,3,5,5,2,3,20,25,,,,,,
Nick Folk,ATL,K,410721,,@CHI,8,11,14,7,N/R,0,,,,,29,,3.69,,,,59.00,,,,28,0,5,5,9,9,7,7,7,8,22,22,,,,,,
Parker White,GB,K,2758258,,@TB,18,11,1,1,N/R,0,,,,,0,,-,,,,0.00,,,,0,0,0,0,0,0,0,0,0,0,0,0,,,,,,
Quinn Nordin,NE,K,2260323,,@BUF,24,11,2,1,N/R,0,,,,,0,,-,,,,0.00,,,,0,0,0,0,0,0,0,0,0,0,0,0,,,,,,
Riley Patterson,MIA,K,2865368,,@MIN,1,6,2,1,N/R,0,,,,,29,,3.53,,,,60.00,,,,27,0,5,5,8,9,11,11,3,4,34,35,,,,,,
Ryan Coe,TB,K,3130147,,GB,27,10,1,1,N/R,0,,,,,0,,-,,,,0.00,,,,0,0,0,0,0,0,0,0,0,0,0,0,,,,,,
Ryan Fitzgerald,CAR,K,3126649,,DET,26,5,5,3,13,0,,,,,29,,2.85,,,,48.50,,,,24,0,6,6,8,9,8,9,2,5,27,30,,,,,,
Tanner Brown,NO,K,3167644,,ATL,21,8,1,1,N/R,0,,,,,0,,-,,,,0.00,,,,0,0,0,0,0,0,0,0,0,0,0,0,,,,,,
Trey Smack,GB,K,28899321,waivers,@TB,18,11,26,17,14,0,,,,,0,,-,,,,0.00,,,,0,0,0,0,0,0,0,0,0,0,0,0,,,,,,
Trey Wolff,TEN,K,2962857,,@BAL,10,9,1,1,N/R,0,,,,,0,,-,,,,0.00,,,,0,0,0,0,0,0,0,0,0,0,0,0,,,,,,
Tucker McCann,TEN,K,3161134,,@BAL,10,9,1,1,N/R,0,,,,,0,,-,,,,0.00,,,,0,0,0,0,0,0,0,0,0,0,0,0,,,,,,
Younghoe Koo,NYJ,K,2820093,,ARI,28,13,1,1,N/R,1,,,,,9,,2.42,,,,14.50,,,,6,1,1,1,2,2,2,3,0,2,13,14,,,,,,
Zane Gonzalez,MIA,K,2061033,,@NO,22,6,1,1,N/R,0,,,,,22,,5.28,,,,47.50,,,,19,0,1,1,3,4,8,8,7,9,17,18,,,,,,
Aaron Rodgers,PIT,QB,419780,,@CLE,15,9,16,3,N/R,498,327,3322,24,7,21,61,2.9,1,1,4.00,64,,,,,,,,,,,,,,,,,,,,,
Adrian Martinez,SF,QB,2966360,,DEN,22,8,1,0,N/R,0,0,0,0,0,1,-1,-1.0,0,0,0.00,0,,,,,,,,,,,,,,,,,,,,,
Aidan O'Connell,LV,QB,2868716,,KC,2,13,1,1,N/R,22,10,102,0,0,1,7,7.0,0,0,0.00,0,,,,,,,,,,,,,,,,,,,,,
Alex McGough,GB,QB,2132602,,@TB,6,11,1,1,N/R,0,0,0,0,0,0,0,0.0,0,0,-,0,,,,,,,,,,,,,,,,,,,,,
Andrew Peasley,NYJ,QB,2966161,,@CHI,12,13,1,1,N/R,0,0,0,0,0,0,0,0.0,0,0,-,0,,,,,,,,,,,,,,,,,,,,,
Andy Dalton,PHI,QB,1125961,,DET,32,10,1,1,N/R,37,25,293,1,1,5,-2,-0.4,0,2,0.25,1,,,,,,,,,,,,,,,,,,,,,
Anthony Gordon,KC,QB,2251387,,@LV,16,5,1,1,N/R,0,0,0,0,0,0,0,0.0,0,0,-,0,,,,,,,,,,,,,,,,,,,,,
Anthony Richardson,IND,QB,3163263,,@WAS,31,13,2,1,N/R,2,1,9,0,0,4,-1,-0.2,0,0,0.00,0,,,,,,,,,,,,,,,,,,,,,
Athan Kaliakmanis,WAS,QB,26700919,,IND,30,7,1,1,N/R,0,0,0,0,0,0,0,0.0,0,0,-,0,,,,,,,,,,,,,,,,,,,,,
Austin Aune,ATL,QB,2053471,,@NO,14,11,1,0,N/R,0,0,0,0,0,0,0,0.0,0,0,-,0,,,,,,,,,,,,,,,,,,,,,
Austin Reed,BAL,QB,2967693,,TEN,1,13,1,0,N/R,0,0,0,0,0,0,0,0.0,0,0,-,0,,,,,,,,,,,,,,,,,,,,,
Bailey Zappe,NYJ,QB,2866483,,PIT,8,13,1,1,N/R,0,0,0,0,0,0,0,0.0,0,0,-,0,,,,,,,,,,,,,,,,,,,,,
Baker Mayfield,TB,QB,2080032,,GB,17,10,58,4,N/R,543,343,3693,26,11,55,382,7.0,1,3,4.41,75,,,,,,,,,,,,,,,,,,,,,
Behren Morton,NE,QB,26696177,,@BUF,28,11,1,0,N/R,0,0,0,0,0,0,0,0.0,0,0,-,0,,,,,,,,,,,,,,,,,,,,,
Ben Bryant,NYJ,QB,2961091,,@CHI,12,13,1,1,N/R,0,0,0,0,0,0,0,0.0,0,0,-,0,,,,,,,,,,,,,,,,,,,,,
Ben DiNucci,DEN,QB,2179411,,@SF,7,10,1,1,N/R,0,0,0,0,0,0,0,0.0,0,0,-,0,,,,,,,,,,,,,,,,,,,,,
Ben Wooldridge,NE,QB,2965115,,@BUF,28,11,1,1,N/R,0,0,0,0,0,0,0,0.0,0,0,-,0,,,,,,,,,,,,,,,,,,,,,
Brady Cook,MIA,QB,3163207,,@CHI,12,6,1,0,N/R,153,88,739,2,7,13,49,3.8,0,1,0.80,4,,,,,,,,,,,,,,,,,,,,,
Brandon Allen,NYG,QB,1852876,,@BAL,9,8,1,1,N/R,30,17,72,0,1,0,0,0.0,0,0,0.00,0,,,,,,,,,,,,,,,,,,,,,
Brandon Bridge,FA,QB,1776297,,BYE,---,0,1,1,N/R,0,0,0,0,0,0,0,0.0,0,0,-,0,,,,,,,,,,,,,,,,,,,,,
Brandon Peters,LAC,QB,2239738,,@SEA,4,7,1,1,N/R,0,0,0,0,0,0,0,0.0,0,0,-,0,,,,,,,,,,,,,,,,,,,,,
Brett Gabbert,MIA,QB,3123271,,@MIN,13,6,1,1,N/R,0,0,0,0,0,0,0,0.0,0,0,-,0,,,,,,,,,,,,,,,,,,,,,
Brett Rypien,HOU,QB,2181392,,MIA,21,8,1,0,N/R,0,0,0,0,0,0,0,0.0,0,0,0.00,0,,,,,,,,,,,,,,,,,,,,,
Brian Lewerke,NYG,QB,2186429,,ARI,29,8,0,0,N/R,0,0,0,0,0,0,0,0.0,0,0,-,0,,,,,,,,,,,,,,,,,,,,,
Bryce Perkins,CAR,QB,3159114,,DET,32,5,1,1,N/R,0,0,0,0,0,0,0,0.0,0,0,-,0,,,,,,,,,,,,,,,,,,,,,
C.J. Beathard,DET,QB,1998463,,@CAR,19,6,1,0,N/R,0,0,0,0,0,0,0,0.0,0,0,-,0,,,,,,,,,,,,,,,,,,,,,
C.J. Stroud,HOU,QB,3163079,waivers,DAL,26,8,79,42,21,423,273,3041,19,8,48,209,4.3,1,0,3.71,52,,,,,,,,,,,,,,,,,,,,,
Cade Klubnik,NYJ,QB,28874636,,@CHI,12,13,2,1,N/R,0,0,0,0,0,0,0,0.0,0,0,-,0,,,,,,,,,,,,,,,,,,,,,
Cam Miller,MIA,QB,3175318,,@MIN,13,6,1,1,N/R,0,0,0,0,0,0,0,0.0,0,0,-,0,,,,,,,,,,,,,,,,,,,,,
Cam Ward,TEN,QB,3168422,,@BAL,9,9,24,5,N/R,540,323,3169,15,7,39,159,4.1,2,7,2.29,39,,,,,,,,,,,,,,,,,,,,,
Carson Beck,ARI,QB,3163129,,@NYG,18,14,5,1,N/R,0,0,0,0,0,0,0,0.0,0,0,-,0,,,,,,,,,,,,,,,,,,,,,
Carson Strong,ARI,QB,2963002,,@NYG,18,14,1,0,N/R,0,0,0,0,0,0,0,0.0,0,0,-,0,,,,,,,,,,,,,,,,,,,,,
Carson Wentz,MIN,QB,1907522,,MIA,21,6,4,1,N/R,169,110,1216,6,5,11,57,5.2,0,0,3.20,16,,,,,,,,,,,,,,,,,,,,,
Carter Bradley,JAC,QB,2961526,,@CIN,27,7,1,0,N/R,0,0,0,0,0,0,0,0.0,0,0,-,0,,,,,,,,,,,,,,,,,,,,,
Case Cookus,LAR,QB,2194263,,@PHI,20,11,1,1,N/R,0,0,0,0,0,0,0,0.0,0,0,-,0,,,,,,,,,,,,,,,,,,,,,
Case Keenum,CHI,QB,1137118,,NYJ,3,10,13,7,N/R,0,0,0,0,0,0,0,0.0,0,0,-,0,,,,,,,,,,,,,,,,,,,,,
Casey Bauman,LAC,QB,2965414,,@SEA,4,7,1,1,N/R,0,0,0,0,0,0,0,0.0,0,0,-,0,,,,,,,,,,,,,,,,,,,,,
Chad Kanoff,TB,QB,2092376,,GB,17,10,1,1,N/R,0,0,0,0,0,0,0,0.0,0,0,-,0,,,,,,,,,,,,,,,,,,,,,
Chase Garbers,LV,QB,2770158,,KC,2,13,1,1,N/R,0,0,0,0,0,0,0,0.0,0,0,-,0,,,,,,,,,,,,,,,,,,,,,
Chase Litton,JAC,QB,2182351,,@CIN,27,7,1,0,N/R,0,0,0,0,0,0,0,0.0,0,0,-,0,,,,,,,,,,,,,,,,,,,,,
Chevan Cordeiro,SEA,QB,2968919,,LAC,24,11,0,0,N/R,0,0,0,0,0,0,0,0.0,0,0,-,0,,,,,,,,,,,,,,,,,,,,,
Chris Oladokun,KC,QB,2261701,,@LV,16,5,1,1,N/R,55,35,235,1,0,5,18,3.6,0,2,0.33,1,,,,,,,,,,,,,,,,,,,,,
Clayton Thorson,NYG,QB,2136556,,ARI,29,8,1,0,N/R,0,0,0,0,0,0,0,0.0,0,0,-,0,,,,,,,,,,,,,,,,,,,,,
Clayton Tune,GB,QB,2964808,,@TB,6,11,1,1,N/R,15,7,42,0,1,5,23,4.6,0,0,0.00,0,,,,,,,,,,,,,,,,,,,,,
Cody Fajardo,LV,QB,1749732,,KC,2,13,1,1,N/R,0,0,0,0,0,0,0,0.0,0,0,-,0,,,,,,,,,,,,,,,,,,,,,
Colby Suits,NYJ,QB,2966664,,@CHI,12,13,1,1,N/R,0,0,0,0,0,0,0,0.0,0,0,-,0,,,,,,,,,,,,,,,,,,,,,
Cole Kelley,WAS,QB,2247069,,IND,30,7,1,1,N/R,0,0,0,0,0,0,0,0.0,0,0,-,0,,,,,,,,,,,,,,,,,,,,,
Cole McDonald,ARI,QB,2257005,,@NYG,18,14,1,0,N/R,0,0,0,0,0,0,0,0.0,0,0,-,0,,,,,,,,,,,,,,,,,,,,,
Cole Payton,PHI,QB,26725861,,LAR,10,10,1,0,N/R,0,0,0,0,0,0,0,0.0,0,0,-,0,,,,,,,,,,,,,,,,,,,,,
Collin Klein,FA,QB,1630750,,BYE,---,0,1,1,N/R,0,0,0,0,0,0,0,0.0,0,0,-,0,,,,,,,,,,,,,,,,,,,,,
Connor Bazelak,TB,QB,3123601,,GB,17,10,1,1,N/R,0,0,0,0,0,0,0,0.0,0,0,-,0,,,,,,,,,,,,,,,,,,,,,
Cooper Rush,ATL,QB,2000176,,TEN,1,11,1,1,N/R,52,34,303,0,4,4,-4,-1.0,0,1,0.00,0,,,,,,,,,,,,,,,,,,,,,
D'Eriq King,CAR,QB,2247544,,DET,32,5,1,1,N/R,0,0,0,0,0,0,0,0.0,0,0,-,0,,,,,,,,,,,,,,,,,,,,,
DJ Uiagalelei,LAC,QB,3162292,,@SEA,4,7,1,1,N/R,0,0,0,0,0,0,0,0.0,0,0,-,0,,,,,,,,,,,,,,,,,,,,,
Dalyn Williams,CHI,QB,2241450,,NYJ,3,10,1,1,N/R,0,0,0,0,0,0,0,0.0,0,0,-,0,,,,,,,,,,,,,,,,,,,,,
Daniel Jones,IND,QB,2179245,,@WAS,31,13,44,14,22,384,261,3101,19,8,45,164,3.6,5,3,4.15,54,,,,,,,,,,,,,,,,,,,,,
Danny Etling,GB,QB,2060804,,@TB,6,11,1,1,N/R,0,0,0,0,0,0,0,0.0,0,0,-,0,,,,,,,,,,,,,,,,,,,,,
Davis Cheek,CAR,QB,2816170,,DET,32,5,0,0,N/R,0,0,0,0,0,0,0,0.0,0,0,-,0,,,,,,,,,,,,,,,,,,,,,
Davis Mills,HOU,QB,2867381,,DAL,26,8,1,1,N/R,159,91,915,5,1,13,60,4.6,1,0,2.17,13,,,,,,,,,,,,,,,,,,,,,
Derek Carr,NO,QB,1664819,,ATL,23,8,1,1,N/R,0,0,0,0,0,0,0,0.0,0,0,-,0,,,,,,,,,,,,,,,,,,,,,
Deshaun Watson,CLE,QB,2133482,,PIT,8,11,28,10,23,0,0,0,0,0,0,0,0.0,0,0,-,0,,,,,,,,,,,,,,,,,,,,,
Desmond Ridder,GB,QB,2864759,,MIA,21,11,1,1,N/R,0,0,0,0,0,0,0,0.0,0,0,-,0,,,,,,,,,,,,,,,,,,,,,
Devin Leary,BAL,QB,2964337,,TEN,1,13,1,0,N/R,0,0,0,0,0,0,0,0.0,0,0,-,0,,,,,,,,,,,,,,,,,,,,,
Diego Pavia,BAL,QB,28873851,,TEN,1,13,1,1,N/R,0,0,0,0,0,0,0,0.0,0,0,-,0,,,,,,,,,,,,,,,,,,,,,
Dillon Gabriel,CLE,QB,3121534,,PIT,8,11,1,1,N/R,185,110,937,7,2,14,86,6.1,0,0,1.10,11,,,,,,,,,,,,,,,,,,,,,
Dorian Thompson-Robinson,PHI,QB,2964729,,LAR,10,10,1,0,N/R,0,0,0,0,0,0,0,0.0,0,0,-,0,,,,,,,,,,,,,,,,,,,,,
Dresser Winn,LAR,QB,2828767,,@PHI,20,11,1,1,N/R,0,0,0,0,0,0,0,0.0,0,0,-,0,,,,,,,,,,,,,,,,,,,,,
Drew Allar,PIT,QB,28876938,,@CLE,15,9,3,1,N/R,0,0,0,0,0,0,0,0.0,0,0,-,0,,,,,,,,,,,,,,,,,,,,,
Drew Anderson,ARI,QB,3117010,,@NYG,18,14,1,1,N/R,0,0,0,0,0,0,0,0.0,0,0,-,0,,,,,,,,,,,,,,,,,,,,,
Drew Lock,SEA,QB,2185479,,LAC,24,11,5,1,N/R,3,2,15,0,0,6,-5,-0.8,0,0,0.00,0,,,,,,,,,,,,,,,,,,,,,
Drew Plitt,CIN,QB,2252376,,JAC,11,6,1,1,N/R,0,0,0,0,0,0,0,0.0,0,0,-,0,,,,,,,,,,,,,,,,,,,,,
Dustin Crum,KC,QB,2867334,,@LV,16,5,1,0,N/R,0,0,0,0,0,0,0,0.0,0,0,-,0,,,,,,,,,,,,,,,,,,,,,
E.J. Perry,JAC,QB,2804090,,@CIN,27,7,1,1,N/R,0,0,0,0,0,0,0,0.0,0,0,-,0,,,,,,,,,,,,,,,,,,,,,
Easton Stick,TB,QB,2137911,,@NO,14,10,1,1,N/R,0,0,0,0,0,0,0,0.0,0,0,-,0,,,,,,,,,,,,,,,,,,,,,
Emory Jones,ATL,QB,2967045,,@NO,14,11,1,1,N/R,0,0,0,0,0,0,0,0.0,0,0,-,0,,,,,,,,,,,,,,,,,,,,,
Eric Dungey,CIN,QB,3116821,,JAC,11,6,0,0,N/R,0,0,0,0,0,0,0,0.0,0,0,-,0,,,,,,,,,,,,,,,,,,,,,
Ethan Garbers,CAR,QB,3162542,,DET,32,5,1,1,N/R,0,0,0,0,0,0,0,0.0,0,0,-,0,,,,,,,,,,,,,,,,,,,,,
Felix Harper,CLE,QB,2261052,,PIT,8,11,0,0,N/R,0,0,0,0,0,0,0,0.0,0,0,-,0,,,,,,,,,,,,,,,,,,,,,
Fernando Mendoza,LV,QB,28916321,,KC,2,13,19,1,N/R,0,0,0,0,0,0,0,0.0,0,0,-,0,,,,,,,,,,,,,,,,,,,,,
Gardner Minshew,ARI,QB,2183083,,@LV,16,14,1,1,N/R,13,6,37,0,1,6,2,0.3,0,0,0.00,0,,,,,,,,,,,,,,,,,,,,,
Garrett Nussmeier,KC,QB,26701706,,@LV,16,5,1,1,N/R,0,0,0,0,0,0,0,0.0,0,0,-,0,,,,,,,,,,,,,,,,,,,,,
Gavin Hardison,MIA,QB,3133986,,@MIN,13,6,1,1,N/R,0,0,0,0,0,0,0,0.0,0,0,-,0,,,,,,,,,,,,,,,,,,,,,
Geno Smith,NYJ,QB,1700358,,KC,2,13,22,9,17,448,302,3025,19,17,41,109,2.7,0,1,2.93,44,,,,,,,,,,,,,,,,,,,,,
Graham Mertz,HOU,QB,3122664,,DAL,26,8,1,1,N/R,0,0,0,0,0,0,0,0.0,0,0,-,0,,,,,,,,,,,,,,,,,,,,,
Griffin Neal,NO,QB,2233463,,ATL,23,8,1,0,N/R,0,0,0,0,0,0,0,0.0,0,0,-,0,,,,,,,,,,,,,,,,,,,,,
Haynes King,CAR,QB,3162966,,DET,32,5,1,1,N/R,0,0,0,0,0,0,0,0.0,0,0,-,0,,,,,,,,,,,,,,,,,,,,,
Hendon Hooker,TEN,QB,2805110,,@CHI,12,9,1,0,N/R,0,0,0,0,0,0,0,0.0,0,0,-,0,,,,,,,,,,,,,,,,,,,,,
Holton Ahlers,SEA,QB,2962387,,LAC,24,11,1,1,N/R,0,0,0,0,0,0,0,0.0,0,0,-,0,,,,,,,,,,,,,,,,,,,,,
Hunter Dekkers,NO,QB,3164837,,ATL,23,8,1,1,N/R,0,0,0,0,0,0,0,0.0,0,0,-,0,,,,,,,,,,,,,,,,,,,,,
J.J. McCarthy,NYG,QB,26695214,,MIA,21,8,5,1,N/R,243,140,1632,11,12,37,181,4.9,4,2,2.60,26,,,,,,,,,,,,,,,,,,,,,
J.T. Barrett,PIT,QB,2060760,,@CLE,15,9,1,1,N/R,0,0,0,0,0,0,0,0.0,0,0,-,0,,,,,,,,,,,,,,,,,,,,,
Jack Coan,IND,QB,2804446,,@WAS,31,13,1,1,N/R,0,0,0,0,0,0,0,0.0,0,0,-,0,,,,,,,,,,,,,,,,,,,,,
Jack Plummer,CAR,QB,2961162,,DET,32,5,1,1,N/R,0,0,0,0,0,0,0,0.0,0,0,-,0,,,,,,,,,,,,,,,,,,,,,
Jack Strand,ATL,QB,50048640,,@NO,14,11,1,1,N/R,0,0,0,0,0,0,0,0.0,0,0,-,0,,,,,,,,,,,,,,,,,,,,,
Jacob Clark,LV,QB,3123588,,KC,2,13,0,0,N/R,0,0,0,0,0,0,0,0.0,0,0,-,0,,,,,,,,,,,,,,,,,,,,,
Jacob Sirmon,CLE,QB,2964138,,PIT,8,11,0,0,N/R,0,0,0,0,0,0,0,0.0,0,0,-,0,,,,,,,,,,,,,,,,,,,,,
Jacoby Brissett,ARI,QB,1877247,,@NYG,18,14,41,19,15,485,315,3366,23,8,38,168,4.4,1,4,4.79,67,,,,,,,,,,,,,,,,,,,,,
Jake Browning,TB,QB,2180355,,JAC,11,10,1,1,N/R,125,81,771,6,8,9,39,4.3,1,0,3.20,16,,,,,,,,,,,,,,,,,,,,,
Jake Dolegala,MIA,QB,3117019,,@MIN,13,6,1,1,N/R,0,0,0,0,0,0,0,0.0,0,0,-,0,,,,,,,,,,,,,,,,,,,,,
Jake Fromm,DET,QB,2803326,,@CAR,19,6,1,0,N/R,0,0,0,0,0,0,0,0.0,0,0,-,0,,,,,,,,,,,,,,,,,,,,,
Jake Haener,NYG,QB,2815170,,ATL,23,8,1,1,N/R,0,0,0,0,0,0,0,0.0,0,0,-,0,,,,,,,,,,,,,,,,,,,,,
Jalen Milroe,SEA,QB,26694943,,LAC,24,11,1,0,N/R,0,0,0,0,0,3,4,1.3,0,1,0.00,0,,,,,,,,,,,,,,,,,,,,,
Jalen Morton,IND,QB,3159098,,@WAS,31,13,1,1,N/R,0,0,0,0,0,0,0,0.0,0,0,-,0,,,,,,,,,,,,,,,,,,,,,
Jalon Daniels,TB,QB,3166688,,GB,17,10,8,2,N/R,0,0,0,0,0,0,0,0.0,0,0,-,0,,,,,,,,,,,,,,,,,,,,,
Jameis Winston,NYG,QB,1998197,,ARI,29,8,12,3,N/R,66,37,567,2,2,7,23,3.3,1,1,4.33,13,,,,,,,,,,,,,,,,,,,,,
James Blackman,MIA,QB,2866514,,@MIN,13,6,1,0,N/R,0,0,0,0,0,0,0,0.0,0,0,-,0,,,,,,,,,,,,,,,,,,,,,
James Morgan,ARI,QB,2180077,,@NYG,18,14,1,1,N/R,0,0,0,0,0,0,0,0.0,0,0,-,0,,,,,,,,,,,,,,,,,,,,,
Jamie Newman,PHI,QB,2223214,,LAR,10,10,1,1,N/R,0,0,0,0,0,0,0,0.0,0,0,-,0,,,,,,,,,,,,,,,,,,,,,
Jaren Hall,SEA,QB,2975722,,LAC,24,11,1,1,N/R,0,0,0,0,0,0,0,0.0,0,0,-,0,,,,,,,,,,,,,,,,,,,,,
Jarrett Guarantano,DEN,QB,2247508,,@SF,7,10,1,1,N/R,0,0,0,0,0,0,0,0.0,0,0,-,0,,,,,,,,,,,,,,,,,,,,,
Jarrett Stidham,DEN,QB,2180697,,@SF,7,10,1,1,N/R,0,0,0,0,0,1,-1,-1.0,0,0,0.00,0,,,,,,,,,,,,,,,,,,,,,
Jason Bean,IND,QB,2962302,,@WAS,31,13,1,1,N/R,0,0,0,0,0,0,0,0.0,0,0,-,0,,,,,,,,,,,,,,,,,,,,,
Jeff Driskel,WAS,QB,1824745,,IND,30,7,1,1,N/R,0,0,0,0,0,0,0,0.0,0,0,-,0,,,,,,,,,,,,,,,,,,,,,
Jimmy Garoppolo,LAR,QB,1760229,,@PHI,20,11,1,1,N/R,0,0,0,0,0,9,-10,-1.1,0,0,0.00,0,,,,,,,,,,,,,,,,,,,,,
Joe Fagnano,BAL,QB,3121127,,TEN,1,13,1,1,N/R,0,0,0,0,0,0,0,0.0,0,0,-,0,,,,,,,,,,,,,,,,,,,,,
Joe Flacco,CIN,QB,1250697,,JAC,11,6,2,1,N/R,416,251,2479,15,10,21,35,1.7,1,3,3.31,43,,,,,,,,,,,,,,,,,,,,,
Joe Milton III,DAL,QB,2962193,,@HOU,25,14,1,1,N/R,24,15,183,1,2,5,50,10.0,0,1,0.75,3,,,,,,,,,,,,,,,,,,,,,
Joey Aguilar,JAC,QB,29123610,,@CIN,27,7,1,1,N/R,0,0,0,0,0,0,0,0.0,0,0,-,0,,,,,,,,,,,,,,,,,,,,,
John Paddock,ATL,QB,2963887,,@NO,14,11,0,0,N/R,0,0,0,0,0,0,0,0.0,0,0,-,0,,,,,,,,,,,,,,,,,,,,,
John Wolford,MIN,QB,2983467,,MIA,21,6,1,1,N/R,0,0,0,0,0,0,0,0.0,0,0,-,0,,,,,,,,,,,,,,,,,,,,,
Jordan Ta'amu-Perifanos,MIN,QB,2758265,,MIA,21,6,1,0,N/R,0,0,0,0,0,0,0,0.0,0,0,-,0,,,,,,,,,,,,,,,,,,,,,
Josh Johnson,CIN,QB,1325808,,IND,30,6,1,1,N/R,54,34,372,1,2,12,55,4.6,1,1,0.60,3,,,,,,,,,,,,,,,,,,,,,
Josh Love,CAR,QB,3159112,,DET,32,5,0,0,N/R,0,0,0,0,0,0,0,0.0,0,0,-,0,,,,,,,,,,,,,,,,,,,,,
Josh Woodrum,WAS,QB,1893731,,IND,30,7,1,1,N/R,0,0,0,0,0,0,0,0.0,0,0,-,0,,,,,,,,,,,,,,,,,,,,,
Joshua Dobbs,DET,QB,2071844,,@BUF,28,6,1,1,N/R,10,7,65,0,0,10,-5,-0.5,0,0,0.00,0,,,,,,,,,,,,,,,,,,,,,
Justin Fields,KC,QB,1273205,,@CHI,12,5,2,1,N/R,204,128,1259,7,1,71,383,5.4,4,3,4.00,36,,,,,,,,,,,,,,,,,,,,,
K.J. Costello,NO,QB,2251134,,ATL,23,8,1,0,N/R,0,0,0,0,0,0,0,0.0,0,0,-,0,,,,,,,,,,,,,,,,,,,,,
Kedon Slovis,GB,QB,3123467,,@NYG,18,11,1,1,N/R,2,1,-2,0,0,0,0,0.0,0,0,0.00,0,,,,,,,,,,,,,,,,,,,,,
Kelly Bryant,FA,QB,2179210,,BYE,---,0,1,1,N/R,0,0,0,0,0,0,0,0.0,0,0,-,0,,,,,,,,,,,,,,,,,,,,,
Kenji Bahar,BAL,QB,2182974,,TEN,1,13,1,1,N/R,0,0,0,0,0,0,0,0.0,0,0,-,0,,,,,,,,,,,,,,,,,,,,,
Kenny Pickett,CAR,QB,2804969,,KC,2,5,1,1,N/R,45,28,188,1,2,5,22,4.4,0,1,0.33,2,,,,,,,,,,,,,,,,,,,,,
Kirk Cousins,LV,QB,1272574,,@NO,14,13,39,14,18,269,166,1721,10,5,14,7,0.5,1,1,2.10,21,,,,,,,,,,,,,,,,,,,,,
Kurtis Rourke,SF,QB,3122216,,DEN,22,8,1,1,N/R,0,0,0,0,0,0,0,0.0,0,0,-,0,,,,,,,,,,,,,,,,,,,,,
Kyle Allen,BUF,QB,2131782,,@CAR,19,7,1,1,N/R,2,0,0,0,0,3,-3,-1.0,0,0,0.00,0,,,,,,,,,,,,,,,,,,,,,
Kyle McCord,MIA,QB,26702687,,@MIN,13,6,1,1,N/R,0,0,0,0,0,0,0,0.0,0,0,-,0,,,,,,,,,,,,,,,,,,,,,
Kyle Shurmur,WAS,QB,2180561,,IND,30,7,1,0,N/R,0,0,0,0,0,0,0,0.0,0,0,-,0,,,,,,,,,,,,,,,,,,,,,
Kyle Sloter,JAC,QB,2820013,,@CIN,27,7,1,1,N/R,0,0,0,0,0,0,0,0.0,0,0,-,0,,,,,,,,,,,,,,,,,,,,,
Kyle Trask,CAR,QB,2221839,,DET,32,5,1,0,N/R,0,0,0,0,0,0,0,0.0,0,0,-,0,,,,,,,,,,,,,,,,,,,,,
Kyler Murray,MIN,QB,2180829,waivers,@NYG,18,6,80,39,19,161,110,962,6,3,29,173,6.0,1,1,2.80,14,,,,,,,,,,,,,,,,,,,,,
Kyron Drones,GB,QB,26698149,,@TB,6,11,1,0,N/R,0,0,0,0,0,0,0,0.0,0,0,-,0,,,,,,,,,,,,,,,,,,,,,
Levi Lewis,SEA,QB,2819874,,LAC,24,11,1,0,N/R,0,0,0,0,0,0,0,0.0,0,0,-,0,,,,,,,,,,,,,,,,,,,,,
Logan Woodside,ARI,QB,2060999,,@NYG,18,14,1,0,N/R,0,0,0,0,0,0,0,0.0,0,0,-,0,,,,,,,,,,,,,,,,,,,,,
Luis Perez,LAC,QB,2927085,,@SEA,4,7,1,0,N/R,0,0,0,0,0,0,0,0.0,0,0,-,0,,,,,,,,,,,,,,,,,,,,,
Luke Altmyer,DET,QB,26701853,,@CAR,19,6,1,1,N/R,0,0,0,0,0,0,0,0.0,0,0,-,0,,,,,,,,,,,,,,,,,,,,,
Mac Jones,SF,QB,2741202,,DEN,22,8,3,1,N/R,289,201,2151,13,6,36,60,1.7,0,2,3.00,33,,,,,,,,,,,,,,,,,,,,,
Malik Willis,MIA,QB,2804167,,@TB,6,6,34,4,N/R,35,30,422,3,0,22,123,5.6,2,1,3.75,15,,,,,,,,,,,,,,,,,,,,,
Manny Wilkins,GB,QB,2131504,,@TB,6,11,1,1,N/R,0,0,0,0,0,0,0,0.0,0,0,-,0,,,,,,,,,,,,,,,,,,,,,
Marcus Mariota,WAS,QB,1880862,,IND,30,7,13,6,14,227,139,1695,10,7,50,297,5.9,1,3,2.64,29,,,,,,,,,,,,,,,,,,,,,
Mark Gronowski,HOU,QB,26719097,,DAL,26,8,1,1,N/R,0,0,0,0,0,0,0,0.0,0,0,-,0,,,,,,,,,,,,,,,,,,,,,
Mason Rudolph,PIT,QB,2131167,,@CLE,15,9,1,1,N/R,52,38,310,2,2,7,6,0.9,0,1,0.40,2,,,,,,,,,,,,,,,,,,,,,
Matt Corral,MIN,QB,2961962,,MIA,21,6,1,1,N/R,0,0,0,0,0,0,0,0.0,0,0,-,0,,,,,,,,,,,,,,,,,,,,,
Matt Johnson,CIN,QB,1851039,,JAC,11,6,1,1,N/R,0,0,0,0,0,0,0,0.0,0,0,-,0,,,,,,,,,,,,,,,,,,,,,
Matthew Caldwell,LAR,QB,26724746,,@PHI,20,11,1,1,N/R,0,0,0,0,0,0,0,0.0,0,0,-,0,,,,,,,,,,,,,,,,,,,,,
Max Brosmer,MIN,QB,3122489,,MIA,21,6,1,0,N/R,71,47,328,0,4,7,11,1.6,0,1,0.00,0,,,,,,,,,,,,,,,,,,,,,
Max Duggan,LAC,QB,3120848,,@SEA,4,7,1,1,N/R,0,0,0,0,0,0,0,0.0,0,0,-,0,,,,,,,,,,,,,,,,,,,,,
Michael Penix Jr.,ATL,QB,2963496,,@NO,14,11,22,6,N/R,276,166,1982,9,3,21,70,3.3,1,2,2.78,25,,,,,,,,,,,,,,,,,,,,,
Michael Pratt,TB,QB,3163083,,GB,17,10,1,1,N/R,0,0,0,0,0,0,0,0.0,0,0,-,0,,,,,,,,,,,,,,,,,,,,,
Mike White,CAR,QB,2072143,,DET,32,5,1,0,N/R,0,0,0,0,0,0,0,0.0,0,0,-,0,,,,,,,,,,,,,,,,,,,,,
Miller Moss,CHI,QB,26696204,,NYJ,3,10,1,1,N/R,0,0,0,0,0,0,0,0.0,0,0,-,0,,,,,,,,,,,,,,,,,,,,,
Mitch Trubisky,TEN,QB,2060476,,NE,5,9,1,1,N/R,35,25,313,4,0,9,6,0.7,0,0,2.00,8,,,,,,,,,,,,,,,,,,,,,
Nate Stanley,MIN,QB,2251110,,MIA,21,6,1,1,N/R,0,0,0,0,0,0,0,0.0,0,0,-,0,,,,,,,,,,,,,,,,,,,,,
Nate Sudfeld,SF,QB,2001862,,DEN,22,8,1,0,N/R,0,0,0,0,0,0,0,0.0,0,0,-,0,,,,,,,,,,,,,,,,,,,,,
Nathan Rourke,ATL,QB,2818390,,@NO,14,11,1,0,N/R,0,0,0,0,0,0,0,0.0,0,0,-,0,,,,,,,,,,,,,,,,,,,,,
Nick Fitzgerald,TB,QB,2131743,,GB,17,10,1,1,N/R,0,0,0,0,0,0,0,0.0,0,0,-,0,,,,,,,,,,,,,,,,,,,,,
Nick Mullens,JAC,QB,2819104,,@CIN,27,7,1,1,N/R,3,3,19,0,0,12,-8,-0.7,0,0,0.00,0,,,,,,,,,,,,,,,,,,,,,
Nick Stevens,DEN,QB,2927394,,@SF,7,10,1,1,N/R,0,0,0,0,0,0,0,0.0,0,0,-,0,,,,,,,,,,,,,,,,,,,,,
Nolan Henderson,BAL,QB,2816145,,TEN,1,13,1,1,N/R,0,0,0,0,0,0,0,0.0,0,0,-,0,,,,,,,,,,,,,,,,,,,,,
Payton Thorne,CIN,QB,3132633,,JAC,11,6,1,1,N/R,0,0,0,0,0,0,0,0.0,0,0,-,0,,,,,,,,,,,,,,,,,,,,,
Philip Rivers,IND,QB,493041,,@WAS,31,13,1,1,N/R,92,58,544,4,3,2,-1,-0.5,0,0,2.67,8,,,,,,,,,,,,,,,,,,,,,
Phillip Sims,SEA,QB,2175073,,LAC,24,11,1,0,N/R,0,0,0,0,0,0,0,0.0,0,0,-,0,,,,,,,,,,,,,,,,,,,,,
Quinn Ewers,JAC,QB,26746721,,@MIN,13,7,1,1,N/R,83,55,622,3,3,8,19,2.4,0,0,2.25,9,,,,,,,,,,,,,,,,,,,,,
Reid Sinnett,CIN,QB,3159194,,JAC,11,6,1,1,N/R,0,0,0,0,0,0,0,0.0,0,0,-,0,,,,,,,,,,,,,,,,,,,,,
Riley Leonard,IND,QB,26699092,,@WAS,31,13,1,0,N/R,67,39,415,2,3,6,27,4.5,2,2,2.20,11,,,,,,,,,,,,,,,,,,,,,
Rocky Lombardi,CIN,QB,2867061,,JAC,11,6,1,1,N/R,0,0,0,0,0,0,0,0.0,0,0,-,0,,,,,,,,,,,,,,,,,,,,,
Russell Wilson,NYG,QB,1272242,,ARI,29,8,1,1,N/R,119,69,831,3,3,18,106,5.9,0,0,2.67,16,,,,,,,,,,,,,,,,,,,,,
Ryan Aplin,FA,QB,1631205,,BYE,---,0,1,1,N/R,0,0,0,0,0,0,0,0.0,0,0,-,0,,,,,,,,,,,,,,,,,,,,,
Ryan Williams,GB,QB,2219913,,@TB,6,11,1,1,N/R,0,0,0,0,0,0,0,0.0,0,0,-,0,,,,,,,,,,,,,,,,,,,,,
Ryan Willis,CHI,QB,2179571,,NYJ,3,10,0,0,N/R,0,0,0,0,0,0,0,0.0,0,0,-,0,,,,,,,,,,,,,,,,,,,,,
Sam Ehlinger,DEN,QB,2803330,,@SF,7,10,1,1,N/R,0,0,0,0,0,0,0,0.0,0,0,-,0,,,,,,,,,,,,,,,,,,,,,
Sam Hartman,WAS,QB,2965037,,IND,30,7,1,0,N/R,0,0,0,0,0,0,0,0.0,0,0,-,0,,,,,,,,,,,,,,,,,,,,,
Sam Howell,DAL,QB,3123797,,LAR,10,14,1,1,N/R,0,0,0,0,0,0,0,0.0,0,0,-,0,,,,,,,,,,,,,,,,,,,,,
Sean Clifford,CIN,QB,2868998,,JAC,11,6,1,0,N/R,0,0,0,0,0,0,0,0.0,0,0,-,0,,,,,,,,,,,,,,,,,,,,,
Seth Henigan,IND,QB,26697328,,@WAS,31,13,1,1,N/R,0,0,0,0,0,0,0,0.0,0,0,-,0,,,,,,,,,,,,,,,,,,,,,
Shane Buechele,BUF,QB,2240307,,@LV,16,7,1,0,N/R,14,7,88,0,0,1,4,4.0,0,0,0.00,0,,,,,,,,,,,,,,,,,,,,,
Shedeur Sanders,CLE,QB,26710004,,PIT,8,11,6,1,N/R,212,120,1400,7,10,21,169,8.1,1,1,3.38,27,,,,,,,,,,,,,,,,,,,,,
Skylar Thompson,BAL,QB,2239649,,@CLE,15,13,1,0,N/R,0,0,0,0,0,0,0,0.0,0,0,-,0,,,,,,,,,,,,,,,,,,,,,
Spencer Rattler,NO,QB,3125863,,ATL,23,8,1,1,N/R,257,174,1586,8,5,31,167,5.4,0,2,2.22,20,,,,,,,,,,,,,,,,,,,,,
Stetson Bennett,LAR,QB,2871628,,@PHI,20,11,1,1,N/R,0,0,0,0,0,0,0,0.0,0,0,-,0,,,,,,,,,,,,,,,,,,,,,
Steven Montez,DET,QB,2185536,,@CAR,19,6,1,1,N/R,0,0,0,0,0,0,0,0.0,0,0,-,0,,,,,,,,,,,,,,,,,,,,,
Tanner McKee,PHI,QB,2963945,,LAR,10,10,1,1,N/R,43,24,274,1,1,8,8,1.0,0,0,0.50,2,,,,,,,,,,,,,,,,,,,,,
Tanner Mordecai,SF,QB,2965998,,DEN,22,8,1,1,N/R,0,0,0,0,0,0,0,0.0,0,0,-,0,,,,,,,,,,,,,,,,,,,,,
Tanner Morgan,MIN,QB,2804401,,MIA,21,6,1,1,N/R,0,0,0,0,0,0,0,0.0,0,0,-,0,,,,,,,,,,,,,,,,,,,,,
Taryn Christion,PIT,QB,2183276,,@CLE,15,9,1,0,N/R,0,0,0,0,0,0,0,0.0,0,0,-,0,,,,,,,,,,,,,,,,,,,,,
Taylen Green,CLE,QB,26697553,,PIT,8,11,1,1,N/R,0,0,0,0,0,0,0,0.0,0,0,-,0,,,,,,,,,,,,,,,,,,,,,
Taylor Elgersma,GB,QB,29675766,,@TB,6,11,1,1,N/R,0,0,0,0,0,0,0,0.0,0,0,-,0,,,,,,,,,,,,,,,,,,,,,
Taylor Heinicke,LAC,QB,2174914,,@SEA,4,7,1,1,N/R,0,0,0,0,0,0,0,0.0,0,0,-,0,,,,,,,,,,,,,,,,,,,,,
Teddy Bridgewater,DET,QB,1825122,,GB,17,6,1,1,N/R,15,8,62,0,0,3,4,1.3,0,0,0.00,0,,,,,,,,,,,,,,,,,,,,,
Tim Boyle,TEN,QB,2071997,,@BAL,9,9,1,0,N/R,0,0,0,0,0,0,0,0.0,0,0,-,0,,,,,,,,,,,,,,,,,,,,,
Tim DeMorat,WAS,QB,2966739,,IND,30,7,1,1,N/R,0,0,0,0,0,0,0,0.0,0,0,-,0,,,,,,,,,,,,,,,,,,,,,
Tommy DeVito,NE,QB,2865426,,@BUF,28,11,1,1,N/R,0,0,0,0,0,0,0,0.0,0,0,-,0,,,,,,,,,,,,,,,,,,,,,
Trevor Siemian,ATL,QB,2174210,,@NO,14,11,1,0,N/R,0,0,0,0,0,0,0,0.0,0,0,-,0,,,,,,,,,,,,,,,,,,,,,
Trey Lance,LAC,QB,2969444,,@SEA,4,7,1,1,N/R,57,27,226,0,1,17,85,5.0,0,1,0.25,1,,,,,,,,,,,,,,,,,,,,,
Tua Tagovailoa,ATL,QB,2741209,,@MIN,13,11,6,1,N/R,384,260,2660,20,15,20,43,2.1,0,1,3.00,42,,,,,,,,,,,,,,,,,,,,,
Ty Simpson,LAR,QB,28878532,,@PHI,20,11,6,1,N/R,0,0,0,0,0,0,0,0.0,0,0,-,0,,,,,,,,,,,,,,,,,,,,,
Tyler Huntley,BAL,QB,3159137,,TEN,1,13,1,1,N/R,67,52,426,2,0,24,151,6.3,0,0,0.60,3,,,,,,,,,,,,,,,,,,,,,
Tyrod Taylor,GB,QB,1243338,,@CHI,12,11,1,1,N/R,134,80,779,5,5,27,143,5.3,1,1,2.17,13,,,,,,,,,,,,,,,,,,,,,
Tyson Bagent,CHI,QB,29081346,,NYJ,3,10,4,1,N/R,4,3,47,0,0,2,7,3.5,0,0,0.00,0,,,,,,,,,,,,,,,,,,,,,
Will Grier,CAR,QB,2131571,,DET,32,5,1,1,N/R,0,0,0,0,0,0,0,0.0,0,0,-,0,,,,,,,,,,,,,,,,,,,,,
Will Howard,PIT,QB,3162310,,@CLE,15,9,1,1,N/R,0,0,0,0,0,0,0,0.0,0,0,-,0,,,,,,,,,,,,,,,,,,,,,
Will Levis,NYJ,QB,2964377,,@CHI,12,13,1,1,N/R,0,0,0,0,0,0,0,0.0,0,0,-,0,,,,,,,,,,,,,,,,,,,,,
Zach Wilson,NO,QB,2960892,,@MIN,13,8,1,1,N/R,11,6,32,0,0,3,1,0.3,0,0,0.00,0,,,,,,,,,,,,,,,,,,,,,
Zack Annexstad,TB,QB,2961799,,GB,17,10,1,1,N/R,0,0,0,0,0,0,0,0.0,0,0,-,0,,,,,,,,,,,,,,,,,,,,,
A.J. Rose,LAR,RB,2245147,,@PHI,13,11,1,1,N/R,,,0,0,,0,0,0.0,0,0,0.0,0,0,0,-,,,,,,,,,,,,,,,,,,
AJ Dillon,CAR,RB,2867083,,LAR,11,5,5,1,N/R,,,60,0,,12,21,5.0,0,1,7.0,0,3,3,0.00,,,,,,,,,,,,,,,,,,
Aaron Dykes,MIN,RB,2964516,,MIA,28,6,1,1,N/R,,,0,0,,0,0,0.0,0,0,0.0,0,0,0,-,,,,,,,,,,,,,,,,,,
Aaron Shampklin,MIA,RB,2820186,,@MIN,4,6,1,0,N/R,,,0,0,,0,0,0.0,0,0,0.0,0,0,0,-,,,,,,,,,,,,,,,,,,
Abram Smith,MIN,RB,2807112,,MIA,28,6,1,0,N/R,,,0,0,,0,0,0.0,0,0,0.0,0,0,0,-,,,,,,,,,,,,,,,,,,
Aca'Cedric Ware,TB,RB,3127655,,GB,31,10,1,0,N/R,,,0,0,,0,0,0.0,0,0,0.0,0,0,0,-,,,,,,,,,,,,,,,,,,
Adam Choice,SEA,RB,2133458,,LAC,20,11,1,1,N/R,,,0,0,,0,0,0.0,0,0,0.0,0,0,0,-,,,,,,,,,,,,,,,,,,
Adam Prentice,DEN,RB,2188826,,@SF,21,10,1,1,N/R,,,44,0,,10,53,4.4,0,0,8.8,0,8,6,0.00,,,,,,,,,,,,,,,,,,
Adam Randall,BAL,RB,28878514,,TEN,23,13,6,1,N/R,,,0,0,,0,0,0.0,0,0,0.0,0,0,0,-,,,,,,,,,,,,,,,,,,
Ahmani Marshall,CAR,RB,3162108,,DET,8,5,1,1,N/R,,,0,0,,0,0,0.0,0,0,0.0,0,0,0,-,,,,,,,,,,,,,,,,,,
Aidan Robbins,CLE,RB,3123398,,PIT,22,11,1,1,N/R,,,0,0,,0,0,0.0,0,0,0.0,0,0,0,-,,,,,,,,,,,,,,,,,,
Al-Jay Henderson,NYJ,RB,26696811,,@CHI,24,13,0,0,N/R,,,0,0,,0,0,0.0,0,0,0.0,0,0,0,-,,,,,,,,,,,,,,,,,,
Alec Ingold,LAC,RB,2183930,,@MIN,4,7,1,1,N/R,,,9,0,,2,52,4.5,0,0,6.5,0,11,8,0.00,,,,,,,,,,,,,,,,,,
Alex Tecza,PIT,RB,28908694,,@CLE,10,9,0,0,N/R,,,0,0,,0,0,0.0,0,0,0.0,0,0,0,-,,,,,,,,,,,,,,,,,,
Alexander Mattison,MIA,RB,2257933,,@MIN,4,6,1,1,N/R,,,0,0,,0,0,0.0,0,0,0.0,0,0,0,-,,,,,,,,,,,,,,,,,,
Alfonzo Graham,PIT,RB,26745241,,@CLE,10,9,1,1,N/R,,,0,0,,0,0,0.0,0,0,0.0,0,0,0,-,,,,,,,,,,,,,,,,,,
Amar Johnson,LAC,RB,26745358,,@SEA,7,7,1,1,N/R,,,8,0,,2,0,4.0,0,0,0.0,0,1,0,0.00,,,,,,,,,,,,,,,,,,
Ameer Abdullah,JAC,RB,1824308,,@WAS,3,7,1,1,N/R,,,60,1,,14,99,4.3,0,1,6.2,1,17,16,0.08,,,,,,,,,,,,,,,,,,
Anderson Castle,IND,RB,3172308,,@WAS,3,13,1,1,N/R,,,0,0,,0,0,0.0,0,0,0.0,0,0,0,-,,,,,,,,,,,,,,,,,,
Andrew Beck,NYJ,RB,2131774,,@CHI,24,13,1,1,N/R,,,5,0,,1,45,5.0,2,0,7.5,2,9,6,0.12,,,,,,,,,,,,,,,,,,
Anthony Hankerson,SEA,RB,28900555,,LAC,20,11,1,1,N/R,,,0,0,,0,0,0.0,0,0,0.0,0,0,0,-,,,,,,,,,,,,,,,,,,
Anthony Tyus III,CAR,RB,26696862,,DET,8,5,1,1,N/R,,,0,0,,0,0,0.0,0,0,0.0,0,0,0,-,,,,,,,,,,,,,,,,,,
Antonio Gibson,NE,RB,2960976,,@BUF,26,11,1,1,N/R,,,106,1,,25,6,4.2,0,1,3.0,6,3,2,1.20,,,,,,,,,,,,,,,,,,
Audric Estime,NO,RB,26713577,,ATL,1,8,1,1,N/R,,,198,1,,46,103,4.3,0,0,8.6,8,13,12,1.14,,,,,,,,,,,,,,,,,,
Austin Ekeler,WAS,RB,2820090,,IND,29,7,3,1,N/R,,,43,0,,14,38,3.1,0,0,7.6,0,7,5,0.00,,,,,,,,,,,,,,,,,,
Austin Jones,WAS,RB,3121977,,IND,29,7,1,1,N/R,,,0,0,,0,0,0.0,0,0,0.0,0,0,0,-,,,,,,,,,,,,,,,,,,
Austin Ramesh,ARI,RB,2926510,,@NYG,18,14,1,1,N/R,,,0,0,,0,0,0.0,0,0,0.0,0,0,0,-,,,,,,,,,,,,,,,,,,
Avery Williams,NYJ,RB,2257948,,@CHI,24,13,1,1,N/R,,,0,0,,0,0,0.0,0,0,0.0,0,0,0,0.00,,,,,,,,,,,,,,,,,,
B.J. Baylor,ATL,RB,2868250,,@NO,27,11,1,1,N/R,,,0,0,,0,0,0.0,0,0,0.0,0,0,0,-,,,,,,,,,,,,,,,,,,
B.J. Catalon,FA,RB,1984363,,BYE,---,0,1,1,N/R,,,0,0,,0,0,0.0,0,0,0.0,0,0,0,-,,,,,,,,,,,,,,,,,,
BJ Emmons,HOU,RB,2252835,,DAL,25,8,1,1,N/R,,,0,0,,0,0,0.0,0,0,0.0,0,0,0,-,,,,,,,,,,,,,,,,,,
Barika Kpeenu,TB,RB,26726059,,GB,31,10,1,1,N/R,,,0,0,,0,0,0.0,0,0,0.0,0,0,0,-,,,,,,,,,,,,,,,,,,
Ben VanSumeren,KC,RB,2968491,,LAR,11,5,1,1,N/R,,,0,0,,0,0,0.0,0,0,0.0,0,0,0,0.00,,,,,,,,,,,,,,,,,,
Benny LeMay,CLE,RB,2258154,,PIT,22,11,1,1,N/R,,,0,0,,0,0,0.0,0,0,0.0,0,0,0,-,,,,,,,,,,,,,,,,,,
Blake Watson,TEN,RB,2963426,,@BAL,15,9,1,1,N/R,,,0,0,,0,0,0.0,0,0,0.0,0,0,0,-,,,,,,,,,,,,,,,,,,
Brady Russell,SEA,RB,2866240,,LAC,20,11,1,1,N/R,,,0,0,,0,0,0.0,0,0,0.0,0,1,0,0.00,,,,,,,,,,,,,,,,,,
Brandon Johnson,PIT,RB,2245903,,@CLE,10,9,0,0,N/R,,,0,0,,0,0,0.0,0,0,0.0,0,0,0,-,,,,,,,,,,,,,,,,,,
Brashard Smith,KC,RB,26694196,,@LV,14,5,2,1,N/R,,,151,0,,44,172,3.4,1,0,6.9,2,35,25,0.12,,,,,,,,,,,,,,,,,,
Brenden Knox,KC,RB,2864720,,@LV,14,5,1,1,N/R,,,0,0,,0,0,0.0,0,0,0.0,0,0,0,-,,,,,,,,,,,,,,,,,,
British Brooks,HOU,RB,2961993,,DAL,25,8,1,1,N/R,,,78,0,,17,0,4.6,0,0,0.0,0,0,0,0.00,,,,,,,,,,,,,,,,,,
Brittain Brown,CHI,RB,2249805,,NYJ,19,10,1,1,N/R,,,37,1,,5,0,7.4,0,0,0.0,3,1,0,1.00,,,,,,,,,,,,,,,,,,
Brock Lampe,SEA,RB,26701144,,LAC,20,11,1,1,N/R,,,0,0,,0,0,0.0,0,0,0.0,0,0,0,-,,,,,,,,,,,,,,,,,,
Bruce Anderson,IND,RB,2190739,,@WAS,3,13,1,1,N/R,,,0,0,,0,0,0.0,0,0,0.0,0,0,0,-,,,,,,,,,,,,,,,,,,
Bryant Koback,SEA,RB,2803780,,LAC,20,11,1,1,N/R,,,0,0,,0,0,0.0,0,0,0.0,0,0,0,-,,,,,,,,,,,,,,,,,,
Bryce Love,WAS,RB,2186835,,IND,29,7,1,0,N/R,,,0,0,,0,0,0.0,0,0,0.0,0,0,0,-,,,,,,,,,,,,,,,,,,
C.J. Ham,MIN,RB,2237239,,MIA,28,6,1,1,N/R,,,5,2,,3,11,1.7,0,0,5.5,2,2,2,0.18,,,,,,,,,,,,,,,,,,
CJ Donaldson,NO,RB,28900249,,ATL,1,8,1,1,N/R,,,0,0,,0,0,0.0,0,0,0.0,0,0,0,-,,,,,,,,,,,,,,,,,,
CJ Marable,NE,RB,2239828,,@BUF,26,11,0,0,N/R,,,0,0,,0,0,0.0,0,0,0.0,0,0,0,-,,,,,,,,,,,,,,,,,,
CJ Verdell,IND,RB,2866324,,@WAS,3,13,1,0,N/R,,,0,0,,0,0,0.0,0,0,0.0,0,0,0,-,,,,,,,,,,,,,,,,,,
Calvin Tyler Jr.,CIN,RB,2870612,,JAC,6,6,1,1,N/R,,,0,0,,0,0,0.0,0,0,0.0,0,0,0,-,,,,,,,,,,,,,,,,,,
Cam Akers,SEA,RB,2804034,,LAC,20,11,1,1,N/R,,,19,0,,5,0,3.8,0,0,0.0,3,1,0,0.50,,,,,,,,,,,,,,,,,,
Cameron Scarlett,SEA,RB,3161136,,LAC,20,11,1,1,N/R,,,0,0,,0,0,0.0,0,0,0.0,0,0,0,-,,,,,,,,,,,,,,,,,,
Camerun Peoples,CAR,RB,2967422,,DET,8,5,1,0,N/R,,,0,0,,0,0,0.0,0,0,0.0,0,0,0,-,,,,,,,,,,,,,,,,,,
Carlos Washington Jr.,MIA,RB,2867377,,@NO,27,6,1,1,N/R,,,0,0,,0,0,0.0,0,0,0.0,0,0,0,0.00,,,,,,,,,,,,,,,,,,
Carson Steele,PHI,RB,26698435,,LAR,11,10,1,1,N/R,,,0,0,,0,0,0.0,0,0,0.0,0,0,0,-,,,,,,,,,,,,,,,,,,
Cash Jones,ATL,RB,26738725,,@NO,27,11,1,1,N/R,,,0,0,,0,0,0.0,0,0,0.0,0,0,0,-,,,,,,,,,,,,,,,,,,
Charles McClelland,TEN,RB,2965633,,@BAL,15,9,1,0,N/R,,,0,0,,0,0,0.0,0,0,0.0,0,0,0,-,,,,,,,,,,,,,,,,,,
Chase Edmonds,WAS,RB,2137507,,IND,29,7,1,1,N/R,,,0,0,,0,0,0.0,0,0,0.0,0,0,0,0.00,,,,,,,,,,,,,,,,,,
Chip Trayanum,NYJ,RB,3162240,,@CHI,24,13,1,1,N/R,,,0,0,,0,0,0.0,0,0,0.0,0,0,0,-,,,,,,,,,,,,,,,,,,
Chris Collier,LV,RB,3161765,,KC,9,13,1,1,N/R,,,0,0,,0,0,0.0,0,0,0.0,0,0,0,-,,,,,,,,,,,,,,,,,,
Chris Evans,CIN,RB,2260647,,JAC,6,6,1,1,N/R,,,0,0,,0,0,0.0,0,0,0.0,0,0,0,-,,,,,,,,,,,,,,,,,,
Chris Smith,SEA,RB,2962556,,LAC,20,11,1,1,N/R,,,0,0,,0,0,0.0,0,0,0.0,0,0,0,-,,,,,,,,,,,,,,,,,,
Christian Wade,BUF,RB,3114045,,NE,17,7,1,0,N/R,,,0,0,,0,0,0.0,0,0,0.0,0,0,0,-,,,,,,,,,,,,,,,,,,
Christopher Brooks,GB,RB,2962350,,@TB,5,11,14,1,N/R,,,106,0,,27,91,3.9,0,0,7.0,0,17,13,0.00,,,,,,,,,,,,,,,,,,
Christopher Ezeala,BAL,RB,2926929,,TEN,23,13,0,0,N/R,,,0,0,,0,0,0.0,0,0,0.0,0,0,0,-,,,,,,,,,,,,,,,,,,
Clint Ratkovich,ATL,RB,2241761,,@NO,27,11,0,0,N/R,,,0,0,,0,0,0.0,0,0,0.0,0,0,0,-,,,,,,,,,,,,,,,,,,
Clyde Edwards-Helaire,KC,RB,2804554,,@LV,14,5,1,1,N/R,,,13,0,,7,9,1.9,0,0,4.5,0,2,2,0.00,,,,,,,,,,,,,,,,,,
Cody Schrader,DEN,RB,28876935,,@SF,21,10,1,0,N/R,,,0,0,,0,0,0.0,0,0,0.0,0,0,0,0.00,,,,,,,,,,,,,,,,,,
Coleman Bennett,MIA,RB,3163724,,@MIN,4,6,1,1,N/R,,,0,0,,0,0,0.0,0,0,0.0,0,0,0,-,,,,,,,,,,,,,,,,,,
Cordarrelle Patterson,PIT,RB,1996183,,@CLE,10,9,1,1,N/R,,,0,0,,0,0,0.0,0,0,0.0,0,0,0,-,,,,,,,,,,,,,,,,,,
Corey Kiner,NE,RB,26698879,,@NYG,18,11,1,1,N/R,,,58,0,,12,15,4.8,0,0,7.5,0,3,2,0.00,,,,,,,,,,,,,,,,,,
Corey Taylor II,CLE,RB,26734864,,PIT,22,11,0,0,N/R,,,0,0,,0,0,0.0,0,0,0.0,0,0,0,-,,,,,,,,,,,,,,,,,,
Craig Reynolds,WAS,RB,3117134,,@CAR,32,7,1,1,N/R,,,4,0,,3,0,1.3,0,0,0.0,0,0,0,0.00,,,,,,,,,,,,,,,,,,
D'Ernest Johnson,TEN,RB,3117165,,@BUF,26,9,1,1,N/R,,,25,0,,14,0,1.8,0,0,0.0,0,0,0,0.00,,,,,,,,,,,,,,,,,,
D'Onta Foreman,CLE,RB,2139847,,PIT,22,11,1,1,N/R,,,0,0,,0,0,0.0,0,0,0.0,0,0,0,-,,,,,,,,,,,,,,,,,,
DJ Giddens,IND,RB,26695679,,@WAS,3,13,2,1,N/R,,,96,0,,26,0,3.7,0,0,0.0,0,2,0,0.00,,,,,,,,,,,,,,,,,,
DJ Herman,MIA,RB,26734114,,@MIN,4,6,1,1,N/R,,,0,0,,0,0,0.0,0,0,0.0,0,0,0,-,,,,,,,,,,,,,,,,,,
DJ Williams,TB,RB,3122835,,GB,31,10,1,1,N/R,,,0,0,,0,0,0.0,0,0,0.0,0,0,0,-,,,,,,,,,,,,,,,,,,
DK Kaufman,SEA,RB,3161707,,LAC,20,11,0,0,N/R,,,0,0,,0,0,0.0,0,0,0.0,0,0,0,-,,,,,,,,,,,,,,,,,,
Daijun Edwards,PIT,RB,3163944,,@CLE,10,9,1,1,N/R,,,0,0,,0,0,0.0,0,0,0.0,0,0,0,-,,,,,,,,,,,,,,,,,,
Dameon Pierce,PHI,RB,2964236,,@LV,14,10,1,1,N/R,,,36,0,,14,0,2.6,0,0,0.0,0,1,0,0.00,,,,,,,,,,,,,,,,,,
Damien Martinez,GB,RB,28873395,,@TB,5,11,1,1,N/R,,,0,0,,0,0,0.0,0,0,0.0,0,0,0,-,,,,,,,,,,,,,,,,,,
Damon Bankston,GB,RB,26725313,,@TB,5,11,1,1,N/R,,,0,0,,0,0,0.0,0,0,0.0,0,0,0,-,,,,,,,,,,,,,,,,,,
Dante Miller,NYG,RB,2961818,,ARI,16,8,1,1,N/R,,,0,0,,0,0,0.0,0,0,0.0,0,0,0,-,,,,,,,,,,,,,,,,,,
Dare Ogunbowale,HOU,RB,2010409,,DAL,25,8,1,1,N/R,,,25,1,,11,76,2.3,0,1,7.6,1,13,10,0.06,,,,,,,,,,,,,,,,,,
Darius Anderson,HOU,RB,2240319,,DAL,25,8,1,1,N/R,,,0,0,,0,0,0.0,0,0,0.0,0,0,0,-,,,,,,,,,,,,,,,,,,
Darius Clark,CAR,RB,26642430,,DET,8,5,1,1,N/R,,,0,0,,0,0,0.0,0,0,0.0,0,0,0,-,,,,,,,,,,,,,,,,,,
Darius Hagans,PIT,RB,29113333,,@CLE,10,9,1,1,N/R,,,0,0,,0,0,0.0,0,0,0.0,0,0,0,-,,,,,,,,,,,,,,,,,,
Darnell Holland,NO,RB,3117071,,ATL,1,8,1,1,N/R,,,0,0,,0,0,0.0,0,0,0.0,0,0,0,-,,,,,,,,,,,,,,,,,,
Darrin Hall,PIT,RB,3116786,,@CLE,10,9,1,1,N/R,,,0,0,,0,0,0.0,0,0,0.0,0,0,0,-,,,,,,,,,,,,,,,,,,
Darrynton Evans,BUF,RB,2240806,,NE,17,7,1,1,N/R,,,0,0,,0,0,0.0,0,0,0.0,0,0,0,-,,,,,,,,,,,,,,,,,,
Davon Booth,IND,RB,29122230,,@WAS,3,13,1,0,N/R,,,0,0,,0,0,0.0,0,0,0.0,0,0,0,-,,,,,,,,,,,,,,,,,,
De'Montre Tuggle,CHI,RB,3125318,,NYJ,19,10,1,1,N/R,,,0,0,,0,0,0.0,0,0,0.0,0,0,0,-,,,,,,,,,,,,,,,,,,
DeAndre Torrey,PHI,RB,2960960,,LAR,11,10,1,1,N/R,,,0,0,,0,0,0.0,0,0,0.0,0,0,0,-,,,,,,,,,,,,,,,,,,
DeWayne McBride,MIN,RB,3168024,,MIA,28,6,1,1,N/R,,,0,0,,0,0,0.0,0,0,0.0,0,0,0,-,,,,,,,,,,,,,,,,,,
Dean Connors,LAR,RB,28874921,,@PHI,13,11,1,1,N/R,,,0,0,,0,0,0.0,0,0,0.0,0,0,0,-,,,,,,,,,,,,,,,,,,
Dedrick Mills,DET,RB,2239541,,@CAR,32,6,0,0,N/R,,,0,0,,0,0,0.0,0,0,0.0,0,0,0,-,,,,,,,,,,,,,,,,,,
Dee Hart,FA,RB,1824784,,BYE,---,0,1,0,N/R,,,0,0,,0,0,0.0,0,0,0.0,0,0,0,-,,,,,,,,,,,,,,,,,,
DeeJay Dallas,MIN,RB,2804094,,@CIN,12,6,2,1,N/R,,,21,0,,3,0,7.0,0,0,0.0,0,1,0,0.00,,,,,,,,,,,,,,,,,,
Deion Hankins,CHI,RB,3133199,,NYJ,19,10,1,1,N/R,,,0,0,,0,0,0.0,0,0,0.0,0,0,0,-,,,,,,,,,,,,,,,,,,
Demario Richard,ATL,RB,2131493,,@NO,27,11,1,1,N/R,,,0,0,,0,0,0.0,0,0,0.0,0,0,0,-,,,,,,,,,,,,,,,,,,
Demetric Felton,WAS,RB,2240193,,IND,29,7,1,1,N/R,,,0,0,,0,0,0.0,0,0,0.0,0,0,0,-,,,,,,,,,,,,,,,,,,
Demond Claiborne,MIN,RB,28883197,,MIA,28,6,8,1,N/R,,,0,0,,0,0,0.0,0,0,0.0,0,0,0,-,,,,,,,,,,,,,,,,,,
Deneric Prince,NE,RB,2964540,,@BUF,26,11,1,1,N/R,,,0,0,,0,0,0.0,0,0,0.0,0,0,0,-,,,,,,,,,,,,,,,,,,
Deon Jackson,DET,RB,2866237,,@CAR,32,6,1,1,N/R,,,0,0,,0,0,0.0,0,0,0.0,0,0,0,-,,,,,,,,,,,,,,,,,,
Deshaun Fenwick,GB,RB,2965278,,@TB,5,11,1,0,N/R,,,0,0,,0,0,0.0,0,0,0.0,0,0,0,-,,,,,,,,,,,,,,,,,,
Desmond Reid,BUF,RB,28911101,,NE,17,7,1,1,N/R,,,0,0,,0,0,0.0,0,0,0.0,0,0,0,-,,,,,,,,,,,,,,,,,,
Deuce Vaughn,HOU,RB,3168666,,DAL,25,8,1,1,N/R,,,0,0,,0,0,0.0,0,0,0.0,0,0,0,-,,,,,,,,,,,,,,,,,,
Devin Neal,NO,RB,26703005,,ATL,1,8,1,1,N/R,,,206,2,,57,104,3.6,0,0,6.1,3,19,17,0.30,,,,,,,,,,,,,,,,,,
Devin Singletary,NYG,RB,2241251,,ARI,16,8,12,1,N/R,,,437,5,,119,151,3.7,0,0,8.4,13,19,18,0.76,,,,,,,,,,,,,,,,,,
Devon Ramsay,FA,RB,1243006,,BYE,---,0,1,1,N/R,,,0,0,,0,0,0.0,0,0,0.0,0,0,0,-,,,,,,,,,,,,,,,,,,
Dillon Johnson,CAR,RB,3171023,,DET,8,5,1,1,N/R,,,0,0,,0,0,0.0,0,0,0.0,0,0,0,-,,,,,,,,,,,,,,,,,,
Dominic Richardson,NYJ,RB,3161882,,@CHI,24,13,1,1,N/R,,,0,0,,0,0,0.0,0,0,0.0,0,0,0,-,,,,,,,,,,,,,,,,,,
Donovan Edwards,MIA,RB,26697211,,@MIN,4,6,1,1,N/R,,,0,0,,0,0,0.0,0,0,0.0,0,0,0,-,,,,,,,,,,,,,,,,,,
Dontae McMillan,BAL,RB,3121365,,TEN,23,13,1,0,N/R,,,0,0,,0,0,0.0,0,0,0.0,0,0,0,-,,,,,,,,,,,,,,,,,,
Dy'Shawn Mobley,CIN,RB,1995653,,JAC,6,6,1,1,N/R,,,0,0,,0,0,0.0,0,0,0.0,0,0,0,-,,,,,,,,,,,,,,,,,,
Dylan Laube,LV,RB,2964322,,KC,9,13,1,1,N/R,,,9,0,,7,18,1.3,0,1,6.0,0,4,3,0.00,,,,,,,,,,,,,,,,,,
Dylan Sampson,CLE,RB,28912068,waivers,PIT,22,11,20,1,N/R,,,175,0,,65,271,2.7,2,1,8.2,9,40,33,0.60,,,,,,,,,,,,,,,,,,
EJ Smith,KC,RB,3163764,,@LV,14,5,1,0,N/R,,,0,0,,0,0,0.0,0,0,0.0,0,0,0,-,,,,,,,,,,,,,,,,,,
Eli Heidenreich,PIT,RB,28901170,,@CLE,10,9,3,1,N/R,,,0,0,,0,0,0.0,0,0,0.0,0,0,0,-,,,,,,,,,,,,,,,,,,
Eli Wilson,CLE,RB,3172301,,PIT,22,11,1,1,N/R,,,0,0,,0,0,0.0,0,0,0.0,0,0,0,-,,,,,,,,,,,,,,,,,,
Elijah Collins,CIN,RB,2961847,,JAC,6,6,0,0,N/R,,,0,0,,0,0,0.0,0,0,0.0,0,0,0,-,,,,,,,,,,,,,,,,,,
Elijah Dotson,ATL,RB,2830007,,@NO,27,11,1,0,N/R,,,0,0,,0,0,0.0,0,0,0.0,0,0,0,-,,,,,,,,,,,,,,,,,,
Elijah Mitchell,PHI,RB,2819876,,@LV,14,10,1,1,N/R,,,0,0,,0,0,0.0,0,0,0.0,0,1,0,0.00,,,,,,,,,,,,,,,,,,
Elijah Tau-Tolliver,BAL,RB,26697830,,TEN,23,13,1,1,N/R,,,0,0,,0,0,0.0,0,0,0.0,0,0,0,-,,,,,,,,,,,,,,,,,,
Elijah Young,BUF,RB,3161976,,NE,17,7,1,1,N/R,,,0,0,,0,0,0.0,0,0,0.0,0,0,0,-,,,,,,,,,,,,,,,,,,
Ellis Merriweather,GB,RB,3161644,,@TB,5,11,1,1,N/R,,,0,0,,0,0,0.0,0,0,0.0,0,0,0,-,,,,,,,,,,,,,,,,,,
Emani Bailey,CAR,RB,3164304,,DET,8,5,1,1,N/R,,,0,0,,0,0,0.0,0,0,0.0,0,0,0,-,,,,,,,,,,,,,,,,,,
Emari Demercado,DAL,RB,2964372,,@NYG,18,14,8,1,N/R,,,312,0,,44,101,7.1,1,1,7.8,5,20,13,0.38,,,,,,,,,,,,,,,,,,
Eric Gray,CLE,RB,3123569,,ARI,16,11,1,1,N/R,,,0,0,,0,0,0.0,0,0,0.0,0,0,0,0.00,,,,,,,,,,,,,,,,,,
Evan Hull,ARI,RB,3124679,,ATL,1,14,1,1,N/R,,,48,0,,19,6,2.5,0,0,6.0,0,1,1,0.00,,,,,,,,,,,,,,,,,,
Frank Gore Jr.,BUF,RB,3172189,,NE,17,7,1,1,N/R,,,0,0,,0,0,0.0,0,0,0.0,0,0,0,-,,,,,,,,,,,,,,,,,,
Garrett Groshek,MIN,RB,2251875,,MIA,28,6,1,1,N/R,,,0,0,,0,0,0.0,0,0,0.0,0,0,0,-,,,,,,,,,,,,,,,,,,
Gary Brightwell,CIN,RB,2870531,,JAC,6,6,1,1,N/R,,,0,0,,0,0,0.0,0,0,0.0,0,0,0,0.00,,,,,,,,,,,,,,,,,,
George Aston,NYG,RB,3116741,,ARI,16,8,1,1,N/R,,,0,0,,0,0,0.0,0,0,0.0,0,0,0,-,,,,,,,,,,,,,,,,,,
George Holani,SEA,RB,3131661,,LAC,20,11,6,1,N/R,,,73,1,,22,15,3.3,0,1,7.5,2,2,2,0.18,,,,,,,,,,,,,,,,,,
Gerrid Doaks,HOU,RB,2240551,,DAL,25,8,1,0,N/R,,,0,0,,0,0,0.0,0,0,0.0,0,0,0,-,,,,,,,,,,,,,,,,,,
Grant Finley,NYG,RB,50063058,,ARI,16,8,1,1,N/R,,,0,0,,0,0,0.0,0,0,0.0,0,0,0,-,,,,,,,,,,,,,,,,,,
Greg Bell,PIT,RB,3137978,,@CLE,10,9,1,1,N/R,,,0,0,,0,0,0.0,0,0,0.0,0,0,0,-,,,,,,,,,,,,,,,,,,
Greg Desrosiers Jr.,LAC,RB,26697079,,@SEA,7,7,1,1,N/R,,,0,0,,0,0,0.0,0,0,0.0,0,0,0,-,,,,,,,,,,,,,,,,,,
Gus Edwards,LAC,RB,2925410,,@SEA,7,7,1,1,N/R,,,0,0,,0,0,0.0,0,0,0.0,0,0,0,-,,,,,,,,,,,,,,,,,,
Hassan Hall,ARI,RB,2960978,,@NYG,18,14,1,0,N/R,,,0,0,,0,0,0.0,0,0,0.0,0,0,0,-,,,,,,,,,,,,,,,,,,
Hassan Haskins,NE,RB,2968506,,@SEA,7,11,1,1,N/R,,,47,0,,17,13,2.8,0,0,3.2,0,4,4,0.00,,,,,,,,,,,,,,,,,,
Hunter Luepke,DAL,RB,2969438,,@HOU,2,14,1,1,N/R,,,71,0,,16,109,4.4,1,0,8.4,1,15,13,0.06,,,,,,,,,,,,,,,,,,
Ian Wheeler,BUF,RB,3126061,,NE,17,7,1,1,N/R,,,0,0,,0,0,0.0,0,0,0.0,0,0,0,-,,,,,,,,,,,,,,,,,,
Isaac Guerendo,SF,RB,2964154,,DEN,30,8,1,1,N/R,,,0,0,,0,0,0.0,0,0,0.0,0,0,0,0.00,,,,,,,,,,,,,,,,,,
Isaiah Bowser,BUF,RB,2966767,,NE,17,7,1,1,N/R,,,0,0,,0,0,0.0,0,0,0.0,0,0,0,-,,,,,,,,,,,,,,,,,,
Isaiah Davis,NYJ,RB,26718641,,@CHI,24,13,5,1,N/R,,,236,1,,43,186,5.5,0,0,8.9,6,28,21,0.38,,,,,,,,,,,,,,,,,,
Isaiah Spiller,LV,RB,3131703,,KC,9,13,1,1,N/R,,,0,0,,0,0,0.0,0,0,0.0,0,0,0,-,,,,,,,,,,,,,,,,,,
Isi Sofele,FA,RB,1679913,,BYE,---,0,1,0,N/R,,,0,0,,0,0,0.0,0,0,0.0,0,0,0,-,,,,,,,,,,,,,,,,,,
Isiah Pacheco,DET,RB,2966551,,@LV,14,6,23,1,N/R,,,462,1,,118,101,3.9,1,0,5.3,4,26,19,0.31,,,,,,,,,,,,,,,,,,
Israel Abanikanda,DAL,RB,3163291,,@HOU,2,14,1,1,N/R,,,0,0,,0,0,0.0,0,0,0.0,0,0,0,-,,,,,,,,,,,,,,,,,,
J'Mari Taylor,JAC,RB,26726239,,@CIN,12,7,1,0,N/R,,,0,0,,0,0,0.0,0,0,0.0,0,0,0,-,,,,,,,,,,,,,,,,,,
J.C. Copeland,NYJ,RB,1752358,,@CHI,24,13,0,0,N/R,,,0,0,,0,0,0.0,0,0,0.0,0,0,0,-,,,,,,,,,,,,,,,,,,
J.J. Taylor,HOU,RB,2252786,,DAL,25,8,1,0,N/R,,,0,0,,0,0,0.0,0,0,0.0,0,0,0,-,,,,,,,,,,,,,,,,,,
Ja'Quinden Jackson,PHI,RB,3168195,,LAR,11,10,0,0,N/R,,,0,0,,0,0,0.0,0,0,0.0,0,0,0,-,,,,,,,,,,,,,,,,,,
JaMycal Hasty,NE,RB,2189504,,@BUF,26,11,1,1,N/R,,,0,0,,0,0,0.0,0,0,0.0,0,0,0,-,,,,,,,,,,,,,,,,,,
Jabari Small,DET,RB,3171876,,@CAR,32,6,1,1,N/R,,,0,0,,0,0,0.0,0,0,0.0,0,0,0,-,,,,,,,,,,,,,,,,,,
Jacardia Wright,SEA,RB,3124997,,LAC,20,11,1,1,N/R,,,20,0,,5,0,4.0,0,0,0.0,0,0,0,0.00,,,,,,,,,,,,,,,,,,
Jack Colletto,PIT,RB,2962220,,@CLE,10,9,1,1,N/R,,,0,0,,0,0,0.0,0,0,0.0,0,0,0,-,,,,,,,,,,,,,,,,,,
Jackson Acker,BUF,RB,26726610,,NE,17,7,1,1,N/R,,,0,0,,0,0,0.0,0,0,0.0,0,0,0,-,,,,,,,,,,,,,,,,,,
Jacob Saylors,DET,RB,2976071,,@CAR,32,6,2,1,N/R,,,11,0,,2,0,5.5,0,0,0.0,0,0,0,0.00,,,,,,,,,,,,,,,,,,
Jaden Nixon,GB,RB,26727476,,@TB,5,11,1,1,N/R,,,0,0,,0,0,0.0,0,0,0.0,0,0,0,-,,,,,,,,,,,,,,,,,,
Jaden Shirden,CAR,RB,26693614,,DET,8,5,1,1,N/R,,,0,0,,0,0,0.0,0,0,0.0,0,0,0,-,,,,,,,,,,,,,,,,,,
Jakob Johnson,HOU,RB,3114047,,DAL,25,8,1,1,N/R,,,0,0,,0,0,0.0,0,0,0.0,0,0,0,0.00,,,,,,,,,,,,,,,,,,
Jaleel McLaughlin,CLE,RB,26725939,,@SF,21,11,1,1,N/R,,,187,1,,37,27,5.0,0,0,6.8,1,6,4,0.12,,,,,,,,,,,,,,,,,,
Jalen Jackson,JAC,RB,2968156,,@CIN,12,7,1,1,N/R,,,0,0,,0,0,0.0,0,0,0.0,0,0,0,-,,,,,,,,,,,,,,,,,,
Jalen White,GB,RB,3166561,,@TB,5,11,1,1,N/R,,,0,0,,0,0,0.0,0,0,0.0,0,0,0,-,,,,,,,,,,,,,,,,,,
Jam Miller,NE,RB,28875653,,@BUF,26,11,1,1,N/R,,,0,0,,0,0,0.0,0,0,0.0,0,0,0,-,,,,,,,,,,,,,,,,,,
Jamaal Williams,NO,RB,2001287,,ATL,1,8,1,1,N/R,,,0,0,,0,0,0.0,0,0,0.0,0,0,0,-,,,,,,,,,,,,,,,,,,
Jamal Haynes,CIN,RB,26698534,,JAC,6,6,1,0,N/R,,,0,0,,0,0,0.0,0,0,0.0,0,0,0,-,,,,,,,,,,,,,,,,,,
James Butler,LV,RB,2164714,,KC,9,13,1,0,N/R,,,0,0,,0,0,0.0,0,0,0.0,0,0,0,-,,,,,,,,,,,,,,,,,,
Jared Baker,ARI,RB,1824667,,@NYG,18,14,1,1,N/R,,,0,0,,0,0,0.0,0,0,0.0,0,0,0,-,,,,,,,,,,,,,,,,,,
Jaret Patterson,MIN,RB,2964701,,@SEA,7,6,1,1,N/R,,,159,1,,41,8,3.9,0,0,2.7,1,4,3,0.17,,,,,,,,,,,,,,,,,,
Jarquez Hunter,MIA,RB,26700820,,@PHI,13,6,1,1,N/R,,,0,0,,0,0,0.0,0,0,0.0,0,0,0,0.00,,,,,,,,,,,,,,,,,,
Jarveon Howard,BUF,RB,2965481,,NE,17,7,1,0,N/R,,,0,0,,0,0,0.0,0,0,0.0,0,0,0,-,,,,,,,,,,,,,,,,,,
Jase McClellan,TB,RB,3162688,,GB,31,10,1,1,N/R,,,0,0,,0,0,0.0,0,0,0.0,0,0,0,-,,,,,,,,,,,,,,,,,,
Jashaun Corbin,DAL,RB,2965967,,@HOU,2,14,1,1,N/R,,,0,0,,0,0,0.0,0,0,0.0,0,0,0,-,,,,,,,,,,,,,,,,,,
Javian Hawkins,LAR,RB,2965989,,@PHI,13,11,1,0,N/R,,,0,0,,0,0,0.0,0,0,0.0,0,0,0,-,,,,,,,,,,,,,,,,,,
Jawhar Jordan,HOU,RB,3121704,,DAL,25,8,1,1,N/R,,,193,0,,43,34,4.5,0,0,4.9,4,7,7,1.00,,,,,,,,,,,,,,,,,,
Jawon Chisholm,PIT,RB,2185207,,@CLE,10,9,1,0,N/R,,,0,0,,0,0,0.0,0,0,0.0,0,0,0,-,,,,,,,,,,,,,,,,,,
Jaydn Ott,KC,RB,28876778,,@LV,14,5,1,1,N/R,,,0,0,,0,0,0.0,0,0,0.0,0,0,0,-,,,,,,,,,,,,,,,,,,
Jaydon Blue,PHI,RB,28875227,,@HOU,2,10,2,1,N/R,,,129,1,,38,5,3.4,0,0,5.0,2,1,1,0.40,,,,,,,,,,,,,,,,,,
Jeff Wilson,MIA,RB,2925161,,@MIN,4,6,1,1,N/R,,,0,0,,0,0,0.0,0,0,0.0,0,0,0,0.00,,,,,,,,,,,,,,,,,,
Jeremy McNichols,WAS,RB,2139987,,IND,29,7,1,1,N/R,,,221,1,,44,196,5.0,0,1,7.8,7,31,25,0.41,,,,,,,,,,,,,,,,,,
Jermar Jefferson,MIN,RB,2964472,,@NYG,18,6,1,1,N/R,,,0,0,,0,0,0.0,0,0,0.0,0,0,0,0.00,,,,,,,,,,,,,,,,,,
Jerome Ford,MIN,RB,2966543,,PIT,22,6,1,1,N/R,,,73,0,,24,103,3.0,0,0,4.0,0,32,26,0.00,,,,,,,,,,,,,,,,,,
Jerrion Ealy,KC,RB,3126859,,@LV,14,5,1,1,N/R,,,0,0,,0,0,0.0,0,0,0.0,0,0,0,-,,,,,,,,,,,,,,,,,,
Joe Mixon,HOU,RB,2131143,,DAL,25,8,1,1,N/R,,,0,0,,0,0,0.0,0,0,0.0,0,0,0,-,,,,,,,,,,,,,,,,,,
John Kelly,CLE,RB,2180519,,PIT,22,11,1,1,N/R,,,0,0,,0,0,0.0,0,0,0.0,0,0,0,-,,,,,,,,,,,,,,,,,,
John Lovett,PIT,RB,2868681,,@CLE,10,9,1,1,N/R,,,0,0,,0,0,0.0,0,0,0.0,0,0,0,-,,,,,,,,,,,,,,,,,,
Jonathan Ward,BAL,RB,3159088,,TEN,23,13,1,1,N/R,,,0,0,,0,0,0.0,0,0,0.0,0,0,0,-,,,,,,,,,,,,,,,,,,
Jordan Byrd,PIT,RB,2969002,,@CLE,10,9,1,1,N/R,,,0,0,,0,0,0.0,0,0,0.0,0,0,0,-,,,,,,,,,,,,,,,,,,
Jordan Ellis,CIN,RB,2139040,,JAC,6,6,1,0,N/R,,,0,0,,0,0,0.0,0,0,0.0,0,0,0,-,,,,,,,,,,,,,,,,,,
Jordan James,SF,RB,28916212,,DEN,30,8,12,1,N/R,,,0,0,,0,0,0.0,0,0,0.0,0,0,0,0.00,,,,,,,,,,,,,,,,,,
Jordan Mims,PHI,RB,2804786,,@BAL,15,10,1,1,N/R,,,0,0,,0,0,0.0,0,0,0.0,0,0,0,0.00,,,,,,,,,,,,,,,,,,
Jordan Waters,LAR,RB,3124649,,@PHI,13,11,1,1,N/R,,,0,0,,0,0,0.0,0,0,0.0,0,0,0,-,,,,,,,,,,,,,,,,,,
Josh Hokit,ARI,RB,2257897,,@NYG,18,14,1,1,N/R,,,0,0,,0,0,0.0,0,0,0.0,0,0,0,-,,,,,,,,,,,,,,,,,,
Josh Pitsenberger,HOU,RB,28938986,,DAL,25,8,1,1,N/R,,,0,0,,0,0,0.0,0,0,0.0,0,0,0,-,,,,,,,,,,,,,,,,,,
Josh Williams,TB,RB,3121241,,GB,31,10,1,1,N/R,,,11,0,,4,0,2.8,0,0,0.0,0,0,0,0.00,,,,,,,,,,,,,,,,,,
Joshua Kelley,TEN,RB,2183195,,@BAL,15,9,1,1,N/R,,,0,0,,0,0,0.0,0,0,0.0,0,0,0,-,,,,,,,,,,,,,,,,,,
Julius Chestnut,TEN,RB,2967664,,@BAL,15,9,1,1,N/R,,,40,0,,11,0,3.6,0,0,0.0,0,2,0,0.00,,,,,,,,,,,,,,,,,,
Justice Hill,BAL,RB,2250388,,TEN,23,13,19,1,N/R,,,93,2,,18,169,5.2,1,0,8.1,10,27,21,1.00,,,,,,,,,,,,,,,,,,
Justin Jones,SEA,RB,3172156,,LAC,20,11,1,1,N/R,,,0,0,,0,0,0.0,0,0,0.0,0,0,0,-,,,,,,,,,,,,,,,,,,
Kadarius Calloway,TB,RB,29123778,,GB,31,10,1,1,N/R,,,0,0,,0,0,0.0,0,0,0.0,0,0,0,-,,,,,,,,,,,,,,,,,,
Kairee Robinson,SEA,RB,3121812,,LAC,20,11,1,1,N/R,,,0,0,,0,0,0.0,0,0,0.0,0,0,0,-,,,,,,,,,,,,,,,,,,
Kaleb Johnson,GB,RB,28875572,,@CLE,10,11,17,1,45,,,69,0,,28,9,2.5,0,0,9.0,0,2,1,0.00,,,,,,,,,,,,,,,,,,
Kalel Mullings,TEN,RB,3169471,,@BAL,15,9,1,1,N/R,,,7,0,,3,0,2.3,0,0,0.0,0,0,0,0.00,,,,,,,,,,,,,,,,,,
Kamryn Pettway,MIN,RB,2139794,,MIA,28,6,1,1,N/R,,,0,0,,0,0,0.0,0,0,0.0,0,0,0,-,,,,,,,,,,,,,,,,,,
Karan Higdon,HOU,RB,2185711,,DAL,25,8,1,1,N/R,,,0,0,,0,0,0.0,0,0,0.0,0,0,0,-,,,,,,,,,,,,,,,,,,
Kareem Hunt,KC,RB,2079567,,@LV,14,5,1,1,N/R,,,611,8,,163,143,3.8,1,1,7.9,14,25,18,0.82,,,,,,,,,,,,,,,,,,
Kay'ron Lynch-Adams,CAR,RB,3127817,,DET,8,5,1,1,N/R,,,0,0,,0,0,0.0,0,0,0.0,0,0,0,-,,,,,,,,,,,,,,,,,,
Kaytron Allen,WAS,RB,28875485,,IND,29,7,8,1,N/R,,,0,0,,0,0,0.0,0,0,0.0,0,0,0,-,,,,,,,,,,,,,,,,,,
Ke'Shawn Vaughn,SF,RB,2179704,,DEN,30,8,1,1,N/R,,,0,0,,0,0,0.0,0,0,0.0,0,0,0,-,,,,,,,,,,,,,,,,,,
Keaontay Ingram,KC,RB,2962791,,@LV,14,5,1,1,N/R,,,0,0,,0,0,0.0,0,0,0.0,0,0,0,-,,,,,,,,,,,,,,,,,,
Keaton Mitchell,LAC,RB,3164710,,TEN,23,7,43,3,38,,,341,1,,59,63,5.8,0,0,7.0,4,12,9,0.31,,,,,,,,,,,,,,,,,,
Keilan Robinson,NYJ,RB,3121310,,@CHI,24,13,1,1,N/R,,,0,0,,0,0,0.0,0,0,0.0,0,0,0,-,,,,,,,,,,,,,,,,,,
Kejon Owens,MIN,RB,3165466,,MIA,28,6,1,0,N/R,,,0,0,,0,0,0.0,0,0,0.0,0,0,0,-,,,,,,,,,,,,,,,,,,
Kendall Milton,CIN,RB,3162977,,JAC,6,6,1,1,N/R,,,2,0,,2,0,1.0,0,0,0.0,0,0,0,0.00,,,,,,,,,,,,,,,,,,
Kendre Miller,NO,RB,3162256,,ATL,1,8,27,5,37,,,193,1,,47,30,4.1,0,0,6.0,3,5,5,0.43,,,,,,,,,,,,,,,,,,
Kene Nwangwu,NYJ,RB,2261254,,@CHI,24,13,1,1,N/R,,,49,0,,13,0,3.8,0,0,0.0,5,1,0,0.42,,,,,,,,,,,,,,,,,,
Kennedy Brooks,PHI,RB,2867341,,LAR,11,10,1,0,N/R,,,0,0,,0,0,0.0,0,0,0.0,0,0,0,-,,,,,,,,,,,,,,,,,,
Kenneth Harper,NYG,RB,2175119,,ARI,16,8,1,0,N/R,,,0,0,,0,0,0.0,0,0,0.0,0,0,0,-,,,,,,,,,,,,,,,,,,
Kenny McIntosh,SEA,RB,3121460,,LAC,20,11,1,1,N/R,,,0,0,,0,0,0.0,0,0,0.0,0,0,0,-,,,,,,,,,,,,,,,,,,
Kentrel Bullock,CIN,RB,3168827,,JAC,6,6,1,1,N/R,,,0,0,,0,0,0.0,0,0,0.0,0,0,0,-,,,,,,,,,,,,,,,,,,
Kevin Harris,JAC,RB,3122797,,@CIN,12,7,1,1,N/R,,,0,0,,0,0,0.0,0,0,0.0,0,0,0,-,,,,,,,,,,,,,,,,,,
Kevin Marks Jr.,LAC,RB,2868972,,@SEA,7,7,1,0,N/R,,,0,0,,0,0,0.0,0,0,0.0,0,0,0,-,,,,,,,,,,,,,,,,,,
Khalan Laborn,SF,RB,2867448,,DEN,30,8,1,0,N/R,,,0,0,,0,0,0.0,0,0,0.0,0,0,0,-,,,,,,,,,,,,,,,,,,
Khalfani Muhammad,ARI,RB,2818380,,@NYG,18,14,1,1,N/R,,,0,0,,0,0,0.0,0,0,0.0,0,0,0,-,,,,,,,,,,,,,,,,,,
Khalil Herbert,SF,RB,2253041,,@CHI,24,8,1,1,N/R,,,52,0,,16,4,3.2,0,0,4.0,0,4,1,0.00,,,,,,,,,,,,,,,,,,
Kimani Vidal,LAC,RB,3163421,,@SEA,7,7,7,1,N/R,,,643,3,,155,136,4.2,1,0,8.5,23,22,16,1.77,,,,,,,,,,,,,,,,,,
Kobe Lewis,SEA,RB,2962483,,LAC,20,11,1,1,N/R,,,0,0,,0,0,0.0,0,0,0.0,0,0,0,-,,,,,,,,,,,,,,,,,,
Kye Robichaux,DET,RB,26705587,,@CAR,32,6,1,0,N/R,,,0,0,,0,0,0.0,0,0,0.0,0,0,0,-,,,,,,,,,,,,,,,,,,
Kyle Juszczyk,SF,RB,1683145,,DEN,30,8,2,1,N/R,,,-3,0,,2,213,-1.5,2,0,8.9,2,28,24,0.12,,,,,,,,,,,,,,,,,,
LaVance Taylor,KC,RB,2185128,,@LV,14,5,1,0,N/R,,,0,0,,0,0,0.0,0,0,0.0,0,0,0,-,,,,,,,,,,,,,,,,,,
Lan Larison,NE,RB,3161645,,@BUF,26,11,1,1,N/R,,,0,0,,0,0,0.0,0,0,0.0,0,0,0,-,,,,,,,,,,,,,,,,,,
Lawrance Toafili,NYJ,RB,3164862,,@CHI,24,13,1,0,N/R,,,0,0,,0,0,0.0,0,0,0.0,0,0,0,-,,,,,,,,,,,,,,,,,,
Le'Veon Moss,MIA,RB,28923721,,@MIN,4,6,1,0,N/R,,,0,0,,0,0,0.0,0,0,0.0,0,0,0,-,,,,,,,,,,,,,,,,,,
LeQuint Allen,JAC,RB,28877884,,@CIN,12,7,1,1,N/R,,,94,0,,23,54,4.1,0,0,5.4,0,11,10,0.00,,,,,,,,,,,,,,,,,,
Leddie Brown,LAC,RB,2963315,,@SEA,7,7,1,0,N/R,,,0,0,,0,0,0.0,0,0,0.0,0,0,0,-,,,,,,,,,,,,,,,,,,
Lew Nichols,PIT,RB,3121706,,@CLE,10,9,1,0,N/R,,,0,0,,0,0,0.0,0,0,0.0,0,0,0,0.00,,,,,,,,,,,,,,,,,,
Lincoln Pare,IND,RB,3162885,,@WAS,3,13,1,1,N/R,,,0,0,,0,0,0.0,0,0,0.0,0,0,0,-,,,,,,,,,,,,,,,,,,
Lorenzo Lingard,NYG,RB,2966652,,ARI,16,8,1,1,N/R,,,0,0,,0,0,0.0,0,0,0.0,0,0,0,-,,,,,,,,,,,,,,,,,,
Louis Rees-Zammit,JAC,RB,29375761,,@CIN,12,7,1,1,N/R,,,0,0,,0,0,0.0,0,0,0.0,0,0,0,-,,,,,,,,,,,,,,,,,,
Lucas Scott,BAL,RB,26728625,,TEN,23,13,1,1,N/R,,,0,0,,0,0,0.0,0,0,0.0,0,0,0,-,,,,,,,,,,,,,,,,,,
Malik Davis,DAL,RB,2773009,,@HOU,2,14,5,1,N/R,,,250,2,,52,16,4.8,0,0,8.0,8,5,2,0.80,,,,,,,,,,,,,,,,,,
Marcus Major,BAL,RB,3125801,,TEN,23,13,1,1,N/R,,,0,0,,0,0,0.0,0,0,0.0,0,0,0,-,,,,,,,,,,,,,,,,,,
Marcus Yarns,NO,RB,26728267,,ATL,1,8,1,0,N/R,,,0,0,,0,0,0.0,0,0,0.0,0,0,0,-,,,,,,,,,,,,,,,,,,
Mark Thompson,LV,RB,2925520,,KC,9,13,1,0,N/R,,,0,0,,0,0,0.0,0,0,0.0,0,0,0,-,,,,,,,,,,,,,,,,,,
Markese Stepp,NYJ,RB,2965517,,@CHI,24,13,1,1,N/R,,,0,0,,0,0,0.0,0,0,0.0,0,0,0,-,,,,,,,,,,,,,,,,,,
Mason Stokke,CAR,RB,2251890,,DET,8,5,1,1,N/R,,,0,0,,0,0,0.0,0,0,0.0,0,0,0,-,,,,,,,,,,,,,,,,,,
Master Teague III,PIT,RB,2962320,,@CLE,10,9,1,0,N/R,,,0,0,,0,0,0.0,0,0,0.0,0,0,0,-,,,,,,,,,,,,,,,,,,
Mataeo Durant,PIT,RB,2966697,,@CLE,10,9,1,0,N/R,,,0,0,,0,0,0.0,0,0,0.0,0,0,0,-,,,,,,,,,,,,,,,,,,
Matt Colburn,JAC,RB,3117152,,@CIN,12,7,1,0,N/R,,,0,0,,0,0,0.0,0,0,0.0,0,0,0,-,,,,,,,,,,,,,,,,,,
Max Borghi,PIT,RB,2965014,,@CLE,10,9,1,1,N/R,,,0,0,,0,0,0.0,0,0,0.0,0,0,0,-,,,,,,,,,,,,,,,,,,
Max Hurleman,PIT,RB,3163775,,@CLE,10,9,1,0,N/R,,,0,0,,0,0,0.0,0,0,0.0,0,0,0,-,,,,,,,,,,,,,,,,,,
Micah Bernard,NE,RB,3122912,,@BUF,26,11,1,1,N/R,,,0,0,,0,0,0.0,0,0,0.0,0,0,0,-,,,,,,,,,,,,,,,,,,
Michael Burton,CLE,RB,1759407,,PIT,22,11,1,1,N/R,,,0,0,,0,0,0.0,0,0,0.0,0,0,0,-,,,,,,,,,,,,,,,,,,
Michael Carter,TEN,RB,2804075,,@NYG,18,9,1,1,N/R,,,333,1,,92,267,3.6,0,0,8.1,4,45,33,0.31,,,,,,,,,,,,,,,,,,
Michael Dyer,LV,RB,2080283,,KC,9,13,1,1,N/R,,,0,0,,0,0,0.0,0,0,0.0,0,0,0,-,,,,,,,,,,,,,,,,,,
Michael Wiley,TB,RB,3128079,,GB,31,10,1,1,N/R,,,0,0,,0,0,0.0,0,0,0.0,0,0,0,-,,,,,,,,,,,,,,,,,,
Mike Boone,MIA,RB,2925551,,@MIN,4,6,1,1,N/R,,,0,0,,0,0,0.0,0,0,0.0,0,0,0,-,,,,,,,,,,,,,,,,,,
Mike Weber,NYG,RB,2179830,,ARI,16,8,1,0,N/R,,,0,0,,0,0,0.0,0,0,0.0,0,0,0,-,,,,,,,,,,,,,,,,,,
Mikey Daniel,CAR,RB,2195033,,DET,8,5,0,0,N/R,,,0,0,,0,0,0.0,0,0,0.0,0,0,0,-,,,,,,,,,,,,,,,,,,
Miles Davis,CAR,RB,3174323,,DET,8,5,1,1,N/R,,,0,0,,0,0,0.0,0,0,0.0,0,0,0,-,,,,,,,,,,,,,,,,,,
Miles Sanders,DAL,RB,2251305,,@HOU,2,14,1,1,N/R,,,117,1,,20,30,5.8,0,1,3.8,1,8,8,0.25,,,,,,,,,,,,,,,,,,
Montel Harris,FA,RB,1630429,,BYE,---,0,1,1,N/R,,,0,0,,0,0,0.0,0,0,0.0,0,0,0,-,,,,,,,,,,,,,,,,,,
Montrell Johnson Jr.,CAR,RB,26699807,,DET,8,5,1,1,N/R,,,0,0,,0,0,0.0,0,0,0.0,0,0,0,-,,,,,,,,,,,,,,,,,,
Myles Gaskin,SEA,RB,2180360,,LAC,20,11,1,1,N/R,,,6,0,,3,0,2.0,0,0,0.0,0,0,0,0.00,,,,,,,,,,,,,,,,,,
Myles Montgomery,NE,RB,26703126,,@BUF,26,11,1,1,N/R,,,0,0,,0,0,0.0,0,0,0.0,0,0,0,-,,,,,,,,,,,,,,,,,,
Najee Harris,NYG,RB,2741200,,@SEA,7,8,15,1,N/R,,,61,0,,15,25,4.1,0,0,8.3,0,3,3,0.00,,,,,,,,,,,,,,,,,,
Nate Carter,KC,RB,3163182,,@NO,27,5,1,1,N/R,,,60,0,,9,0,6.7,0,1,0.0,0,0,0,0.00,,,,,,,,,,,,,,,,,,
Nate Noel,IND,RB,3172309,,@WAS,3,13,1,1,N/R,,,0,0,,0,0,0.0,0,0,0.0,0,0,0,-,,,,,,,,,,,,,,,,,,
Nathaniel Peat,DAL,RB,3121003,,@HOU,2,14,1,1,N/R,,,0,0,,0,0,0.0,0,0,0.0,0,0,0,-,,,,,,,,,,,,,,,,,,
Nay'Quan Wright,IND,RB,3125818,,@WAS,3,13,1,1,N/R,,,0,0,,0,0,0.0,0,0,0.0,0,0,0,-,,,,,,,,,,,,,,,,,,
Nicholas Singleton,TEN,RB,28876754,,@BAL,15,9,9,1,N/R,,,0,0,,0,0,0.0,0,0,0.0,0,0,0,-,,,,,,,,,,,,,,,,,,
Nick Brossette,DET,RB,2180613,,@CAR,32,6,1,1,N/R,,,0,0,,0,0,0.0,0,0,0.0,0,0,0,-,,,,,,,,,,,,,,,,,,
Nick Chubb,HOU,RB,2131579,,DAL,25,8,1,1,N/R,,,506,3,,122,67,4.2,0,0,5.2,9,20,13,0.60,,,,,,,,,,,,,,,,,,
Nick Sharga,LV,RB,2925439,,KC,9,13,0,0,N/R,,,0,0,,0,0,0.0,0,0,0.0,0,0,0,-,,,,,,,,,,,,,,,,,,
Nico Evans,PHI,RB,2131958,,LAR,11,10,1,0,N/R,,,0,0,,0,0,0.0,0,0,0.0,0,0,0,-,,,,,,,,,,,,,,,,,,
Noah Cain,CIN,RB,3122713,,JAC,6,6,1,1,N/R,,,0,0,,0,0,0.0,0,0,0.0,0,0,0,-,,,,,,,,,,,,,,,,,,
Noah Whittington,HOU,RB,3161758,,DAL,25,8,1,1,N/R,,,0,0,,0,0,0.0,0,0,0.0,0,0,0,-,,,,,,,,,,,,,,,,,,
Nyheim Miller-Hines,NO,RB,2183832,,ATL,1,8,1,1,N/R,,,-2,0,,2,0,-1.0,0,0,0.0,0,0,0,0.00,,,,,,,,,,,,,,,,,,
Otis Anderson,LAR,RB,2804600,,@PHI,13,11,1,1,N/R,,,0,0,,0,0,0.0,0,0,0.0,0,0,0,-,,,,,,,,,,,,,,,,,,
Owen Wright,HOU,RB,2818062,,GB,31,8,1,1,N/R,,,6,0,,3,0,2.0,0,0,0.0,0,0,0,0.00,,,,,,,,,,,,,,,,,,
Patrick Carr,SEA,RB,3159195,,LAC,20,11,1,1,N/R,,,0,0,,0,0,0.0,0,0,0.0,0,0,0,-,,,,,,,,,,,,,,,,,,
Patrick Ricard,NYG,RB,2818911,,TEN,23,8,1,1,N/R,,,3,0,,1,8,3.0,0,0,8.0,0,2,1,0.00,,,,,,,,,,,,,,,,,,
Patrick Taylor,SF,RB,2256736,,DEN,30,8,1,1,N/R,,,0,0,,0,0,0.0,0,0,0.0,0,0,0,-,,,,,,,,,,,,,,,,,,
Pete Guerriero,PIT,RB,3172327,,@CLE,10,9,1,1,N/R,,,0,0,,0,0,0.0,0,0,0.0,0,0,0,-,,,,,,,,,,,,,,,,,,
Phil Mafah,NYG,RB,26695049,,@HOU,2,8,1,1,N/R,,,18,1,,5,11,3.6,0,0,5.5,1,2,2,1.00,,,,,,,,,,,,,,,,,,
Pierre Strong Jr.,GB,RB,2819247,,@TB,5,11,1,1,N/R,,,0,0,,0,0,0.0,0,0,0.0,0,0,0,-,,,,,,,,,,,,,,,,,,
Quali Conley,CIN,RB,3164735,,JAC,6,6,1,1,N/R,,,0,0,,0,0,0.0,0,0,0.0,0,0,0,-,,,,,,,,,,,,,,,,,,
RJ Harvey,DEN,RB,3121207,waivers,@SF,21,10,89,14,29,,,540,7,,146,356,3.7,5,1,7.6,27,58,47,1.59,,,,,,,,,,,,,,,,,,
Raheem Blackshear,DET,RB,2870476,,@CHI,24,6,1,1,N/R,,,0,0,,0,0,0.0,0,0,0.0,0,0,0,-,,,,,,,,,,,,,,,,,,
Raheem Mostert,LV,RB,2174957,,KC,9,13,1,1,N/R,,,104,0,,22,70,4.7,0,0,5.8,1,12,12,0.08,,,,,,,,,,,,,,,,,,
Raheim Sanders,CLE,RB,26700087,,PIT,22,11,4,1,N/R,,,92,1,,27,21,3.4,0,0,7.0,1,4,3,0.25,,,,,,,,,,,,,,,,,,
Rakeem Boyd,DET,RB,2260196,,@CAR,32,6,1,0,N/R,,,0,0,,0,0,0.0,0,0,0.0,0,0,0,-,,,,,,,,,,,,,,,,,,
Ralph Webb,PIT,RB,2079834,,@CLE,10,9,1,0,N/R,,,0,0,,0,0,0.0,0,0,0.0,0,0,0,-,,,,,,,,,,,,,,,,,,
Ramon Jefferson,TB,RB,2816981,,GB,31,10,1,1,N/R,,,0,0,,0,0,0.0,0,0,0.0,0,0,0,-,,,,,,,,,,,,,,,,,,
Rasheen Ali,BAL,RB,3168797,,TEN,23,13,1,1,N/R,,,24,0,,7,68,3.4,1,0,7.6,2,11,9,0.13,,,,,,,,,,,,,,,,,,
Reggie Gilliam,NE,RB,3161112,,NE,17,11,1,1,N/R,,,4,0,,2,24,2.0,0,0,12.0,0,2,2,0.00,,,,,,,,,,,,,,,,,,
Ricky Person Jr.,SEA,RB,2966141,,LAC,20,11,1,1,N/R,,,0,0,,0,0,0.0,0,0,0.0,0,0,0,-,,,,,,,,,,,,,,,,,,
Robbie Ouzts,SEA,RB,26697728,,LAC,20,11,1,0,N/R,,,0,0,,0,0,0.0,0,0,0.0,0,0,0,0.00,,,,,,,,,,,,,,,,,,
Robert Burns,ATL,RB,2804092,,@NO,27,11,1,1,N/R,,,0,0,,0,0,0.0,0,0,0.0,0,0,0,-,,,,,,,,,,,,,,,,,,
Robert Henry Jr.,WAS,RB,29123025,,IND,29,7,1,0,N/R,,,0,0,,0,0,0.0,0,0,0.0,0,0,0,-,,,,,,,,,,,,,,,,,,
Rodney Anderson,CIN,RB,2179644,,JAC,6,6,1,1,N/R,,,0,0,,0,0,0.0,0,0,0.0,0,0,0,-,,,,,,,,,,,,,,,,,,
Roman Hemby,LV,RB,26700412,,KC,9,13,1,1,N/R,,,0,0,,0,0,0.0,0,0,0.0,0,0,0,-,,,,,,,,,,,,,,,,,,
Ronald Awatt,SF,RB,2805483,,DEN,30,8,1,0,N/R,,,0,0,,0,0,0.0,0,0,0.0,0,0,0,-,,,,,,,,,,,,,,,,,,
Ronnie Brown,TB,RB,29117338,,GB,31,10,1,1,N/R,,,0,0,,0,0,0.0,0,0,0.0,0,0,0,-,,,,,,,,,,,,,,,,,,
Ronnie Rivers,LAR,RB,2804793,,@PHI,13,11,1,1,N/R,,,46,0,,9,0,5.1,0,0,0.0,0,0,0,0.00,,,,,,,,,,,,,,,,,,
Roschon Johnson,CHI,RB,3121395,,NYJ,19,10,2,1,N/R,,,17,0,,2,0,8.5,0,0,0.0,0,0,0,0.00,,,,,,,,,,,,,,,,,,
Royce Freeman,LAC,RB,2139588,,@SEA,7,7,1,1,N/R,,,0,0,,0,0,0.0,0,0,0.0,0,0,0,-,,,,,,,,,,,,,,,,,,
Roydell Williams,DET,RB,3162757,,@CAR,32,6,1,1,N/R,,,0,0,,0,0,0.0,0,0,0.0,0,0,0,-,,,,,,,,,,,,,,,,,,
Rushawn Baker,NE,RB,26693659,,@BUF,26,11,1,1,N/R,,,0,0,,0,0,0.0,0,0,0.0,0,0,0,-,,,,,,,,,,,,,,,,,,
Salvon Ahmed,CHI,RB,2815163,,NYJ,19,10,1,1,N/R,,,0,0,,0,0,0.0,0,0,0.0,0,0,0,-,,,,,,,,,,,,,,,,,,
Sam Schnee,TEN,RB,2968047,,@BAL,15,9,1,1,N/R,,,0,0,,0,0,0.0,0,0,0.0,0,0,0,-,,,,,,,,,,,,,,,,,,
Sam Scott,NYJ,RB,26700754,,@CHI,24,13,1,1,N/R,,,0,0,,0,0,0.0,0,0,0.0,0,0,0,-,,,,,,,,,,,,,,,,,,
Samaje Perine,CIN,RB,2131148,,JAC,6,6,12,1,N/R,,,382,3,,84,87,4.5,0,2,5.1,8,21,17,0.53,,,,,,,,,,,,,,,,,,
Sandro Platzgummer,NYG,RB,3168435,,ARI,16,8,1,1,N/R,,,0,0,,0,0,0.0,0,0,0.0,0,0,0,-,,,,,,,,,,,,,,,,,,
Sean Tucker,TB,RB,3168416,,GB,31,10,3,1,N/R,,,320,7,,86,34,3.7,1,0,4.2,19,11,8,1.12,,,,,,,,,,,,,,,,,,
Seth McGowan,IND,RB,3161581,,@WAS,3,13,7,1,N/R,,,0,0,,0,0,0.0,0,0,0.0,0,0,0,-,,,,,,,,,,,,,,,,,,
Shane Watts,NE,RB,50024129,,@BUF,26,11,1,1,N/R,,,0,0,,0,0,0.0,0,0,0.0,0,0,0,-,,,,,,,,,,,,,,,,,,
Shermari Jones,CIN,RB,3162906,,JAC,6,6,1,1,N/R,,,0,0,,0,0,0.0,0,0,0.0,0,0,0,-,,,,,,,,,,,,,,,,,,
ShunDerrick Powell,KC,RB,26695018,,@LV,14,5,1,1,N/R,,,0,0,,0,0,0.0,0,0,0.0,0,0,0,-,,,,,,,,,,,,,,,,,,
Sincere McCormick,SF,RB,3121308,,DEN,30,8,1,1,N/R,,,0,0,,0,0,0.0,0,0,0.0,0,0,0,-,,,,,,,,,,,,,,,,,,
Sione Vaki,DET,RB,28877349,,@CAR,32,6,4,1,N/R,,,4,0,,1,0,4.0,0,0,0.0,0,0,0,0.00,,,,,,,,,,,,,,,,,,
Sone Ntoh,BAL,RB,3121137,,TEN,23,13,0,0,N/R,,,0,0,,0,0,0.0,0,0,0.0,0,0,0,-,,,,,,,,,,,,,,,,,,
Stevie Scott III,ARI,RB,2967217,,@NYG,18,14,1,0,N/R,,,0,0,,0,0,0.0,0,0,0.0,0,0,0,-,,,,,,,,,,,,,,,,,,
TJ Harden,SEA,RB,28926779,,LAC,20,11,1,1,N/R,,,0,0,,0,0,0.0,0,0,0.0,0,0,0,-,,,,,,,,,,,,,,,,,,
TJ Pledger,ARI,RB,2963440,,@NYG,18,14,1,1,N/R,,,0,0,,0,0,0.0,0,0,0.0,0,0,0,-,,,,,,,,,,,,,,,,,,
TaMerik Williams,SEA,RB,2961275,,LAC,20,11,1,1,N/R,,,0,0,,0,0,0.0,0,0,0.0,0,0,0,-,,,,,,,,,,,,,,,,,,
Tahj Brooks,CIN,RB,3168518,,JAC,6,6,1,1,N/R,,,45,0,,16,9,2.8,0,0,9.0,0,2,1,0.00,,,,,,,,,,,,,,,,,,
Taimi Tutogi,FA,RB,1679885,,BYE,---,0,1,1,N/R,,,0,0,,0,0,0.0,0,0,0.0,0,0,0,-,,,,,,,,,,,,,,,,,,
Taj McGowan,JAC,RB,3117391,,@CIN,12,7,1,1,N/R,,,0,0,,0,0,0.0,0,0,0.0,0,0,0,-,,,,,,,,,,,,,,,,,,
Tank Bigsby,PHI,RB,3162021,,LAR,11,10,56,2,N/R,,,356,2,,63,32,5.7,0,0,10.7,8,4,3,0.47,,,,,,,,,,,,,,,,,,
Tayon Fleet-Davis,KC,RB,2804284,,@LV,14,5,1,1,N/R,,,0,0,,0,0,0.0,0,0,0.0,0,0,0,-,,,,,,,,,,,,,,,,,,
Terrance Cobb,LV,RB,2130333,,KC,9,13,1,1,N/R,,,0,0,,0,0,0.0,0,0,0.0,0,0,0,-,,,,,,,,,,,,,,,,,,
Terrell Jennings,NE,RB,3133899,,@BUF,26,11,1,1,N/R,,,73,1,,23,9,3.2,0,0,9.0,1,1,1,0.14,,,,,,,,,,,,,,,,,,
Titus Swen,IND,RB,3122982,,@WAS,3,13,1,1,N/R,,,0,0,,0,0,0.0,0,0,0.0,0,0,0,-,,,,,,,,,,,,,,,,,,
Tiyon Evans,CAR,RB,26701126,,DET,8,5,1,0,N/R,,,0,0,,0,0,0.0,0,0,0.0,0,0,0,-,,,,,,,,,,,,,,,,,,
Toa Taua,CLE,RB,2964065,,PIT,22,11,1,0,N/R,,,0,0,,0,0,0.0,0,0,0.0,0,0,0,-,,,,,,,,,,,,,,,,,,
Toriano Clinton,IND,RB,29169380,,@WAS,3,13,1,1,N/R,,,0,0,,0,0,0.0,0,0,0.0,0,0,0,-,,,,,,,,,,,,,,,,,,
Trabis Ward,FA,RB,1705702,,BYE,---,0,1,1,N/R,,,0,0,,0,0,0.0,0,0,0.0,0,0,0,-,,,,,,,,,,,,,,,,,,
Travis Dye,NYJ,RB,2967055,,@CHI,24,13,0,0,N/R,,,0,0,,0,0,0.0,0,0,0.0,0,0,0,-,,,,,,,,,,,,,,,,,,
Travis Homer,PIT,RB,2249831,,NYJ,19,9,1,1,N/R,,,-2,0,,1,0,-2.0,0,0,0.0,0,0,0,0.00,,,,,,,,,,,,,,,,,,
Trayveon Williams,DET,RB,2222046,,PIT,22,6,1,1,N/R,,,36,0,,10,55,3.6,0,0,6.9,0,9,8,0.00,,,,,,,,,,,,,,,,,,
Tre Harbison III,CLE,RB,2239576,,PIT,22,11,0,0,N/R,,,0,0,,0,0,0.0,0,0,0.0,0,0,0,-,,,,,,,,,,,,,,,,,,
Tre Stewart,ARI,RB,29426636,,@NYG,18,14,1,1,N/R,,,0,0,,0,0,0.0,0,0,0.0,0,0,0,-,,,,,,,,,,,,,,,,,,
Trent Pennix,IND,RB,2965838,,@WAS,3,13,1,1,N/R,,,0,0,,0,0,0.0,0,0,0.0,0,0,0,-,,,,,,,,,,,,,,,,,,
Trevor Etienne,CAR,RB,28901419,,DET,8,5,2,1,N/R,,,94,0,,20,13,4.7,0,1,4.3,0,3,3,0.00,,,,,,,,,,,,,,,,,,
Trey Benson,ARI,RB,3176915,,@NYG,18,14,2,1,N/R,,,160,0,,29,64,5.5,0,0,4.9,1,16,13,0.25,,,,,,,,,,,,,,,,,,
Trey Sermon,ATL,RB,2804142,,@CLE,10,11,1,1,N/R,,,0,0,,0,0,0.0,0,0,0.0,0,0,0,0.00,,,,,,,,,,,,,,,,,,
Troy Hairston II,CLE,RB,2880293,,PIT,22,11,1,1,N/R,,,0,0,,0,0,0.0,0,0,0.0,0,0,0,-,,,,,,,,,,,,,,,,,,
Ty Chandler,NO,RB,2867472,,MIA,28,8,1,1,N/R,,,47,0,,17,11,2.8,0,0,3.7,0,4,3,0.00,,,,,,,,,,,,,,,,,,
Ty Johnson,BUF,RB,2179323,,NE,17,7,5,1,N/R,,,200,3,,50,263,4.0,2,0,11.0,10,33,24,0.59,,,,,,,,,,,,,,,,,,
Tyjae Spears,TEN,RB,3122588,,@BAL,15,9,49,3,42,,,283,2,,72,264,3.9,0,0,5.9,5,50,45,0.38,,,,,,,,,,,,,,,,,,
Tyler Badie,DEN,RB,2964494,,@SF,21,10,1,1,N/R,,,23,0,,8,141,2.9,0,0,7.4,0,31,19,0.00,,,,,,,,,,,,,,,,,,
Tyler Gaffney,NE,RB,2061073,,@BUF,26,11,1,1,N/R,,,0,0,,0,0,0.0,0,0,0.0,0,0,0,-,,,,,,,,,,,,,,,,,,
Tyler Goodson,DAL,RB,3122473,,@WAS,3,14,2,1,N/R,,,24,0,,9,8,2.7,0,0,4.0,0,3,2,0.00,,,,,,,,,,,,,,,,,,
Tyler Hoosman,LAC,RB,2866762,,@SEA,7,7,1,1,N/R,,,0,0,,0,0,0.0,0,0,0.0,0,0,0,-,,,,,,,,,,,,,,,,,,
Tyreik McAllister,LV,RB,28867646,,KC,9,13,1,0,N/R,,,0,0,,0,0,0.0,0,0,0.0,0,0,0,-,,,,,,,,,,,,,,,,,,
Tyrion Davis-Price,GB,RB,3123979,,@TB,5,11,1,1,N/R,,,0,0,,0,0,0.0,0,0,0.0,0,0,0,-,,,,,,,,,,,,,,,,,,
Tyrone Tracy Jr.,NYG,RB,2963637,,ARI,16,8,16,1,N/R,,,740,2,,176,288,4.2,2,1,8.0,26,48,36,1.73,,,,,,,,,,,,,,,,,,
Ulysses Bentley IV,IND,RB,3125140,,@WAS,3,13,1,0,N/R,,,0,0,,1,0,0.0,0,0,0.0,0,0,0,0.00,,,,,,,,,,,,,,,,,,
Valentine Holmes,NYJ,RB,3114048,,@CHI,24,13,1,1,N/R,,,0,0,,0,0,0.0,0,0,0.0,0,0,0,-,,,,,,,,,,,,,,,,,,
Velus Jones Jr.,SEA,RB,2242764,,LAC,20,11,1,1,N/R,,,32,0,,4,0,8.0,0,0,0.0,0,0,0,0.00,,,,,,,,,,,,,,,,,,
Wayne Taulapapa,SEA,RB,2960832,,LAC,20,11,0,0,N/R,,,0,0,,0,0,0.0,0,0,0.0,0,0,0,-,,,,,,,,,,,,,,,,,,
Will Shipley,PHI,RB,26699119,,LAR,11,10,2,1,N/R,,,49,0,,14,56,3.5,0,1,6.2,0,12,9,0.00,,,,,,,,,,,,,,,,,,
Woody Marks,HOU,RB,3171045,,DAL,25,8,71,7,33,,,703,2,,196,208,3.6,3,0,8.7,17,36,24,1.06,,,,,,,,,,,,,,,,,,
Xavier Turner,SEA,RB,3117016,,LAC,20,11,1,0,N/R,,,0,0,,0,0,0.0,0,0,0.0,0,0,0,-,,,,,,,,,,,,,,,,,,
Xazavian Valladay,MIN,RB,2867484,,MIA,28,6,1,1,N/R,,,0,0,,0,0,0.0,0,0,0.0,0,0,0,-,,,,,,,,,,,,,,,,,,
ZaQuandre White,MIA,RB,2864584,,@MIN,4,6,1,0,N/R,,,0,0,,0,0,0.0,0,0,0.0,0,0,0,-,,,,,,,,,,,,,,,,,,
Zach Ojile,MIN,RB,29118586,,MIA,28,6,1,1,N/R,,,0,0,,0,0,0.0,0,0,0.0,0,0,0,-,,,,,,,,,,,,,,,,,,
Zack Moss,CIN,RB,2240516,,JAC,6,6,1,1,N/R,,,0,0,,0,0,0.0,0,0,0.0,0,0,0,-,,,,,,,,,,,,,,,,,,
Zamir White,NO,RB,2963641,,KC,9,8,1,1,N/R,,,32,0,,12,24,2.7,0,0,6.0,0,6,4,0.00,,,,,,,,,,,,,,,,,,
Zavier Scott,MIN,RB,2869402,,MIA,28,6,1,1,N/R,,,114,0,,32,98,3.6,1,1,7.0,2,16,14,0.12,,,,,,,,,,,,,,,,,,
Zonovan Knight,ARI,RB,3121860,,@NYG,18,14,1,1,N/R,,,269,4,,82,160,3.3,1,1,7.3,8,31,22,0.67,,,,,,,,,,,,,,,,,,
AJ Barner,SEA,TE,3169283,,LAC,13,11,22,5,N/R,,,519,6,,10,14,10.0,1,0,1.4,23,68,52,1.35,,,,,,,,,,,,,,,,,,
Adam Trautman,DEN,TE,2182228,,@SF,10,10,1,1,N/R,,,195,1,,0,0,9.8,0,0,0.0,2,23,20,0.12,,,,,,,,,,,,,,,,,,
Albert Okwuegbunam,LV,TE,2245117,,KC,16,13,1,1,N/R,,,36,0,,0,0,7.2,0,0,0.0,0,6,5,0.00,,,,,,,,,,,,,,,,,,
Alec Holler,DAL,TE,2966128,,@HOU,17,14,1,1,N/R,,,0,0,,0,0,0.0,0,0,0.0,0,0,0,-,,,,,,,,,,,,,,,,,,
Alex Gray,ATL,TE,2828649,,@NO,29,11,1,1,N/R,,,0,0,,0,0,0.0,0,0,0.0,0,0,0,-,,,,,,,,,,,,,,,,,,
Alize Mack,TEN,TE,2186666,,@BAL,15,9,1,0,N/R,,,0,0,,0,0,0.0,0,0,0.0,0,0,0,-,,,,,,,,,,,,,,,,,,
Andrew Ogletree,IND,TE,26725942,,@WAS,30,13,1,1,N/R,,,27,1,,0,0,6.8,0,0,0.0,1,6,4,0.07,,,,,,,,,,,,,,,,,,
Andrew Vollert,IND,TE,2161771,,@WAS,30,13,1,0,N/R,,,0,0,,0,0,0.0,0,0,0.0,0,0,0,-,,,,,,,,,,,,,,,,,,
Anthony Firkser,DET,TE,2818971,,@CAR,21,6,1,1,N/R,,,53,0,,0,0,6.6,0,0,0.0,1,10,8,0.14,,,,,,,,,,,,,,,,,,
Anthony Norris,DEN,TE,1906458,,@SF,10,10,1,0,N/R,,,0,0,,0,0,0.0,0,0,0.0,0,0,0,-,,,,,,,,,,,,,,,,,,
Anthony Torres,LAR,TE,2960827,,@PHI,3,11,1,1,N/R,,,0,0,,0,0,0.0,0,0,0.0,0,0,0,-,,,,,,,,,,,,,,,,,,
Armani Rogers,BUF,TE,2258253,,NE,1,7,1,1,N/R,,,0,0,,0,0,0.0,0,0,0.0,0,0,0,-,,,,,,,,,,,,,,,,,,
Artayvious Lynn,DAL,TE,2240334,,@HOU,17,14,1,1,N/R,,,0,0,,0,0,0.0,0,0,0.0,0,0,0,-,,,,,,,,,,,,,,,,,,
Austin Allen,GB,TE,2804325,,@TB,26,11,1,1,N/R,,,0,0,,0,0,0.0,0,0,0.0,0,0,0,-,,,,,,,,,,,,,,,,,,
Austin Fort,TEN,TE,2131959,,@BAL,15,9,1,0,N/R,,,0,0,,0,0,0.0,0,0,0.0,0,0,0,-,,,,,,,,,,,,,,,,,,
Austin Hooper,ATL,TE,2067004,,@BUF,7,11,1,1,N/R,,,263,2,,0,0,12.5,0,0,0.0,2,26,21,0.12,,,,,,,,,,,,,,,,,,
Austin Stogner,ATL,TE,3121976,,@NO,29,11,1,1,N/R,,,0,0,,0,0,0.0,0,0,0.0,0,0,0,-,,,,,,,,,,,,,,,,,,
Bauer Sharp,TB,TE,26730919,,GB,8,10,1,1,N/R,,,0,0,,0,0,0.0,0,0,0.0,0,0,0,-,,,,,,,,,,,,,,,,,,
Baylor Cupp,ARI,TE,3122788,,@NYG,12,14,1,1,N/R,,,0,0,,0,0,0.0,0,0,0.0,0,0,0,-,,,,,,,,,,,,,,,,,,
Ben Beise,TB,TE,28866830,,GB,8,10,1,1,N/R,,,0,0,,0,0,0.0,0,0,0.0,0,0,0,-,,,,,,,,,,,,,,,,,,
Ben Johnson,LAC,TE,395994,,@SEA,9,7,1,1,N/R,,,0,0,,0,0,0.0,0,0,0.0,0,0,0,-,,,,,,,,,,,,,,,,,,
Ben Sims,MIA,TE,2964709,,MIA,25,6,1,1,N/R,,,30,0,,0,0,10.0,0,0,0.0,0,6,3,0.00,,,,,,,,,,,,,,,,,,
Ben Sinnott,WAS,TE,3168647,,IND,24,7,1,1,N/R,,,114,1,,0,0,10.4,0,0,0.0,1,13,11,0.06,,,,,,,,,,,,,,,,,,
Ben Yurosek,MIN,TE,3163725,,MIA,25,6,1,1,N/R,,,14,0,,0,0,7.0,0,0,0.0,0,3,2,0.00,,,,,,,,,,,,,,,,,,
Bernhard Seikovits,ARI,TE,26665068,,@NYG,12,14,1,0,N/R,,,0,0,,0,0,0.0,0,0,0.0,0,0,0,-,,,,,,,,,,,,,,,,,,
Billy Brown,IND,TE,2820079,,@WAS,30,13,1,0,N/R,,,0,0,,0,0,0.0,0,0,0.0,0,0,0,-,,,,,,,,,,,,,,,,,,
Blake Whiteheart,CLE,TE,2964419,,PIT,14,11,1,1,N/R,,,4,0,,0,0,2.0,0,0,0.0,0,6,2,0.00,,,,,,,,,,,,,,,,,,
Brayden Lenius,ATL,TE,28867632,,@NO,29,11,1,1,N/R,,,0,0,,0,0,0.0,0,0,0.0,0,0,0,-,,,,,,,,,,,,,,,,,,
Brayden Willis,SF,TE,2963088,,DEN,22,8,1,1,N/R,,,0,0,,0,0,0.0,0,0,0.0,0,1,0,0.00,,,,,,,,,,,,,,,,,,
Brenden Bates,JAC,TE,2963924,,PIT,14,7,1,1,N/R,,,48,0,,0,0,12.0,0,0,0.0,0,5,4,0.00,,,,,,,,,,,,,,,,,,
Brenton Strange,JAC,TE,3121696,waivers,@CIN,31,7,51,10,24,,,540,3,,0,0,11.7,0,0,0.0,16,60,46,1.33,,,,,,,,,,,,,,,,,,
Brevin Jordan,HOU,TE,2964787,,DAL,20,8,1,1,N/R,,,0,0,,0,0,0.0,0,0,0.0,0,0,0,-,,,,,,,,,,,,,,,,,,
Brevyn Spann-Ford,DAL,TE,2961760,,@HOU,17,14,1,1,N/R,,,90,1,,0,0,10.0,0,0,0.0,1,13,9,0.06,,,,,,,,,,,,,,,,,,
Brian Walker,BAL,TE,29113614,,TEN,4,13,1,1,N/R,,,0,0,,0,0,0.0,0,0,0.0,0,0,0,-,,,,,,,,,,,,,,,,,,
Briley Moore-McKinney,TEN,TE,2247169,,@BAL,15,9,1,1,N/R,,,0,0,,0,0,0.0,0,0,0.0,0,0,0,-,,,,,,,,,,,,,,,,,,
Brock Wright,DET,TE,2807423,,@CAR,21,6,1,1,N/R,,,108,2,,0,0,7.7,0,0,0.0,3,22,14,0.27,,,,,,,,,,,,,,,,,,
Bruno Labelle,ARI,TE,2240557,,@NYG,12,14,1,1,N/R,,,0,0,,0,0,0.0,0,0,0.0,0,0,0,-,,,,,,,,,,,,,,,,,,
Bryce Pierre,CAR,TE,28877722,,DET,32,5,1,1,N/R,,,0,0,,0,0,0.0,0,0,0.0,0,0,0,-,,,,,,,,,,,,,,,,,,
Bryson Nesbit,MIN,TE,26695112,,MIA,25,6,1,1,N/R,,,0,0,,0,0,0.0,0,0,0.0,0,0,0,-,,,,,,,,,,,,,,,,,,
C.J. Conrad,NYG,TE,2180481,,ARI,28,8,1,1,N/R,,,0,0,,0,0,0.0,0,0,0.0,0,0,0,-,,,,,,,,,,,,,,,,,,
C.J. Uzomah,PHI,TE,2174118,,LAR,5,10,1,1,N/R,,,0,0,,0,0,0.0,0,0,0.0,0,0,0,-,,,,,,,,,,,,,,,,,,
CJ Dippre,TB,TE,26698858,,@BUF,7,10,0,0,N/R,,,0,0,,0,0,0.0,0,0,0.0,0,0,0,0.00,,,,,,,,,,,,,,,,,,
Cade Brewer,SEA,TE,2868649,,LAC,13,11,1,1,N/R,,,0,0,,0,0,0.0,0,0,0.0,0,0,0,-,,,,,,,,,,,,,,,,,,
Cade Otton,TB,TE,2815179,,GB,8,10,22,4,N/R,,,572,1,,0,0,9.7,0,0,0.0,16,81,59,1.00,,,,,,,,,,,,,,,,,,
Cade Stover,HOU,TE,3125978,,DAL,20,8,1,1,N/R,,,76,0,,4,3,6.3,0,0,0.8,0,16,12,0.00,,,,,,,,,,,,,,,,,,
Caden Prieskorn,CAR,TE,3162059,,DET,32,5,1,1,N/R,,,0,0,,0,0,0.0,0,0,0.0,0,0,0,-,,,,,,,,,,,,,,,,,,
Caleb Lohner,DEN,TE,3177905,,@SF,10,10,1,1,N/R,,,0,0,,0,0,0.0,0,0,0.0,0,0,0,-,,,,,,,,,,,,,,,,,,
Cam Grandy,MIN,TE,29148608,,JAC,6,6,1,1,N/R,,,7,0,,0,0,3.5,0,0,0.0,0,2,2,0.00,,,,,,,,,,,,,,,,,,
Cam Sutton,SEA,TE,2968097,,LAC,13,11,1,1,N/R,,,0,0,,0,0,0.0,0,0,0.0,0,0,0,-,,,,,,,,,,,,,,,,,,
Cameron Latu,NE,TE,2964535,,LAR,5,11,1,1,N/R,,,0,0,,0,0,0.0,0,0,0.0,0,0,0,0.00,,,,,,,,,,,,,,,,,,
Camren McDonald,LAR,TE,2965370,,@PHI,3,11,1,1,N/R,,,0,0,,0,0,0.0,0,0,0.0,0,0,0,-,,,,,,,,,,,,,,,,,,
Carl Tucker,MIA,TE,2179354,,@MIN,19,6,1,1,N/R,,,0,0,,0,0,0.0,0,0,0.0,0,0,0,-,,,,,,,,,,,,,,,,,,
Carsen Ryan,CLE,TE,28873701,,PIT,14,11,1,1,N/R,,,0,0,,0,0,0.0,0,0,0.0,0,0,0,-,,,,,,,,,,,,,,,,,,
Carson Towt,IND,TE,3158076,,@WAS,30,13,1,1,N/R,,,0,0,,0,0,0.0,0,0,0.0,0,0,0,-,,,,,,,,,,,,,,,,,,
Carson Williams,LV,TE,2355180,,KC,16,13,1,1,N/R,,,0,0,,0,0,0.0,0,0,0.0,0,0,0,-,,,,,,,,,,,,,,,,,,
Carter Runyon,LV,TE,29184228,,KC,16,13,1,1,N/R,,,3,0,,0,0,3.0,0,0,0.0,0,1,1,0.00,,,,,,,,,,,,,,,,,,
Cary Angeline,PHI,TE,2242759,,LAR,5,10,1,1,N/R,,,0,0,,0,0,0.0,0,0,0.0,0,0,0,-,,,,,,,,,,,,,,,,,,
Chamon Metayer,CAR,TE,26693575,,DET,32,5,1,1,N/R,,,0,0,,0,0,0.0,0,0,0.0,0,0,0,-,,,,,,,,,,,,,,,,,,
Charles Scarff,BAL,TE,2141604,,TEN,4,13,0,0,N/R,,,0,0,,0,0,0.0,0,0,0.0,0,0,0,-,,,,,,,,,,,,,,,,,,
Charlie Kolar,LAC,TE,2866273,,TEN,4,7,1,1,N/R,,,142,2,,0,0,14.2,0,0,0.0,3,15,10,0.18,,,,,,,,,,,,,,,,,,
Charlie Taumoepeau,DET,TE,2183178,,@CAR,21,6,1,1,N/R,,,0,0,,0,0,0.0,0,0,0.0,0,0,0,-,,,,,,,,,,,,,,,,,,
Charlie Woerner,ATL,TE,2248629,,@NO,29,11,1,1,N/R,,,48,0,,0,0,6.0,0,0,0.0,0,9,8,0.00,,,,,,,,,,,,,,,,,,
Chase Curtis,NYJ,TE,3171155,,@CHI,11,13,1,1,N/R,,,0,0,,0,0,0.0,0,0,0.0,0,0,0,-,,,,,,,,,,,,,,,,,,
Chase Harrell,SF,TE,2179546,,DEN,22,8,1,0,N/R,,,0,0,,0,0,0.0,0,0,0.0,0,0,0,-,,,,,,,,,,,,,,,,,,
Cheyenne O'Grady,CIN,TE,2185503,,JAC,6,6,1,1,N/R,,,0,0,,0,0,0.0,0,0,0.0,0,0,0,-,,,,,,,,,,,,,,,,,,
Chigoziem Okonkwo,WAS,TE,2965208,,@BAL,15,7,12,1,N/R,,,560,2,,0,0,10.0,0,0,0.0,16,79,56,0.94,,,,,,,,,,,,,,,,,,
Chris Manhertz,NYG,TE,2167520,,ARI,28,8,1,1,N/R,,,7,0,,0,0,7.0,0,0,0.0,0,2,1,0.00,,,,,,,,,,,,,,,,,,
Chris Myarick,LV,TE,3117054,,KC,16,13,1,1,N/R,,,0,0,,0,0,0.0,0,0,0.0,0,0,0,-,,,,,,,,,,,,,,,,,,
Chris Pierce Jr.,CAR,TE,2835008,,DET,32,5,1,1,N/R,,,0,0,,0,0,0.0,0,0,0.0,0,0,0,-,,,,,,,,,,,,,,,,,,
Christian Scotland-Williamson,PIT,TE,2926331,,@CLE,23,9,1,1,N/R,,,0,0,,0,0,0.0,0,0,0.0,0,0,0,-,,,,,,,,,,,,,,,,,,
Christian Sims,LAR,TE,3133400,,@PHI,3,11,1,0,N/R,,,0,0,,0,0,0.0,0,0,0.0,0,0,0,-,,,,,,,,,,,,,,,,,,
Christian Trahan,CIN,TE,2961033,,JAC,6,6,1,1,N/R,,,0,0,,0,0,0.0,0,0,0.0,0,0,0,-,,,,,,,,,,,,,,,,,,
Cody Hardy,NYJ,TE,28891820,,@CHI,11,13,1,1,N/R,,,0,0,,0,0,0.0,0,0,0.0,0,0,0,-,,,,,,,,,,,,,,,,,,
Colby Parkinson,LAR,TE,2867522,,@PHI,3,11,4,1,N/R,,,408,8,,0,0,9.5,0,1,0.0,24,56,43,1.60,,,,,,,,,,,,,,,,,,
Cole Fotheringham,NE,TE,2240503,,@BUF,7,11,1,1,N/R,,,0,0,,0,0,0.0,0,0,0.0,0,0,0,-,,,,,,,,,,,,,,,,,,
Cole Herdman,TEN,TE,2136567,,@BAL,15,9,1,1,N/R,,,0,0,,0,0,0.0,0,0,0.0,0,0,0,-,,,,,,,,,,,,,,,,,,
Cole Kmet,CHI,TE,2868619,,NYJ,2,10,2,1,N/R,,,347,2,,0,0,11.6,0,0,0.0,10,48,30,0.62,,,,,,,,,,,,,,,,,,
Cole Turner,MIA,TE,2961855,,@BAL,15,6,1,1,N/R,,,0,0,,0,0,0.0,0,0,0.0,0,0,0,0.00,,,,,,,,,,,,,,,,,,
Colin Granger,CAR,TE,3177592,,DET,32,5,1,1,N/R,,,0,0,,0,0,0.0,0,0,0.0,0,0,0,-,,,,,,,,,,,,,,,,,,
Colson Yankoff,WAS,TE,2961827,,IND,24,7,1,1,N/R,,,18,0,,0,0,9.0,0,0,0.0,0,3,2,0.00,,,,,,,,,,,,,,,,,,
Connor Davis,CLE,TE,3170411,,PIT,14,11,1,1,N/R,,,0,0,,0,0,0.0,0,0,0.0,0,0,0,-,,,,,,,,,,,,,,,,,,
Connor Heyward,LV,TE,2867599,,@CLE,23,13,1,1,N/R,,,21,1,,15,43,7.0,2,0,2.9,4,4,3,0.24,,,,,,,,,,,,,,,,,,
Connor Hulstein,NYJ,TE,26756957,,@CHI,11,13,0,0,N/R,,,0,0,,0,0,0.0,0,0,0.0,0,0,0,-,,,,,,,,,,,,,,,,,,
Curtis Hodges,CAR,TE,2760856,,DET,32,5,1,1,N/R,,,0,0,,0,0,0.0,0,0,0.0,0,0,0,-,,,,,,,,,,,,,,,,,,
DJ Rogers,DAL,TE,26693776,,@HOU,17,14,1,1,N/R,,,0,0,,0,0,0.0,0,0,0.0,0,0,0,-,,,,,,,,,,,,,,,,,,
DJ Thomas-Jones,PIT,TE,3168777,,@CLE,23,9,1,1,N/R,,,0,0,,0,0,0.0,0,0,0.0,0,0,0,-,,,,,,,,,,,,,,,,,,
Dae'Quan Wright,CLE,TE,28874125,,PIT,14,11,1,1,N/R,,,0,0,,0,0,0.0,0,0,0.0,0,0,0,-,,,,,,,,,,,,,,,,,,
Dallen Bentley,DEN,TE,29164633,,@SF,10,10,1,1,N/R,,,0,0,,0,0,0.0,0,0,0.0,0,0,0,-,,,,,,,,,,,,,,,,,,
Dallin Holker,NO,TE,2975555,,ATL,18,8,1,1,N/R,,,0,0,,0,0,0.0,0,0,0.0,0,0,0,-,,,,,,,,,,,,,,,,,,
Dalton Keene,HOU,TE,2805113,,DAL,20,8,1,1,N/R,,,0,0,,0,0,0.0,0,0,0.0,0,0,0,-,,,,,,,,,,,,,,,,,,
Damien Caffrey,CHI,TE,3138466,,NYJ,2,10,1,1,N/R,,,0,0,,0,0,0.0,0,0,0.0,0,0,0,-,,,,,,,,,,,,,,,,,,
Dan Villari,LAR,TE,3169258,,@PHI,3,11,1,1,N/R,,,0,0,,0,0,0.0,0,0,0.0,0,0,0,-,,,,,,,,,,,,,,,,,,
Daniel Bellinger,TEN,TE,2963615,,ARI,28,9,1,1,N/R,,,286,2,,0,0,15.1,0,0,0.0,13,26,19,0.81,,,,,,,,,,,,,,,,,,
Daniel Crawford,GB,TE,2188929,,@TB,26,11,1,0,N/R,,,0,0,,0,0,0.0,0,0,0.0,0,0,0,-,,,,,,,,,,,,,,,,,,
Darion Clark,CHI,TE,3157668,,NYJ,2,10,0,0,N/R,,,0,0,,0,0,0.0,0,0,0.0,0,0,0,-,,,,,,,,,,,,,,,,,,
Darnell Washington,PIT,TE,3163963,,@CLE,23,9,2,1,N/R,,,364,1,,0,0,11.7,0,1,0.0,8,43,31,0.50,,,,,,,,,,,,,,,,,,
David Martin-Robinson,TEN,TE,2962690,,@BAL,15,9,1,0,N/R,,,30,1,,0,0,7.5,0,0,0.0,1,6,4,0.06,,,,,,,,,,,,,,,,,,
David Njoku,LAC,TE,2136474,,PIT,14,7,7,1,N/R,,,293,4,,0,0,8.9,0,0,0.0,11,48,33,0.92,,,,,,,,,,,,,,,,,,
Davis Allen,LAR,TE,3123267,,@PHI,3,11,1,1,N/R,,,208,3,,0,0,8.7,0,0,0.0,5,33,24,0.29,,,,,,,,,,,,,,,,,,
Dawson Knox,BUF,TE,2186345,,NE,1,7,2,1,N/R,,,417,4,,0,0,11.6,0,0,0.0,13,49,36,0.76,,,,,,,,,,,,,,,,,,
Dax Raymond,PIT,TE,2189163,,@CLE,23,9,1,1,N/R,,,0,0,,0,0,0.0,0,0,0.0,0,0,0,-,,,,,,,,,,,,,,,,,,
DeShon Williams,SEA,TE,2868230,,LAC,13,11,0,0,N/R,,,0,0,,0,0,0.0,0,0,0.0,0,0,0,-,,,,,,,,,,,,,,,,,,
Derrick Deese Jr.,DET,TE,2969083,,@CAR,21,6,1,0,N/R,,,0,0,,0,0,0.0,0,0,0.0,0,0,0,-,,,,,,,,,,,,,,,,,,
Devin Culp,TB,TE,2967413,,GB,8,10,1,1,N/R,,,6,1,,0,0,6.0,0,0,0.0,2,1,1,0.15,,,,,,,,,,,,,,,,,,
Devon Garrison,SEA,TE,29456571,,LAC,13,11,1,1,N/R,,,0,0,,0,0,0.0,0,0,0.0,0,0,0,-,,,,,,,,,,,,,,,,,,
Dom Wood-Anderson,SEA,TE,2967157,,LAC,13,11,0,0,N/R,,,0,0,,0,0,0.0,0,0,0.0,0,0,0,-,,,,,,,,,,,,,,,,,,
Dominique Dafney,CAR,TE,3172375,,DET,32,5,1,1,N/R,,,0,0,,0,0,0.0,0,0,0.0,0,0,0,-,,,,,,,,,,,,,,,,,,
Donald Parham Jr.,PIT,TE,2183713,,@CLE,23,9,1,1,N/R,,,0,0,,0,0,0.0,0,0,0.0,0,0,0,-,,,,,,,,,,,,,,,,,,
Drake Dabney,GB,TE,3168310,,@TB,26,11,1,1,N/R,,,3,0,,0,0,3.0,0,0,0.0,0,2,1,0.00,,,,,,,,,,,,,,,,,,
Drew Belcher,WAS,TE,3117011,,IND,24,7,1,1,N/R,,,0,0,,0,0,0.0,0,0,0.0,0,0,0,-,,,,,,,,,,,,,,,,,,
Drew Biber,CLE,TE,26727217,,PIT,14,11,1,1,N/R,,,0,0,,0,0,0.0,0,0,0.0,0,0,0,-,,,,,,,,,,,,,,,,,,
Drew Sample,CIN,TE,2139646,,JAC,6,6,1,1,N/R,,,106,1,,1,3,7.1,0,0,3.0,1,20,15,0.06,,,,,,,,,,,,,,,,,,
Durham Smythe,BAL,TE,2082845,,NYJ,2,13,1,1,N/R,,,25,0,,0,0,6.2,0,0,0.0,0,6,4,0.00,,,,,,,,,,,,,,,,,,
Dylan Leonard,DEN,TE,3127183,,@SF,10,10,1,0,N/R,,,0,0,,0,0,0.0,0,0,0.0,0,0,0,-,,,,,,,,,,,,,,,,,,
Dylan Parham,DEN,TE,2223195,,@SF,10,10,1,1,N/R,,,0,0,,0,0,0.0,0,0,0.0,0,0,0,-,,,,,,,,,,,,,,,,,,
Dylan Soehner,NO,TE,2261259,,ATL,18,8,1,1,N/R,,,0,0,,0,0,0.0,0,0,0.0,0,0,0,-,,,,,,,,,,,,,,,,,,
E.J. Jenkins,PHI,TE,2820917,,LAR,5,10,1,1,N/R,,,0,0,,0,0,0.0,0,0,0.0,0,0,0,0.00,,,,,,,,,,,,,,,,,,
Eli Raridon,NE,TE,28924611,,@BUF,7,11,3,1,N/R,,,0,0,,0,0,0.0,0,0,0.0,0,0,0,-,,,,,,,,,,,,,,,,,,
Eli Wolf,WAS,TE,3161106,,IND,24,7,1,1,N/R,,,0,0,,0,0,0.0,0,0,0.0,0,0,0,-,,,,,,,,,,,,,,,,,,
Elijah Arroyo,SEA,TE,26700496,,LAC,13,11,2,1,N/R,,,179,1,,0,0,11.9,0,1,0.0,6,26,15,0.46,,,,,,,,,,,,,,,,,,
Elijah Higgins,ARI,TE,3122914,,@NYG,12,14,1,1,N/R,,,301,0,,0,0,10.0,0,1,0.0,4,37,30,0.24,,,,,,,,,,,,,,,,,,
Eric Saubert,SEA,TE,2001018,,LAC,13,11,1,1,N/R,,,31,0,,0,0,7.8,0,0,0.0,1,7,4,0.09,,,,,,,,,,,,,,,,,,
Erick All,CIN,TE,3121555,,JAC,6,6,1,1,N/R,,,0,0,,0,0,0.0,0,0,0.0,0,0,0,-,,,,,,,,,,,,,,,,,,
Erik Krommenhoek,LAC,TE,2868233,,@SEA,9,7,1,1,N/R,,,0,0,,0,0,0.0,0,0,0.0,0,0,0,-,,,,,,,,,,,,,,,,,,
Ethan Conner,MIA,TE,29121831,,@MIN,19,6,1,1,N/R,,,0,0,,0,0,0.0,0,0,0.0,0,0,0,-,,,,,,,,,,,,,,,,,,
Evan Engram,DEN,TE,2079887,,@SF,10,10,8,1,N/R,,,461,1,,1,7,9.2,0,0,7.0,7,76,50,0.44,,,,,,,,,,,,,,,,,,
Evan Svoboda,LAC,TE,28877391,,@SEA,9,7,1,1,N/R,,,0,0,,0,0,0.0,0,0,0.0,0,0,0,-,,,,,,,,,,,,,,,,,,
Feleipe Franks,CAR,TE,2221829,,@NO,29,5,1,1,N/R,,,0,0,,2,4,0.0,0,0,2.0,0,0,0,0.00,,,,,,,,,,,,,,,,,,
Foster Moreau,HOU,TE,2180634,,ATL,18,8,1,1,N/R,,,59,0,,0,0,8.4,0,0,0.0,0,10,7,0.00,,,,,,,,,,,,,,,,,,
Garrett Walston,SF,TE,2239574,,DEN,22,8,1,1,N/R,,,0,0,,0,0,0.0,0,0,0.0,0,0,0,-,,,,,,,,,,,,,,,,,,
Gavin Bartholomew,MIN,TE,26702972,,MIA,25,6,1,1,N/R,,,0,0,,0,0,0.0,0,0,0.0,0,0,0,-,,,,,,,,,,,,,,,,,,
Gee Scott Jr.,NYJ,TE,3163073,,@CHI,11,13,1,0,N/R,,,0,0,,0,0,0.0,0,0,0.0,0,0,0,-,,,,,,,,,,,,,,,,,,
Geoff Swaim,CLE,TE,2174207,,PIT,14,11,1,0,N/R,,,0,0,,0,0,0.0,0,0,0.0,0,0,0,-,,,,,,,,,,,,,,,,,,
Geor'quarius Spivey,KC,TE,2965537,,@LV,27,5,1,1,N/R,,,0,0,,0,0,0.0,0,0,0.0,0,0,0,-,,,,,,,,,,,,,,,,,,
Gerald Everett,CHI,TE,2142692,,NYJ,2,10,1,1,N/R,,,0,0,,0,0,0.0,0,0,0.0,0,0,0,-,,,,,,,,,,,,,,,,,,
Gerrit Prince,KC,TE,2969148,,@LV,27,5,1,1,N/R,,,0,0,,0,0,0.0,0,0,0.0,0,0,0,-,,,,,,,,,,,,,,,,,,
Giovanni Ricci,DET,TE,2189091,,@CAR,21,6,1,1,N/R,,,0,0,,0,0,0.0,0,0,0.0,0,1,0,0.00,,,,,,,,,,,,,,,,,,
Graham Adomitis,IND,TE,2184656,,@WAS,30,13,1,0,N/R,,,0,0,,0,0,0.0,0,0,0.0,0,0,0,-,,,,,,,,,,,,,,,,,,
Grant Calcaterra,PHI,TE,2804129,,LAR,5,10,1,1,N/R,,,76,1,,0,0,8.4,0,0,0.0,2,13,9,0.13,,,,,,,,,,,,,,,,,,
Grayson Gunter,JAC,TE,2247058,,@CIN,31,7,1,0,N/R,,,0,0,,0,0,0.0,0,0,0.0,0,0,0,-,,,,,,,,,,,,,,,,,,
Greg Dulcich,MIA,TE,2964274,,@MIN,19,6,12,1,N/R,,,335,1,,1,-7,12.9,0,1,-7.0,7,33,26,0.70,,,,,,,,,,,,,,,,,,
Griffin Hebert,PHI,TE,2816291,,LAR,5,10,1,1,N/R,,,0,0,,0,0,0.0,0,0,0.0,0,0,0,-,,,,,,,,,,,,,,,,,,
Gunnar Helm,TEN,TE,26696189,,@BAL,15,9,3,1,N/R,,,357,2,,0,0,8.1,0,0,0.0,7,55,44,0.44,,,,,,,,,,,,,,,,,,
Gunnar Oakes,DET,TE,2805178,,@CAR,21,6,1,1,N/R,,,0,0,,0,0,0.0,0,0,0.0,0,0,0,-,,,,,,,,,,,,,,,,,,
Hakeem Butler,DEN,TE,2185654,,@SF,10,10,1,0,N/R,,,0,0,,0,0,0.0,0,0,0.0,0,0,0,-,,,,,,,,,,,,,,,,,,
Harrison Bryant,SEA,TE,2241240,,DAL,20,11,1,1,N/R,,,7,0,,0,0,3.5,0,0,0.0,0,6,2,0.00,,,,,,,,,,,,,,,,,,
Hayden Hurst,LAC,TE,2185053,,@SEA,9,7,1,1,N/R,,,0,0,,0,0,0.0,0,0,0.0,0,0,0,-,,,,,,,,,,,,,,,,,,
Hayden Large,CHI,TE,29122200,,NYJ,2,10,1,0,N/R,,,0,0,,0,0,0.0,0,0,0.0,0,0,0,-,,,,,,,,,,,,,,,,,,
Hayden Rucci,LAC,TE,3131519,,@CAR,21,7,1,1,N/R,,,0,0,,0,0,0.0,0,0,0.0,0,0,0,0.00,,,,,,,,,,,,,,,,,,
Heinrich Haarberg,CAR,TE,26701120,,DET,32,5,1,1,N/R,,,0,0,,0,0,0.0,0,0,0.0,0,0,0,-,,,,,,,,,,,,,,,,,,
Hunter Long,ARI,TE,2867428,,@CIN,31,14,1,1,N/R,,,85,2,,0,0,7.1,0,0,0.0,3,17,12,0.33,,,,,,,,,,,,,,,,,,
Hunter Thedford,CLE,TE,2180777,,PIT,14,11,0,0,N/R,,,0,0,,0,0,0.0,0,0,0.0,0,0,0,-,,,,,,,,,,,,,,,,,,
Ian Thomas,LV,TE,2253359,,KC,16,13,1,1,N/R,,,114,0,,0,0,8.8,0,0,0.0,0,13,13,0.00,,,,,,,,,,,,,,,,,,
Irv Smith,HOU,TE,2257888,,DAL,20,8,1,1,N/R,,,0,0,,0,0,0.0,0,0,0.0,0,0,0,-,,,,,,,,,,,,,,,,,,
Isaac Rex,LAC,TE,3127763,,@SEA,9,7,1,1,N/R,,,0,0,,0,0,0.0,0,0,0.0,0,0,0,-,,,,,,,,,,,,,,,,,,
Isaiah Searight,NYG,TE,2182104,,ARI,28,8,0,0,N/R,,,0,0,,0,0,0.0,0,0,0.0,0,0,0,-,,,,,,,,,,,,,,,,,,
Izaiah Gathings,KC,TE,2961109,,@LV,27,5,1,1,N/R,,,0,0,,0,0,0.0,0,0,0.0,0,0,0,-,,,,,,,,,,,,,,,,,,
JJ Galbreath,IND,TE,26719274,,@WAS,30,13,1,0,N/R,,,0,0,,0,0,0.0,0,0,0.0,0,0,0,-,,,,,,,,,,,,,,,,,,
JJ Howland,TB,TE,2864966,,GB,8,10,1,1,N/R,,,0,0,,0,0,0.0,0,0,0.0,0,0,0,-,,,,,,,,,,,,,,,,,,
Ja'Tavion Sanders,CAR,TE,26731381,,DET,32,5,1,1,N/R,,,190,1,,0,0,6.5,0,0,0.0,3,34,29,0.23,,,,,,,,,,,,,,,,,,
Jack Endries,CIN,TE,28916552,,JAC,6,6,1,1,N/R,,,0,0,,0,0,0.0,0,0,0.0,0,0,0,-,,,,,,,,,,,,,,,,,,
Jack Stoll,SF,TE,2239684,,ATL,18,8,1,1,N/R,,,46,1,,0,0,7.7,0,0,0.0,2,11,6,0.13,,,,,,,,,,,,,,,,,,
Jack Velling,ATL,TE,28923845,,@NO,29,11,1,1,N/R,,,0,0,,0,0,0.0,0,0,0.0,0,0,0,-,,,,,,,,,,,,,,,,,,
Jack Westover,WAS,TE,2964293,,@BUF,7,7,1,1,N/R,,,0,0,,0,0,0.0,0,0,0.0,0,2,1,0.00,,,,,,,,,,,,,,,,,,
Jackson Hawes,BUF,TE,3135324,,NE,1,7,1,1,N/R,,,187,3,,0,0,11.7,0,0,0.0,6,19,16,0.35,,,,,,,,,,,,,,,,,,
Jacob Breeland,BAL,TE,2180288,,TEN,4,13,1,0,N/R,,,0,0,,0,0,0.0,0,0,0.0,0,0,0,-,,,,,,,,,,,,,,,,,,
Jacob Harris,TB,TE,2189290,,GB,8,10,1,0,N/R,,,0,0,,0,0,0.0,0,0,0.0,0,0,0,-,,,,,,,,,,,,,,,,,,
Jacob Warren,NE,TE,2963488,,@BUF,7,11,1,0,N/R,,,0,0,,0,0,0.0,0,0,0.0,0,0,0,-,,,,,,,,,,,,,,,,,,
Jaheim Bell,PIT,TE,3169583,,@CLE,23,9,1,1,N/R,,,0,0,,0,0,0.0,0,0,0.0,0,0,0,-,,,,,,,,,,,,,,,,,,
Jake Briningstool,KC,TE,26697836,,@LV,27,5,1,1,N/R,,,0,0,,0,0,0.0,0,0,0.0,0,0,0,-,,,,,,,,,,,,,,,,,,
Jake Burt,NE,TE,3159209,,@BUF,7,11,1,1,N/R,,,0,0,,0,0,0.0,0,0,0.0,0,0,0,-,,,,,,,,,,,,,,,,,,
Jake Hausmann,WAS,TE,2260981,,IND,24,7,1,1,N/R,,,0,0,,0,0,0.0,0,0,0.0,0,0,0,-,,,,,,,,,,,,,,,,,,
Jake Phillips,PIT,TE,2253478,,@CLE,23,9,1,1,N/R,,,0,0,,0,0,0.0,0,0,0.0,0,0,0,-,,,,,,,,,,,,,,,,,,
Jake Roh,ATL,TE,2925215,,@NO,29,11,1,1,N/R,,,0,0,,0,0,0.0,0,0,0.0,0,0,0,-,,,,,,,,,,,,,,,,,,
Jake Tonges,SF,TE,2870660,,DEN,22,8,1,1,N/R,,,293,5,,0,0,8.6,0,0,0.0,13,46,34,0.76,,,,,,,,,,,,,,,,,,
Jalen Wydermyer,IND,TE,3131559,,@WAS,30,13,1,1,N/R,,,0,0,,0,0,0.0,0,0,0.0,0,0,0,-,,,,,,,,,,,,,,,,,,
Jalin Conyers,MIA,TE,3168876,,@MIN,19,6,1,1,N/R,,,0,0,,0,0,0.0,0,0,0.0,0,0,0,-,,,,,,,,,,,,,,,,,,
Jamal Pettigrew,LAR,TE,2240263,,@PHI,3,11,1,1,N/R,,,0,0,,0,0,0.0,0,0,0.0,0,0,0,-,,,,,,,,,,,,,,,,,,
James Mitchell,DAL,TE,2963242,,DET,32,14,1,1,N/R,,,28,0,,0,0,9.3,0,0,0.0,0,3,3,0.00,,,,,,,,,,,,,,,,,,
Jameson Geers,ARI,TE,26694253,,@NYG,12,14,1,0,N/R,,,0,0,,0,0,0.0,0,0,0.0,0,0,0,-,,,,,,,,,,,,,,,,,,
Jared Scott,IND,TE,2866491,,@WAS,30,13,1,0,N/R,,,0,0,,0,0,0.0,0,0,0.0,0,0,0,-,,,,,,,,,,,,,,,,,,
Jared Wiley,KC,TE,3123819,,@LV,27,5,1,1,N/R,,,4,0,,0,0,4.0,0,0,0.0,0,1,1,0.00,,,,,,,,,,,,,,,,,,
Jaren Kanak,TEN,TE,28875704,,@BAL,15,9,1,1,N/R,,,0,0,,0,0,0.0,0,0,0.0,0,0,0,-,,,,,,,,,,,,,,,,,,
Jay Rome,PIT,TE,1877289,,@CLE,23,9,0,0,N/R,,,0,0,,0,0,0.0,0,0,0.0,0,0,0,-,,,,,,,,,,,,,,,,,,
Jelani Woods,NYJ,TE,2787078,,@CHI,11,13,1,1,N/R,,,4,0,,0,0,4.0,0,0,0.0,0,3,1,0.00,,,,,,,,,,,,,,,,,,
Jeremiah Franklin,MIA,TE,28876766,,@MIN,19,6,0,0,N/R,,,0,0,,0,0,0.0,0,0,0.0,0,0,0,-,,,,,,,,,,,,,,,,,,
Jeremiah Hall,NYG,TE,2804133,,ARI,28,8,1,1,N/R,,,0,0,,0,0,0.0,0,0,0.0,0,0,0,-,,,,,,,,,,,,,,,,,,
Jeremy Ruckert,NYJ,TE,2965446,,@CHI,11,13,1,1,N/R,,,179,1,,0,0,7.8,0,0,0.0,1,29,23,0.06,,,,,,,,,,,,,,,,,,
Jermaine Terry II,CLE,TE,26700676,,PIT,14,11,1,0,N/R,,,0,0,,0,0,0.0,0,0,0.0,0,0,0,-,,,,,,,,,,,,,,,,,,
Jerome Washington,ARI,TE,2179406,,@NYG,12,14,1,1,N/R,,,0,0,,0,0,0.0,0,0,0.0,0,0,0,-,,,,,,,,,,,,,,,,,,
Jibri Blount,MIA,TE,2202419,,@MIN,19,6,1,1,N/R,,,0,0,,0,0,0.0,0,0,0.0,0,0,0,-,,,,,,,,,,,,,,,,,,
Jody Fortson,KC,TE,3117124,,@LV,27,5,1,0,N/R,,,0,0,,0,0,0.0,0,0,0.0,0,0,0,-,,,,,,,,,,,,,,,,,,
Joe Royer,CLE,TE,3169621,,PIT,14,11,1,1,N/R,,,0,0,,0,0,0.0,0,0,0.0,0,0,0,-,,,,,,,,,,,,,,,,,,
Joel Honigford,ARI,TE,2878156,,@NYG,12,14,1,1,N/R,,,0,0,,0,0,0.0,0,0,0.0,0,0,0,-,,,,,,,,,,,,,,,,,,
Joel Wilson,TEN,TE,2962072,,@BAL,15,9,1,1,N/R,,,0,0,,0,0,0.0,0,0,0.0,0,0,0,-,,,,,,,,,,,,,,,,,,
John Bates,WAS,TE,2257291,,IND,24,7,1,1,N/R,,,103,1,,0,0,9.4,0,0,0.0,1,16,11,0.07,,,,,,,,,,,,,,,,,,
John Copenhaver,JAC,TE,3162185,,@CIN,31,7,1,0,N/R,,,0,0,,0,0,0.0,0,0,0.0,0,0,0,-,,,,,,,,,,,,,,,,,,
John FitzPatrick,CLE,TE,2975736,,@TB,26,11,1,1,N/R,,,72,1,,0,0,6.0,0,0,0.0,1,15,12,0.07,,,,,,,,,,,,,,,,,,
John Michael Gyllenborg,KC,TE,26695610,,@LV,27,5,1,1,N/R,,,0,0,,0,0,0.0,0,0,0.0,0,0,0,-,,,,,,,,,,,,,,,,,,
John Raine,ATL,TE,2241250,,@NO,29,11,0,0,N/R,,,0,0,,0,0,0.0,0,0,0.0,0,0,0,-,,,,,,,,,,,,,,,,,,
John Stephens Jr.,DAL,TE,2962043,,@HOU,17,14,1,1,N/R,,,0,0,,0,0,0.0,0,0,0.0,0,0,0,-,,,,,,,,,,,,,,,,,,
Johnny Lumpkin,GB,TE,2963046,,@TB,26,11,0,0,N/R,,,0,0,,0,0,0.0,0,0,0.0,0,0,0,-,,,,,,,,,,,,,,,,,,
Johnny Mundt,PHI,TE,2818622,,@CIN,31,10,1,1,N/R,,,111,0,,0,0,12.3,0,0,0.0,0,19,9,0.00,,,,,,,,,,,,,,,,,,
Johnny Pascuzzi,LAC,TE,26699834,,@SEA,9,7,1,1,N/R,,,0,0,,0,0,0.0,0,0,0.0,0,0,0,-,,,,,,,,,,,,,,,,,,
Jonnu Smith,GB,TE,2081506,,@CLE,23,11,1,1,N/R,,,222,2,,9,70,5.8,1,0,7.8,5,54,38,0.29,,,,,,,,,,,,,,,,,,
Jordan Akins,JAC,TE,2142712,,@CIN,31,7,1,1,N/R,,,0,0,,0,0,0.0,0,0,0.0,0,0,0,-,,,,,,,,,,,,,,,,,,
Jordan Murray,CHI,TE,2963239,,NYJ,2,10,0,0,N/R,,,0,0,,0,0,0.0,0,0,0.0,0,0,0,-,,,,,,,,,,,,,,,,,,
Jordan Petaia,LAC,TE,29711196,,@SEA,9,7,1,0,N/R,,,0,0,,0,0,0.0,0,0,0.0,0,0,0,-,,,,,,,,,,,,,,,,,,
Josh Babicz,GB,TE,2869854,,@TB,26,11,1,1,N/R,,,0,0,,0,0,0.0,0,0,0.0,0,0,0,-,,,,,,,,,,,,,,,,,,
Josh Cuevas,BAL,TE,26706410,,TEN,4,13,1,1,N/R,,,0,0,,0,0,0.0,0,0,0.0,0,0,0,-,,,,,,,,,,,,,,,,,,
Josh Kattus,CIN,TE,28901524,,JAC,6,6,1,1,N/R,,,0,0,,0,0,0.0,0,0,0.0,0,0,0,-,,,,,,,,,,,,,,,,,,
Josh Oliver,MIN,TE,2184618,,MIA,25,6,1,1,N/R,,,160,4,,0,0,10.7,0,0,0.0,11,19,15,0.73,,,,,,,,,,,,,,,,,,
Josh Whyle,GB,TE,2962513,,@TB,26,11,1,1,N/R,,,36,1,,0,0,7.2,0,0,0.0,1,6,5,0.12,,,,,,,,,,,,,,,,,,
Joshua Simon,ATL,TE,3123950,,@NO,29,11,1,1,N/R,,,0,0,,0,0,0.0,0,0,0.0,0,0,0,-,,,,,,,,,,,,,,,,,,
Josiah Deguara,PHI,TE,2181108,,@NYG,12,10,1,1,N/R,,,21,1,,0,0,7.0,0,0,0.0,2,5,3,0.17,,,,,,,,,,,,,,,,,,
Julian Hill,NE,TE,2961743,,@MIN,19,11,1,1,N/R,,,140,0,,0,0,9.3,0,0,0.0,1,20,15,0.07,,,,,,,,,,,,,,,,,,
Justin Johnson,ARI,TE,3117392,,@NYG,12,14,1,1,N/R,,,0,0,,0,0,0.0,0,0,0.0,0,0,0,-,,,,,,,,,,,,,,,,,,
Justin Joly,MIA,TE,28927892,,@MIN,19,6,1,1,N/R,,,0,0,,0,0,0.0,0,0,0.0,0,0,0,-,,,,,,,,,,,,,,,,,,
Justin Rigg,TEN,TE,2245145,,@BAL,15,9,1,1,N/R,,,0,0,,0,0,0.0,0,0,0.0,0,0,0,-,,,,,,,,,,,,,,,,,,
Justin Shorter,LV,TE,2965077,,KC,16,13,1,1,N/R,,,0,0,,0,0,0.0,0,0,0.0,0,0,0,0.00,,,,,,,,,,,,,,,,,,
Justin Tukes,PHI,TE,2174961,,LAR,5,10,1,1,N/R,,,0,0,,0,0,0.0,0,0,0.0,0,0,0,-,,,,,,,,,,,,,,,,,,
Kalif Jackson,MIA,TE,2180433,,@MIN,19,6,0,0,N/R,,,0,0,,0,0,0.0,0,0,0.0,0,0,0,-,,,,,,,,,,,,,,,,,,
Keenen Brown,HOU,TE,2139241,,DAL,20,8,1,1,N/R,,,0,0,,0,0,0.0,0,0,0.0,0,0,0,-,,,,,,,,,,,,,,,,,,
Kehinde Oginni,ATL,TE,28867199,,@NO,29,11,1,1,N/R,,,0,0,,0,0,0.0,0,0,0.0,0,0,0,-,,,,,,,,,,,,,,,,,,
Keith Towbridge,WAS,TE,2819975,,IND,24,7,1,1,N/R,,,0,0,,0,0,0.0,0,0,0.0,0,0,0,-,,,,,,,,,,,,,,,,,,
Keleki Latu,BUF,TE,26723643,,NE,1,7,1,1,N/R,,,35,0,,0,0,8.8,0,0,0.0,0,4,4,0.00,,,,,,,,,,,,,,,,,,
Kenny Fletcher Jr.,IND,TE,28873912,,@WAS,30,13,1,0,N/R,,,0,0,,0,0,0.0,0,0,0.0,0,0,0,-,,,,,,,,,,,,,,,,,,
Kenny Yeboah,ARI,TE,2256993,,@NYG,12,14,1,1,N/R,,,0,0,,0,0,0.0,0,0,0.0,0,0,0,-,,,,,,,,,,,,,,,,,,
Kevin Foelsch,PIT,TE,29380772,,@CLE,23,9,1,1,N/R,,,0,0,,0,0,0.0,0,0,0.0,0,0,0,-,,,,,,,,,,,,,,,,,,
Khalil Dinkins,SF,TE,26697764,,DEN,22,8,1,1,N/R,,,0,0,,0,0,0.0,0,0,0.0,0,0,0,-,,,,,,,,,,,,,,,,,,
Ko Kieft,TB,TE,2239763,,GB,8,10,1,1,N/R,,,0,0,,0,0,0.0,0,0,0.0,0,0,0,0.00,,,,,,,,,,,,,,,,,,
Kole Taylor,CIN,TE,3163049,,JAC,6,6,1,1,N/R,,,0,0,,0,0,0.0,0,0,0.0,0,0,0,-,,,,,,,,,,,,,,,,,,
Kris Leach,DEN,TE,2838551,,@SF,10,10,1,0,N/R,,,0,0,,0,0,0.0,0,0,0.0,0,0,0,-,,,,,,,,,,,,,,,,,,
Kyle Markway,LAR,TE,2185055,,@PHI,3,11,1,1,N/R,,,0,0,,0,0,0.0,0,0,0.0,0,0,0,-,,,,,,,,,,,,,,,,,,
Kyle Pitts,ATL,TE,2964514,waivers,@NO,29,11,82,27,18,,,928,5,,0,0,10.6,0,0,0.0,31,118,88,1.82,,,,,,,,,,,,,,,,,,
Kylen Granson,TEN,TE,2247146,,LAR,5,9,1,1,N/R,,,40,0,,0,0,5.7,0,0,0.0,0,9,7,0.00,,,,,,,,,,,,,,,,,,
La'Michael Pettway,NE,TE,2185504,,@BUF,7,11,1,1,N/R,,,0,0,,0,0,0.0,0,0,0.0,0,0,0,-,,,,,,,,,,,,,,,,,,
Lachlan Pitts,CHI,TE,2818058,,NYJ,2,10,0,0,N/R,,,0,0,,0,0,0.0,0,0,0.0,0,0,0,-,,,,,,,,,,,,,,,,,,
Lake McRee,PIT,TE,26697547,,@CLE,23,9,0,0,N/R,,,0,0,,0,0,0.0,0,0,0.0,0,0,0,-,,,,,,,,,,,,,,,,,,
Lance Mason,PIT,TE,28936051,,@CLE,23,9,1,1,N/R,,,0,0,,0,0,0.0,0,0,0.0,0,0,0,-,,,,,,,,,,,,,,,,,,
Lawrence Cager,WAS,TE,2183845,,IND,24,7,1,0,N/R,,,0,0,,0,0,0.0,0,0,0.0,0,0,0,0.00,,,,,,,,,,,,,,,,,,
Layne Pryor,HOU,TE,26729515,,DAL,20,8,1,0,N/R,,,0,0,,0,0,0.0,0,0,0.0,0,0,0,-,,,,,,,,,,,,,,,,,,
Leonard Taylor,JAC,TE,2966865,,@CIN,31,7,1,1,N/R,,,0,0,,0,0,0.0,0,0,0.0,0,0,0,-,,,,,,,,,,,,,,,,,,
Lincoln Sefcik,NYJ,TE,26701907,,@CHI,11,13,0,0,N/R,,,0,0,,0,0,0.0,0,0,0.0,0,0,0,-,,,,,,,,,,,,,,,,,,
Louis Hansen,HOU,TE,26727305,,DAL,20,8,1,1,N/R,,,0,0,,0,0,0.0,0,0,0.0,0,0,0,-,,,,,,,,,,,,,,,,,,
Lucas Krull,DEN,TE,2961761,,@SF,10,10,1,1,N/R,,,15,0,,0,0,7.5,0,0,0.0,0,4,2,0.00,,,,,,,,,,,,,,,,,,
Luke Benson,LAC,TE,3126340,,@SEA,9,7,1,1,N/R,,,0,0,,0,0,0.0,0,0,0.0,0,0,0,-,,,,,,,,,,,,,,,,,,
Luke Deal,DET,TE,3122054,,@CAR,21,6,1,1,N/R,,,0,0,,0,0,0.0,0,0,0.0,0,0,0,-,,,,,,,,,,,,,,,,,,
Luke Farrell,SF,TE,2260977,,DEN,22,8,1,1,N/R,,,85,2,,0,0,7.7,0,1,0.0,4,14,11,0.24,,,,,,,,,,,,,,,,,,
Luke Lachey,GB,TE,3163014,,@TB,26,11,1,0,N/R,,,0,0,,0,0,0.0,0,0,0.0,0,0,0,-,,,,,,,,,,,,,,,,,,
Luke Musgrave,GB,TE,3129283,,@TB,26,11,1,1,N/R,,,252,0,,0,0,10.5,0,0,0.0,1,31,24,0.06,,,,,,,,,,,,,,,,,,
Luke Schoonmaker,DAL,TE,2968473,,@HOU,17,14,1,1,N/R,,,132,0,,0,0,9.4,0,0,0.0,0,23,14,0.00,,,,,,,,,,,,,,,,,,
Marcedes Lewis,DEN,TE,415313,,@SF,10,10,1,1,N/R,,,0,0,,0,0,0.0,0,0,0.0,0,0,0,0.00,,,,,,,,,,,,,,,,,,
Marcus Santos-Silva,CLE,TE,2893412,,PIT,14,11,1,1,N/R,,,0,0,,0,0,0.0,0,0,0.0,0,0,0,-,,,,,,,,,,,,,,,,,,
Mark Andrews,BAL,TE,2131121,waivers,TEN,4,13,84,35,15,,,422,5,,10,48,8.8,1,0,4.8,21,70,48,1.24,,,,,,,,,,,,,,,,,,
Mark Redman,GB,TE,3162063,,@TB,26,11,1,1,N/R,,,0,0,,0,0,0.0,0,0,0.0,0,0,0,-,,,,,,,,,,,,,,,,,,
Mark Vital,KC,TE,2354807,,@LV,27,5,1,1,N/R,,,0,0,,0,0,0.0,0,0,0.0,0,0,0,-,,,,,,,,,,,,,,,,,,
Marlin Klein,HOU,TE,28927889,,DAL,20,8,1,1,N/R,,,0,0,,0,0,0.0,0,0,0.0,0,0,0,-,,,,,,,,,,,,,,,,,,
Marshall Lang,MIN,TE,3164086,,MIA,25,6,1,0,N/R,,,0,0,,0,0,0.0,0,0,0.0,0,0,0,-,,,,,,,,,,,,,,,,,,
Mason Fairchild,NO,TE,3127029,,ATL,18,8,1,1,N/R,,,0,0,,0,0,0.0,0,0,0.0,0,0,0,-,,,,,,,,,,,,,,,,,,
Mason Pline,KC,TE,29176455,,@LV,27,5,1,1,N/R,,,0,0,,0,0,0.0,0,0,0.0,0,0,0,-,,,,,,,,,,,,,,,,,,
Mason Taylor,NYJ,TE,28878064,,@CHI,11,13,3,1,N/R,,,369,1,,0,0,8.4,0,0,0.0,7,65,44,0.54,,,,,,,,,,,,,,,,,,
Matt Lauter,MIN,TE,26725448,,MIA,25,6,1,1,N/R,,,0,0,,0,0,0.0,0,0,0.0,0,0,0,-,,,,,,,,,,,,,,,,,,
Matt Seybert,LAC,TE,2184386,,@SEA,9,7,1,0,N/R,,,0,0,,0,0,0.0,0,0,0.0,0,0,0,-,,,,,,,,,,,,,,,,,,
Matt Sokol,PIT,TE,2131215,,@CLE,23,9,0,0,N/R,,,0,0,,0,0,0.0,0,0,0.0,0,0,0,-,,,,,,,,,,,,,,,,,,
Matthew Hibner,BAL,TE,3169490,,TEN,4,13,1,1,N/R,,,0,0,,0,0,0.0,0,0,0.0,0,0,0,-,,,,,,,,,,,,,,,,,,
Max Bredeson,MIN,TE,26727130,,MIA,25,6,1,1,N/R,,,0,0,,0,0,0.0,0,0,0.0,0,0,0,-,,,,,,,,,,,,,,,,,,
Max Klare,LAR,TE,28921209,,@PHI,3,11,2,1,N/R,,,0,0,,0,0,0.0,0,0,0.0,0,0,0,-,,,,,,,,,,,,,,,,,,
Maximilian Mang,NYG,TE,3161969,,ARI,28,8,1,1,N/R,,,0,0,,0,0,0.0,0,0,0.0,0,0,0,-,,,,,,,,,,,,,,,,,,
McCallan Castles,GB,TE,2964061,,@TB,26,11,1,1,N/R,,,0,0,,0,0,0.0,0,0,0.0,0,0,0,-,,,,,,,,,,,,,,,,,,
Messiah Swinson,GB,TE,2966595,,@TB,26,11,1,1,N/R,,,0,0,,0,0,0.0,0,0,0.0,0,0,0,-,,,,,,,,,,,,,,,,,,
Michael Ezeike,SEA,TE,2966873,,LAC,13,11,0,0,N/R,,,0,0,,0,0,0.0,0,0,0.0,0,0,0,-,,,,,,,,,,,,,,,,,,
Michael Jacobson,NO,TE,2202932,,ATL,18,8,1,0,N/R,,,0,0,,0,0,0.0,0,0,0.0,0,0,0,-,,,,,,,,,,,,,,,,,,
Michael Mayer,LV,TE,3171673,,KC,16,13,12,1,N/R,,,328,1,,0,0,9.4,0,0,0.0,6,50,35,0.46,,,,,,,,,,,,,,,,,,
Michael Trigg,DAL,TE,26720219,,@HOU,17,14,1,0,N/R,,,0,0,,0,0,0.0,0,0,0.0,0,0,0,-,,,,,,,,,,,,,,,,,,
Mike Gesicki,CIN,TE,2139298,,JAC,6,6,16,5,N/R,,,307,2,,0,0,11.0,0,0,0.0,9,42,28,0.69,,,,,,,,,,,,,,,,,,
Mike Rigerman,BAL,TE,29376329,,TEN,4,13,1,1,N/R,,,0,0,,0,0,0.0,0,0,0.0,0,0,0,-,,,,,,,,,,,,,,,,,,
Miles Kitselman,DET,TE,28912020,,@CAR,21,6,1,1,N/R,,,0,0,,0,0,0.0,0,0,0.0,0,0,0,-,,,,,,,,,,,,,,,,,,
Mitch Van Vooren,DAL,TE,29738519,,@HOU,17,14,1,0,N/R,,,0,0,,0,0,0.0,0,0,0.0,0,0,0,-,,,,,,,,,,,,,,,,,,
Mitchell Evans,CAR,TE,26693662,,DET,32,5,1,1,N/R,,,171,2,,1,1,9.0,0,0,1.0,2,25,19,0.12,,,,,,,,,,,,,,,,,,
Mo Alie-Cox,IND,TE,2815925,,@WAS,30,13,1,1,N/R,,,117,1,,0,0,9.0,0,0,0.0,1,20,13,0.06,,,,,,,,,,,,,,,,,,
Moliki Matavao,NO,TE,26693980,,ATL,18,8,1,1,N/R,,,10,0,,0,0,5.0,0,0,0.0,0,2,2,0.00,,,,,,,,,,,,,,,,,,
Moritz Boehringer,CIN,TE,2235403,,JAC,6,6,1,1,N/R,,,0,0,,0,0,0.0,0,0,0.0,0,0,0,-,,,,,,,,,,,,,,,,,,
MyCole Pruitt,PIT,TE,1760327,,@CLE,23,9,1,1,N/R,,,0,0,,0,0,0.0,0,0,0.0,0,0,0,-,,,,,,,,,,,,,,,,,,
N'Keal Harry,SEA,TE,2221807,,LAC,13,11,1,1,N/R,,,0,0,,0,0,0.0,0,0,0.0,0,0,0,-,,,,,,,,,,,,,,,,,,
Nate Adkins,DEN,TE,2977285,,@SF,10,10,1,1,N/R,,,48,1,,0,0,8.0,0,0,0.0,3,11,6,0.33,,,,,,,,,,,,,,,,,,
Nate Boerkircher,JAC,TE,3162867,,@CIN,31,7,1,1,N/R,,,0,0,,0,0,0.0,0,0,0.0,0,0,0,-,,,,,,,,,,,,,,,,,,
Nate Wieting,NYG,TE,2179741,,ARI,28,8,0,0,N/R,,,0,0,,0,0,0.0,0,0,0.0,0,0,0,-,,,,,,,,,,,,,,,,,,
Naz Bohannon,JAC,TE,2893513,,@CIN,31,7,1,0,N/R,,,0,0,,0,0,0.0,0,0,0.0,0,0,0,-,,,,,,,,,,,,,,,,,,
Neal Johnson,NYJ,TE,3131532,,@CHI,11,13,1,1,N/R,,,0,0,,0,0,0.0,0,0,0.0,0,0,0,-,,,,,,,,,,,,,,,,,,
Nick Eubanks,IND,TE,2260646,,@WAS,30,13,1,0,N/R,,,0,0,,0,0,0.0,0,0,0.0,0,0,0,-,,,,,,,,,,,,,,,,,,
Nick Guggemos,BUF,TE,26661732,,NE,1,7,1,1,N/R,,,0,0,,0,0,0.0,0,0,0.0,0,0,0,-,,,,,,,,,,,,,,,,,,
Nick Kallerup,SEA,TE,3123192,,LAC,13,11,0,0,N/R,,,0,0,,0,0,0.0,0,0,0.0,0,1,0,0.00,,,,,,,,,,,,,,,,,,
Nick Muse,ATL,TE,2818056,,@NO,29,11,1,1,N/R,,,0,0,,0,0,0.0,0,0,0.0,0,0,0,-,,,,,,,,,,,,,,,,,,
Nick Vannett,SEA,TE,1871322,,@PHI,3,11,1,1,N/R,,,0,0,,0,0,0.0,0,0,0.0,0,0,0,0.00,,,,,,,,,,,,,,,,,,
Nikola Kalinic,CHI,TE,28867671,,NYJ,2,10,1,1,N/R,,,0,0,,0,0,0.0,0,0,0.0,0,0,0,0.00,,,,,,,,,,,,,,,,,,
Noah Fant,NO,TE,2251095,,JAC,6,8,6,2,23,,,288,3,,0,0,8.5,0,3,0.0,7,41,34,0.47,,,,,,,,,,,,,,,,,,
Noah Gindorff,PIT,TE,2869790,,@CLE,23,9,1,1,N/R,,,0,0,,0,0,0.0,0,0,0.0,0,0,0,-,,,,,,,,,,,,,,,,,,
Noah Gray,KC,TE,2866903,,@LV,27,5,1,1,N/R,,,178,0,,0,0,8.5,0,0,0.0,0,37,21,0.00,,,,,,,,,,,,,,,,,,
Nolan Givan,DET,TE,2252366,,@CAR,21,6,1,1,N/R,,,0,0,,0,0,0.0,0,0,0.0,0,0,0,-,,,,,,,,,,,,,,,,,,
Oscar Cardenas,ARI,TE,3127887,,@NYG,12,14,1,0,N/R,,,0,0,,0,0,0.0,0,0,0.0,0,0,0,-,,,,,,,,,,,,,,,,,,
Oscar Delp,NO,TE,28873644,,ATL,18,8,2,1,N/R,,,0,0,,0,0,0.0,0,0,0.0,0,0,0,-,,,,,,,,,,,,,,,,,,
Pat Conroy,LV,TE,3138345,,KC,16,13,1,0,N/R,,,0,0,,0,0,0.0,0,0,0.0,0,0,0,-,,,,,,,,,,,,,,,,,,
Pat Freiermuth,PIT,TE,2961270,,@CLE,23,9,25,8,22,,,486,4,,0,0,11.8,0,0,0.0,19,54,41,1.12,,,,,,,,,,,,,,,,,,
Patrick Gurd,LV,TE,3169599,,KC,16,13,1,1,N/R,,,0,0,,0,0,0.0,0,0,0.0,0,0,0,-,,,,,,,,,,,,,,,,,,
Patrick Herbert,LAC,TE,3121535,,@CIN,31,7,1,0,N/R,,,0,0,,0,0,0.0,0,0,0.0,0,0,0,-,,,,,,,,,,,,,,,,,,
Patrick Murtagh,DEN,TE,29375400,,@SF,10,10,1,0,N/R,,,0,0,,0,0,0.0,0,0,0.0,0,0,0,-,,,,,,,,,,,,,,,,,,
Payne Durham,TB,TE,2968469,,GB,8,10,1,1,N/R,,,11,0,,0,0,11.0,0,0,0.0,0,4,1,0.00,,,,,,,,,,,,,,,,,,
Peyton Hendershot,KC,TE,2867545,,@LV,27,5,1,1,N/R,,,0,0,,0,0,0.0,0,0,0.0,0,0,0,-,,,,,,,,,,,,,,,,,,
Pharaoh Brown,IND,TE,2819155,,@NYG,12,13,1,1,N/R,,,1,0,,0,0,0.5,0,0,0.0,0,2,2,0.00,,,,,,,,,,,,,,,,,,
Princeton Fant,DAL,TE,2865409,,@HOU,17,14,1,1,N/R,,,0,0,,0,0,0.0,0,0,0.0,0,0,0,0.00,,,,,,,,,,,,,,,,,,
Pro Wells,CIN,TE,2965260,,JAC,6,6,0,0,N/R,,,0,0,,0,0,0.0,0,0,0.0,0,0,0,-,,,,,,,,,,,,,,,,,,
Qadir Ismail,CHI,TE,2968088,,NYJ,2,10,0,0,N/R,,,0,0,,0,0,0.0,0,0,0.0,0,0,0,-,,,,,,,,,,,,,,,,,,
Quentin Moore,WAS,TE,26702243,,IND,24,7,1,1,N/R,,,0,0,,0,0,0.0,0,0,0.0,0,0,0,-,,,,,,,,,,,,,,,,,,
Quintin Morris,JAC,TE,2864581,,@CIN,31,7,1,1,N/R,,,55,1,,0,0,9.2,0,0,0.0,1,9,6,0.07,,,,,,,,,,,,,,,,,,
RJ Maryland,GB,TE,28915341,,@TB,26,11,1,1,N/R,,,0,0,,0,0,0.0,0,0,0.0,0,0,0,-,,,,,,,,,,,,,,,,,,
Riley Nowakowski,PIT,TE,3175781,,@CLE,23,9,1,1,N/R,,,0,0,,0,0,0.0,0,0,0.0,0,0,0,-,,,,,,,,,,,,,,,,,,
Riley Sharp,BAL,TE,3047671,,TEN,4,13,0,0,N/R,,,0,0,,0,0,0.0,0,0,0.0,0,0,0,-,,,,,,,,,,,,,,,,,,
Rivaldo Fairweather,ARI,TE,3165468,,@NYG,12,14,1,1,N/R,,,0,0,,0,0,0.0,0,0,0.0,0,0,0,-,,,,,,,,,,,,,,,,,,
Robert Tonyan,PIT,TE,2820026,,@LV,27,9,1,1,N/R,,,1,0,,0,0,1.0,0,0,0.0,0,1,1,0.00,,,,,,,,,,,,,,,,,,
Rohan Jones,LAR,TE,28887229,,@PHI,3,11,1,1,N/R,,,0,0,,0,0,0.0,0,0,0.0,0,0,0,-,,,,,,,,,,,,,,,,,,
Ross Dwelley,CAR,TE,2924888,,@CAR,21,5,1,1,N/R,,,7,0,,0,0,3.5,0,0,0.0,0,5,2,0.00,,,,,,,,,,,,,,,,,,
Ryan Becker,ATL,TE,3159083,,@NO,29,11,1,1,N/R,,,0,0,,0,0,0.0,0,0,0.0,0,0,0,-,,,,,,,,,,,,,,,,,,
Rysen John,CHI,TE,3159167,,NYJ,2,10,0,0,N/R,,,0,0,,0,0,0.0,0,0,0.0,0,0,0,-,,,,,,,,,,,,,,,,,,
Sal Cannella,CLE,TE,2804541,,PIT,14,11,1,0,N/R,,,11,0,,0,0,5.5,0,0,0.0,0,5,2,0.00,,,,,,,,,,,,,,,,,,
Sam Pitz,BAL,TE,29722440,,TEN,4,13,0,0,N/R,,,0,0,,0,0,0.0,0,0,0.0,0,0,0,-,,,,,,,,,,,,,,,,,,
Sam Roush,CHI,TE,28877184,,NYJ,2,10,1,1,N/R,,,0,0,,0,0,0.0,0,0,0.0,0,0,0,-,,,,,,,,,,,,,,,,,,
Scooter Harrington,CHI,TE,2251139,,NYJ,2,10,1,1,N/R,,,0,0,,0,0,0.0,0,0,0.0,0,0,0,-,,,,,,,,,,,,,,,,,,
Scott Orndoff,PHI,TE,2060508,,LAR,5,10,1,1,N/R,,,0,0,,0,0,0.0,0,0,0.0,0,0,0,-,,,,,,,,,,,,,,,,,,
Scotty Washington,BAL,TE,2186416,,TEN,4,13,0,0,N/R,,,0,0,,0,0,0.0,0,0,0.0,0,0,0,-,,,,,,,,,,,,,,,,,,
Sean McKeon,IND,TE,2239736,,@WAS,30,13,1,1,N/R,,,0,0,,0,0,0.0,0,0,0.0,0,0,0,0.00,,,,,,,,,,,,,,,,,,
Seth Green,NO,TE,2239758,,ATL,18,8,1,0,N/R,,,0,0,,0,0,0.0,0,0,0.0,0,0,0,-,,,,,,,,,,,,,,,,,,
Seydou Traore,MIA,TE,26696643,,@MIN,19,6,1,1,N/R,,,0,0,,0,0,0.0,0,0,0.0,0,0,0,-,,,,,,,,,,,,,,,,,,
Shane Zylstra,NE,TE,26688308,,@CAR,21,11,1,1,N/R,,,20,0,,0,0,6.7,0,0,0.0,0,5,3,0.00,,,,,,,,,,,,,,,,,,
Shaun Beyer,GB,TE,2251090,,@TB,26,11,1,1,N/R,,,0,0,,0,0,0.0,0,0,0.0,0,0,0,-,,,,,,,,,,,,,,,,,,
Shawn Bowman,ARI,TE,2962851,,@NYG,12,14,1,1,N/R,,,0,0,,0,0,0.0,0,0,0.0,0,0,0,-,,,,,,,,,,,,,,,,,,
Stephen Carlson,CHI,TE,3116783,,NYJ,2,10,1,1,N/R,,,0,0,,0,0,0.0,0,0,0.0,0,0,0,0.00,,,,,,,,,,,,,,,,,,
Steven Stilianos,DET,TE,2961775,,@CAR,21,6,1,1,N/R,,,0,0,,0,0,0.0,0,0,0.0,0,0,0,-,,,,,,,,,,,,,,,,,,
Stevo Klotz,LAC,TE,3164867,,@SEA,9,7,1,1,N/R,,,0,0,,0,0,0.0,0,0,0.0,0,0,0,-,,,,,,,,,,,,,,,,,,
Stone Smartt,NO,TE,2864800,,@CHI,11,8,1,1,N/R,,,52,0,,0,0,7.4,0,0,0.0,0,9,7,0.00,,,,,,,,,,,,,,,,,,
T.J. Hockenson,MIN,TE,2251097,,MIA,25,6,29,7,19,,,438,3,,1,0,8.6,0,0,0.0,9,66,51,0.60,,,,,,,,,,,,,,,,,,
Tanner Arkin,NE,TE,26713728,,@BUF,7,11,1,0,N/R,,,0,0,,0,0,0.0,0,0,0.0,0,0,0,-,,,,,,,,,,,,,,,,,,
Tanner Conner,NE,TE,2260697,,ARI,28,11,1,1,N/R,,,91,0,,0,0,10.1,0,0,0.0,0,15,9,0.00,,,,,,,,,,,,,,,,,,
Tanner Hudson,CIN,TE,2926606,,JAC,6,6,1,1,N/R,,,168,2,,0,0,8.8,0,0,0.0,4,24,19,0.27,,,,,,,,,,,,,,,,,,
Tanner Koziol,JAC,TE,28874303,,@CIN,31,7,1,1,N/R,,,0,0,,0,0,0.0,0,0,0.0,0,0,0,-,,,,,,,,,,,,,,,,,,
Tanner McLachlan,SF,TE,2980252,,DEN,22,8,1,1,N/R,,,0,0,,0,0,0.0,0,0,0.0,0,0,0,-,,,,,,,,,,,,,,,,,,
Tanner Taula,TB,TE,2865559,,GB,8,10,1,0,N/R,,,0,0,,0,0,0.0,0,0,0.0,0,0,0,-,,,,,,,,,,,,,,,,,,
Taysom Hill,NO,TE,2818935,,ATL,18,8,1,1,N/R,,,91,0,,52,114,8.3,1,1,2.2,6,16,11,0.46,,,,,,,,,,,,,,,,,,
Teagan Quitoriano,ARI,TE,2965963,,@NO,29,14,1,1,N/R,,,0,0,,0,0,0.0,0,0,0.0,0,0,0,0.00,,,,,,,,,,,,,,,,,,
Temuchin Hodges,PIT,TE,2071631,,@CLE,23,9,1,1,N/R,,,0,0,,0,0,0.0,0,0,0.0,0,0,0,-,,,,,,,,,,,,,,,,,,
Thaddeus Moss,CIN,TE,2246946,,JAC,6,6,1,1,N/R,,,0,0,,0,0,0.0,0,0,0.0,0,0,0,-,,,,,,,,,,,,,,,,,,
Theo Johnson,NYG,TE,3162129,,ARI,28,8,2,1,N/R,,,528,5,,0,0,11.7,0,0,0.0,19,74,45,1.27,,,,,,,,,,,,,,,,,,
Thomas Fidone II,NYG,TE,26699695,,ARI,28,8,1,1,N/R,,,0,0,,0,0,0.0,0,0,0.0,0,0,0,0.00,,,,,,,,,,,,,,,,,,
Thomas Gordon,DET,TE,3124711,,@CAR,21,6,1,1,N/R,,,0,0,,0,0,0.0,0,0,0.0,0,0,0,-,,,,,,,,,,,,,,,,,,
Thomas Greaney,CLE,TE,2967042,,PIT,14,11,1,0,N/R,,,0,0,,0,0,0.0,0,0,0.0,0,0,0,-,,,,,,,,,,,,,,,,,,
Thomas Odukoya,NE,TE,2964832,,@BAL,15,11,1,1,N/R,,,0,0,,0,0,0.0,0,0,0.0,0,0,0,-,,,,,,,,,,,,,,,,,,
Thomas Yassmin,GB,TE,2966406,,@TB,26,11,1,1,N/R,,,0,0,,0,0,0.0,0,0,0.0,0,0,0,-,,,,,,,,,,,,,,,,,,
Tim Brown,TB,TE,2236987,,GB,8,10,1,1,N/R,,,0,0,,0,0,0.0,0,0,0.0,0,0,0,-,,,,,,,,,,,,,,,,,,
Tip Reiman,ARI,TE,3169268,,@NYG,12,14,1,1,N/R,,,18,0,,0,0,6.0,0,0,0.0,0,5,3,0.00,,,,,,,,,,,,,,,,,,
Tommy Tremble,CAR,TE,2969027,,DET,32,5,1,1,N/R,,,249,2,,0,0,9.2,0,0,0.0,6,37,27,0.35,,,,,,,,,,,,,,,,,,
Travis Koontz,LV,TE,3127726,,KC,16,13,0,0,N/R,,,0,0,,0,0,0.0,0,0,0.0,0,0,0,-,,,,,,,,,,,,,,,,,,
Travis Vokolek,ARI,TE,2870478,,@NYG,12,14,1,1,N/R,,,0,0,,0,0,0.0,0,0,0.0,0,0,0,0.00,,,,,,,,,,,,,,,,,,
Tre Watson,MIA,TE,26699319,,@MIN,19,6,1,1,N/R,,,0,0,,0,0,0.0,0,0,0.0,0,0,0,-,,,,,,,,,,,,,,,,,,
Tre' McKitty,WAS,TE,2804040,,IND,24,7,1,1,N/R,,,0,0,,0,0,0.0,0,0,0.0,0,0,0,-,,,,,,,,,,,,,,,,,,
Trey Knox,MIN,TE,3122488,,MIA,25,6,1,1,N/R,,,0,0,,0,0,0.0,0,0,0.0,0,0,0,-,,,,,,,,,,,,,,,,,,
Treyton Welch,NO,TE,3123913,,ATL,18,8,1,1,N/R,,,0,0,,0,0,0.0,0,0,0.0,0,0,0,0.00,,,,,,,,,,,,,,,,,,
Tucker Fisk,LAC,TE,2866766,,@SEA,9,7,1,1,N/R,,,19,0,,0,0,9.5,0,0,0.0,0,4,2,0.00,,,,,,,,,,,,,,,,,,
Ty Pezza,BAL,TE,28925533,,TEN,4,13,1,1,N/R,,,0,0,,0,0,0.0,0,0,0.0,0,0,0,-,,,,,,,,,,,,,,,,,,
Tyler Conklin,DET,TE,2165249,,@SEA,9,6,1,1,N/R,,,101,0,,1,2,14.4,0,0,2.0,1,10,7,0.08,,,,,,,,,,,,,,,,,,
Tyler Davis,NE,TE,2182811,,@BUF,7,11,1,1,N/R,,,0,0,,0,0,0.0,0,0,0.0,0,0,0,-,,,,,,,,,,,,,,,,,,
Tyler Higbee,LAR,TE,1853103,,@PHI,3,11,6,2,17,,,281,3,,0,0,11.2,0,0,0.0,10,36,25,1.00,,,,,,,,,,,,,,,,,,
Tyler Mabry,CAR,TE,3159198,,DET,32,5,1,1,N/R,,,0,0,,0,0,0.0,0,0,0.0,0,0,0,-,,,,,,,,,,,,,,,,,,
Tyler Moore,IND,TE,26695106,,@WAS,30,13,1,0,N/R,,,0,0,,0,0,0.0,0,0,0.0,0,0,0,-,,,,,,,,,,,,,,,,,,
Tyler Neville,DAL,TE,3164475,,@HOU,17,14,1,0,N/R,,,0,0,,0,0,0.0,0,0,0.0,0,0,0,-,,,,,,,,,,,,,,,,,,
Tyree Jackson,WAS,TE,2184377,,IND,24,7,1,0,N/R,,,0,0,,0,0,0.0,0,0,0.0,0,0,0,-,,,,,,,,,,,,,,,,,,
Will Dissly,LAC,TE,2139628,,@SEA,9,7,1,1,N/R,,,97,0,,0,0,8.8,0,0,0.0,0,16,11,0.00,,,,,,,,,,,,,,,,,,
Will Kacmarek,MIA,TE,26717403,,@MIN,19,6,1,1,N/R,,,0,0,,0,0,0.0,0,0,0.0,0,0,0,-,,,,,,,,,,,,,,,,,,
Will Mallory,IND,TE,2962073,,@WAS,30,13,1,1,N/R,,,16,0,,0,0,16.0,0,0,0.0,0,1,1,0.00,,,,,,,,,,,,,,,,,,
Zach Davidson,NYG,TE,26653246,,ARI,28,8,1,0,N/R,,,0,0,,0,0,0.0,0,0,0.0,0,0,0,0.00,,,,,,,,,,,,,,,,,,
Zach Ertz,PHI,TE,1685963,,IND,24,10,5,1,N/R,,,504,4,,0,0,10.1,0,0,0.0,19,72,50,1.46,,,,,,,,,,,,,,,,,,
Zach Heins,LAC,TE,2976450,,@SEA,9,7,1,0,N/R,,,0,0,,0,0,0.0,0,0,0.0,0,0,0,-,,,,,,,,,,,,,,,,,,
Zach Horton,DET,TE,26698603,,@CAR,21,6,1,1,N/R,,,0,0,,0,0,0.0,0,0,0.0,0,0,0,0.00,,,,,,,,,,,,,,,,,,
Zack Kuntz,DAL,TE,2963243,,@HOU,17,14,1,1,N/R,,,0,0,,0,0,0.0,0,0,0.0,0,0,0,-,,,,,,,,,,,,,,,,,,
Zaire Mitchell-Paden,HOU,TE,26695325,,ATL,18,8,1,1,N/R,,,17,0,,0,0,8.5,0,0,0.0,0,3,2,0.00,,,,,,,,,,,,,,,,,,
A.J. Henning,MIA,WR,3169276,,@MIN,24,6,1,1,N/R,,,0,0,,0,0,0.0,0,0,0.0,0,0,0,-,,,,,,,,,,,,,,,,,,
A.J. Richardson,ARI,WR,3117015,,@NYG,20,14,1,1,N/R,,,0,0,,0,0,0.0,0,0,0.0,0,0,0,-,,,,,,,,,,,,,,,,,,
A.T. Perry,PIT,WR,2965235,,@CLE,23,9,1,1,N/R,,,0,0,,0,0,0.0,0,0,0.0,0,0,0,-,,,,,,,,,,,,,,,,,,
Aaron Anderson,CLE,WR,28877406,,PIT,13,11,1,1,N/R,,,0,0,,0,0,0.0,0,0,0.0,0,0,0,-,,,,,,,,,,,,,,,,,,
Aaron Bailey,BAL,WR,2820501,,TEN,17,13,1,1,N/R,,,0,0,,0,0,0.0,0,0,0.0,0,0,0,-,,,,,,,,,,,,,,,,,,
Adam Thielen,PIT,WR,2059362,,@CLE,23,9,2,2,N/R,,,186,0,,0,0,9.8,0,0,0.0,1,35,19,0.06,,,,,,,,,,,,,,,,,,
Ahmarean Brown,BUF,WR,3123946,,NE,7,7,1,1,N/R,,,0,0,,0,0,0.0,0,0,0.0,0,0,0,-,,,,,,,,,,,,,,,,,,
Ainias Smith,CAR,WR,3131553,,DET,27,5,1,0,N/R,,,0,0,,0,0,0.0,0,0,0.0,0,0,0,-,,,,,,,,,,,,,,,,,,
Ajou Ajou,IND,WR,3161800,,@WAS,32,13,1,1,N/R,,,0,0,,0,0,0.0,0,0,0.0,0,0,0,-,,,,,,,,,,,,,,,,,,
Aleva Hifo,ARI,WR,3159106,,@NYG,20,14,1,0,N/R,,,0,0,,0,0,0.0,0,0,0.0,0,0,0,-,,,,,,,,,,,,,,,,,,
Alex Bachman,LAR,WR,2186388,,KC,2,11,1,1,N/R,,,12,0,,0,0,6.0,0,0,0.0,0,3,2,0.00,,,,,,,,,,,,,,,,,,
Alex Wesley,CHI,WR,2142830,,NYJ,6,10,0,0,N/R,,,0,0,,0,0,0.0,0,0,0.0,0,0,0,-,,,,,,,,,,,,,,,,,,
Allen Lazard,NYJ,WR,2141655,,@CHI,11,13,1,1,N/R,,,70,1,,0,0,7.0,0,0,0.0,1,18,10,0.10,,,,,,,,,,,,,,,,,,
Allen Robinson,DET,WR,1889923,,@CAR,4,6,1,1,N/R,,,0,0,,0,0,0.0,0,0,0.0,0,0,0,-,,,,,,,,,,,,,,,,,,
Amari Cooper,LV,WR,1984220,,KC,2,13,1,1,N/R,,,0,0,,0,0,0.0,0,0,0.0,0,0,0,-,,,,,,,,,,,,,,,,,,
Amba Etta-Tawo,HOU,WR,2001582,,DAL,15,8,1,1,N/R,,,0,0,,0,0,0.0,0,0,0.0,0,0,0,-,,,,,,,,,,,,,,,,,,
Andre Baccellia,ARI,WR,3159102,,@NYG,20,14,1,1,N/R,,,8,0,,0,0,4.0,0,0,0.0,0,4,2,0.00,,,,,,,,,,,,,,,,,,
Andre Miller,GB,WR,2963411,,@TB,10,11,1,1,N/R,,,0,0,,0,0,0.0,0,0,0.0,0,0,0,-,,,,,,,,,,,,,,,,,,
Andrei Iosivas,CIN,WR,2966908,,JAC,21,6,1,1,N/R,,,435,2,,3,14,13.2,0,0,4.7,5,58,33,0.29,,,,,,,,,,,,,,,,,,
Andrew Armstrong,KC,WR,28926946,,@LV,5,5,1,1,N/R,,,0,0,,0,0,0.0,0,0,0.0,0,0,0,-,,,,,,,,,,,,,,,,,,
Andrew Parchment,CAR,WR,2252355,,DET,27,5,0,0,N/R,,,0,0,,0,0,0.0,0,0,0.0,0,0,0,-,,,,,,,,,,,,,,,,,,
Andy Isabella,SF,WR,2182851,,DEN,9,8,1,1,N/R,,,0,0,,0,0,0.0,0,0,0.0,0,0,0,-,,,,,,,,,,,,,,,,,,
Anthony Gould,IND,WR,3122031,,@WAS,32,13,1,1,N/R,,,6,0,,0,0,3.0,0,0,0.0,0,2,2,0.00,,,,,,,,,,,,,,,,,,
Anthony Johnson,PIT,WR,2258536,,@CLE,23,9,1,1,N/R,,,0,0,,0,0,0.0,0,0,0.0,0,0,0,-,,,,,,,,,,,,,,,,,,
Anthony Miller,BAL,WR,2082810,,TEN,17,13,1,0,N/R,,,0,0,,0,0,0.0,0,0,0.0,0,0,0,-,,,,,,,,,,,,,,,,,,
Anthony Ratliff-Williams,SEA,WR,2179349,,LAC,18,11,1,1,N/R,,,0,0,,0,0,0.0,0,0,0.0,0,0,0,-,,,,,,,,,,,,,,,,,,
Anthony Schwartz,MIA,WR,2965374,,@MIN,24,6,1,1,N/R,,,0,0,,0,0,0.0,0,0,0.0,0,0,0,-,,,,,,,,,,,,,,,,,,
Anthony Smith,DAL,WR,3164577,,@HOU,29,14,1,0,N/R,,,0,0,,0,0,0.0,0,0,0.0,0,0,0,-,,,,,,,,,,,,,,,,,,
Antoine Green,DET,WR,2962502,,@CAR,4,6,1,1,N/R,,,0,0,,0,0,0.0,0,0,0.0,0,0,0,-,,,,,,,,,,,,,,,,,,
Antonio Brown,TB,WR,1272852,,GB,22,10,1,1,N/R,,,0,0,,0,0,0.0,0,0,0.0,0,0,0,-,,,,,,,,,,,,,,,,,,
Antonio Nunn,ATL,WR,2258543,,@NO,8,11,1,1,N/R,,,0,0,,0,0,0.0,0,0,0.0,0,0,0,-,,,,,,,,,,,,,,,,,,
Antwane Wells Jr.,ATL,WR,3161901,,@NO,8,11,1,1,N/R,,,0,0,,0,0,0.0,0,0,0.0,0,0,0,-,,,,,,,,,,,,,,,,,,
Arian Smith,NYJ,WR,3163930,,@CHI,11,13,1,1,N/R,,,52,0,,4,13,7.4,0,0,3.2,0,16,7,0.00,,,,,,,,,,,,,,,,,,
Armanti Foreman,MIN,WR,2925428,,MIA,3,6,1,1,N/R,,,0,0,,0,0,0.0,0,0,0.0,0,0,0,-,,,,,,,,,,,,,,,,,,
Aron Cruickshank,PIT,WR,2961237,,@CLE,23,9,1,1,N/R,,,0,0,,0,0,0.0,0,0,0.0,0,0,0,-,,,,,,,,,,,,,,,,,,
Artavis Scott,HOU,WR,2133477,,DAL,15,8,1,1,N/R,,,0,0,,0,0,0.0,0,0,0.0,0,0,0,-,,,,,,,,,,,,,,,,,,
Arthur Williams,NYJ,WR,2185867,,@CHI,11,13,1,1,N/R,,,0,0,,0,0,0.0,0,0,0.0,0,0,0,-,,,,,,,,,,,,,,,,,,
Ashton Dulin,IND,WR,3116796,,@WAS,32,13,1,1,N/R,,,106,0,,3,44,21.2,0,0,14.7,0,10,5,0.00,,,,,,,,,,,,,,,,,,
Austin Proehl,NYG,WR,2130950,,ARI,30,8,1,1,N/R,,,0,0,,0,0,0.0,0,0,0.0,0,0,0,-,,,,,,,,,,,,,,,,,,
Austin Trammell,JAC,WR,2838491,,@CIN,14,7,1,0,N/R,,,46,0,,0,0,15.3,0,0,0.0,0,10,3,0.00,,,,,,,,,,,,,,,,,,
Austin Watkins Jr.,PHI,WR,2961443,,LAR,16,10,1,1,N/R,,,0,0,,0,0,0.0,0,0,0.0,0,0,0,-,,,,,,,,,,,,,,,,,,
Austin Willis,DET,WR,2175115,,@CAR,4,6,0,0,N/R,,,0,0,,0,0,0.0,0,0,0.0,0,0,0,-,,,,,,,,,,,,,,,,,,
Avery Davis,DET,WR,2868630,,@CAR,4,6,0,0,N/R,,,0,0,,0,0,0.0,0,0,0.0,0,0,0,-,,,,,,,,,,,,,,,,,,
Ayir Asante,NYG,WR,3124133,,ARI,30,8,1,1,N/R,,,0,0,,0,0,0.0,0,0,0.0,0,0,0,-,,,,,,,,,,,,,,,,,,
Bailey Gaither,BAL,WR,2184609,,TEN,17,13,0,0,N/R,,,0,0,,0,0,0.0,0,0,0.0,0,0,0,-,,,,,,,,,,,,,,,,,,
Barion Brown,NO,WR,28900204,,ATL,28,8,1,1,N/R,,,0,0,,0,0,0.0,0,0,0.0,0,0,0,-,,,,,,,,,,,,,,,,,,
Beaux Collins,ATL,WR,26694592,,ARI,30,11,1,1,N/R,,,25,0,,0,0,12.5,0,0,0.0,0,6,2,0.00,,,,,,,,,,,,,,,,,,
Ben Patterson,CLE,WR,50048410,,PIT,13,11,1,1,N/R,,,0,0,,0,0,0.0,0,0,0.0,0,0,0,-,,,,,,,,,,,,,,,,,,
Ben Skowronek,PIT,WR,2247046,,@CLE,23,9,1,1,N/R,,,69,1,,0,0,17.2,0,0,0.0,2,6,4,0.12,,,,,,,,,,,,,,,,,,
Blake Proehl,MIN,WR,2827939,,MIA,3,6,1,0,N/R,,,0,0,,0,0,0.0,0,0,0.0,0,0,0,-,,,,,,,,,,,,,,,,,,
Blayne Taylor,IND,WR,28914781,,@WAS,32,13,1,1,N/R,,,0,0,,0,0,0.0,0,0,0.0,0,0,0,-,,,,,,,,,,,,,,,,,,
Bobo Beathard,ARI,WR,1840609,,@NYG,20,14,1,1,N/R,,,0,0,,0,0,0.0,0,0,0.0,0,0,0,-,,,,,,,,,,,,,,,,,,
Brady Boyd,JAC,WR,26696036,,@CIN,14,7,1,0,N/R,,,0,0,,0,0,0.0,0,0,0.0,0,0,0,-,,,,,,,,,,,,,,,,,,
Branden Mack,DEN,WR,2256707,,@SF,12,10,1,0,N/R,,,0,0,,0,0,0.0,0,0,0.0,0,0,0,-,,,,,,,,,,,,,,,,,,
Brandin Cooks,SF,WR,1880880,,NE,7,8,2,1,N/R,,,279,0,,0,0,11.6,0,0,0.0,2,36,24,0.13,,,,,,,,,,,,,,,,,,
Brandon Aiyuk,SF,WR,2967489,,DEN,9,8,3,1,N/R,,,0,0,,0,0,0.0,0,0,0.0,0,0,0,-,,,,,,,,,,,,,,,,,,
Brandon Hayes,PHI,WR,3170373,,LAR,16,10,1,1,N/R,,,0,0,,0,0,0.0,0,0,0.0,0,0,0,-,,,,,,,,,,,,,,,,,,
Brandon Johnson,PIT,WR,2247509,,@CLE,23,9,1,1,N/R,,,0,0,,0,0,0.0,0,0,0.0,0,0,0,-,,,,,,,,,,,,,,,,,,
Brandon Lewis,TEN,WR,3044909,,@BAL,25,9,1,1,N/R,,,0,0,,0,0,0.0,0,0,0.0,0,0,0,-,,,,,,,,,,,,,,,,,,
Brandon Powell,MIN,WR,2926490,,MIA,3,6,1,1,N/R,,,0,0,,0,0,0.0,0,0,0.0,0,0,0,-,,,,,,,,,,,,,,,,,,
Brandon Smith,PIT,WR,2865783,,@CHI,11,9,1,1,N/R,,,0,0,,0,0,0.0,0,0,0.0,0,0,0,0.00,,,,,,,,,,,,,,,,,,
Braxton Berrios,NYG,WR,2130981,,DAL,15,8,1,1,N/R,,,37,0,,0,0,6.2,0,0,0.0,0,8,6,0.00,,,,,,,,,,,,,,,,,,
Braxton Burmeister,LAR,WR,2815157,,@PHI,19,11,1,1,N/R,,,0,0,,0,0,0.0,0,0,0.0,0,0,0,-,,,,,,,,,,,,,,,,,,
Braxton Westfield,IND,WR,2240959,,@WAS,32,13,1,1,N/R,,,0,0,,0,0,0.0,0,0,0.0,0,0,0,-,,,,,,,,,,,,,,,,,,
Braydon Johnson,BUF,WR,2864986,,NE,7,7,0,0,N/R,,,0,0,,0,0,0.0,0,0,0.0,0,0,0,-,,,,,,,,,,,,,,,,,,
Braylon Sanders,WAS,WR,2869933,,IND,26,7,1,1,N/R,,,0,0,,0,0,0.0,0,0,0.0,0,0,0,-,,,,,,,,,,,,,,,,,,
Brelan Chancellor,PIT,WR,2130622,,@CLE,23,9,1,1,N/R,,,0,0,,0,0,0.0,0,0,0.0,0,0,0,-,,,,,,,,,,,,,,,,,,
Brenden Rice,GB,WR,3166803,,@TB,10,11,1,1,N/R,,,0,0,,0,0,0.0,0,0,0.0,0,0,0,-,,,,,,,,,,,,,,,,,,
Brenen Thompson,LAC,WR,28909756,,@SEA,1,7,1,1,N/R,,,0,0,,0,0,0.0,0,0,0.0,0,0,0,-,,,,,,,,,,,,,,,,,,
Brennan Eagles,DAL,WR,2965527,,@HOU,29,14,1,1,N/R,,,0,0,,0,0,0.0,0,0,0.0,0,0,0,-,,,,,,,,,,,,,,,,,,
Brennan Presley,LAR,WR,3169136,,@PHI,19,11,1,0,N/R,,,0,0,,0,0,0.0,0,0,0.0,0,0,0,0.00,,,,,,,,,,,,,,,,,,
Brevin Easton,JAC,WR,28887494,,@CIN,14,7,1,0,N/R,,,0,0,,0,0,0.0,0,0,0.0,0,0,0,-,,,,,,,,,,,,,,,,,,
Brian Cobbs,ARI,WR,2961430,,@NYG,20,14,1,1,N/R,,,0,0,,0,0,0.0,0,0,0.0,0,0,0,-,,,,,,,,,,,,,,,,,,
Britain Covey,PHI,WR,2185571,,LAR,16,10,1,1,N/R,,,20,0,,0,0,10.0,0,0,0.0,0,4,2,0.00,,,,,,,,,,,,,,,,,,
Brock Rechsteiner,NO,WR,26725349,,ATL,28,8,1,0,N/R,,,0,0,,0,0,0.0,0,0,0.0,0,0,0,-,,,,,,,,,,,,,,,,,,
Bryan Thompson,BUF,WR,2827539,,NE,7,7,1,1,N/R,,,0,0,,0,0,0.0,0,0,0.0,0,0,0,-,,,,,,,,,,,,,,,,,,
Bryant Mitchell,TB,WR,3103642,,GB,22,10,1,1,N/R,,,0,0,,0,0,0.0,0,0,0.0,0,0,0,-,,,,,,,,,,,,,,,,,,
Bryce Ford-Wheaton,NYG,WR,2963723,,ARI,30,8,1,1,N/R,,,0,0,,0,0,0.0,0,0,0.0,0,0,0,-,,,,,,,,,,,,,,,,,,
Bryce Lance,NO,WR,26725855,,ATL,28,8,6,1,N/R,,,0,0,,0,0,0.0,0,0,0.0,0,0,0,-,,,,,,,,,,,,,,,,,,
Bryce Oliver,HOU,WR,2967309,,@BAL,25,8,1,0,N/R,,,8,0,,0,0,8.0,0,0,0.0,0,1,1,0.00,,,,,,,,,,,,,,,,,,
Brycen Tremayne,CAR,WR,2967463,,DET,27,5,1,1,N/R,,,160,0,,0,0,11.4,0,0,0.0,0,18,14,0.00,,,,,,,,,,,,,,,,,,
Bryson Green,ARI,WR,26696745,,@NYG,20,14,1,1,N/R,,,0,0,,0,0,0.0,0,0,0.0,0,0,0,-,,,,,,,,,,,,,,,,,,
Bub Means,CLE,WR,3123413,,PIT,13,11,1,1,N/R,,,0,0,,0,0,0.0,0,0,0.0,0,0,0,-,,,,,,,,,,,,,,,,,,
Bug Howard,TB,WR,2060469,,GB,22,10,1,1,N/R,,,0,0,,0,0,0.0,0,0,0.0,0,0,0,-,,,,,,,,,,,,,,,,,,
C.J. Johnson,SEA,WR,3123939,,LAC,18,11,1,1,N/R,,,0,0,,0,0,0.0,0,0,0.0,0,0,0,-,,,,,,,,,,,,,,,,,,
CJ Daniels,LAR,WR,3167404,,@PHI,19,11,1,1,N/R,,,0,0,,0,0,0.0,0,0,0.0,0,0,0,-,,,,,,,,,,,,,,,,,,
CJ Williams,JAC,WR,28875641,,@CIN,14,7,1,0,N/R,,,0,0,,0,0,0.0,0,0,0.0,0,0,0,-,,,,,,,,,,,,,,,,,,
Cade McDonald,CLE,WR,3132630,,PIT,13,11,1,1,N/R,,,0,0,,0,0,0.0,0,0,0.0,0,0,0,-,,,,,,,,,,,,,,,,,,
Caleb Douglas,MIA,WR,28900321,,@MIN,24,6,35,1,N/R,,,0,0,,0,0,0.0,0,0,0.0,0,0,0,-,,,,,,,,,,,,,,,,,,
Caleb Scott,LV,WR,2139757,,KC,2,13,1,1,N/R,,,0,0,,0,0,0.0,0,0,0.0,0,0,0,-,,,,,,,,,,,,,,,,,,
Calvin Austin III,NYG,WR,2866214,,@CLE,23,8,1,1,N/R,,,372,3,,0,0,12.0,0,0,0.0,7,55,31,0.50,,,,,,,,,,,,,,,,,,
Calvin Jackson Jr.,MIA,WR,2968105,,@MIN,24,6,0,0,N/R,,,0,0,,0,0,0.0,0,0,0.0,0,0,0,-,,,,,,,,,,,,,,,,,,
Calvin Ridley,TEN,WR,2186328,,@BAL,25,9,22,2,N/R,,,303,0,,0,0,17.8,0,0,0.0,4,36,17,0.57,,,,,,,,,,,,,,,,,,
Cam Johnson,CAR,WR,2966680,,DET,27,5,1,1,N/R,,,0,0,,0,0,0.0,0,0,0.0,0,0,0,-,,,,,,,,,,,,,,,,,,
Cam Ross,DEN,WR,3122246,,@SF,12,10,1,1,N/R,,,0,0,,0,0,0.0,0,0,0.0,0,0,0,-,,,,,,,,,,,,,,,,,,
Camden Brown,DAL,WR,28877638,,@HOU,29,14,1,0,N/R,,,0,0,,0,0,0.0,0,0,0.0,0,0,0,-,,,,,,,,,,,,,,,,,,
Cameron Camper,NYJ,WR,28874582,,@CHI,11,13,1,1,N/R,,,0,0,,0,0,0.0,0,0,0.0,0,0,0,-,,,,,,,,,,,,,,,,,,
Cameron Dorner,NE,WR,29721343,,@BUF,31,11,1,1,N/R,,,0,0,,0,0,0.0,0,0,0.0,0,0,0,-,,,,,,,,,,,,,,,,,,
Casey Washington,CAR,WR,3126493,,@NO,8,5,1,1,N/R,,,94,0,,0,0,15.7,0,0,0.0,0,14,6,0.00,,,,,,,,,,,,,,,,,,
Caullin Lacy,NYJ,WR,3172596,,@CHI,11,13,1,0,N/R,,,0,0,,0,0,0.0,0,0,0.0,0,0,0,-,,,,,,,,,,,,,,,,,,
Cedric Tillman,NO,WR,2962120,,PIT,13,8,1,1,N/R,,,270,2,,0,0,12.9,0,0,0.0,3,39,21,0.23,,,,,,,,,,,,,,,,,,
Cedrick Wilson Jr.,DET,WR,2240685,,@MIN,24,6,1,1,N/R,,,44,0,,0,0,8.8,0,0,0.0,0,9,5,0.00,,,,,,,,,,,,,,,,,,
Cephus Johnson III,TB,WR,2868267,,GB,22,10,1,0,N/R,,,0,0,,0,0,0.0,0,0,0.0,0,0,0,-,,,,,,,,,,,,,,,,,,
Chandler Brayboy,NE,WR,3121489,,@BUF,31,11,1,0,N/R,,,0,0,,0,0,0.0,0,0,0.0,0,0,0,-,,,,,,,,,,,,,,,,,,
Changa Hodge,ARI,WR,2262609,,@NYG,20,14,1,1,N/R,,,0,0,,0,0,0.0,0,0,0.0,0,0,0,-,,,,,,,,,,,,,,,,,,
Charles Holland,CIN,WR,3117020,,JAC,21,6,1,1,N/R,,,0,0,,0,0,0.0,0,0,0.0,0,0,0,-,,,,,,,,,,,,,,,,,,
Charleston Rambo,PHI,WR,2867306,,LAR,16,10,0,0,N/R,,,0,0,,0,0,0.0,0,0,0.0,0,0,0,-,,,,,,,,,,,,,,,,,,
Charlie Jones,NYG,WR,2868959,,JAC,21,8,1,1,N/R,,,0,0,,0,0,0.0,0,0,0.0,5,1,0,0.36,,,,,,,,,,,,,,,,,,
Chase Cota,CLE,WR,2965589,,PIT,13,11,1,1,N/R,,,0,0,,0,0,0.0,0,0,0.0,0,0,0,-,,,,,,,,,,,,,,,,,,
Chase Roberts,LV,WR,26728791,,KC,2,13,1,0,N/R,,,0,0,,0,0,0.0,0,0,0.0,0,0,0,-,,,,,,,,,,,,,,,,,,
Chimere Dike,TEN,WR,3162452,,@BAL,25,9,3,1,N/R,,,423,4,,11,18,8.8,0,1,1.6,18,74,48,1.06,,,,,,,,,,,,,,,,,,
Chris Blair,ATL,WR,2965618,,@NO,8,11,1,1,N/R,,,0,0,,0,0,0.0,0,0,0.0,0,0,0,0.00,,,,,,,,,,,,,,,,,,
Chris Brazzell II,CAR,WR,26904572,,DET,27,5,2,1,N/R,,,0,0,,0,0,0.0,0,0,0.0,0,0,0,-,,,,,,,,,,,,,,,,,,
Chris Coleman,MIA,WR,2804779,,@MIN,24,6,1,0,N/R,,,0,0,,0,0,0.0,0,0,0.0,0,0,0,-,,,,,,,,,,,,,,,,,,
Chris Finke,CHI,WR,2186662,,NYJ,6,10,1,1,N/R,,,0,0,,0,0,0.0,0,0,0.0,0,0,0,-,,,,,,,,,,,,,,,,,,
Chris Hilton Jr.,GB,WR,26700928,,@TB,10,11,1,1,N/R,,,0,0,,0,0,0.0,0,0,0.0,0,0,0,-,,,,,,,,,,,,,,,,,,
Chris Moore,BAL,WR,1871375,,IND,26,13,1,1,N/R,,,207,1,,1,9,18.8,0,0,9.0,2,23,11,0.14,,,,,,,,,,,,,,,,,,
Chris Tyree,NO,WR,3171678,,ATL,28,8,1,1,N/R,,,0,0,,0,0,0.0,0,0,0.0,0,0,0,-,,,,,,,,,,,,,,,,,,
Christian Kirk,SF,WR,2180820,,DAL,15,8,6,1,N/R,,,239,1,,0,0,8.5,0,0,0.0,1,52,28,0.08,,,,,,,,,,,,,,,,,,
Christion Jones,MIA,WR,1893141,,@MIN,24,6,1,1,N/R,,,0,0,,0,0,0.0,0,0,0.0,0,0,0,-,,,,,,,,,,,,,,,,,,
Cody Chrest,GB,WR,2241883,,@TB,10,11,1,1,N/R,,,0,0,,0,0,0.0,0,0,0.0,0,0,0,-,,,,,,,,,,,,,,,,,,
Cody White,LV,WR,2865884,,LAC,18,13,2,1,N/R,,,90,1,,0,0,30.0,0,0,0.0,4,4,3,0.40,,,,,,,,,,,,,,,,,,
Colbie Young,CIN,WR,28934874,,JAC,21,6,1,1,N/R,,,0,0,,0,0,0.0,0,0,0.0,0,0,0,-,,,,,,,,,,,,,,,,,,
Cole Burgess,PIT,WR,29362393,,@CLE,23,9,1,1,N/R,,,0,0,,0,0,0.0,0,0,0.0,0,0,0,-,,,,,,,,,,,,,,,,,,
Coleman Owen,IND,WR,3137926,,@WAS,32,13,1,0,N/R,,,0,0,,0,0,0.0,0,0,0.0,0,1,0,0.00,,,,,,,,,,,,,,,,,,
Collin Johnson,LV,WR,2240315,,KC,2,13,1,0,N/R,,,0,0,,0,0,0.0,0,0,0.0,0,0,0,-,,,,,,,,,,,,,,,,,,
Colton Dowell,PIT,WR,2828751,,@CLE,23,9,1,1,N/R,,,0,0,,0,0,0.0,0,0,0.0,0,0,0,-,,,,,,,,,,,,,,,,,,
Connor Wedington,SEA,WR,2866341,,LAC,18,11,1,1,N/R,,,0,0,,0,0,0.0,0,0,0.0,0,0,0,-,,,,,,,,,,,,,,,,,,
Cooper Kupp,SEA,WR,2006951,,LAC,18,11,27,4,N/R,,,593,2,,0,0,12.6,0,1,0.0,6,70,47,0.38,,,,,,,,,,,,,,,,,,
Corey Crooms Jr.,DAL,WR,3123126,,@HOU,29,14,1,0,N/R,,,0,0,,0,0,0.0,0,0,0.0,0,0,0,-,,,,,,,,,,,,,,,,,,
Corey Rucker,LV,WR,3163046,,KC,2,13,0,0,N/R,,,0,0,,0,0,0.0,0,0,0.0,0,0,0,-,,,,,,,,,,,,,,,,,,
Corey Sutton,DET,WR,2239648,,@CAR,4,6,0,0,N/R,,,0,0,,0,0,0.0,0,0,0.0,0,0,0,-,,,,,,,,,,,,,,,,,,
Cornelius Johnson,BAL,WR,3133361,,TEN,17,13,1,1,N/R,,,0,0,,0,0,0.0,0,0,0.0,0,0,0,-,,,,,,,,,,,,,,,,,,
Cornell Powell,PIT,WR,2239529,,@CLE,23,9,1,1,N/R,,,0,0,,0,0,0.0,0,0,0.0,0,0,0,-,,,,,,,,,,,,,,,,,,
Cortez Braham Jr.,BAL,WR,28919816,,TEN,17,13,1,1,N/R,,,0,0,,0,0,0.0,0,0,0.0,0,0,0,-,,,,,,,,,,,,,,,,,,
Cortrelle Simpson,TB,WR,3117088,,GB,22,10,1,0,N/R,,,0,0,,0,0,0.0,0,0,0.0,0,0,0,-,,,,,,,,,,,,,,,,,,
Courtland Sutton,DEN,WR,2218461,,@SF,12,10,87,18,44,,,1017,7,,0,0,13.7,0,0,0.0,25,124,74,1.47,,,,,,,,,,,,,,,,,,
Courtney Jackson,TEN,WR,3123345,,@BAL,25,9,1,0,N/R,,,0,0,,0,0,0.0,0,0,0.0,0,0,0,-,,,,,,,,,,,,,,,,,,
Curtis Samuel,BUF,WR,2131252,,NE,7,7,1,1,N/R,,,81,1,,0,0,11.6,0,0,0.0,1,9,7,0.17,,,,,,,,,,,,,,,,,,
Cyrus Allen,KC,WR,28875899,,@LV,5,5,7,1,N/R,,,0,0,,0,0,0.0,0,0,0.0,0,0,0,-,,,,,,,,,,,,,,,,,,
Cyrus Holder,CHI,WR,2242794,,NYJ,6,10,0,0,N/R,,,0,0,,0,0,0.0,0,0,0.0,0,0,0,-,,,,,,,,,,,,,,,,,,
D'Wayne Eskridge,MIA,WR,2252411,,@MIN,24,6,1,0,N/R,,,62,0,,0,0,15.5,0,1,0.0,0,7,4,0.00,,,,,,,,,,,,,,,,,,
D.J. Montgomery,IND,WR,3116788,,@WAS,32,13,1,1,N/R,,,0,0,,0,0,0.0,0,0,0.0,0,0,0,-,,,,,,,,,,,,,,,,,,
DJ Chark,ATL,WR,2131689,,@NO,8,11,1,1,N/R,,,0,0,,0,0,0.0,0,0,0.0,0,0,0,-,,,,,,,,,,,,,,,,,,
DJ Turner,HOU,WR,2251084,,KC,2,8,1,1,N/R,,,0,0,,0,0,0.0,0,0,0.0,0,0,0,0.00,,,,,,,,,,,,,,,,,,
DT Sheffield,NYJ,WR,29122875,,@CHI,11,13,1,1,N/R,,,0,0,,0,0,0.0,0,0,0.0,0,0,0,-,,,,,,,,,,,,,,,,,,
Da'Quan Felton,NYJ,WR,3128608,,@CHI,11,13,1,1,N/R,,,0,0,,0,0,0.0,0,0,0.0,0,0,0,-,,,,,,,,,,,,,,,,,,
DaMarkus Lodge,CIN,WR,2186347,,JAC,21,6,1,1,N/R,,,0,0,,0,0,0.0,0,0,0.0,0,0,0,-,,,,,,,,,,,,,,,,,,
DaRon Brown,FA,WR,1762348,,BYE,---,0,1,1,N/R,,,0,0,,0,0,0.0,0,0,0.0,0,0,0,-,,,,,,,,,,,,,,,,,,
DaVaris Daniels,NE,WR,1888751,,@BUF,31,11,1,1,N/R,,,0,0,,0,0,0.0,0,0,0.0,0,0,0,-,,,,,,,,,,,,,,,,,,
Daewood Davis,CAR,WR,2867589,,DET,27,5,0,0,N/R,,,0,0,,0,0,0.0,0,0,0.0,0,0,0,-,,,,,,,,,,,,,,,,,,
Dai'Jean Dixon,NO,WR,2864965,,ATL,28,8,1,1,N/R,,,0,0,,0,0,0.0,0,0,0.0,0,0,0,-,,,,,,,,,,,,,,,,,,
Daje Johnson,ATL,WR,1996830,,@NO,8,11,1,1,N/R,,,0,0,,0,0,0.0,0,0,0.0,0,0,0,-,,,,,,,,,,,,,,,,,,
Dalen Cambre,NYG,WR,3131659,,ARI,30,8,1,1,N/R,,,0,0,,0,0,0.0,0,0,0.0,0,0,0,0.00,,,,,,,,,,,,,,,,,,
Dalevon Campbell,LAC,WR,3126518,,@SEA,1,7,1,1,N/R,,,0,0,,0,0,0.0,0,0,0.0,0,0,0,0.00,,,,,,,,,,,,,,,,,,
Dallas Daniels,DEN,WR,3166474,,@SF,12,10,1,0,N/R,,,0,0,,0,0,0.0,0,0,0.0,0,0,0,-,,,,,,,,,,,,,,,,,,
Dalton Schoen,KC,WR,2179601,,@LV,5,5,1,1,N/R,,,0,0,,0,0,0.0,0,0,0.0,0,0,0,-,,,,,,,,,,,,,,,,,,
Damien Alford,NO,WR,3168395,,ATL,28,8,1,0,N/R,,,0,0,,0,0,0.0,0,0,0.0,0,0,0,-,,,,,,,,,,,,,,,,,,
Damion Jeanpiere,CAR,WR,3117009,,DET,27,5,0,0,N/R,,,0,0,,0,0,0.0,0,0,0.0,0,0,0,-,,,,,,,,,,,,,,,,,,
Damon Hazelton,HOU,WR,2252367,,DAL,15,8,1,0,N/R,,,0,0,,0,0,0.0,0,0,0.0,0,0,0,-,,,,,,,,,,,,,,,,,,
Dan Chisena,CAR,WR,3159144,,DET,27,5,1,1,N/R,,,0,0,,0,0,0.0,0,0,0.0,0,0,0,0.00,,,,,,,,,,,,,,,,,,
Dane Key,DEN,WR,28873407,,@SF,12,10,1,0,N/R,,,0,0,,0,0,0.0,0,0,0.0,0,0,0,-,,,,,,,,,,,,,,,,,,
Daniel Arias,ARI,WR,2966863,,@NYG,20,14,1,0,N/R,,,0,0,,0,0,0.0,0,0,0.0,0,0,0,-,,,,,,,,,,,,,,,,,,
Daniel Jackson,HOU,WR,3178022,,DAL,15,8,1,0,N/R,,,0,0,,0,0,0.0,0,0,0.0,0,0,0,-,,,,,,,,,,,,,,,,,,
Daniel Sobkowicz,HOU,WR,26716333,,DAL,15,8,1,0,N/R,,,0,0,,0,0,0.0,0,0,0.0,0,0,0,-,,,,,,,,,,,,,,,,,,
Danny Davis,GB,WR,2866956,,@TB,10,11,1,1,N/R,,,0,0,,0,0,0.0,0,0,0.0,0,0,0,-,,,,,,,,,,,,,,,,,,
Danny Gray,PHI,WR,3168336,,LAR,16,10,1,1,N/R,,,0,0,,0,0,0.0,0,0,0.0,0,0,0,-,,,,,,,,,,,,,,,,,,
Dante Pettis,BUF,WR,2139642,,ATL,28,7,1,1,N/R,,,127,0,,0,0,14.1,0,1,0.0,0,11,9,0.00,,,,,,,,,,,,,,,,,,
Darece Roberson Jr.,SEA,WR,26654230,,LAC,18,11,1,1,N/R,,,0,0,,0,0,0.0,0,0,0.0,0,0,0,-,,,,,,,,,,,,,,,,,,
Dareke Young,LV,WR,27017067,,LAC,18,13,1,1,N/R,,,48,0,,0,0,24.0,0,0,0.0,0,3,2,0.00,,,,,,,,,,,,,,,,,,
Darius Cooper,PHI,WR,3165205,,LAR,16,10,1,1,N/R,,,92,0,,0,0,10.2,0,0,0.0,0,11,9,0.00,,,,,,,,,,,,,,,,,,
Darius Lassiter,JAC,WR,28874276,,@CIN,14,7,1,1,N/R,,,0,0,,0,0,0.0,0,0,0.0,0,0,0,-,,,,,,,,,,,,,,,,,,
Darius Slayton,IND,WR,2183982,,ARI,30,13,2,1,N/R,,,538,1,,0,0,14.5,0,1,0.0,5,63,37,0.36,,,,,,,,,,,,,,,,,,
Darnell Mooney,NYG,WR,2240651,,@NO,8,8,4,1,N/R,,,443,1,,0,0,13.8,0,0,0.0,5,72,32,0.33,,,,,,,,,,,,,,,,,,
David Bell,CLE,WR,3131708,,PIT,13,11,1,1,N/R,,,0,0,,0,0,0.0,0,0,0.0,0,0,0,-,,,,,,,,,,,,,,,,,,
David Durden,DAL,WR,2836832,,@HOU,29,14,1,1,N/R,,,0,0,,0,0,0.0,0,0,0.0,0,0,0,-,,,,,,,,,,,,,,,,,,
David Moore,CAR,WR,2818351,,DET,27,5,1,1,N/R,,,5,0,,1,12,5.0,0,0,12.0,0,1,1,0.00,,,,,,,,,,,,,,,,,,
David Sills,TB,WR,2179491,,@NO,8,10,1,1,N/R,,,191,2,,0,0,10.6,0,0,0.0,3,36,18,0.18,,,,,,,,,,,,,,,,,,
David Wallis,NE,WR,29383209,,@BUF,31,11,1,1,N/R,,,0,0,,0,0,0.0,0,0,0.0,0,0,0,-,,,,,,,,,,,,,,,,,,
Davon Grayson,KC,WR,2080267,,@LV,5,5,1,1,N/R,,,0,0,,0,0,0.0,0,0,0.0,0,0,0,-,,,,,,,,,,,,,,,,,,
Davonte Allen,BUF,WR,1892454,,NE,7,7,1,1,N/R,,,0,0,,0,0,0.0,0,0,0.0,0,0,0,-,,,,,,,,,,,,,,,,,,
Dax Milne,CAR,WR,2975629,,DET,27,5,1,1,N/R,,,0,0,,0,0,0.0,0,0,0.0,0,0,0,-,,,,,,,,,,,,,,,,,,
Dayton Wade,BAL,WR,3121829,,TEN,17,13,1,0,N/R,,,0,0,,0,0,0.0,0,0,0.0,0,0,0,-,,,,,,,,,,,,,,,,,,
De'Mornay Pierson-El,DEN,WR,2925144,,@SF,12,10,1,0,N/R,,,0,0,,0,0,0.0,0,0,0.0,0,0,0,-,,,,,,,,,,,,,,,,,,
De'Quan Hampton,SEA,WR,2180325,,LAC,18,11,1,0,N/R,,,0,0,,0,0,0.0,0,0,0.0,0,0,0,-,,,,,,,,,,,,,,,,,,
DeAndre Carter,CLE,WR,2174795,,PIT,13,11,1,1,N/R,,,0,0,,0,0,0.0,0,0,0.0,0,0,0,0.00,,,,,,,,,,,,,,,,,,
DeAndre Hopkins,BAL,WR,1737078,,TEN,17,13,1,1,N/R,,,330,2,,0,0,15.0,0,0,0.0,4,39,22,0.24,,,,,,,,,,,,,,,,,,
DeAndre Thompkins,GB,WR,2131257,,@TB,10,11,1,1,N/R,,,0,0,,0,0,0.0,0,0,0.0,0,0,0,-,,,,,,,,,,,,,,,,,,
DeAngelo Hardy,BAL,WR,29376463,,TEN,17,13,1,1,N/R,,,0,0,,0,0,0.0,0,0,0.0,0,0,0,-,,,,,,,,,,,,,,,,,,
DeVonte Christopher,FA,WR,1621175,,BYE,---,0,1,1,N/R,,,0,0,,0,0,0.0,0,0,0.0,0,0,0,-,,,,,,,,,,,,,,,,,,
DeVonte Dedmon,MIA,WR,2137691,,@MIN,24,6,0,0,N/R,,,0,0,,0,0,0.0,0,0,0.0,0,0,0,-,,,,,,,,,,,,,,,,,,
DeVontres Dukes,DEN,WR,2261694,,@SF,12,10,1,1,N/R,,,0,0,,0,0,0.0,0,0,0.0,0,0,0,-,,,,,,,,,,,,,,,,,,
Dean Patterson,TB,WR,26696444,,GB,22,10,1,1,N/R,,,0,0,,0,0,0.0,0,0,0.0,0,0,0,-,,,,,,,,,,,,,,,,,,
Deion Burks,IND,WR,26694367,,@WAS,32,13,1,1,N/R,,,0,0,,0,0,0.0,0,0,0.0,0,0,0,-,,,,,,,,,,,,,,,,,,
Demarcus Robinson,SF,WR,2061095,,DEN,9,8,4,1,N/R,,,276,1,,1,6,12.6,0,0,6.0,3,35,22,0.21,,,,,,,,,,,,,,,,,,
Demario Douglas,NE,WR,3126241,,@BUF,31,11,3,1,N/R,,,447,3,,7,21,14.4,0,0,3.0,10,46,31,0.59,,,,,,,,,,,,,,,,,,
Demeer Blankumsee,NE,WR,3166844,,@BUF,31,11,1,1,N/R,,,0,0,,0,0,0.0,0,0,0.0,0,0,0,-,,,,,,,,,,,,,,,,,,
Demetris Robertson,SEA,WR,2250830,,LAC,18,11,0,0,N/R,,,0,0,,0,0,0.0,0,0,0.0,0,0,0,-,,,,,,,,,,,,,,,,,,
Dennis Houston,TB,WR,2866062,,GB,22,10,1,1,N/R,,,0,0,,0,0,0.0,0,0,0.0,0,0,0,-,,,,,,,,,,,,,,,,,,
Deon Cain,BUF,WR,2179211,,NE,7,7,1,1,N/R,,,0,0,,0,0,0.0,0,0,0.0,0,0,0,-,,,,,,,,,,,,,,,,,,
Deonte Harty,BAL,WR,3116892,,TEN,17,13,1,1,N/R,,,0,0,,0,0,0.0,0,0,0.0,0,0,0,-,,,,,,,,,,,,,,,,,,
Deontez Alexander,SEA,WR,2926949,,LAC,18,11,1,1,N/R,,,0,0,,0,0,0.0,0,0,0.0,0,0,0,-,,,,,,,,,,,,,,,,,,
Derek Wright,CAR,WR,3124074,,DET,27,5,1,1,N/R,,,0,0,,0,0,0.0,0,0,0.0,0,0,0,-,,,,,,,,,,,,,,,,,,
Derius Davis,LAC,WR,2966544,,@SEA,1,7,1,1,N/R,,,10,0,,2,5,5.0,0,1,2.5,0,3,2,0.00,,,,,,,,,,,,,,,,,,
Derrick Dillon,CLE,WR,2180617,,PIT,13,11,0,0,N/R,,,0,0,,0,0,0.0,0,0,0.0,0,0,0,-,,,,,,,,,,,,,,,,,,
Derrick Johnson,NYG,WR,2130883,,ARI,30,8,1,1,N/R,,,0,0,,0,0,0.0,0,0,0.0,0,0,0,-,,,,,,,,,,,,,,,,,,
Detrich Clark,ATL,WR,2925203,,@NO,8,11,1,1,N/R,,,0,0,,0,0,0.0,0,0,0.0,0,0,0,-,,,,,,,,,,,,,,,,,,
Devante Davis,PHI,WR,1868418,,LAR,16,10,1,1,N/R,,,0,0,,0,0,0.0,0,0,0.0,0,0,0,-,,,,,,,,,,,,,,,,,,
Deven Thompkins,LV,WR,2969006,,@NO,8,13,1,0,N/R,,,27,0,,1,5,9.0,0,0,5.0,0,3,3,0.00,,,,,,,,,,,,,,,,,,
Devin Carter,CAR,WR,2966243,,DET,27,5,1,0,N/R,,,0,0,,0,0,0.0,0,0,0.0,0,0,0,-,,,,,,,,,,,,,,,,,,
Devin Duvernay,ARI,WR,2246849,,NYJ,6,14,1,1,N/R,,,26,0,,0,0,13.0,0,0,0.0,0,5,2,0.00,,,,,,,,,,,,,,,,,,
Devin Gray,KC,WR,2925207,,@LV,5,5,1,1,N/R,,,0,0,,0,0,0.0,0,0,0.0,0,0,0,-,,,,,,,,,,,,,,,,,,
Devin Ross,LV,WR,2082532,,KC,2,13,1,1,N/R,,,0,0,,0,0,0.0,0,0,0.0,0,0,0,-,,,,,,,,,,,,,,,,,,
Devon Williams,BAL,WR,2966004,,TEN,17,13,0,0,N/R,,,0,0,,0,0,0.0,0,0,0.0,0,0,0,-,,,,,,,,,,,,,,,,,,
Devonte Robinson,GB,WR,2139449,,@TB,10,11,1,0,N/R,,,0,0,,0,0,0.0,0,0,0.0,0,0,0,-,,,,,,,,,,,,,,,,,,
Devonte Ross,LAC,WR,26703014,,@SEA,1,7,1,0,N/R,,,0,0,,0,0,0.0,0,0,0.0,0,0,0,-,,,,,,,,,,,,,,,,,,
Devontez Walker,BAL,WR,26702084,,TEN,17,13,1,1,N/R,,,136,3,,0,0,22.7,0,0,0.0,6,8,6,0.50,,,,,,,,,,,,,,,,,,
Devron Harper,MIN,WR,3121796,,MIA,3,6,1,1,N/R,,,0,0,,0,0,0.0,0,0,0.0,0,0,0,-,,,,,,,,,,,,,,,,,,
Dez Fitzpatrick,LAC,WR,2251151,,@SEA,1,7,1,1,N/R,,,0,0,,0,0,0.0,0,0,0.0,0,0,0,-,,,,,,,,,,,,,,,,,,
Dillon Bell,MIN,WR,28903382,,MIA,3,6,1,1,N/R,,,0,0,,0,0,0.0,0,0,0.0,0,0,0,-,,,,,,,,,,,,,,,,,,
Dillon Mitchell,MIN,WR,2221967,,MIA,3,6,1,0,N/R,,,0,0,,0,0,0.0,0,0,0.0,0,0,0,-,,,,,,,,,,,,,,,,,,
Dimitri Stanley,GB,WR,2962329,,@TB,10,11,0,0,N/R,,,0,0,,0,0,0.0,0,0,0.0,0,0,0,-,,,,,,,,,,,,,,,,,,
Diontae Johnson,CLE,WR,2194164,,PIT,13,11,1,1,N/R,,,0,0,,0,0,0.0,0,0,0.0,0,0,0,-,,,,,,,,,,,,,,,,,,
Dohnte Meyers,CIN,WR,2978569,,JAC,21,6,1,1,N/R,,,0,0,,0,0,0.0,0,0,0.0,0,0,0,-,,,,,,,,,,,,,,,,,,
Dominic Lovett,DET,WR,26696063,,@CAR,4,6,1,1,N/R,,,0,0,,0,0,0.0,0,0,0.0,0,0,0,0.00,,,,,,,,,,,,,,,,,,
Donaven McCulley,MIA,WR,26702279,,@MIN,24,6,1,1,N/R,,,0,0,,0,0,0.0,0,0,0.0,0,0,0,-,,,,,,,,,,,,,,,,,,
Donovan Peoples-Jones,NO,WR,2819119,,ATL,28,8,1,1,N/R,,,0,0,,0,0,0.0,0,0,0.0,0,0,0,-,,,,,,,,,,,,,,,,,,
Dont'e Thornton Jr.,LV,WR,26694424,,KC,2,13,1,1,N/R,,,135,0,,0,0,13.5,0,0,0.0,0,30,10,0.00,,,,,,,,,,,,,,,,,,
Dontae Fleming,MIN,WR,3164185,,MIA,3,6,1,0,N/R,,,0,0,,0,0,0.0,0,0,0.0,0,0,0,-,,,,,,,,,,,,,,,,,,
Dontario Drummond,DAL,WR,3122376,,@HOU,29,14,1,0,N/R,,,0,0,,0,0,0.0,0,0,0.0,0,0,0,-,,,,,,,,,,,,,,,,,,
Dontay Demus Jr.,BAL,WR,2963923,,TEN,17,13,1,1,N/R,,,0,0,,0,0,0.0,0,0,0.0,0,0,0,-,,,,,,,,,,,,,,,,,,
Dontayvion Wicks,PHI,WR,3122375,waivers,@TB,10,10,61,12,38,,,332,2,,1,6,11.1,0,0,6.0,5,46,30,0.36,,,,,,,,,,,,,,,,,,
Donte Sylencieux,BAL,WR,26664285,,TEN,17,13,1,0,N/R,,,0,0,,0,0,0.0,0,0,0.0,0,0,0,-,,,,,,,,,,,,,,,,,,
Dorian Singer,JAC,WR,26730616,,@CIN,14,7,1,0,N/R,,,0,0,,0,0,0.0,0,0,0.0,0,0,0,-,,,,,,,,,,,,,,,,,,
Drake Stoops,LAR,WR,2961345,,@PHI,19,11,1,1,N/R,,,0,0,,0,0,0.0,0,0,0.0,0,0,0,-,,,,,,,,,,,,,,,,,,
Drew Estrada,HOU,WR,2242283,,DAL,15,8,1,0,N/R,,,0,0,,0,0,0.0,0,0,0.0,0,0,0,-,,,,,,,,,,,,,,,,,,
Duece Watts,PIT,WR,3163069,,@CLE,23,9,0,0,N/R,,,0,0,,0,0,0.0,0,0,0.0,0,0,0,-,,,,,,,,,,,,,,,,,,
Dyami Brown,WAS,WR,2965973,,@CIN,14,7,1,1,N/R,,,227,1,,6,30,11.3,0,1,5.0,1,37,20,0.07,,,,,,,,,,,,,,,,,,
Dylan Cantrell,WAS,WR,2080023,,IND,26,7,1,0,N/R,,,0,0,,0,0,0.0,0,0,0.0,0,0,0,-,,,,,,,,,,,,,,,,,,
Dylan Drummond,ATL,WR,2963946,,@NO,8,11,1,1,N/R,,,42,0,,0,0,6.0,0,0,0.0,0,11,7,0.00,,,,,,,,,,,,,,,,,,
Dymere Miller,NYJ,WR,3163055,,@CHI,11,13,1,1,N/R,,,0,0,,0,0,0.0,0,0,0.0,0,0,0,-,,,,,,,,,,,,,,,,,,
E.J. Williams Jr.,CAR,WR,3162445,,DET,27,5,1,0,N/R,,,0,0,,0,0,0.0,0,0,0.0,0,0,0,-,,,,,,,,,,,,,,,,,,
EJ Horton Jr.,IND,WR,3168807,,@WAS,32,13,1,1,N/R,,,0,0,,0,0,0.0,0,0,0.0,0,0,0,-,,,,,,,,,,,,,,,,,,
Easop Winston,NYJ,WR,3159184,,@CHI,11,13,0,0,N/R,,,0,0,,0,0,0.0,0,0,0.0,0,0,0,-,,,,,,,,,,,,,,,,,,
Ed Lee,NE,WR,2830185,,@BUF,31,11,0,0,N/R,,,0,0,,0,0,0.0,0,0,0.0,0,0,0,-,,,,,,,,,,,,,,,,,,
Efton Chism III,NE,WR,3163509,,@BUF,31,11,1,1,N/R,,,75,1,,0,0,25.0,0,0,0.0,1,3,3,0.12,,,,,,,,,,,,,,,,,,
Eli Pancol,IND,WR,3121378,,@WAS,32,13,1,0,N/R,,,0,0,,0,0,0.0,0,0,0.0,0,0,0,-,,,,,,,,,,,,,,,,,,
Eli Stove,LAC,WR,2241806,,@SEA,1,7,1,0,N/R,,,0,0,,0,0,0.0,0,0,0.0,0,0,0,-,,,,,,,,,,,,,,,,,,
Elic Ayomanor,TEN,WR,28900714,,@BAL,25,9,6,1,N/R,,,515,4,,0,0,12.6,0,0,0.0,4,89,41,0.25,,,,,,,,,,,,,,,,,,
Elijah Cooks,CAR,WR,2804732,,DET,27,5,1,1,N/R,,,0,0,,0,0,0.0,0,0,0.0,0,0,0,-,,,,,,,,,,,,,,,,,,
Elijah Moore,PHI,WR,2963569,,NE,7,10,1,1,N/R,,,112,0,,6,24,12.4,1,0,4.0,1,17,9,0.11,,,,,,,,,,,,,,,,,,
Elijah Sarratt,BAL,WR,28888850,,TEN,17,13,2,1,N/R,,,0,0,,0,0,0.0,0,0,0.0,0,0,0,-,,,,,,,,,,,,,,,,,,
Elijhah Badger,KC,WR,3163150,,@LV,5,5,1,0,N/R,,,0,0,,0,0,0.0,0,0,0.0,0,0,0,-,,,,,,,,,,,,,,,,,,
Emanuel Hall,WAS,WR,2185471,,IND,26,7,1,0,N/R,,,0,0,,0,0,0.0,0,0,0.0,0,0,0,-,,,,,,,,,,,,,,,,,,
Emeka Emezie,ATL,WR,2867204,,@NO,8,11,1,0,N/R,,,0,0,,0,0,0.0,0,0,0.0,0,0,0,-,,,,,,,,,,,,,,,,,,
Emmanuel Butler,NO,WR,2142440,,ATL,28,8,1,1,N/R,,,0,0,,0,0,0.0,0,0,0.0,0,0,0,-,,,,,,,,,,,,,,,,,,
Emmanuel Henderson Jr.,SEA,WR,28909837,,LAC,18,11,1,1,N/R,,,0,0,,0,0,0.0,0,0,0.0,0,0,0,-,,,,,,,,,,,,,,,,,,
Equanimeous St. Brown,SF,WR,2186674,,DEN,9,8,1,1,N/R,,,0,0,,0,0,0.0,0,0,0.0,0,0,0,-,,,,,,,,,,,,,,,,,,
Eric Rivers,TB,WR,29122776,,GB,22,10,1,0,N/R,,,0,0,,0,0,0.0,0,0,0.0,0,0,0,-,,,,,,,,,,,,,,,,,,
Erik Ezukanma,PHI,WR,2962352,,LAR,16,10,1,1,N/R,,,0,0,,0,0,0.0,0,0,0.0,0,0,0,-,,,,,,,,,,,,,,,,,,
Felton Davis,KC,WR,2186422,,@LV,5,5,1,0,N/R,,,0,0,,0,0,0.0,0,0,0.0,0,0,0,-,,,,,,,,,,,,,,,,,,
Gabe Davis,BUF,WR,2804813,,NE,7,7,1,1,N/R,,,129,1,,0,0,10.8,0,0,0.0,1,18,12,0.17,,,,,,,,,,,,,,,,,,
Gabriel Benyard,CAR,WR,29417586,,DET,27,5,1,0,N/R,,,0,0,,0,0,0.0,0,0,0.0,0,0,0,-,,,,,,,,,,,,,,,,,,
Gage Larvadain,BAL,WR,26718347,,PIT,13,13,1,1,N/R,,,71,0,,1,3,10.1,0,1,3.0,0,14,7,0.00,,,,,,,,,,,,,,,,,,
Garett Maag,MIN,WR,2962429,,MIA,3,6,1,1,N/R,,,0,0,,0,0,0.0,0,0,0.0,0,0,0,-,,,,,,,,,,,,,,,,,,
Garrett Greene,TB,WR,3162974,,GB,22,10,1,1,N/R,,,0,0,,0,0,0.0,0,0,0.0,0,0,0,-,,,,,,,,,,,,,,,,,,
Gary Chambers,BUF,WR,1851098,,NE,7,7,1,1,N/R,,,0,0,,0,0,0.0,0,0,0.0,0,0,0,-,,,,,,,,,,,,,,,,,,
Gavin Holmes,TEN,WR,2868689,,@BAL,25,9,1,0,N/R,,,0,0,,0,0,0.0,0,0,0.0,0,0,0,-,,,,,,,,,,,,,,,,,,
Germie Bernard,PIT,WR,28878358,,@CLE,23,9,7,1,N/R,,,0,0,,0,0,0.0,0,0,0.0,0,0,0,-,,,,,,,,,,,,,,,,,,
Giles Jackson,PHI,WR,3133264,,LAR,16,10,1,1,N/R,,,0,0,,0,0,0.0,0,0,0.0,0,0,0,-,,,,,,,,,,,,,,,,,,
Golden Tate,TEN,WR,1265470,,@BAL,25,9,1,1,N/R,,,0,0,,0,0,0.0,0,0,0.0,0,0,0,-,,,,,,,,,,,,,,,,,,
Grant DuBose,BUF,WR,26720345,,NE,7,7,1,0,N/R,,,0,0,,0,0,0.0,0,0,0.0,0,0,0,-,,,,,,,,,,,,,,,,,,
Greg Dortch,BUF,WR,2223207,,@NYG,20,7,1,1,N/R,,,206,3,,7,15,7.1,1,0,2.1,7,33,29,0.58,,,,,,,,,,,,,,,,,,
Gunner Olszewski,NYG,WR,3117210,,ARI,30,8,1,1,N/R,,,145,1,,0,0,14.5,0,1,0.0,7,13,10,0.44,,,,,,,,,,,,,,,,,,
Hal Presley,TEN,WR,26727031,,@BAL,25,9,1,1,N/R,,,0,0,,0,0,0.0,0,0,0.0,0,0,0,-,,,,,,,,,,,,,,,,,,
Hamze El-Zayat,NYJ,WR,2820465,,@CHI,11,13,0,0,N/R,,,0,0,,0,0,0.0,0,0,0.0,0,0,0,-,,,,,,,,,,,,,,,,,,
Hank Beatty,TEN,WR,28915401,,@BAL,25,9,1,1,N/R,,,0,0,,0,0,0.0,0,0,0.0,0,0,0,-,,,,,,,,,,,,,,,,,,
Harrison Wallace III,ARI,WR,26698495,,@NYG,20,14,1,0,N/R,,,0,0,,0,0,0.0,0,0,0.0,0,0,0,-,,,,,,,,,,,,,,,,,,
Harvey Binford,IND,WR,2252503,,@WAS,32,13,1,0,N/R,,,0,0,,0,0,0.0,0,0,0.0,0,0,0,-,,,,,,,,,,,,,,,,,,
Hayden Hatten,SEA,WR,3125550,,LAC,18,11,1,1,N/R,,,0,0,,0,0,0.0,0,0,0.0,0,0,0,-,,,,,,,,,,,,,,,,,,
Henry Litwin,CHI,WR,28869012,,NYJ,6,10,1,1,N/R,,,0,0,,0,0,0.0,0,0,0.0,0,0,0,-,,,,,,,,,,,,,,,,,,
Hunter Renfrow,CAR,WR,2144726,,DET,27,5,1,1,N/R,,,89,2,,0,0,5.9,0,0,0.0,2,26,15,0.33,,,,,,,,,,,,,,,,,,
Ife Adeyi,PHI,WR,3124097,,LAR,16,10,1,1,N/R,,,0,0,,0,0,0.0,0,0,0.0,0,0,0,-,,,,,,,,,,,,,,,,,,
Ihmir Smith-Marsette,CAR,WR,2865894,,DET,27,5,1,1,N/R,,,0,0,,0,0,0.0,0,0,0.0,0,0,0,-,,,,,,,,,,,,,,,,,,
Irvin Charles,SEA,WR,2185963,,LAC,18,11,1,1,N/R,,,0,0,,0,0,0.0,0,0,0.0,0,0,0,-,,,,,,,,,,,,,,,,,,
Isaac TeSlaa,DET,WR,29122587,,@CAR,4,6,6,1,N/R,,,239,6,,0,0,14.9,0,0,0.0,8,27,16,0.47,,,,,,,,,,,,,,,,,,
Isaac Zico,ARI,WR,3117099,,@NYG,20,14,1,1,N/R,,,0,0,,0,0,0.0,0,0,0.0,0,0,0,-,,,,,,,,,,,,,,,,,,
Isaiah Bond,CLE,WR,28910521,,PIT,13,11,1,1,N/R,,,338,0,,5,29,18.8,0,0,5.8,1,44,18,0.06,,,,,,,,,,,,,,,,,,
Isaiah Hodgins,PIT,WR,2783899,,ARI,30,9,1,1,N/R,,,115,1,,0,0,11.5,0,0,0.0,1,19,10,0.14,,,,,,,,,,,,,,,,,,
Isaiah McKoy,IND,WR,2965743,,@WAS,32,13,1,1,N/R,,,0,0,,0,0,0.0,0,0,0.0,0,0,0,-,,,,,,,,,,,,,,,,,,
Isaiah Neyor,GB,WR,3121203,,@TB,10,11,1,1,N/R,,,0,0,,0,0,0.0,0,0,0.0,0,0,0,-,,,,,,,,,,,,,,,,,,
Isaiah Washington,BAL,WR,2256694,,TEN,17,13,1,0,N/R,,,0,0,,0,0,0.0,0,0,0.0,0,0,0,-,,,,,,,,,,,,,,,,,,
Isaiah Weston,CLE,WR,2247180,,PIT,13,11,0,0,N/R,,,0,0,,0,0,0.0,0,0,0.0,0,0,0,-,,,,,,,,,,,,,,,,,,
Isaiah Williams,NYJ,WR,3126581,,@CHI,11,13,1,1,N/R,,,193,0,,3,34,7.4,0,1,11.3,10,36,26,0.67,,,,,,,,,,,,,,,,,,
Isaiah Winstead,PIT,WR,2835033,,@CLE,23,9,0,0,N/R,,,0,0,,0,0,0.0,0,0,0.0,0,0,0,-,,,,,,,,,,,,,,,,,,
Isaiah Wooden,CLE,WR,3139308,,PIT,13,11,1,1,N/R,,,0,0,,0,0,0.0,0,0,0.0,0,0,0,-,,,,,,,,,,,,,,,,,,
J. Michael Sturdivant,GB,WR,26723673,,@TB,10,11,1,1,N/R,,,0,0,,0,0,0.0,0,0,0.0,0,0,0,-,,,,,,,,,,,,,,,,,,
J.J. Jones,JAC,WR,26701622,,@CIN,14,7,1,1,N/R,,,0,0,,0,0,0.0,0,0,0.0,0,0,0,-,,,,,,,,,,,,,,,,,,
JJ Laap,LAR,WR,29379354,,@PHI,19,11,1,1,N/R,,,0,0,,0,0,0.0,0,0,0.0,0,0,0,-,,,,,,,,,,,,,,,,,,
JP Richardson,CHI,WR,26693430,,NYJ,6,10,1,0,N/R,,,0,0,,0,0,0.0,0,0,0.0,0,0,0,0.00,,,,,,,,,,,,,,,,,,
Ja'Corey Brooks,WAS,WR,26702195,,IND,26,7,1,1,N/R,,,0,0,,0,0,0.0,0,0,0.0,0,0,0,0.00,,,,,,,,,,,,,,,,,,
Ja'Lynn Polk,NO,WR,3162664,,ATL,28,8,1,1,N/R,,,0,0,,0,0,0.0,0,0,0.0,0,0,0,-,,,,,,,,,,,,,,,,,,
Ja'Mori Maclin,BUF,WR,3162257,,NE,7,7,1,0,N/R,,,0,0,,0,0,0.0,0,0,0.0,0,0,0,-,,,,,,,,,,,,,,,,,,
Ja'seem Reed,CAR,WR,26717711,,DET,27,5,1,1,N/R,,,0,0,,0,0,0.0,0,0,0.0,0,0,0,-,,,,,,,,,,,,,,,,,,
JaQuae Jackson,LAC,WR,29166460,,@SEA,1,7,1,1,N/R,,,0,0,,0,0,0.0,0,0,0.0,0,0,0,-,,,,,,,,,,,,,,,,,,
JaVonta Payton,ARI,WR,3126147,,@NYG,20,14,1,1,N/R,,,0,0,,0,0,0.0,0,0,0.0,0,0,0,-,,,,,,,,,,,,,,,,,,
Jaaron Hayek,KC,WR,3128825,,@LV,5,5,1,1,N/R,,,0,0,,0,0,0.0,0,0,0.0,0,0,0,-,,,,,,,,,,,,,,,,,,
Jack Bech,LV,WR,26700682,,KC,2,13,3,1,N/R,,,224,0,,0,0,11.2,0,0,0.0,0,29,20,0.00,,,,,,,,,,,,,,,,,,
Jack Sorenson,CIN,WR,2240110,,JAC,21,6,0,0,N/R,,,0,0,,0,0,0.0,0,0,0.0,0,0,0,-,,,,,,,,,,,,,,,,,,
Jackson Meeks,DET,WR,26700892,,@CAR,4,6,1,1,N/R,,,0,0,,0,0,0.0,0,0,0.0,0,0,0,0.00,,,,,,,,,,,,,,,,,,
Jacob Copeland,PIT,WR,2964883,,@CLE,23,9,1,1,N/R,,,0,0,,0,0,0.0,0,0,0.0,0,0,0,-,,,,,,,,,,,,,,,,,,
Jacob Cowing,SF,WR,3133200,,DEN,9,8,1,1,N/R,,,0,0,,0,0,0.0,0,0,0.0,0,0,0,-,,,,,,,,,,,,,,,,,,
Jacob De Jesus,KC,WR,29121519,,@LV,5,5,1,1,N/R,,,0,0,,0,0,0.0,0,0,0.0,0,0,0,-,,,,,,,,,,,,,,,,,,
Jacoby Jones,WAS,WR,28878082,,IND,26,7,1,0,N/R,,,25,0,,0,0,25.0,0,0,0.0,0,1,1,0.00,,,,,,,,,,,,,,,,,,
Jacolby George,CAR,WR,26700358,,DET,27,5,0,0,N/R,,,0,0,,0,0,0.0,0,0,0.0,0,0,0,-,,,,,,,,,,,,,,,,,,
Jadakis Bonds,GB,WR,2982608,,@TB,10,11,1,1,N/R,,,0,0,,0,0,0.0,0,0,0.0,0,0,0,-,,,,,,,,,,,,,,,,,,
Jaden Bradley,WAS,WR,26713355,,IND,26,7,1,1,N/R,,,0,0,,0,0,0.0,0,0,0.0,0,0,0,-,,,,,,,,,,,,,,,,,,
Jaden Smith,DAL,WR,3133126,,@HOU,29,14,1,1,N/R,,,0,0,,0,0,0.0,0,0,0.0,0,0,0,-,,,,,,,,,,,,,,,,,,
Jadon Haselwood,PHI,WR,3122363,,LAR,16,10,1,1,N/R,,,0,0,,0,0,0.0,0,0,0.0,0,0,0,-,,,,,,,,,,,,,,,,,,
Jadon Janke,GB,WR,2976448,,@TB,10,11,1,1,N/R,,,0,0,,0,0,0.0,0,0,0.0,0,0,0,-,,,,,,,,,,,,,,,,,,
Jaelen Gill,CLE,WR,2967603,,PIT,13,11,0,0,N/R,,,0,0,,0,0,0.0,0,0,0.0,0,0,0,-,,,,,,,,,,,,,,,,,,
Jaelon Darden,SEA,WR,2836391,,LAC,18,11,1,1,N/R,,,0,0,,0,0,0.0,0,0,0.0,0,0,0,-,,,,,,,,,,,,,,,,,,
Jahan Dotson,ATL,WR,2962944,,LAR,16,11,1,1,N/R,,,262,1,,0,0,14.6,0,0,0.0,3,36,18,0.18,,,,,,,,,,,,,,,,,,
Jahdae Walker,CHI,WR,29174299,,NYJ,6,10,1,1,N/R,,,87,2,,0,0,14.5,0,0,0.0,3,10,6,0.33,,,,,,,,,,,,,,,,,,
Jahmal Banks,BAL,WR,3162810,,TEN,17,13,1,1,N/R,,,0,0,,0,0,0.0,0,0,0.0,0,0,0,-,,,,,,,,,,,,,,,,,,
Jaivon Heiligh,CIN,WR,2962413,,JAC,21,6,1,1,N/R,,,0,0,,0,0,0.0,0,0,0.0,0,0,0,-,,,,,,,,,,,,,,,,,,
Jake Bobo,SEA,WR,2962336,,LAC,18,11,1,1,N/R,,,20,0,,0,0,10.0,0,0,0.0,0,2,2,0.00,,,,,,,,,,,,,,,,,,
Jake Herslow,SEA,WR,2252298,,LAC,18,11,0,0,N/R,,,0,0,,0,0,0.0,0,0,0.0,0,0,0,-,,,,,,,,,,,,,,,,,,
Jakobie Keeney-James,PIT,WR,3122024,,@TB,10,9,1,1,N/R,,,15,0,,0,0,7.5,0,0,0.0,0,2,2,0.00,,,,,,,,,,,,,,,,,,
Jalen Brooks,ARI,WR,3165078,,@NYG,20,14,1,1,N/R,,,51,0,,0,0,17.0,0,1,0.0,0,6,3,0.00,,,,,,,,,,,,,,,,,,
Jalen Hurd,NE,WR,2131633,,@BUF,31,11,1,1,N/R,,,0,0,,0,0,0.0,0,0,0.0,0,0,0,-,,,,,,,,,,,,,,,,,,
Jalen McCleskey,NO,WR,2185697,,ATL,28,8,1,1,N/R,,,0,0,,0,0,0.0,0,0,0.0,0,0,0,-,,,,,,,,,,,,,,,,,,
Jalen McMillan,TB,WR,3162347,waivers,GB,22,10,9,1,N/R,,,178,0,,1,1,14.8,0,0,1.0,3,15,12,0.75,,,,,,,,,,,,,,,,,,
Jalen Moreno-Cropper,NO,WR,3122722,,@HOU,29,8,1,1,N/R,,,0,0,,0,0,0.0,0,0,0.0,0,0,0,0.00,,,,,,,,,,,,,,,,,,
Jalen Nailor,LV,WR,2967232,,MIA,3,13,13,1,N/R,,,444,4,,2,13,15.3,0,0,6.5,9,53,29,0.53,,,,,,,,,,,,,,,,,,
Jalen Reagor,MIA,WR,2803733,,@MIN,24,6,1,1,N/R,,,0,0,,0,0,0.0,0,0,0.0,0,0,0,-,,,,,,,,,,,,,,,,,,
Jalen Royals,KC,WR,28924106,,@LV,5,5,1,1,N/R,,,4,0,,0,0,2.0,0,0,0.0,0,3,2,0.00,,,,,,,,,,,,,,,,,,
Jalen Sample,WAS,WR,29100602,,IND,26,7,1,1,N/R,,,0,0,,0,0,0.0,0,0,0.0,0,0,0,-,,,,,,,,,,,,,,,,,,
Jalen Tolbert,MIA,WR,2868238,,@HOU,29,6,1,1,N/R,,,203,1,,0,0,11.3,0,0,0.0,4,34,18,0.31,,,,,,,,,,,,,,,,,,
Jalen Virgil,BUF,WR,2240825,,NE,7,7,1,1,N/R,,,0,0,,0,0,0.0,0,0,0.0,0,0,0,-,,,,,,,,,,,,,,,,,,
Jalen Walthall,NYJ,WR,26713535,,@CHI,11,13,0,0,N/R,,,0,0,,0,0,0.0,0,0,0.0,0,0,0,-,,,,,,,,,,,,,,,,,,
Jalen Wayne,GB,WR,2869352,,@TB,10,11,0,0,N/R,,,0,0,,0,0,0.0,0,0,0.0,0,0,0,-,,,,,,,,,,,,,,,,,,
Jalen Williams,NYG,WR,2820236,,ARI,30,8,1,1,N/R,,,0,0,,0,0,0.0,0,0,0.0,0,0,0,-,,,,,,,,,,,,,,,,,,
Jalin Hyatt,NYG,WR,3171911,,ARI,30,8,1,1,N/R,,,35,0,,0,0,7.0,0,0,0.0,0,14,5,0.00,,,,,,,,,,,,,,,,,,
Jalon Calhoun,DET,WR,3124664,,@CAR,4,6,0,0,N/R,,,0,0,,0,0,0.0,0,0,0.0,0,0,0,-,,,,,,,,,,,,,,,,,,
Jamaal Pritchett,NYJ,WR,28877767,,@CHI,11,13,1,1,N/R,,,0,0,,0,0,0.0,0,0,0.0,0,0,0,-,,,,,,,,,,,,,,,,,,
Jamal Agnew,ATL,WR,2818264,,@NO,8,11,1,1,N/R,,,0,0,,0,0,0.0,0,1,0.0,0,0,0,0.00,,,,,,,,,,,,,,,,,,
Jamal Custis,PIT,WR,2139136,,@CLE,23,9,0,0,N/R,,,0,0,,0,0,0.0,0,0,0.0,0,0,0,-,,,,,,,,,,,,,,,,,,
Jamari Thrash,CLE,WR,3127827,,PIT,13,11,1,0,N/R,,,107,0,,0,0,10.7,0,0,0.0,0,15,10,0.00,,,,,,,,,,,,,,,,,,
James Proche,TEN,WR,2180769,,@BAL,25,9,1,1,N/R,,,65,0,,0,0,10.8,0,0,0.0,0,12,6,0.00,,,,,,,,,,,,,,,,,,
Jamison Crowder,WAS,WR,1850749,,IND,26,7,1,1,N/R,,,0,0,,0,0,0.0,0,0,0.0,0,0,0,-,,,,,,,,,,,,,,,,,,
Jamoi Mayes,CIN,WR,26719064,,JAC,21,6,1,0,N/R,,,0,0,,0,0,0.0,0,0,0.0,0,0,0,-,,,,,,,,,,,,,,,,,,
Jaquarii Roberson,LAR,WR,2805613,,@PHI,19,11,1,0,N/R,,,0,0,,0,0,0.0,0,0,0.0,0,0,0,-,,,,,,,,,,,,,,,,,,
Jaray Jenkins,PIT,WR,2965695,,@CLE,23,9,1,0,N/R,,,0,0,,0,0,0.0,0,0,0.0,0,0,0,-,,,,,,,,,,,,,,,,,,
Jared Smart,ARI,WR,3123048,,@NYG,20,14,1,0,N/R,,,0,0,,0,0,0.0,0,0,0.0,0,0,0,-,,,,,,,,,,,,,,,,,,
Jared Wayne,HOU,WR,3126867,,DAL,15,8,1,0,N/R,,,20,0,,0,0,10.0,0,0,0.0,0,2,2,0.00,,,,,,,,,,,,,,,,,,
Jason Brownlee,KC,WR,3170352,,@LV,5,5,1,1,N/R,,,0,0,,0,0,0.0,0,0,0.0,0,1,0,0.00,,,,,,,,,,,,,,,,,,
Javon Baker,SF,WR,3170860,,DEN,9,8,1,1,N/R,,,0,0,,0,0,0.0,0,0,0.0,0,0,0,-,,,,,,,,,,,,,,,,,,
Javon McKinley,PIT,WR,2260685,,@CLE,23,9,1,1,N/R,,,0,0,,0,0,0.0,0,0,0.0,0,0,0,-,,,,,,,,,,,,,,,,,,
Jaxon Janke,HOU,WR,2976447,,DAL,15,8,1,0,N/R,,,0,0,,0,0,0.0,0,0,0.0,0,0,0,-,,,,,,,,,,,,,,,,,,
Jayden Higgins,HOU,WR,26708551,,DAL,15,8,4,1,N/R,,,525,6,,0,0,12.8,0,0,0.0,12,68,41,0.71,,,,,,,,,,,,,,,,,,
Jayden Reed,GB,WR,2967762,waivers,@TB,10,11,34,1,N/R,,,207,1,,3,28,10.9,0,0,9.3,2,22,19,0.29,,,,,,,,,,,,,,,,,,
Jaylen Johnson,LAC,WR,2975613,,@SEA,1,7,1,0,N/R,,,0,0,,0,0,0.0,0,0,0.0,0,0,0,-,,,,,,,,,,,,,,,,,,
Jaylen Jones,LAC,WR,26698771,,@SEA,1,7,1,1,N/R,,,0,0,,0,0,0.0,0,0,0.0,0,0,0,-,,,,,,,,,,,,,,,,,,
Jaylen Smith,SEA,WR,2181185,,LAC,18,11,0,0,N/R,,,0,0,,0,0,0.0,0,0,0.0,0,0,0,-,,,,,,,,,,,,,,,,,,
Jaylin Lane,WAS,WR,3162484,,IND,26,7,1,1,N/R,,,225,0,,1,7,14.1,0,1,7.0,10,32,16,0.67,,,,,,,,,,,,,,,,,,
Jaylin Noel,HOU,WR,26697286,,DAL,15,8,5,1,N/R,,,292,2,,6,12,11.2,0,0,2.0,5,35,26,0.29,,,,,,,,,,,,,,,,,,
Jaylon Moore,JAC,WR,2181988,,@CIN,14,7,1,1,N/R,,,0,0,,0,0,0.0,0,0,0.0,0,0,0,-,,,,,,,,,,,,,,,,,,
Jazz Ferguson,SEA,WR,2180620,,LAC,18,11,1,1,N/R,,,0,0,,0,0,0.0,0,0,0.0,0,0,0,-,,,,,,,,,,,,,,,,,,
Je'Quan Burton,MIA,WR,2962576,,@MIN,24,6,0,0,N/R,,,0,0,,0,0,0.0,0,0,0.0,0,0,0,-,,,,,,,,,,,,,,,,,,
Jeff Caldwell,KC,WR,28900417,,@LV,5,5,1,1,N/R,,,0,0,,0,0,0.0,0,0,0.0,0,0,0,-,,,,,,,,,,,,,,,,,,
Jeff Foreman,LV,WR,3121012,,KC,2,13,1,1,N/R,,,0,0,,0,0,0.0,0,0,0.0,0,0,0,-,,,,,,,,,,,,,,,,,,
Jeff Weimer,KC,WR,28878520,,@LV,5,5,1,1,N/R,,,0,0,,0,0,0.0,0,0,0.0,0,0,0,-,,,,,,,,,,,,,,,,,,
Jenson Stoshak,CAR,WR,2237669,,DET,27,5,1,1,N/R,,,0,0,,0,0,0.0,0,0,0.0,0,0,0,-,,,,,,,,,,,,,,,,,,
Jequez Ezzard,WAS,WR,2260702,,IND,26,7,1,0,N/R,,,0,0,,0,0,0.0,0,0,0.0,0,0,0,-,,,,,,,,,,,,,,,,,,
Jerand Bradley,LAC,WR,26701763,,@SEA,1,7,1,1,N/R,,,0,0,,0,0,0.0,0,0,0.0,0,0,0,-,,,,,,,,,,,,,,,,,,
Jeremiah Haydel,LAR,WR,2815197,,@PHI,19,11,1,0,N/R,,,0,0,,0,0,0.0,0,0,0.0,0,0,0,-,,,,,,,,,,,,,,,,,,
Jeremiah Webb,NE,WR,3135525,,@BUF,31,11,1,1,N/R,,,0,0,,0,0,0.0,0,0,0.0,0,0,0,-,,,,,,,,,,,,,,,,,,
Jeremy Gallon,LV,WR,2129680,,KC,2,13,1,0,N/R,,,0,0,,0,0,0.0,0,0,0.0,0,0,0,-,,,,,,,,,,,,,,,,,,
Jeret Smith,KC,WR,2176561,,@LV,5,5,1,1,N/R,,,0,0,,0,0,0.0,0,0,0.0,0,0,0,-,,,,,,,,,,,,,,,,,,
Jerjuan Newton,DEN,WR,3125586,,@SF,12,10,1,1,N/R,,,0,0,,0,0,0.0,0,0,0.0,0,0,0,-,,,,,,,,,,,,,,,,,,
Jermaine Burton,CIN,WR,3163951,,JAC,21,6,1,1,N/R,,,0,0,,0,0,0.0,0,0,0.0,0,0,0,-,,,,,,,,,,,,,,,,,,
Jerome Kapp,NYJ,WR,29118901,,@CHI,11,13,1,1,N/R,,,0,0,,0,0,0.0,0,0,0.0,0,0,0,-,,,,,,,,,,,,,,,,,,
Jerreth Sterns,LAR,WR,3123544,,@PHI,19,11,1,1,N/R,,,0,0,,0,0,0.0,0,0,0.0,0,0,0,-,,,,,,,,,,,,,,,,,,
Jerry Jeudy,CLE,WR,2741201,,PIT,13,11,27,1,N/R,,,602,2,,1,5,12.0,0,1,5.0,8,106,50,0.47,,,,,,,,,,,,,,,,,,
Jeshaun Jones,MIN,WR,2961918,,MIA,3,6,1,1,N/R,,,0,0,,0,0,0.0,0,0,0.0,0,0,0,0.00,,,,,,,,,,,,,,,,,,
Jesse Matthews,ATL,WR,2976870,,@NO,8,11,0,0,N/R,,,0,0,,0,0,0.0,0,0,0.0,0,0,0,-,,,,,,,,,,,,,,,,,,
Jha'Quan Jackson,TB,WR,3122336,,GB,22,10,1,1,N/R,,,0,0,,0,0,0.0,0,0,0.0,0,0,0,-,,,,,,,,,,,,,,,,,,
Jhamon Ausbon,PHI,WR,2758267,,LAR,16,10,1,1,N/R,,,0,0,,0,0,0.0,0,0,0.0,0,0,0,-,,,,,,,,,,,,,,,,,,
Jimmy Holiday,KC,WR,3163391,,@LV,5,5,1,1,N/R,,,0,0,,0,0,0.0,0,0,0.0,0,0,0,0.00,,,,,,,,,,,,,,,,,,
Jimmy Horn Jr.,CLE,WR,26717166,,DET,27,11,1,1,N/R,,,108,0,,8,69,9.8,0,0,8.6,0,15,11,0.00,,,,,,,,,,,,,,,,,,
Jimmy Kibble,NE,WR,28925542,,@BUF,31,11,1,0,N/R,,,0,0,,0,0,0.0,0,0,0.0,0,0,0,-,,,,,,,,,,,,,,,,,,
JoJo Ward,ARI,WR,3159155,,@NYG,20,14,1,0,N/R,,,0,0,,0,0,0.0,0,0,0.0,0,0,0,-,,,,,,,,,,,,,,,,,,
Joaquin Davis,PIT,WR,26726311,,@CLE,23,9,0,0,N/R,,,0,0,,0,0,0.0,0,0,0.0,0,0,0,-,,,,,,,,,,,,,,,,,,
John Hall,SEA,WR,29119112,,LAC,18,11,1,1,N/R,,,0,0,,0,0,0.0,0,0,0.0,0,0,0,-,,,,,,,,,,,,,,,,,,
John Hurst,IND,WR,3159214,,@WAS,32,13,1,1,N/R,,,0,0,,0,0,0.0,0,0,0.0,0,0,0,-,,,,,,,,,,,,,,,,,,
John Jackson III,CHI,WR,3123560,,NYJ,6,10,1,1,N/R,,,0,0,,0,0,0.0,0,0,0.0,0,0,0,-,,,,,,,,,,,,,,,,,,
John Jiles,NE,WR,29362392,,@BUF,31,11,0,0,N/R,,,0,0,,0,0,0.0,0,0,0.0,0,0,0,-,,,,,,,,,,,,,,,,,,
John Metchie III,CAR,WR,3121171,,@CHI,11,5,1,1,N/R,,,274,2,,3,-5,8.3,0,0,-1.7,3,48,33,0.19,,,,,,,,,,,,,,,,,,
John Mitchell,SEA,WR,2252295,,LAC,18,11,1,1,N/R,,,0,0,,0,0,0.0,0,0,0.0,0,0,0,-,,,,,,,,,,,,,,,,,,
John Rhys Plumlee,PIT,WR,3126959,,@CLE,23,9,1,1,N/R,,,0,0,,0,0,0.0,0,0,0.0,0,0,0,-,,,,,,,,,,,,,,,,,,
Johnathon Johnson,WAS,WR,3159233,,IND,26,7,1,1,N/R,,,0,0,,0,0,0.0,0,0,0.0,0,0,0,-,,,,,,,,,,,,,,,,,,
Johnnie Dixon,DAL,WR,2131248,,@HOU,29,14,1,0,N/R,,,0,0,,0,0,0.0,0,0,0.0,0,0,0,-,,,,,,,,,,,,,,,,,,
Johnny Johnson III,HOU,WR,2864938,,DAL,15,8,1,1,N/R,,,0,0,,0,0,0.0,0,0,0.0,0,0,0,-,,,,,,,,,,,,,,,,,,
Johnny King,PHI,WR,3163632,,LAR,16,10,0,0,N/R,,,0,0,,0,0,0.0,0,0,0.0,0,0,0,-,,,,,,,,,,,,,,,,,,
Johnny Wilson,PHI,WR,3163268,,LAR,16,10,1,1,N/R,,,0,0,,0,0,0.0,0,0,0.0,0,0,0,-,,,,,,,,,,,,,,,,,,
Jon'Vea Johnson,CHI,WR,2136691,,NYJ,6,10,1,1,N/R,,,0,0,,0,0,0.0,0,0,0.0,0,0,0,-,,,,,,,,,,,,,,,,,,
Jonathan Adams Jr.,DET,WR,2805617,,@CAR,4,6,1,1,N/R,,,0,0,,0,0,0.0,0,0,0.0,0,0,0,-,,,,,,,,,,,,,,,,,,
Jonathan Brady,LV,WR,28901278,,KC,2,13,1,1,N/R,,,0,0,,0,0,0.0,0,0,0.0,0,0,0,-,,,,,,,,,,,,,,,,,,
Jonathan Duhart,DET,WR,3117025,,@CAR,4,6,0,0,N/R,,,0,0,,0,0,0.0,0,0,0.0,0,0,0,-,,,,,,,,,,,,,,,,,,
Jonathan Mingo,DAL,WR,3126905,,@HOU,29,14,1,1,N/R,,,25,0,,0,0,25.0,0,0,0.0,0,5,1,0.00,,,,,,,,,,,,,,,,,,
Jonathon Rumph,NYJ,WR,2175993,,@CHI,11,13,1,0,N/R,,,0,0,,0,0,0.0,0,0,0.0,0,0,0,-,,,,,,,,,,,,,,,,,,
Jontre Kirklin,SF,WR,2804559,,DEN,9,8,1,0,N/R,,,0,0,,0,0,0.0,0,0,0.0,0,0,0,-,,,,,,,,,,,,,,,,,,
Jordan Bly,NYG,WR,26697040,,ARI,30,8,1,0,N/R,,,0,0,,0,0,0.0,0,0,0.0,0,0,0,-,,,,,,,,,,,,,,,,,,
Jordan Hudson,DAL,WR,28875996,,@HOU,29,14,1,1,N/R,,,0,0,,0,0,0.0,0,0,0.0,0,0,0,-,,,,,,,,,,,,,,,,,,
Jordan Matthews,CAR,WR,1759816,,DET,27,5,1,0,N/R,,,0,0,,0,0,0.0,0,0,0.0,0,0,0,-,,,,,,,,,,,,,,,,,,
Jordan Moore,CIN,WR,26698828,,JAC,21,6,0,0,N/R,,,0,0,,0,0,0.0,0,0,0.0,0,0,0,-,,,,,,,,,,,,,,,,,,
Jordan Watkins,SF,WR,3164736,,DEN,9,8,3,1,N/R,,,26,0,,0,0,13.0,0,0,0.0,0,3,2,0.00,,,,,,,,,,,,,,,,,,
Jordan Whittington,LAR,WR,3122843,,@PHI,19,11,1,1,N/R,,,171,0,,3,12,9.5,0,0,4.0,0,25,18,0.00,,,,,,,,,,,,,,,,,,
Jordan Williams-Lambert,CHI,WR,2237119,,NYJ,6,10,0,0,N/R,,,0,0,,0,0,0.0,0,0,0.0,0,0,0,-,,,,,,,,,,,,,,,,,,
Jose Barbon,DAL,WR,2963601,,@HOU,29,14,1,1,N/R,,,0,0,,0,0,0.0,0,0,0.0,0,0,0,-,,,,,,,,,,,,,,,,,,
Joseph Manjack IV,DEN,WR,26720249,,@SF,12,10,1,1,N/R,,,0,0,,0,0,0.0,0,0,0.0,0,0,0,-,,,,,,,,,,,,,,,,,,
Joseph Ngata,PHI,WR,3122907,,LAR,16,10,1,1,N/R,,,0,0,,0,0,0.0,0,0,0.0,0,0,0,-,,,,,,,,,,,,,,,,,,
Joseph Scates,JAC,WR,28873479,,@CIN,14,7,1,1,N/R,,,0,0,,0,0,0.0,0,0,0.0,0,0,0,-,,,,,,,,,,,,,,,,,,
Josh Harper,LV,WR,1766833,,KC,2,13,1,1,N/R,,,0,0,,0,0,0.0,0,0,0.0,0,0,0,-,,,,,,,,,,,,,,,,,,
Josh Imatorbhebhe,JAC,WR,2240184,,@CIN,14,7,1,0,N/R,,,0,0,,0,0,0.0,0,0,0.0,0,0,0,-,,,,,,,,,,,,,,,,,,
Josh Jarboe,FA,WR,1684461,,BYE,---,0,1,1,N/R,,,0,0,,0,0,0.0,0,0,0.0,0,0,0,-,,,,,,,,,,,,,,,,,,
Josh Johnson,DET,WR,2867095,,@CAR,4,6,0,0,N/R,,,0,0,,0,0,0.0,0,0,0.0,0,0,0,-,,,,,,,,,,,,,,,,,,
Josh Kelly,HOU,WR,3121933,,DAL,15,8,1,1,N/R,,,0,0,,0,0,0.0,0,0,0.0,0,0,0,-,,,,,,,,,,,,,,,,,,
Josh Pearson,TB,WR,3159217,,GB,22,10,1,1,N/R,,,0,0,,0,0,0.0,0,0,0.0,0,0,0,-,,,,,,,,,,,,,,,,,,
Josh Reese,PHI,WR,2174982,,LAR,16,10,1,1,N/R,,,0,0,,0,0,0.0,0,0,0.0,0,0,0,-,,,,,,,,,,,,,,,,,,
Josh Reynolds,NYJ,WR,2131796,,@CHI,11,13,1,1,N/R,,,101,0,,0,0,9.2,0,0,0.0,1,21,11,0.20,,,,,,,,,,,,,,,,,,
Josh Vann,CAR,WR,2965222,,DET,27,5,1,1,N/R,,,0,0,,0,0,0.0,0,0,0.0,0,0,0,-,,,,,,,,,,,,,,,,,,
Joshua Cephus,JAC,WR,3127909,,@CIN,14,7,1,1,N/R,,,0,0,,0,0,0.0,0,0,0.0,0,0,0,-,,,,,,,,,,,,,,,,,,
JuJu Smith-Schuster,NYG,WR,2139620,,@LV,5,8,1,1,N/R,,,345,1,,0,0,10.4,0,0,0.0,1,45,33,0.06,,,,,,,,,,,,,,,,,,
Julian Hicks,SEA,WR,2866554,,LAC,18,11,1,1,N/R,,,0,0,,0,0,0.0,0,0,0.0,0,0,0,-,,,,,,,,,,,,,,,,,,
Junior Bergen,NYJ,WR,26731678,,@CHI,11,13,1,1,N/R,,,0,0,,0,0,0.0,0,0,0.0,0,0,0,-,,,,,,,,,,,,,,,,,,
Justin Hall,MIN,WR,2865819,,MIA,3,6,1,1,N/R,,,0,0,,0,0,0.0,0,0,0.0,0,0,0,-,,,,,,,,,,,,,,,,,,
Justin Lockhart,KC,WR,3125802,,@LV,5,5,1,1,N/R,,,0,0,,0,0,0.0,0,0,0.0,0,0,0,-,,,,,,,,,,,,,,,,,,
Justin Marshall,SEA,WR,2866624,,LAC,18,11,1,1,N/R,,,0,0,,0,0,0.0,0,0,0.0,0,0,0,-,,,,,,,,,,,,,,,,,,
Justin Watson,HOU,WR,2137198,,DAL,15,8,1,1,N/R,,,30,0,,0,0,10.0,0,0,0.0,0,4,3,0.00,,,,,,,,,,,,,,,,,,
Justyn Ross,KC,WR,2965335,,@LV,5,5,1,0,N/R,,,0,0,,0,0,0.0,0,0,0.0,0,0,0,-,,,,,,,,,,,,,,,,,,
Juwan Green,KC,WR,2967680,,@LV,5,5,1,1,N/R,,,0,0,,0,0,0.0,0,0,0.0,0,0,0,-,,,,,,,,,,,,,,,,,,
Juwann Winfree,HOU,WR,3116589,,DAL,15,8,1,1,N/R,,,0,0,,0,0,0.0,0,0,0.0,0,0,0,-,,,,,,,,,,,,,,,,,,
K.J. Hamler,BUF,WR,2804432,,NE,7,7,1,0,N/R,,,0,0,,0,0,0.0,0,0,0.0,0,0,0,-,,,,,,,,,,,,,,,,,,
K.J. Osborn,TEN,WR,2184383,,@BAL,25,9,1,1,N/R,,,0,0,,0,0,0.0,0,0,0.0,0,0,0,-,,,,,,,,,,,,,,,,,,
KaVontae Turpin,DAL,WR,2180870,,@HOU,29,14,2,1,N/R,,,396,2,,17,89,15.2,0,1,5.2,7,38,26,0.47,,,,,,,,,,,,,,,,,,
Kade Warner,TB,WR,2804353,,GB,22,10,1,0,N/R,,,0,0,,0,0,0.0,0,0,0.0,0,0,0,-,,,,,,,,,,,,,,,,,,
Kaden Davis,CHI,WR,28868815,,PIT,13,10,1,1,N/R,,,0,0,,0,0,0.0,0,0,0.0,0,0,0,0.00,,,,,,,,,,,,,,,,,,
Kaden Prather,GB,WR,26694721,,@TB,10,11,1,0,N/R,,,0,0,,0,0,0.0,0,0,0.0,0,0,0,-,,,,,,,,,,,,,,,,,,
Kaden Wetjen,PIT,WR,28876038,,@CLE,23,9,1,1,N/R,,,0,0,,0,0,0.0,0,0,0.0,0,0,0,-,,,,,,,,,,,,,,,,,,
Kai Locksley,MIA,WR,2186493,,@MIN,24,6,0,0,N/R,,,0,0,,0,0,0.0,0,0,0.0,0,0,0,-,,,,,,,,,,,,,,,,,,
Kalif Raymond,CHI,WR,1999329,,@CAR,4,10,53,13,31,,,289,1,,2,19,12.0,0,0,9.5,7,30,24,0.47,,,,,,,,,,,,,,,,,,
Kalija Lipscomb,TEN,WR,2247525,,@BAL,25,9,1,1,N/R,,,0,0,,0,0,0.0,0,0,0.0,0,0,0,-,,,,,,,,,,,,,,,,,,
Kalil Pimpleton,NYG,WR,2805116,,ARI,30,8,1,0,N/R,,,0,0,,0,0,0.0,0,0,0.0,0,0,0,-,,,,,,,,,,,,,,,,,,
Kameron Brown,TB,WR,2191099,,GB,22,10,1,0,N/R,,,0,0,,0,0,0.0,0,0,0.0,0,0,0,-,,,,,,,,,,,,,,,,,,
Kameron Johnson,TB,WR,29380891,,GB,22,10,1,1,N/R,,,64,1,,2,13,16.0,0,0,6.5,3,7,4,0.18,,,,,,,,,,,,,,,,,,
Kawaan Baker,GB,WR,2264866,,@TB,10,11,1,0,N/R,,,0,0,,0,0,0.0,0,0,0.0,0,0,0,-,,,,,,,,,,,,,,,,,,
Kayshon Boutte,HOU,WR,3163170,,@BUF,31,8,22,2,N/R,,,551,6,,0,0,16.7,0,0,0.0,18,46,33,1.29,,,,,,,,,,,,,,,,,,
Kazmeir Allen,WAS,WR,2962093,,IND,26,7,1,1,N/R,,,0,0,,0,0,0.0,0,0,0.0,0,0,0,-,,,,,,,,,,,,,,,,,,
Ke'Shawn Williams,CIN,WR,3171149,,JAC,21,6,1,1,N/R,,,5,0,,2,10,5.0,0,1,5.0,0,1,1,0.00,,,,,,,,,,,,,,,,,,
KeAndre Lambert-Smith,LAC,WR,3163041,,@SEA,1,7,1,1,N/R,,,51,1,,0,0,10.2,0,0,0.0,2,12,5,0.20,,,,,,,,,,,,,,,,,,
Kearis Jackson,HOU,WR,2963747,,DAL,15,8,1,1,N/R,,,0,0,,0,0,0.0,0,0,0.0,0,0,0,-,,,,,,,,,,,,,,,,,,
Keelan Marion,ATL,WR,3162048,,@NO,8,11,1,1,N/R,,,0,0,,0,0,0.0,0,0,0.0,0,0,0,-,,,,,,,,,,,,,,,,,,
Keilahn Harris,PIT,WR,29119117,,@CLE,23,9,0,0,N/R,,,0,0,,0,0,0.0,0,0,0.0,0,0,0,-,,,,,,,,,,,,,,,,,,
Keith Kirkwood,BAL,WR,2925874,,TEN,17,13,1,1,N/R,,,0,0,,0,0,0.0,0,0,0.0,0,0,0,-,,,,,,,,,,,,,,,,,,
Kekoa Crawford,KC,WR,2260488,,@LV,5,5,1,0,N/R,,,0,0,,0,0,0.0,0,0,0.0,0,0,0,-,,,,,,,,,,,,,,,,,,
Kelly Akharaiyi,ARI,WR,28874246,,@NYG,20,14,1,1,N/R,,,0,0,,0,0,0.0,0,0,0.0,0,0,0,-,,,,,,,,,,,,,,,,,,
Kelvin Harmon,DAL,WR,2246942,,@HOU,29,14,1,0,N/R,,,0,0,,0,0,0.0,0,0,0.0,0,0,0,-,,,,,,,,,,,,,,,,,,
Kelvin McKnight,DEN,WR,2186057,,@SF,12,10,1,1,N/R,,,0,0,,0,0,0.0,0,0,0.0,0,0,0,-,,,,,,,,,,,,,,,,,,
Kendric Pryor,CIN,WR,2251888,,JAC,21,6,0,0,N/R,,,0,0,,0,0,0.0,0,0,0.0,0,0,0,-,,,,,,,,,,,,,,,,,,
Kendrick Bourne,ARI,WR,2088428,,DEN,9,14,4,1,N/R,,,551,0,,0,0,14.9,0,0,0.0,8,53,37,0.50,,,,,,,,,,,,,,,,,,
Kendrick Law,DET,WR,28874888,,@CAR,4,6,1,0,N/R,,,0,0,,0,0,0.0,0,0,0.0,0,0,0,-,,,,,,,,,,,,,,,,,,
Kenzel Doe,PIT,WR,2185868,,@CLE,23,9,1,1,N/R,,,0,0,,0,0,0.0,0,0,0.0,0,0,0,-,,,,,,,,,,,,,,,,,,
Keon Coleman,BUF,WR,26717289,,NE,7,7,13,1,N/R,,,404,4,,0,0,10.6,0,1,0.0,10,59,38,0.77,,,,,,,,,,,,,,,,,,
Keric Wheatfall,PHI,WR,3122481,,LAR,16,10,0,0,N/R,,,0,0,,0,0,0.0,0,0,0.0,0,0,0,-,,,,,,,,,,,,,,,,,,
Keshunn Abram,NYJ,WR,3126551,,@CHI,11,13,1,1,N/R,,,0,0,,0,0,0.0,0,0,0.0,0,0,0,-,,,,,,,,,,,,,,,,,,
Ketron Jackson Jr.,LV,WR,26698032,,KC,2,13,1,1,N/R,,,0,0,,0,0,0.0,0,0,0.0,0,0,0,-,,,,,,,,,,,,,,,,,,
Kevin Austin Jr.,NO,WR,2969073,,ATL,28,8,1,0,N/R,,,140,1,,0,0,10.8,0,0,0.0,1,23,13,0.12,,,,,,,,,,,,,,,,,,
Kevin Coleman Jr.,MIA,WR,28909178,,@MIN,24,6,1,1,N/R,,,0,0,,0,0,0.0,0,0,0.0,0,0,0,-,,,,,,,,,,,,,,,,,,
Kevin Kassis,SEA,WR,2261023,,LAC,18,11,1,1,N/R,,,0,0,,0,0,0.0,0,0,0.0,0,0,0,-,,,,,,,,,,,,,,,,,,
Kevin Shaa,CHI,WR,2965479,,NYJ,6,10,0,0,N/R,,,0,0,,0,0,0.0,0,0,0.0,0,0,0,-,,,,,,,,,,,,,,,,,,
Key'Shawn Smith,KC,WR,3161656,,@LV,5,5,1,0,N/R,,,0,0,,0,0,0.0,0,0,0.0,0,0,0,-,,,,,,,,,,,,,,,,,,
Keytaon Thompson,DET,WR,2744571,,@CAR,4,6,0,0,N/R,,,0,0,,0,0,0.0,0,0,0.0,0,0,0,-,,,,,,,,,,,,,,,,,,
Khadarel Hodge,SF,WR,2954080,,@NO,8,8,1,1,N/R,,,31,0,,0,0,10.3,0,0,0.0,0,10,3,0.00,,,,,,,,,,,,,,,,,,
Khalil McClain,MIA,WR,2866259,,@MIN,24,6,0,0,N/R,,,0,0,,0,0,0.0,0,0,0.0,0,0,0,-,,,,,,,,,,,,,,,,,,
Khalil Tate,PHI,WR,3159159,,LAR,16,10,1,0,N/R,,,0,0,,0,0,0.0,0,0,0.0,0,0,0,-,,,,,,,,,,,,,,,,,,
Kisean Johnson,GB,WR,26730190,,@TB,10,11,0,0,N/R,,,0,0,,0,0,0.0,0,0,0.0,0,0,0,-,,,,,,,,,,,,,,,,,,
Kobe Hudson,CAR,WR,3161851,,DET,27,5,1,1,N/R,,,0,0,,0,0,0.0,0,0,0.0,0,0,0,-,,,,,,,,,,,,,,,,,,
Kobe Prentice,NYG,WR,28909320,,ARI,30,8,1,0,N/R,,,0,0,,0,0,0.0,0,0,0.0,0,0,0,-,,,,,,,,,,,,,,,,,,
Kody Case,IND,WR,2867551,,@WAS,32,13,1,1,N/R,,,0,0,,0,0,0.0,0,0,0.0,0,0,0,-,,,,,,,,,,,,,,,,,,
Kolbe Katsis,DEN,WR,29423982,,@SF,12,10,1,1,N/R,,,0,0,,0,0,0.0,0,0,0.0,0,0,0,-,,,,,,,,,,,,,,,,,,
Kole Wilson,CLE,WR,28950335,,PIT,13,11,1,0,N/R,,,0,0,,0,0,0.0,0,0,0.0,0,0,0,-,,,,,,,,,,,,,,,,,,
Konata Mumpfield,LAR,WR,26694679,,@PHI,19,11,4,1,N/R,,,92,1,,0,0,9.2,0,0,0.0,1,23,10,0.06,,,,,,,,,,,,,,,,,,
Kristian Wilkerson,ATL,WR,3161137,,@NO,8,11,0,0,N/R,,,0,0,,0,0,0.0,0,0,0.0,0,0,0,-,,,,,,,,,,,,,,,,,,
Kyle Dixon,NE,WR,50049245,,@BUF,31,11,1,1,N/R,,,0,0,,0,0,0.0,0,0,0.0,0,0,0,-,,,,,,,,,,,,,,,,,,
Kyle Philips,LV,WR,2966039,,KC,2,13,1,1,N/R,,,0,0,,0,0,0.0,0,0,0.0,0,0,0,-,,,,,,,,,,,,,,,,,,
Kyle Sheets,KC,WR,29379128,,@LV,5,5,1,1,N/R,,,0,0,,0,0,0.0,0,0,0.0,0,0,0,-,,,,,,,,,,,,,,,,,,
Kyle Williams,NE,WR,3167684,,@BUF,31,11,2,1,N/R,,,209,3,,2,3,20.9,0,0,1.5,12,21,10,0.71,,,,,,,,,,,,,,,,,,
Kyre Duplessis,DEN,WR,26699047,,@SF,12,10,1,1,N/R,,,0,0,,0,0,0.0,0,0,0.0,0,0,0,-,,,,,,,,,,,,,,,,,,
Kyrese Rowan,NO,WR,3131544,,ATL,28,8,1,0,N/R,,,0,0,,0,0,0.0,0,0,0.0,0,0,0,-,,,,,,,,,,,,,,,,,,
Kyron Hudson,CHI,WR,26720252,,NYJ,6,10,0,0,N/R,,,0,0,,0,0,0.0,0,0,0.0,0,0,0,-,,,,,,,,,,,,,,,,,,
LaJohntay Wester,BAL,WR,3170389,,TEN,17,13,1,1,N/R,,,0,0,,0,0,0.0,0,1,0.0,0,0,0,0.00,,,,,,,,,,,,,,,,,,
LaQuvionte Gonzalez,LAR,WR,2925157,,@PHI,19,11,1,1,N/R,,,0,0,,0,0,0.0,0,0,0.0,0,0,0,-,,,,,,,,,,,,,,,,,,
Lance McCutcheon,TEN,WR,2836356,,@BAL,25,9,1,0,N/R,,,0,0,,0,0,0.0,0,0,0.0,0,0,0,-,,,,,,,,,,,,,,,,,,
Landon Lenoir,CHI,WR,2247199,,NYJ,6,10,0,0,N/R,,,0,0,,0,0,0.0,0,0,0.0,0,0,0,-,,,,,,,,,,,,,,,,,,
Landon Parker,IND,WR,2962034,,@WAS,32,13,1,1,N/R,,,0,0,,0,0,0.0,0,0,0.0,0,0,0,-,,,,,,,,,,,,,,,,,,
Laquon Treadwell,IND,WR,2079899,,@WAS,32,13,1,1,N/R,,,0,0,,0,0,0.0,0,0,0.0,0,0,0,0.00,,,,,,,,,,,,,,,,,,
Latreal Jones,TB,WR,28875290,,GB,22,10,1,0,N/R,,,0,0,,0,0,0.0,0,0,0.0,0,0,0,-,,,,,,,,,,,,,,,,,,
Laviska Shenault Jr.,BUF,WR,2866321,,NE,7,7,1,0,N/R,,,0,0,,0,0,0.0,0,0,0.0,0,0,0,-,,,,,,,,,,,,,,,,,,
Lawrence Keys III,DET,WR,2969108,,@CAR,4,6,1,1,N/R,,,0,0,,0,0,0.0,0,0,0.0,0,0,0,-,,,,,,,,,,,,,,,,,,
Le'Meke Brockington,ATL,WR,26695012,,@NO,8,11,0,0,N/R,,,0,0,,0,0,0.0,0,0,0.0,0,0,0,-,,,,,,,,,,,,,,,,,,
Leon Johnson III,LAC,WR,29125075,,@SEA,1,7,1,1,N/R,,,0,0,,0,0,0.0,0,0,0.0,0,0,0,-,,,,,,,,,,,,,,,,,,
Levi Wentz,PIT,WR,3164057,,@CLE,23,9,0,0,N/R,,,0,0,,0,0,0.0,0,0,0.0,0,0,0,-,,,,,,,,,,,,,,,,,,
Lewis Bond,HOU,WR,26695655,,DAL,15,8,1,1,N/R,,,0,0,,0,0,0.0,0,0,0.0,0,0,0,-,,,,,,,,,,,,,,,,,,
Liam Clifford,LAC,WR,26695271,,@SEA,1,7,1,0,N/R,,,0,0,,0,0,0.0,0,0,0.0,0,0,0,-,,,,,,,,,,,,,,,,,,
Lideatrick Griffin,GB,WR,3171022,,@TB,10,11,1,1,N/R,,,0,0,,0,0,0.0,0,0,0.0,0,0,0,-,,,,,,,,,,,,,,,,,,
Lil'Jordan Humphrey,DEN,WR,2246852,,@SF,12,10,1,1,N/R,,,156,1,,0,0,12.0,0,0,0.0,1,25,13,0.10,,,,,,,,,,,,,,,,,,
Lincoln Victor,DEN,WR,3127480,,@SF,12,10,1,0,N/R,,,0,0,,0,0,0.0,0,0,0.0,0,0,0,-,,,,,,,,,,,,,,,,,,
Lucky Jackson,DET,WR,2184739,,@CAR,4,6,0,0,N/R,,,0,0,,0,0,0.0,0,0,0.0,0,0,0,-,,,,,,,,,,,,,,,,,,
Lujuan Winningham,JAC,WR,2828807,,@CIN,14,7,1,0,N/R,,,0,0,,0,0,0.0,0,0,0.0,0,0,0,-,,,,,,,,,,,,,,,,,,
Luke Floriea,CLE,WR,3164098,,PIT,13,11,1,0,N/R,,,0,0,,0,0,0.0,0,0,0.0,0,0,0,-,,,,,,,,,,,,,,,,,,
Luke Grimm,LAC,WR,3166697,,@SEA,1,7,1,1,N/R,,,0,0,,0,0,0.0,0,0,0.0,0,0,0,-,,,,,,,,,,,,,,,,,,
Luke McCaffrey,WAS,WR,3121502,,IND,26,7,1,1,N/R,,,203,3,,0,0,18.4,0,0,0.0,8,15,11,0.89,,,,,,,,,,,,,,,,,,
Luke Wysong,MIN,WR,26717211,,MIA,3,6,1,1,N/R,,,0,0,,0,0,0.0,0,0,0.0,0,0,0,-,,,,,,,,,,,,,,,,,,
Mac Dalena,BUF,WR,3165469,,NE,7,7,0,0,N/R,,,0,0,,0,0,0.0,0,0,0.0,0,0,0,-,,,,,,,,,,,,,,,,,,
Mac Hippenhammer,CIN,WR,2868995,,JAC,21,6,0,0,N/R,,,0,0,,0,0,0.0,0,0,0.0,0,0,0,-,,,,,,,,,,,,,,,,,,
Mack Hollins,NE,WR,2010349,,@BUF,31,11,25,7,N/R,,,550,2,,1,4,12.0,0,0,4.0,5,65,46,0.33,,,,,,,,,,,,,,,,,,
Makai Lemon,PHI,WR,29123772,,LAR,16,10,53,2,N/R,,,0,0,,0,0,0.0,0,0,0.0,0,0,0,-,,,,,,,,,,,,,,,,,,
Makai Polk,ATL,WR,3122839,,@NO,8,11,1,1,N/R,,,0,0,,0,0,0.0,0,0,0.0,0,0,0,-,,,,,,,,,,,,,,,,,,
Malachi Carter,CIN,WR,2961890,,JAC,21,6,1,1,N/R,,,0,0,,0,0,0.0,0,0,0.0,0,0,0,-,,,,,,,,,,,,,,,,,,
Malachi Corley,CLE,WR,3162613,,PIT,13,11,1,1,N/R,,,79,0,,13,127,7.2,0,0,9.8,0,14,11,0.00,,,,,,,,,,,,,,,,,,
Malachi Fields,NYG,WR,26706066,,ARI,30,8,21,1,N/R,,,0,0,,0,0,0.0,0,0,0.0,0,0,0,-,,,,,,,,,,,,,,,,,,
Malcome Kennedy,NO,WR,2175065,,ATL,28,8,1,0,N/R,,,0,0,,0,0,0.0,0,0,0.0,0,0,0,-,,,,,,,,,,,,,,,,,,
Malick Meiga,SEA,WR,3168821,,LAC,18,11,1,1,N/R,,,0,0,,0,0,0.0,0,0,0.0,0,0,0,-,,,,,,,,,,,,,,,,,,
Malik Benson,LV,WR,29121426,,KC,2,13,2,1,N/R,,,0,0,,0,0,0.0,0,0,0.0,0,0,0,-,,,,,,,,,,,,,,,,,,
Malik Cunningham,DET,WR,2866334,,@CAR,4,6,1,1,N/R,,,0,0,,1,1,0.0,0,0,1.0,0,0,0,0.00,,,,,,,,,,,,,,,,,,
Malik Flowers,LV,WR,2865446,,KC,2,13,1,1,N/R,,,0,0,,0,0,0.0,0,0,0.0,0,0,0,-,,,,,,,,,,,,,,,,,,
Malik Heath,ATL,WR,3171033,,@NO,8,11,1,1,N/R,,,86,0,,0,0,14.3,0,0,0.0,0,7,6,0.00,,,,,,,,,,,,,,,,,,
Malik Henry,NO,WR,3116830,,ATL,28,8,1,1,N/R,,,0,0,,0,0,0.0,0,0,0.0,0,0,0,-,,,,,,,,,,,,,,,,,,
Malik Knowles,SF,WR,2966553,,DEN,9,8,1,1,N/R,,,0,0,,0,0,0.0,0,0,0.0,0,0,0,-,,,,,,,,,,,,,,,,,,
Malik McClain,NYJ,WR,26693641,,@CHI,11,13,1,0,N/R,,,0,0,,0,0,0.0,0,0,0.0,0,0,0,-,,,,,,,,,,,,,,,,,,
Malik Taylor,DET,WR,3117089,,@CAR,4,6,0,0,N/R,,,0,0,,0,0,0.0,0,0,0.0,0,0,0,-,,,,,,,,,,,,,,,,,,
Malik Turner,SF,WR,2136527,,DEN,9,8,1,1,N/R,,,0,0,,0,0,0.0,0,0,0.0,0,1,0,0.00,,,,,,,,,,,,,,,,,,
Malik Washington,MIA,WR,3124729,,@MIN,24,6,25,4,41,,,317,3,,17,110,6.9,1,1,6.5,10,65,46,0.59,,,,,,,,,,,,,,,,,,
Malik Williams,BUF,WR,2780940,,NE,7,7,1,1,N/R,,,0,0,,0,0,0.0,0,0,0.0,0,0,0,-,,,,,,,,,,,,,,,,,,
Manasseh Bailey,NYJ,WR,3159152,,@CHI,11,13,1,1,N/R,,,0,0,,0,0,0.0,0,0,0.0,0,0,0,-,,,,,,,,,,,,,,,,,,
Mante Morrow,LAC,WR,50049265,,@SEA,1,7,1,0,N/R,,,0,0,,0,0,0.0,0,0,0.0,0,0,0,-,,,,,,,,,,,,,,,,,,
Marcus Green,PHI,WR,2181212,,LAR,16,10,1,1,N/R,,,0,0,,0,0,0.0,0,0,0.0,0,0,0,-,,,,,,,,,,,,,,,,,,
Marcus Riley,NYJ,WR,3133994,,@CHI,11,13,1,1,N/R,,,0,0,,0,0,0.0,0,0,0.0,0,0,0,-,,,,,,,,,,,,,,,,,,
Marcus Rosemy-Jacksaint,PHI,WR,3163938,,LAR,16,10,1,0,N/R,,,0,0,,0,0,0.0,0,0,0.0,0,0,0,-,,,,,,,,,,,,,,,,,,
Marcus Sanders Jr.,MIN,WR,28924530,,MIA,3,6,1,0,N/R,,,0,0,,0,0,0.0,0,0,0.0,0,0,0,-,,,,,,,,,,,,,,,,,,
Marcus Simms,SEA,WR,3125670,,LAC,18,11,0,0,N/R,,,0,0,,0,0,0.0,0,0,0.0,0,0,0,-,,,,,,,,,,,,,,,,,,
Mario Williams,LAR,WR,26697388,,@PHI,19,11,1,0,N/R,,,0,0,,0,0,0.0,0,0,0.0,0,0,0,-,,,,,,,,,,,,,,,,,,
Marquez Callaway,LV,WR,2247505,,KC,2,13,1,1,N/R,,,0,0,,0,0,0.0,0,0,0.0,0,0,0,-,,,,,,,,,,,,,,,,,,
Marquez Valdes-Scantling,LAC,WR,2071540,,@CLE,23,7,1,1,N/R,,,120,1,,0,0,8.6,0,0,0.0,2,29,14,0.20,,,,,,,,,,,,,,,,,,
Marquise Brown,PHI,WR,2804128,,@LV,5,10,4,1,N/R,,,587,5,,0,0,12.0,0,0,0.0,8,74,49,0.50,,,,,,,,,,,,,,,,,,
Marvin Mims,DEN,WR,3162586,,@SF,12,10,2,1,N/R,,,322,1,,12,78,8.7,1,1,6.5,12,51,37,0.80,,,,,,,,,,,,,,,,,,
Mason Kinsey,TEN,WR,3161133,,@BAL,25,9,1,1,N/R,,,48,0,,0,0,24.0,0,0,0.0,0,4,2,0.00,,,,,,,,,,,,,,,,,,
Mason Tipton,NO,WR,3135304,,ATL,28,8,1,1,N/R,,,76,0,,4,18,6.9,0,0,4.5,0,17,11,0.00,,,,,,,,,,,,,,,,,,
Mathew Sexton,MIA,WR,2240073,,@MIN,24,6,0,0,N/R,,,0,0,,0,0,0.0,0,0,0.0,0,0,0,-,,,,,,,,,,,,,,,,,,
Matt Landers,TEN,WR,2871748,,@BAL,25,9,1,1,N/R,,,0,0,,0,0,0.0,0,0,0.0,0,0,0,-,,,,,,,,,,,,,,,,,,
Matthew Henry,TB,WR,29408013,,GB,22,10,0,0,N/R,,,0,0,,0,0,0.0,0,0,0.0,0,0,0,-,,,,,,,,,,,,,,,,,,
Maurice Alexander,CHI,WR,28926362,,NYJ,6,10,1,1,N/R,,,0,0,,0,0,0.0,0,0,0.0,0,0,0,0.00,,,,,,,,,,,,,,,,,,
Max Tomczak,BUF,WR,26725930,,NE,7,7,1,1,N/R,,,0,0,,0,0,0.0,0,0,0.0,0,0,0,-,,,,,,,,,,,,,,,,,,
Mecole Hardman,BUF,WR,2248618,,NE,7,7,1,1,N/R,,,0,0,,0,0,0.0,0,1,0.0,0,1,0,0.00,,,,,,,,,,,,,,,,,,
Micah Simon,CAR,WR,2188221,,DET,27,5,0,0,N/R,,,0,0,,0,0,0.0,0,0,0.0,0,0,0,-,,,,,,,,,,,,,,,,,,
Michael Bandy,DEN,WR,2245832,,@SF,12,10,1,0,N/R,,,50,1,,0,0,12.5,0,1,0.0,2,4,4,0.50,,,,,,,,,,,,,,,,,,
Michael Briscoe,MIN,WR,26706359,,MIA,3,6,1,1,N/R,,,0,0,,0,0,0.0,0,0,0.0,0,0,0,-,,,,,,,,,,,,,,,,,,
Michael Dereus,BAL,WR,3161102,,TEN,17,13,1,1,N/R,,,0,0,,0,0,0.0,0,0,0.0,0,0,0,-,,,,,,,,,,,,,,,,,,
Michael Gallup,WAS,WR,2240415,,IND,26,7,1,1,N/R,,,0,0,,0,0,0.0,0,0,0.0,0,0,0,-,,,,,,,,,,,,,,,,,,
Michael Johnson,PHI,WR,2185524,,LAR,16,10,0,0,N/R,,,0,0,,0,0,0.0,0,0,0.0,0,0,0,-,,,,,,,,,,,,,,,,,,
Michael Pittman,PIT,WR,2240188,waivers,@WAS,32,9,66,5,N/R,,,784,7,,0,0,9.8,0,0,0.0,19,111,80,1.12,,,,,,,,,,,,,,,,,,
Michael Woods II,DEN,WR,2965459,,@SF,12,10,1,0,N/R,,,0,0,,0,0,0.0,0,0,0.0,0,0,0,-,,,,,,,,,,,,,,,,,,
Michael Wortham,JAC,WR,29137521,,@CIN,14,7,1,1,N/R,,,0,0,,0,0,0.0,0,0,0.0,0,0,0,-,,,,,,,,,,,,,,,,,,
Michael Young Jr.,HOU,WR,2868607,,DAL,15,8,1,1,N/R,,,0,0,,0,0,0.0,0,0,0.0,0,0,0,-,,,,,,,,,,,,,,,,,,
Mikah Holder,WAS,WR,2924894,,IND,26,7,1,0,N/R,,,0,0,,0,0,0.0,0,0,0.0,0,0,0,-,,,,,,,,,,,,,,,,,,
Mike Harley,MIA,WR,2826762,,@MIN,24,6,1,1,N/R,,,0,0,,0,0,0.0,0,0,0.0,0,0,0,-,,,,,,,,,,,,,,,,,,
Mike Strachan,WAS,WR,26650288,,IND,26,7,1,0,N/R,,,0,0,,0,0,0.0,0,0,0.0,0,0,0,-,,,,,,,,,,,,,,,,,,
Mike Williams,LAC,WR,2082516,,@SEA,1,7,1,1,N/R,,,0,0,,0,0,0.0,0,0,0.0,0,0,0,-,,,,,,,,,,,,,,,,,,
Miles Boykin,CHI,WR,2186656,,NYJ,6,10,1,0,N/R,,,0,0,,0,0,0.0,0,0,0.0,0,0,0,-,,,,,,,,,,,,,,,,,,
Milton Williams,LV,WR,2175046,,KC,2,13,1,1,N/R,,,0,0,,0,0,0.0,0,0,0.0,0,0,0,-,,,,,,,,,,,,,,,,,,
Milton Wright,LAC,WR,3131611,,@SEA,1,7,1,1,N/R,,,0,0,,0,0,0.0,0,0,0.0,0,0,0,-,,,,,,,,,,,,,,,,,,
Mitchell Tinsley,CIN,WR,3162481,,JAC,21,6,1,0,N/R,,,116,2,,0,0,14.5,0,0,0.0,3,24,8,0.18,,,,,,,,,,,,,,,,,,
Monaray Baldwin,MIA,WR,26727563,,@MIN,24,6,1,1,N/R,,,0,0,,0,0,0.0,0,0,0.0,0,0,0,-,,,,,,,,,,,,,,,,,,
Montana Lemonious-Craig,PIT,WR,3166692,,@CLE,23,9,0,0,N/R,,,0,0,,0,0,0.0,0,0,0.0,0,0,0,-,,,,,,,,,,,,,,,,,,
Montorie Foster Jr.,SEA,WR,3169784,,LAC,18,11,1,1,N/R,,,0,0,,0,0,0.0,0,0,0.0,0,0,0,-,,,,,,,,,,,,,,,,,,
Montrell Washington,HOU,WR,2866191,,DAL,15,8,1,1,N/R,,,0,0,,0,0,0.0,0,0,0.0,0,0,0,-,,,,,,,,,,,,,,,,,,
Moochie Dixon,NO,WR,3168156,,ATL,28,8,1,0,N/R,,,0,0,,0,0,0.0,0,0,0.0,0,0,0,-,,,,,,,,,,,,,,,,,,
Moose Muhammad III,CAR,WR,3162427,,DET,27,5,0,0,N/R,,,0,0,,0,0,0.0,0,0,0.0,0,0,0,-,,,,,,,,,,,,,,,,,,
Myles Price,MIN,WR,3168525,,MIA,3,6,1,1,N/R,,,0,0,,0,0,0.0,0,3,0.0,0,0,0,0.00,,,,,,,,,,,,,,,,,,
Nate McCollum,ARI,WR,3162296,,@NYG,20,14,1,1,N/R,,,0,0,,0,0,0.0,0,0,0.0,0,0,0,-,,,,,,,,,,,,,,,,,,
Neil Pau'u,BUF,WR,2807947,,NE,7,7,1,1,N/R,,,0,0,,0,0,0.0,0,0,0.0,0,0,0,-,,,,,,,,,,,,,,,,,,
Nelson Agholor,BAL,WR,1996508,,TEN,17,13,1,1,N/R,,,0,0,,0,0,0.0,0,0,0.0,0,0,0,-,,,,,,,,,,,,,,,,,,
Nick DeGennaro,NE,WR,3166956,,@BUF,31,11,1,1,N/R,,,0,0,,0,0,0.0,0,0,0.0,0,0,0,-,,,,,,,,,,,,,,,,,,
Nick Easley,BUF,WR,2804380,,NE,7,7,0,0,N/R,,,0,0,,0,0,0.0,0,0,0.0,0,0,0,-,,,,,,,,,,,,,,,,,,
Nick Nash,WAS,WR,3123884,,IND,26,7,1,1,N/R,,,0,0,,0,0,0.0,0,0,0.0,0,0,0,-,,,,,,,,,,,,,,,,,,
Nick Westbrook-Ikhine,IND,WR,2185954,,@MIN,24,13,1,1,N/R,,,89,0,,0,0,8.1,0,0,0.0,0,20,11,0.00,,,,,,,,,,,,,,,,,,
Nick Williams,DEN,WR,28908782,,@SF,12,10,1,0,N/R,,,0,0,,0,0,0.0,0,0,0.0,0,0,0,-,,,,,,,,,,,,,,,,,,
Nikko Remigio,KC,WR,2964863,,@LV,5,5,1,1,N/R,,,21,0,,1,11,21.0,0,0,11.0,0,1,1,0.00,,,,,,,,,,,,,,,,,,
Noah Brown,LV,WR,2139270,,IND,26,13,1,1,N/R,,,83,0,,0,0,16.6,0,0,0.0,0,10,5,0.00,,,,,,,,,,,,,,,,,,
Noah Thomas,CIN,WR,28922853,,JAC,21,6,1,1,N/R,,,0,0,,0,0,0.0,0,0,0.0,0,0,0,-,,,,,,,,,,,,,,,,,,
Nsimba Webster,CHI,WR,3117157,,NYJ,6,10,1,0,N/R,,,0,0,,0,0,0.0,0,0,0.0,0,0,0,-,,,,,,,,,,,,,,,,,,
Octavian Smith Jr.,BAL,WR,28900666,,TEN,17,13,1,0,N/R,,,0,0,,0,0,0.0,0,0,0.0,0,0,0,-,,,,,,,,,,,,,,,,,,
Odell Beckham Jr.,NYG,WR,1824823,,ARI,30,8,2,1,N/R,,,0,0,,0,0,0.0,0,0,0.0,0,0,0,-,,,,,,,,,,,,,,,,,,
Odieu Hiliare,ATL,WR,3138422,,@NO,8,11,0,0,N/R,,,0,0,,0,0,0.0,0,0,0.0,0,0,0,-,,,,,,,,,,,,,,,,,,
Olamide Zaccheaus,ATL,WR,2186266,,NYJ,6,11,1,1,N/R,,,313,2,,4,25,8.0,0,0,6.2,2,65,39,0.12,,,,,,,,,,,,,,,,,,
Oliver Martin,JAC,WR,2878230,,@CIN,14,7,1,1,N/R,,,0,0,,0,0,0.0,0,0,0.0,0,0,0,-,,,,,,,,,,,,,,,,,,
Omar Bayless,KC,WR,2179863,,@LV,5,5,1,0,N/R,,,0,0,,0,0,0.0,0,0,0.0,0,0,0,-,,,,,,,,,,,,,,,,,,
Omar Cooper Jr.,NYJ,WR,28900921,,@CHI,11,13,10,1,N/R,,,0,0,,0,0,0.0,0,0,0.0,0,0,0,-,,,,,,,,,,,,,,,,,,
Omari Evans,KC,WR,28875329,,@LV,5,5,1,1,N/R,,,0,0,,0,0,0.0,0,0,0.0,0,0,0,-,,,,,,,,,,,,,,,,,,
Omari Kelly,CHI,WR,28875866,,NYJ,6,10,1,1,N/R,,,0,0,,0,0,0.0,0,0,0.0,0,0,0,-,,,,,,,,,,,,,,,,,,
Ontaria Wilson,NYJ,WR,2865393,,@CHI,11,13,1,1,N/R,,,0,0,,0,0,0.0,0,0,0.0,0,0,0,-,,,,,,,,,,,,,,,,,,
Osirus Mitchell,GB,WR,2249164,,@TB,10,11,1,1,N/R,,,0,0,,0,0,0.0,0,0,0.0,0,0,0,-,,,,,,,,,,,,,,,,,,
Papi White,TEN,WR,2139547,,@BAL,25,9,1,0,N/R,,,0,0,,0,0,0.0,0,0,0.0,0,0,0,-,,,,,,,,,,,,,,,,,,
Parris Campbell,DAL,WR,2139271,,@HOU,29,14,1,1,N/R,,,0,0,,0,0,0.0,0,0,0.0,0,0,0,0.00,,,,,,,,,,,,,,,,,,
Pat Bryant,DEN,WR,26697415,,@SF,12,10,11,1,N/R,,,378,1,,0,0,12.2,0,0,0.0,3,49,31,0.20,,,,,,,,,,,,,,,,,,
Peter LeBlanc,CHI,WR,3131648,,NYJ,6,10,1,1,N/R,,,0,0,,0,0,0.0,0,0,0.0,0,0,0,-,,,,,,,,,,,,,,,,,,
Phil Lutz,NE,WR,29152034,,@BUF,31,11,1,1,N/R,,,0,0,,0,0,0.0,0,0,0.0,0,0,0,-,,,,,,,,,,,,,,,,,,
Phillip Brooks,KC,WR,2961854,,@LV,5,5,1,1,N/R,,,0,0,,0,0,0.0,0,0,0.0,0,0,0,-,,,,,,,,,,,,,,,,,,
Phillip Dorsett,LV,WR,1836058,,KC,2,13,1,1,N/R,,,0,0,,0,0,0.0,0,0,0.0,0,0,0,-,,,,,,,,,,,,,,,,,,
Praise Olatoke,CAR,WR,29385901,,DET,27,5,1,1,N/R,,,0,0,,0,0,0.0,0,0,0.0,0,0,0,-,,,,,,,,,,,,,,,,,,
Quartney Davis,IND,WR,2249179,,@WAS,32,13,1,0,N/R,,,0,0,,0,0,0.0,0,0,0.0,0,0,0,-,,,,,,,,,,,,,,,,,,
Quentin Skinner,BUF,WR,3166676,,@CHI,11,7,0,0,N/R,,,10,0,,0,0,10.0,0,0,0.0,1,1,1,1.00,,,,,,,,,,,,,,,,,,
Quez Watkins,PHI,WR,2262953,,LAR,16,10,1,0,N/R,,,0,0,,0,0,0.0,0,0,0.0,0,0,0,-,,,,,,,,,,,,,,,,,,
Quincy Skinner Jr.,GB,WR,26697082,,@TB,10,11,1,1,N/R,,,0,0,,0,0,0.0,0,0,0.0,0,0,0,-,,,,,,,,,,,,,,,,,,
Quintez Cephus,BUF,WR,2251870,,NE,7,7,1,0,N/R,,,0,0,,0,0,0.0,0,0,0.0,0,0,0,-,,,,,,,,,,,,,,,,,,
R.J. Starkey,GB,WR,2980231,,@TB,10,11,1,1,N/R,,,0,0,,0,0,0.0,0,0,0.0,0,0,0,-,,,,,,,,,,,,,,,,,,
Ra'Shaun Henry,SEA,WR,2248189,,LAC,18,11,0,0,N/R,,,0,0,,0,0,0.0,0,0,0.0,0,0,0,-,,,,,,,,,,,,,,,,,,
Rakim Jarrett,PIT,WR,3166901,,@CLE,23,9,1,1,N/R,,,0,0,,0,0,0.0,0,0,0.0,0,0,0,-,,,,,,,,,,,,,,,,,,
Ramel Keyton,TEN,WR,3123657,,@BAL,25,9,1,0,N/R,,,0,0,,0,0,0.0,0,0,0.0,0,0,0,-,,,,,,,,,,,,,,,,,,
Rashad Rochelle,SEA,WR,28873470,,LAC,18,11,1,1,N/R,,,0,0,,0,0,0.0,0,0,0.0,0,0,0,-,,,,,,,,,,,,,,,,,,
Rashid Shaheed,SEA,WR,2250863,waivers,LAC,18,11,42,3,N/R,,,687,2,,9,69,11.6,0,1,7.7,21,92,59,1.17,,,,,,,,,,,,,,,,,,
Rashod Owens,CIN,WR,3169153,,JAC,21,6,1,1,N/R,,,0,0,,0,0,0.0,0,0,0.0,0,0,0,-,,,,,,,,,,,,,,,,,,
Rashon Ceaser,TEN,WR,2237133,,@BAL,25,9,1,1,N/R,,,0,0,,0,0,0.0,0,0,0.0,0,0,0,-,,,,,,,,,,,,,,,,,,
Ray-Ray McCloud,CHI,WR,2179226,,ARI,30,10,1,1,N/R,,,69,0,,0,0,9.9,0,0,0.0,0,15,7,0.00,,,,,,,,,,,,,,,,,,
Raylen Sharpe,IND,WR,26698282,,@WAS,32,13,1,0,N/R,,,0,0,,0,0,0.0,0,0,0.0,0,0,0,-,,,,,,,,,,,,,,,,,,
Reece Horn,CIN,WR,2239232,,JAC,21,6,1,1,N/R,,,0,0,,0,0,0.0,0,0,0.0,0,0,0,-,,,,,,,,,,,,,,,,,,
Reggie Brown,KC,WR,2961395,,@LV,5,5,1,1,N/R,,,0,0,,0,0,0.0,0,0,0.0,0,0,0,-,,,,,,,,,,,,,,,,,,
Reggie Davis,DAL,WR,2820499,,@HOU,29,14,1,1,N/R,,,0,0,,0,0,0.0,0,0,0.0,0,0,0,-,,,,,,,,,,,,,,,,,,
Reggie Roberson Jr.,TEN,WR,2835560,,@BAL,25,9,1,1,N/R,,,0,0,,0,0,0.0,0,0,0.0,0,0,0,-,,,,,,,,,,,,,,,,,,
Reggie Virgil,ARI,WR,28883008,,@NYG,20,14,1,1,N/R,,,0,0,,0,0,0.0,0,0,0.0,0,0,0,-,,,,,,,,,,,,,,,,,,
Reggie White Jr.,NYG,WR,3116826,,ARI,30,8,1,1,N/R,,,0,0,,0,0,0.0,0,0,0.0,0,0,0,-,,,,,,,,,,,,,,,,,,
Ricky Pearsall,SF,WR,3122949,,DEN,9,8,4,1,N/R,,,528,0,,2,-2,14.7,0,0,-1.0,8,53,36,0.89,,,,,,,,,,,,,,,,,,
Ricky White III,SEA,WR,3169795,,LAC,18,11,1,0,N/R,,,0,0,,0,0,0.0,0,0,0.0,0,0,0,0.00,,,,,,,,,,,,,,,,,,
Rico Bussey,PIT,WR,2251993,,@CLE,23,9,0,0,N/R,,,0,0,,0,0,0.0,0,0,0.0,0,0,0,-,,,,,,,,,,,,,,,,,,
Riley Lees,CIN,WR,2247038,,JAC,21,6,1,1,N/R,,,0,0,,0,0,0.0,0,0,0.0,0,0,0,-,,,,,,,,,,,,,,,,,,
River Cracraft,WAS,WR,2890282,,IND,26,7,1,0,N/R,,,0,0,,0,0,0.0,0,0,0.0,0,0,0,0.00,,,,,,,,,,,,,,,,,,
Robbie Chosen,WAS,WR,1886746,,IND,26,7,1,1,N/R,,,53,0,,0,0,10.6,0,0,0.0,0,9,5,0.00,,,,,,,,,,,,,,,,,,
Robert Lewis,MIN,WR,3166596,,MIA,3,6,1,1,N/R,,,0,0,,0,0,0.0,0,0,0.0,0,0,0,-,,,,,,,,,,,,,,,,,,
Robert Woods,PIT,WR,1754280,,@CLE,23,9,1,1,N/R,,,0,0,,0,0,0.0,0,0,0.0,0,0,0,-,,,,,,,,,,,,,,,,,,
Roc Taylor,CAR,WR,26733219,,DET,27,5,0,0,N/R,,,0,0,,0,0,0.0,0,0,0.0,0,0,0,-,,,,,,,,,,,,,,,,,,
Roderick Daniels Jr.,NO,WR,26696826,,ATL,28,8,1,0,N/R,,,0,0,,0,0,0.0,0,0,0.0,0,0,0,-,,,,,,,,,,,,,,,,,,
Roman Wilson,PIT,WR,3169495,,@CLE,23,9,6,1,N/R,,,166,2,,0,0,13.8,0,1,0.0,5,21,12,0.38,,,,,,,,,,,,,,,,,,
Romello Brinson,DAL,WR,26694913,,@HOU,29,14,1,0,N/R,,,0,0,,0,0,0.0,0,0,0.0,0,0,0,-,,,,,,,,,,,,,,,,,,
Ronnie Bell,LV,WR,2968474,,ATL,28,13,1,1,N/R,,,23,1,,0,0,11.5,0,0,0.0,2,4,2,1.00,,,,,,,,,,,,,,,,,,
Russell Gage,SF,WR,2131694,,DEN,9,8,1,1,N/R,,,0,0,,0,0,0.0,0,0,0.0,0,0,0,0.00,,,,,,,,,,,,,,,,,,
Ryan Flournoy,DAL,WR,28891456,,@HOU,29,14,5,1,N/R,,,475,4,,4,25,11.9,0,0,6.2,12,56,40,0.75,,,,,,,,,,,,,,,,,,
Ryan McDaniel,JAC,WR,2879694,,@CIN,14,7,1,0,N/R,,,0,0,,0,0,0.0,0,0,0.0,0,0,0,-,,,,,,,,,,,,,,,,,,
Ryan Miller,MIA,WR,2964726,,ARI,30,6,1,1,N/R,,,34,1,,0,0,17.0,0,0,0.0,2,4,2,0.15,,,,,,,,,,,,,,,,,,
Sage Surratt,ARI,WR,2806063,,@NYG,20,14,1,0,N/R,,,0,0,,0,0,0.0,0,0,0.0,0,0,0,-,,,,,,,,,,,,,,,,,,
Sahmir Hagans,IND,WR,26697142,,@WAS,32,13,1,0,N/R,,,0,0,,0,0,0.0,0,0,0.0,0,0,0,-,,,,,,,,,,,,,,,,,,
Sam Brown Jr.,GB,WR,29052184,,@TB,10,11,1,1,N/R,,,0,0,,0,0,0.0,0,0,0.0,0,0,0,-,,,,,,,,,,,,,,,,,,
Sam James,LAR,WR,2965746,,@PHI,19,11,1,1,N/R,,,0,0,,0,0,0.0,0,0,0.0,0,0,0,-,,,,,,,,,,,,,,,,,,
Sam Pinckney,CAR,WR,2961512,,DET,27,5,1,1,N/R,,,0,0,,0,0,0.0,0,0,0.0,0,0,0,-,,,,,,,,,,,,,,,,,,
Sam Wiglusz,LAR,WR,2984114,,@PHI,19,11,1,0,N/R,,,0,0,,0,0,0.0,0,0,0.0,0,0,0,-,,,,,,,,,,,,,,,,,,
Samori Toure,PHI,WR,2245831,,ATL,28,10,1,1,N/R,,,3,0,,0,0,3.0,0,0,0.0,0,3,1,0.00,,,,,,,,,,,,,,,,,,
Samson Nacua,NO,WR,2260501,,ATL,28,8,1,0,N/R,,,0,0,,0,0,0.0,0,0,0.0,0,0,0,-,,,,,,,,,,,,,,,,,,
Savion Williams,GB,WR,3161844,,@TB,10,11,1,1,N/R,,,78,1,,11,37,7.8,0,1,3.4,1,10,10,0.08,,,,,,,,,,,,,,,,,,
Savon Scarver,CHI,WR,2869196,,NYJ,6,10,0,0,N/R,,,0,0,,0,0,0.0,0,0,0.0,0,0,0,-,,,,,,,,,,,,,,,,,,
Scott Miller,CHI,WR,2180075,,@CLE,23,10,1,1,N/R,,,62,0,,0,0,6.9,0,0,0.0,0,14,9,0.00,,,,,,,,,,,,,,,,,,
Sean Modster,BAL,WR,3116763,,TEN,17,13,1,1,N/R,,,0,0,,0,0,0.0,0,0,0.0,0,0,0,-,,,,,,,,,,,,,,,,,,
Sean Ryan,BAL,WR,2963218,,TEN,17,13,0,0,N/R,,,0,0,,0,0,0.0,0,0,0.0,0,0,0,-,,,,,,,,,,,,,,,,,,
Seth Williams,LV,WR,2965944,,KC,2,13,1,0,N/R,,,0,0,,0,0,0.0,0,0,0.0,0,0,0,-,,,,,,,,,,,,,,,,,,
Shae Wyatt,SF,WR,26695205,,DEN,9,8,1,0,N/R,,,0,0,,0,0,0.0,0,0,0.0,0,0,0,-,,,,,,,,,,,,,,,,,,
Shaleak Knotts,MIN,WR,28901305,,MIA,3,6,1,1,N/R,,,0,0,,0,0,0.0,0,0,0.0,0,0,0,-,,,,,,,,,,,,,,,,,,
Shaq Roland,CHI,WR,2926785,,NYJ,6,10,1,1,N/R,,,0,0,,0,0,0.0,0,0,0.0,0,0,0,-,,,,,,,,,,,,,,,,,,
Shaquan Davis,PIT,WR,3137942,,@CLE,23,9,1,0,N/R,,,0,0,,0,0,0.0,0,0,0.0,0,0,0,-,,,,,,,,,,,,,,,,,,
Shawn Poindexter,SF,WR,3116832,,DEN,9,8,1,1,N/R,,,0,0,,0,0,0.0,0,0,0.0,0,0,0,-,,,,,,,,,,,,,,,,,,
Shedrick Jackson,BAL,WR,2962459,,KC,2,13,0,0,N/R,,,56,1,,1,3,14.0,0,0,3.0,2,5,4,0.40,,,,,,,,,,,,,,,,,,
Shemar Bridges,BAL,WR,28866847,,TEN,17,13,1,1,N/R,,,0,0,,0,0,0.0,0,0,0.0,0,0,0,-,,,,,,,,,,,,,,,,,,
Siaosi Mariner,BAL,WR,3161110,,TEN,17,13,1,1,N/R,,,0,0,,0,0,0.0,0,0,0.0,0,0,0,-,,,,,,,,,,,,,,,,,,
Silas Bolden,HOU,WR,3176940,,DAL,15,8,1,1,N/R,,,0,0,,0,0,0.0,0,0,0.0,0,0,0,-,,,,,,,,,,,,,,,,,,
Simi Fehoko,ARI,WR,2965289,,@NYG,20,14,1,0,N/R,,,0,0,,0,0,0.0,0,0,0.0,0,0,0,0.00,,,,,,,,,,,,,,,,,,
Sincere Brown,LAC,WR,3173147,,@SEA,1,7,1,1,N/R,,,0,0,,0,0,0.0,0,0,0.0,0,0,0,-,,,,,,,,,,,,,,,,,,
Skyler Bell,BUF,WR,26726589,,NE,7,7,3,1,N/R,,,0,0,,0,0,0.0,0,0,0.0,0,0,0,-,,,,,,,,,,,,,,,,,,
Skyy Moore,GB,WR,3126874,,DEN,9,11,1,1,N/R,,,87,0,,2,11,17.4,0,0,5.5,0,7,5,0.00,,,,,,,,,,,,,,,,,,
Slade Bolden,ATL,WR,2960931,,@NO,8,11,1,1,N/R,,,0,0,,0,0,0.0,0,0,0.0,0,0,0,-,,,,,,,,,,,,,,,,,,
Stanley Morgan,TEN,WR,2179632,,@BAL,25,9,1,1,N/R,,,0,0,,0,0,0.0,0,0,0.0,0,0,0,-,,,,,,,,,,,,,,,,,,
Stephen Gosnell,BUF,WR,3162073,,NE,7,7,0,0,N/R,,,0,0,,0,0,0.0,0,0,0.0,0,0,0,-,,,,,,,,,,,,,,,,,,
Stephen Guidry,DAL,WR,2961462,,@HOU,29,14,1,1,N/R,,,0,0,,0,0,0.0,0,0,0.0,0,0,0,-,,,,,,,,,,,,,,,,,,
Stephon Robinson Jr.,ARI,WR,2961667,,@NYG,20,14,1,1,N/R,,,0,0,,0,0,0.0,0,0,0.0,0,0,0,-,,,,,,,,,,,,,,,,,,
Sterling Shepard,NYJ,WR,1996786,,GB,22,13,1,1,N/R,,,371,1,,4,19,9.5,0,1,4.8,2,53,39,0.15,,,,,,,,,,,,,,,,,,
Steve Ishmael,IND,WR,2925153,,@WAS,32,13,1,1,N/R,,,0,0,,0,0,0.0,0,0,0.0,0,0,0,-,,,,,,,,,,,,,,,,,,
Steven Sims,ARI,WR,3116703,,@NYG,20,14,1,1,N/R,,,0,0,,0,0,0.0,0,0,0.0,0,1,0,0.00,,,,,,,,,,,,,,,,,,
Sy Barnett,NO,WR,29116249,,ATL,28,8,1,0,N/R,,,0,0,,0,0,0.0,0,0,0.0,0,0,0,-,,,,,,,,,,,,,,,,,,
T.J. Luther,CAR,WR,2963021,,DET,27,5,1,1,N/R,,,0,0,,0,0,0.0,0,0,0.0,0,0,0,-,,,,,,,,,,,,,,,,,,
T.J. Rahming,MIA,WR,3116702,,@MIN,24,6,1,1,N/R,,,0,0,,0,0,0.0,0,0,0.0,0,0,0,-,,,,,,,,,,,,,,,,,,
T.J. Simmons,TB,WR,2240254,,GB,22,10,1,0,N/R,,,0,0,,0,0,0.0,0,0,0.0,0,0,0,-,,,,,,,,,,,,,,,,,,
T.J. Vasher,DAL,WR,2252275,,@HOU,29,14,1,1,N/R,,,0,0,,0,0,0.0,0,0,0.0,0,0,0,-,,,,,,,,,,,,,,,,,,
TJ Sheffield,TEN,WR,3131565,,@BAL,25,9,1,0,N/R,,,0,0,,0,0,0.0,0,0,0.0,0,0,0,-,,,,,,,,,,,,,,,,,,
Tahj Washington,PHI,WR,3122529,,@MIN,24,10,1,1,N/R,,,37,0,,0,0,12.3,0,1,0.0,0,5,3,0.00,,,,,,,,,,,,,,,,,,
Tai Felton,MIN,WR,26702969,,MIA,3,6,1,1,N/R,,,25,0,,0,0,8.3,0,0,0.0,0,3,3,0.00,,,,,,,,,,,,,,,,,,
Talolo Limu-Jones,CAR,WR,2250273,,DET,27,5,1,1,N/R,,,0,0,,0,0,0.0,0,0,0.0,0,0,0,-,,,,,,,,,,,,,,,,,,
Tamorrion Terry,SEA,WR,2866340,,LAC,18,11,1,1,N/R,,,0,0,,0,0,0.0,0,0,0.0,0,0,0,-,,,,,,,,,,,,,,,,,,
Tanner Knue,TB,WR,2964657,,GB,22,10,1,1,N/R,,,0,0,,0,0,0.0,0,0,0.0,0,0,0,-,,,,,,,,,,,,,,,,,,
Tarik Black,DET,WR,2819115,,@CAR,4,6,0,0,N/R,,,0,0,,0,0,0.0,0,0,0.0,0,0,0,-,,,,,,,,,,,,,,,,,,
Tavonn Salter,ATL,WR,3153041,,@NO,8,11,1,1,N/R,,,0,0,,0,0,0.0,0,0,0.0,0,0,0,-,,,,,,,,,,,,,,,,,,
Tay Martin,DET,WR,2865709,,IND,26,6,1,0,N/R,,,23,0,,0,0,11.5,0,0,0.0,0,2,2,0.00,,,,,,,,,,,,,,,,,,
Taye Barber,TB,WR,2962839,,GB,22,10,1,1,N/R,,,0,0,,0,0,0.0,0,0,0.0,0,0,0,-,,,,,,,,,,,,,,,,,,
Taylor Grimes,DEN,WR,2963130,,@SF,12,10,1,1,N/R,,,0,0,,0,0,0.0,0,0,0.0,0,0,0,-,,,,,,,,,,,,,,,,,,
Taylor Morin,PHI,WR,3127330,,LAR,16,10,1,1,N/R,,,0,0,,0,0,0.0,0,0,0.0,0,0,0,-,,,,,,,,,,,,,,,,,,
Taysir Mack,SF,WR,2253350,,DEN,9,8,1,1,N/R,,,0,0,,0,0,0.0,0,0,0.0,0,0,0,-,,,,,,,,,,,,,,,,,,
Tayvion Robinson,CAR,WR,3126630,,DET,27,5,1,1,N/R,,,0,0,,0,0,0.0,0,0,0.0,0,0,0,-,,,,,,,,,,,,,,,,,,
Tejhaun Palmer,NE,WR,26702915,,@NYG,20,11,1,0,N/R,,,0,0,,0,0,0.0,0,0,0.0,0,0,0,0.00,,,,,,,,,,,,,,,,,,
Terique Owens,SF,WR,3124921,,DEN,9,8,1,1,N/R,,,0,0,,0,0,0.0,0,0,0.0,0,0,0,-,,,,,,,,,,,,,,,,,,
Terrace Marshall Jr.,MIA,WR,2963214,,@MIN,24,6,1,1,N/R,,,0,0,,0,0,0.0,0,0,0.0,0,0,0,-,,,,,,,,,,,,,,,,,,
Terrill Davis,MIN,WR,50007644,,MIA,3,6,1,1,N/R,,,0,0,,0,0,0.0,0,0,0.0,0,0,0,-,,,,,,,,,,,,,,,,,,
Terry Wright,MIA,WR,3116837,,@MIN,24,6,0,0,N/R,,,0,0,,0,0,0.0,0,0,0.0,0,0,0,-,,,,,,,,,,,,,,,,,,
Tez Johnson,TB,WR,3161539,,GB,22,10,1,1,N/R,,,322,5,,7,22,11.5,0,0,3.1,8,44,28,0.50,,,,,,,,,,,,,,,,,,
Thayer Thomas,DEN,WR,2865035,,@SF,12,10,1,0,N/R,,,0,0,,0,0,0.0,0,0,0.0,0,0,0,-,,,,,,,,,,,,,,,,,,
Theo Wease Jr.,LAC,WR,3124276,,@MIN,24,7,1,1,N/R,,,139,1,,0,0,23.2,0,0,0.0,5,10,6,1.67,,,,,,,,,,,,,,,,,,
Thomas Hennigan,MIN,WR,2780930,,MIA,3,6,1,0,N/R,,,0,0,,0,0,0.0,0,0,0.0,0,0,0,-,,,,,,,,,,,,,,,,,,
Thomas Ives,CHI,WR,3116774,,NYJ,6,10,1,1,N/R,,,0,0,,0,0,0.0,0,0,0.0,0,0,0,-,,,,,,,,,,,,,,,,,,
Thomas Sperbeck,TB,WR,2819114,,GB,22,10,1,0,N/R,,,0,0,,0,0,0.0,0,0,0.0,0,0,0,-,,,,,,,,,,,,,,,,,,
Thyrick Pitts,GB,WR,2816155,,@TB,10,11,1,0,N/R,,,0,0,,0,0,0.0,0,0,0.0,0,0,0,-,,,,,,,,,,,,,,,,,,
Tim Jones,JAC,WR,2839207,,@CIN,14,7,1,0,N/R,,,15,0,,0,0,15.0,0,0,0.0,0,1,1,0.00,,,,,,,,,,,,,,,,,,
Tim Patrick,NYJ,WR,2818910,,@CIN,14,13,1,1,N/R,,,187,3,,0,0,12.5,0,0,0.0,5,24,15,0.31,,,,,,,,,,,,,,,,,,
Tom Kennedy,DET,WR,3117113,,@CAR,4,6,1,1,N/R,,,36,0,,0,0,9.0,0,0,0.0,0,4,4,0.00,,,,,,,,,,,,,,,,,,
Tommy Mellott,NO,WR,3162687,,ATL,28,8,1,1,N/R,,,0,0,,0,0,0.0,0,0,0.0,0,0,0,-,,,,,,,,,,,,,,,,,,
Tory Horton,SEA,WR,3165177,,LAC,18,11,4,1,N/R,,,161,5,,0,0,12.4,0,0,0.0,13,22,13,1.62,,,,,,,,,,,,,,,,,,
Tracy Moore,FA,WR,1685895,,BYE,---,0,1,1,N/R,,,0,0,,0,0,0.0,0,0,0.0,0,0,0,-,,,,,,,,,,,,,,,,,,
Traeshon Holden,DAL,WR,3163354,,@HOU,29,14,1,1,N/R,,,0,0,,0,0,0.0,0,0,0.0,0,0,0,-,,,,,,,,,,,,,,,,,,
Travell Harris,CLE,WR,2865807,,PIT,13,11,0,0,N/R,,,0,0,,0,0,0.0,0,0,0.0,0,0,0,-,,,,,,,,,,,,,,,,,,
Travis Hunter,JAC,WR,28909849,,@CIN,14,7,6,1,N/R,,,298,1,,1,0,10.6,0,0,0.0,5,45,28,0.71,,,,,,,,,,,,,,,,,,
Travis Jonsen,TB,WR,3159190,,GB,22,10,1,1,N/R,,,0,0,,0,0,0.0,0,0,0.0,0,0,0,-,,,,,,,,,,,,,,,,,,
Travis Toivonen,MIN,WR,2261149,,MIA,3,6,1,0,N/R,,,0,0,,0,0,0.0,0,0,0.0,0,0,0,-,,,,,,,,,,,,,,,,,,
Trayvon Rudolph,MIN,WR,3167411,,MIA,3,6,1,1,N/R,,,0,0,,0,0,0.0,0,0,0.0,0,0,0,-,,,,,,,,,,,,,,,,,,
Tre Harris,LAC,WR,3162525,,@SEA,1,7,11,1,N/R,,,324,1,,2,10,10.8,0,0,5.0,1,43,30,0.06,,,,,,,,,,,,,,,,,,
Tre Mosley,CIN,WR,3121001,,JAC,21,6,1,1,N/R,,,0,0,,0,0,0.0,0,0,0.0,0,0,0,-,,,,,,,,,,,,,,,,,,
Tre Nixon,NE,WR,2260187,,@BUF,31,11,1,1,N/R,,,0,0,,0,0,0.0,0,0,0.0,0,0,0,-,,,,,,,,,,,,,,,,,,
Tre Turner,LV,WR,2966451,,KC,2,13,1,1,N/R,,,0,0,,0,0,0.0,0,0,0.0,0,0,0,-,,,,,,,,,,,,,,,,,,
Tre Walker,BUF,WR,2864807,,NE,7,7,1,1,N/R,,,0,0,,0,0,0.0,0,0,0.0,0,0,0,-,,,,,,,,,,,,,,,,,,
Tre'Shaun Harrison,TEN,WR,2963056,,@BAL,25,9,1,1,N/R,,,0,0,,0,0,0.0,0,0,0.0,0,0,0,-,,,,,,,,,,,,,,,,,,
Trebor Pena,JAC,WR,3168420,,@CIN,14,7,1,1,N/R,,,0,0,,0,0,0.0,0,0,0.0,0,0,0,-,,,,,,,,,,,,,,,,,,
Trent Sherfield,BUF,WR,2139758,,@NYG,20,7,1,1,N/R,,,21,0,,0,0,7.0,0,0,0.0,0,5,3,0.00,,,,,,,,,,,,,,,,,,
Trent Taylor,SF,WR,2060838,,DEN,9,8,1,0,N/R,,,0,0,,0,0,0.0,0,0,0.0,0,0,0,-,,,,,,,,,,,,,,,,,,
Trenton Irwin,SF,WR,3117052,,DEN,9,8,1,1,N/R,,,0,0,,0,0,0.0,0,0,0.0,0,0,0,-,,,,,,,,,,,,,,,,,,
Trevion Thompson,TEN,WR,2133481,,@BAL,25,9,1,0,N/R,,,0,0,,0,0,0.0,0,0,0.0,0,0,0,-,,,,,,,,,,,,,,,,,,
Trevon Bradford,LAC,WR,2240172,,@SEA,1,7,1,0,N/R,,,0,0,,0,0,0.0,0,0,0.0,0,0,0,-,,,,,,,,,,,,,,,,,,
Trevon Clark,BAL,WR,3127826,,TEN,17,13,1,0,N/R,,,0,0,,0,0,0.0,0,0,0.0,0,0,0,-,,,,,,,,,,,,,,,,,,
Trevon Grimes,PHI,WR,2826772,,LAR,16,10,1,1,N/R,,,0,0,,0,0,0.0,0,0,0.0,0,0,0,-,,,,,,,,,,,,,,,,,,
Trey Palmer,NO,WR,3122273,,ATL,28,8,1,1,N/R,,,0,0,,0,0,0.0,0,0,0.0,0,0,0,-,,,,,,,,,,,,,,,,,,
Treylon Burks,WAS,WR,3122944,,IND,26,7,1,1,N/R,,,130,1,,0,0,13.0,0,0,0.0,1,22,10,0.12,,,,,,,,,,,,,,,,,,
Treyvhon Saunders,HOU,WR,28927179,,DAL,15,8,1,0,N/R,,,0,0,,0,0,0.0,0,0,0.0,0,0,0,-,,,,,,,,,,,,,,,,,,
Trishton Jackson,ARI,WR,2253371,,@NYG,20,14,1,1,N/R,,,0,0,,0,0,0.0,0,0,0.0,0,0,0,-,,,,,,,,,,,,,,,,,,
Troy Franklin,DEN,WR,26693436,,@SF,12,10,5,1,N/R,,,709,6,,5,12,10.9,0,1,2.4,16,104,65,0.94,,,,,,,,,,,,,,,,,,
Tru Edwards,LAR,WR,26710155,,@PHI,19,11,1,0,N/R,,,0,0,,0,0,0.0,0,0,0.0,0,0,0,-,,,,,,,,,,,,,,,,,,
Tutu Atwell,LAR,WR,2965372,,@PHI,19,11,1,1,N/R,,,192,1,,0,0,32.0,0,0,0.0,7,15,6,0.70,,,,,,,,,,,,,,,,,,
Ty Fryfogle,KC,WR,2866135,,@LV,5,5,1,0,N/R,,,0,0,,0,0,0.0,0,0,0.0,0,0,0,-,,,,,,,,,,,,,,,,,,
Ty James,MIN,WR,3135294,,MIA,3,6,1,0,N/R,,,0,0,,0,0,0.0,0,0,0.0,0,0,0,-,,,,,,,,,,,,,,,,,,
Ty Scott,SEA,WR,2960933,,LAC,18,11,1,1,N/R,,,0,0,,0,0,0.0,0,0,0.0,0,0,0,-,,,,,,,,,,,,,,,,,,
Tyjon Lindsey,SEA,WR,2804338,,LAC,18,11,0,0,N/R,,,0,0,,0,0,0.0,0,0,0.0,0,0,0,-,,,,,,,,,,,,,,,,,,
Tylan Wallace,CLE,WR,2866424,,TEN,17,11,1,1,N/R,,,45,1,,0,0,11.2,0,0,0.0,1,8,4,0.07,,,,,,,,,,,,,,,,,,
Tyler Adams,IND,WR,2820164,,@WAS,32,13,1,0,N/R,,,0,0,,0,0,0.0,0,0,0.0,0,0,0,-,,,,,,,,,,,,,,,,,,
Tyler Boyd,TEN,WR,2071582,,@BAL,25,9,1,1,N/R,,,0,0,,0,0,0.0,0,0,0.0,0,0,0,-,,,,,,,,,,,,,,,,,,
Tyler Davis,MIA,WR,2219915,,@MIN,24,6,0,0,N/R,,,0,0,,0,0,0.0,0,0,0.0,0,0,0,-,,,,,,,,,,,,,,,,,,
Tyler Harrell,NYJ,WR,1691256,,@CHI,11,13,1,1,N/R,,,0,0,,0,0,0.0,0,0,0.0,0,0,0,-,,,,,,,,,,,,,,,,,,
Tyler Hudson,LAR,WR,3122893,,@PHI,19,11,1,1,N/R,,,0,0,,0,0,0.0,0,0,0.0,0,0,0,-,,,,,,,,,,,,,,,,,,
Tyler Johnson,NYJ,WR,1620002,,@CHI,11,13,1,1,N/R,,,197,1,,0,0,16.4,0,0,0.0,1,18,12,0.08,,,,,,,,,,,,,,,,,,
Tyler Kahmann,IND,WR,29729510,,@WAS,32,13,1,0,N/R,,,0,0,,0,0,0.0,0,0,0.0,0,0,0,-,,,,,,,,,,,,,,,,,,
Tyler Lockett,LV,WR,1860834,,KC,2,13,1,1,N/R,,,291,1,,0,0,9.1,0,0,0.0,2,55,32,0.12,,,,,,,,,,,,,,,,,,
Tyler Scott,LAR,WR,3163215,,@PHI,19,11,1,1,N/R,,,0,0,,0,0,0.0,0,0,0.0,0,0,0,-,,,,,,,,,,,,,,,,,,
Tyler Simmons,PIT,WR,3159178,,@CLE,23,9,1,1,N/R,,,0,0,,0,0,0.0,0,0,0.0,0,0,0,-,,,,,,,,,,,,,,,,,,
Tyler Snead,PIT,WR,2983342,,@CLE,23,9,1,1,N/R,,,0,0,,0,0,0.0,0,0,0.0,0,0,0,-,,,,,,,,,,,,,,,,,,
Tyler Vaughns,PIT,WR,2242770,,@CLE,23,9,1,0,N/R,,,0,0,,0,0,0.0,0,0,0.0,0,0,0,-,,,,,,,,,,,,,,,,,,
Tyquan Thornton,KC,WR,2965066,,@LV,5,5,6,1,N/R,,,438,3,,0,0,23.1,0,0,0.0,9,37,19,0.64,,,,,,,,,,,,,,,,,,
Tyrell Shavers,BUF,WR,2741208,,NE,7,7,1,1,N/R,,,245,1,,0,0,16.3,0,0,0.0,5,23,15,0.29,,,,,,,,,,,,,,,,,,
Tyren Montgomery,TEN,WR,28935910,,@BAL,25,9,1,0,N/R,,,0,0,,0,0,0.0,0,0,0.0,0,0,0,-,,,,,,,,,,,,,,,,,,
Tyrone Broden,SEA,WR,3133378,,LAC,18,11,1,1,N/R,,,0,0,,0,0,0.0,0,0,0.0,0,0,0,-,,,,,,,,,,,,,,,,,,
Tyshaun James,ATL,WR,2876686,,@NO,8,11,0,0,N/R,,,0,0,,0,0,0.0,0,0,0.0,0,0,0,-,,,,,,,,,,,,,,,,,,
Van Jefferson,WAS,WR,2186342,,@BAL,25,7,1,1,N/R,,,350,1,,0,0,12.1,0,0,0.0,2,52,29,0.12,,,,,,,,,,,,,,,,,,
Vinny Anthony II,ATL,WR,28921356,,@NO,8,11,1,1,N/R,,,0,0,,0,0,0.0,0,0,0.0,0,0,0,-,,,,,,,,,,,,,,,,,,
Wan'Dale Robinson,TEN,WR,3124107,,ARI,30,9,69,18,40,,,1014,4,,3,5,11.0,0,0,1.7,26,140,92,1.62,,,,,,,,,,,,,,,,,,
Warren Jackson,LAR,WR,2803784,,@PHI,19,11,1,0,N/R,,,0,0,,0,0,0.0,0,0,0.0,0,0,0,-,,,,,,,,,,,,,,,,,,
Wesley Grimes,SF,WR,28883053,,DEN,9,8,1,0,N/R,,,0,0,,0,0,0.0,0,0,0.0,0,0,0,-,,,,,,,,,,,,,,,,,,
Whop Philyor,MIN,WR,2867503,,MIA,3,6,1,0,N/R,,,0,0,,0,0,0.0,0,0,0.0,0,0,0,-,,,,,,,,,,,,,,,,,,
Will Pauling,SF,WR,26697818,,DEN,9,8,1,0,N/R,,,0,0,,0,0,0.0,0,0,0.0,0,0,0,-,,,,,,,,,,,,,,,,,,
Will Sheppard,GB,WR,3161602,,@TB,10,11,1,0,N/R,,,0,0,,0,0,0.0,0,0,0.0,0,0,0,-,,,,,,,,,,,,,,,,,,
Willie Johnson,JAC,WR,2263021,,@CIN,14,7,1,1,N/R,,,0,0,,0,0,0.0,0,0,0.0,0,0,0,-,,,,,,,,,,,,,,,,,,
Winston Wright Jr.,CLE,WR,3123346,,PIT,13,11,1,0,N/R,,,0,0,,0,0,0.0,0,0,0.0,0,0,0,-,,,,,,,,,,,,,,,,,,
Xavier Gipson,PHI,WR,3127427,,ARI,30,10,1,1,N/R,,,6,0,,0,0,3.0,0,2,0.0,0,2,2,0.00,,,,,,,,,,,,,,,,,,
Xavier Guillory,BAL,WR,3161932,,TEN,17,13,1,1,N/R,,,0,0,,0,0,0.0,0,0,0.0,0,0,0,-,,,,,,,,,,,,,,,,,,
Xavier Hutchinson,HOU,WR,3161943,,DAL,15,8,12,3,N/R,,,428,3,,3,22,12.2,0,0,7.3,5,57,35,0.29,,,,,,,,,,,,,,,,,,
Xavier Johnson,CIN,WR,2984078,,JAC,21,6,1,1,N/R,,,0,0,,0,0,0.0,0,0,0.0,0,0,0,-,,,,,,,,,,,,,,,,,,
Xavier Legette,CAR,WR,3131575,,DET,27,5,2,1,N/R,,,363,3,,1,0,10.4,0,0,0.0,8,64,35,0.53,,,,,,,,,,,,,,,,,,
Xavier Loyd,KC,WR,26695352,,@LV,5,5,1,0,N/R,,,0,0,,0,0,0.0,0,0,0.0,0,0,0,-,,,,,,,,,,,,,,,,,,
Xavier Malone,ATL,WR,29128526,,@NO,8,11,0,0,N/R,,,0,0,,0,0,0.0,0,0,0.0,0,0,0,-,,,,,,,,,,,,,,,,,,
Xavier Restrepo,TEN,WR,3163221,,@BAL,25,9,1,1,N/R,,,41,0,,0,0,13.7,0,0,0.0,0,7,3,0.00,,,,,,,,,,,,,,,,,,
Xavier Smith,LAR,WR,2986749,,@PHI,19,11,1,1,N/R,,,303,0,,0,0,16.8,0,0,0.0,1,24,18,0.06,,,,,,,,,,,,,,,,,,
Xavier Weaver,ARI,WR,3131562,,@NYG,20,14,1,1,N/R,,,67,0,,0,0,9.6,0,0,0.0,0,13,7,0.00,,,,,,,,,,,,,,,,,,
Xavier White,IND,WR,3127688,,@WAS,32,13,1,0,N/R,,,0,0,,0,0,0.0,0,0,0.0,0,0,0,-,,,,,,,,,,,,,,,,,,
Zach D'Orazio,NE,WR,2175721,,@BUF,31,11,1,1,N/R,,,0,0,,0,0,0.0,0,0,0.0,0,0,0,-,,,,,,,,,,,,,,,,,,
Zach Pascal,NYG,WR,1989197,,ARI,30,8,1,1,N/R,,,0,0,,0,0,0.0,0,0,0.0,0,0,0,-,,,,,,,,,,,,,,,,,,
Zachariah Branch,ATL,WR,29123979,,@NO,8,11,6,1,N/R,,,0,0,,0,0,0.0,0,0,0.0,0,0,0,-,,,,,,,,,,,,,,,,,,
Zakhari Franklin,LV,WR,3127917,,KC,2,13,1,1,N/R,,,0,0,,0,0,0.0,0,0,0.0,0,0,0,-,,,,,,,,,,,,,,,,,,
Zavion Thomas,CHI,WR,28909795,,NYJ,6,10,3,1,N/R,,,0,0,,0,0,0.0,0,0,0.0,0,0,0,-,,,,,,,,,,,,,,,,,,
Zay Jones,HOU,WR,2080270,,@NYG,20,8,1,1,N/R,,,183,0,,0,0,15.2,0,0,0.0,1,18,12,0.12,,,,,,,,,,,,,,,,,,
Zion Bowens,WAS,WR,3168734,,IND,26,7,1,1,N/R,,,0,0,,0,0,0.0,0,0,0.0,0,0,0,-,,,,,,,,,,,,,,,,,,
