player,team,pos,cbs_id,Opp,OVP,Bye,Rost,Start,Expert,ATT,Comp,Yds,TD,Int,Att,Yds_2,Avg,TD_2,Lost,Avg_2,Total,Tar,Rec,Avg_3,FG,FG_2,FG_3,ATT_2,FG_4,Att_2,FG_5,Att_3,FG_6,Att_4,XP,Att_5,SACK,Fum,DWN,STY,Total_2,Total_3
Brock Purdy,SF,QB,2961306,ARI,29,8,100,78,4,27,15,297,4,0,2,34,17.0,0,0,13.00,13,,,,,,,,,,,,,,,,,,,,,
Matthew Stafford,LAR,QB,1114942,@DEN,22,11,97,47,10,55,30,390,2,2,2,13,6.5,0,0,10.00,10,,,,,,,,,,,,,,,,,,,,,
Geno Smith,NYJ,QB,1700358,@DET,32,13,22,9,17,37,31,321,3,0,2,12,6.0,0,1,9.00,9,,,,,,,,,,,,,,,,,,,,,
Aaron Rodgers,PIT,QB,419780,CIN,28,9,16,3,N/R,34,19,292,3,1,3,10,3.3,0,0,9.00,9,,,,,,,,,,,,,,,,,,,,,
Sam Darnold,SEA,QB,2180320,@WAS,31,11,78,33,16,45,31,379,4,2,1,5,5.0,0,0,8.00,8,,,,,,,,,,,,,,,,,,,,,
Tyler Shough,NO,QB,2964064,LV,16,8,98,77,2,42,29,255,4,1,1,36,36.0,0,2,7.00,7,,,,,,,,,,,,,,,,,,,,,
Joe Burrow,CIN,QB,2179798,@PIT,8,6,100,79,5,37,28,282,3,0,2,13,6.5,0,1,7.00,7,,,,,,,,,,,,,,,,,,,,,
Case Keenum,CHI,QB,1137118,PHI,17,10,13,7,N/R,34,24,247,2,0,4,6,1.5,1,0,7.00,7,,,,,,,,,,,,,,,,,,,,,
Trevor Lawrence,JAC,QB,2967185,NE,6,7,100,75,9,29,19,182,3,1,4,25,6.2,0,0,5.00,5,,,,,,,,,,,,,,,,,,,,,
Bo Nix,DEN,QB,3121193,LAR,9,10,83,23,20,34,17,186,2,1,4,7,1.8,1,0,5.00,5,,,,,,,,,,,,,,,,,,,,,
Kirk Cousins,LV,QB,1272574,@NO,13,13,39,14,18,33,22,248,3,0,3,3,1.0,0,0,5.00,5,,,,,,,,,,,,,,,,,,,,,
Jordan Love,GB,QB,2239997,ATL,24,11,89,40,13,53,28,312,2,1,1,0,0.0,0,0,5.00,5,,,,,,,,,,,,,,,,,,,,,
Dak Prescott,DAL,QB,1824864,BAL,11,14,100,75,8,40,25,276,1,0,4,19,4.8,0,0,5.00,5,,,,,,,,,,,,,,,,,,,,,
Jacoby Brissett,ARI,QB,1877247,@SF,7,14,41,19,15,52,38,280,2,0,4,4,1.0,1,0,5.00,5,,,,,,,,,,,,,,,,,,,,,
Baker Mayfield,TB,QB,2080032,MIN,14,10,58,4,N/R,34,17,217,1,1,2,6,3.0,0,0,4.00,4,,,,,,,,,,,,,,,,,,,,,
Michael Penix Jr.,ATL,QB,2963496,@GB,19,11,22,6,N/R,25,18,256,1,1,2,-2,-1.0,0,0,4.00,4,,,,,,,,,,,,,,,,,,,,,
Jared Goff,DET,QB,2061053,NYJ,2,6,98,69,7,32,25,269,2,0,4,6,1.5,0,0,4.00,4,,,,,,,,,,,,,,,,,,,,,
Marcus Mariota,WAS,QB,1880862,SEA,4,7,13,6,14,31,19,183,3,0,5,11,2.2,0,0,4.00,4,,,,,,,,,,,,,,,,,,,,,
Deshaun Watson,CLE,QB,2133482,CAR,20,11,28,10,23,30,16,144,2,0,11,45,4.1,0,0,3.00,3,,,,,,,,,,,,,,,,,,,,,
Josh Allen,BUF,QB,2181054,LAC,23,7,100,99,1,26,16,204,0,2,8,22,2.8,2,1,3.00,3,,,,,,,,,,,,,,,,,,,,,
Lamar Jackson,BAL,QB,2181169,@DAL,27,13,100,94,3,20,15,186,2,0,6,50,8.3,0,0,3.00,3,,,,,,,,,,,,,,,,,,,,,
Bryce Young,CAR,QB,3161957,@CLE,15,5,92,58,11,48,26,291,1,1,0,0,0.0,0,0,3.00,3,,,,,,,,,,,,,,,,,,,,,
Kyler Murray,MIN,QB,2180829,@TB,5,6,80,39,19,29,15,168,1,1,2,17,8.5,0,0,3.00,3,,,,,,,,,,,,,,,,,,,,,
Patrick Mahomes,KC,QB,2142052,@MIA,21,5,99,85,6,24,20,246,2,1,1,1,1.0,0,0,3.00,3,,,,,,,,,,,,,,,,,,,,,
Malik Willis,MIA,QB,2804167,KC,3,6,34,4,N/R,36,20,210,0,1,9,56,6.2,0,1,2.00,2,,,,,,,,,,,,,,,,,,,,,
Justin Herbert,LAC,QB,2221960,@BUF,25,7,86,22,N/R,34,20,226,1,1,4,17,4.2,0,0,2.00,2,,,,,,,,,,,,,,,,,,,,,
Daniel Jones,IND,QB,2179245,HOU,26,13,44,14,22,36,24,235,1,1,3,5,1.7,0,2,2.00,2,,,,,,,,,,,,,,,,,,,,,
Drake Maye,NE,QB,26695757,@JAC,12,11,92,30,24,25,14,199,0,2,4,18,4.5,0,1,1.00,1,,,,,,,,,,,,,,,,,,,,,
Cam Ward,TEN,QB,3168422,@NYG,18,9,24,5,N/R,36,23,181,1,1,1,2,2.0,0,0,1.00,1,,,,,,,,,,,,,,,,,,,,,
Jalen Hurts,PHI,QB,2240246,@CHI,10,10,99,65,12,25,16,153,0,1,4,25,6.2,1,0,1.00,1,,,,,,,,,,,,,,,,,,,,,
C.J. Stroud,HOU,QB,3163079,@IND,30,8,79,42,21,27,16,167,1,0,2,10,5.0,0,0,1.00,1,,,,,,,,,,,,,,,,,,,,,
DJ Uiagalelei,LAC,QB,3162292,@BUF,25,7,1,1,N/R,0,0,0,0,0,0,0,0.0,0,0,-,0,,,,,,,,,,,,,,,,,,,,,
Jacob Clark,LV,QB,3123588,@NO,13,13,0,0,N/R,0,0,0,0,0,0,0,0.0,0,0,-,0,,,,,,,,,,,,,,,,,,,,,
Kenji Bahar,BAL,QB,2182974,@DAL,27,13,1,1,N/R,0,0,0,0,0,0,0,0.0,0,0,-,0,,,,,,,,,,,,,,,,,,,,,
Max Brosmer,MIN,QB,3122489,@TB,5,6,1,0,N/R,0,0,0,0,0,0,0,0.0,0,0,-,0,,,,,,,,,,,,,,,,,,,,,
Bailey Zappe,NYJ,QB,2866483,@DET,32,13,1,1,N/R,0,0,0,0,0,0,0,0.0,0,0,-,0,,,,,,,,,,,,,,,,,,,,,
Will Grier,CAR,QB,2131571,@CLE,15,5,1,1,N/R,0,0,0,0,0,0,0,0.0,0,0,-,0,,,,,,,,,,,,,,,,,,,,,
Riley Leonard,IND,QB,26699092,HOU,26,13,1,0,N/R,0,0,0,0,0,0,0,0.0,0,0,-,0,,,,,,,,,,,,,,,,,,,,,
Sam Howell,DAL,QB,3123797,BAL,11,14,1,1,N/R,0,0,0,0,0,0,0,0.0,0,0,-,0,,,,,,,,,,,,,,,,,,,,,
Tyler Huntley,BAL,QB,3159137,@DAL,27,13,1,1,N/R,0,0,0,0,0,0,0,0.0,0,0,-,0,,,,,,,,,,,,,,,,,,,,,
Hendon Hooker,TEN,QB,2805110,@NYG,18,9,1,0,N/R,0,0,0,0,0,0,0,0.0,0,0,-,0,,,,,,,,,,,,,,,,,,,,,
Dresser Winn,LAR,QB,2828767,@DEN,22,11,1,1,N/R,0,0,0,0,0,0,0,0.0,0,0,-,0,,,,,,,,,,,,,,,,,,,,,
Ryan Willis,CHI,QB,2179571,PHI,17,10,0,0,N/R,0,0,0,0,0,0,0,0.0,0,0,-,0,,,,,,,,,,,,,,,,,,,,,
Jalen Milroe,SEA,QB,26694943,@WAS,31,11,1,0,N/R,0,0,0,0,0,0,0,0.0,0,0,-,0,,,,,,,,,,,,,,,,,,,,,
E.J. Perry,JAC,QB,2804090,NE,6,7,1,1,N/R,0,0,0,0,0,0,0,0.0,0,0,-,0,,,,,,,,,,,,,,,,,,,,,
Jack Strand,ATL,QB,50048640,@GB,19,11,1,1,N/R,0,0,0,0,0,0,0,0.0,0,0,-,0,,,,,,,,,,,,,,,,,,,,,
Drew Lock,SEA,QB,2185479,@WAS,31,11,5,1,N/R,0,0,0,0,0,0,0,0.0,0,0,-,0,,,,,,,,,,,,,,,,,,,,,
Shedeur Sanders,CLE,QB,26710004,CAR,20,11,6,1,N/R,1,1,0,0,0,0,0,0.0,0,0,0.00,0,,,,,,,,,,,,,,,,,,,,,
Cody Fajardo,LV,QB,1749732,@NO,13,13,1,1,N/R,0,0,0,0,0,0,0,0.0,0,0,-,0,,,,,,,,,,,,,,,,,,,,,
Ethan Garbers,CAR,QB,3162542,@CLE,15,5,1,1,N/R,0,0,0,0,0,0,0,0.0,0,0,-,0,,,,,,,,,,,,,,,,,,,,,
Griffin Neal,NO,QB,2233463,LV,16,8,1,0,N/R,0,0,0,0,0,0,0,0.0,0,0,-,0,,,,,,,,,,,,,,,,,,,,,
Kyle Shurmur,WAS,QB,2180561,SEA,4,7,1,0,N/R,0,0,0,0,0,0,0,0.0,0,0,-,0,,,,,,,,,,,,,,,,,,,,,
Trevor Siemian,ATL,QB,2174210,@GB,19,11,1,0,N/R,0,0,0,0,0,0,0,0.0,0,0,-,0,,,,,,,,,,,,,,,,,,,,,
Adrian Martinez,SF,QB,2966360,ARI,29,8,1,0,N/R,0,0,0,0,0,0,0,0.0,0,0,-,0,,,,,,,,,,,,,,,,,,,,,
Jake Haener,NYG,QB,2815170,TEN,1,8,1,1,N/R,0,0,0,0,0,0,0,0.0,0,0,-,0,,,,,,,,,,,,,,,,,,,,,
Emory Jones,ATL,QB,2967045,@GB,19,11,1,1,N/R,0,0,0,0,0,0,0,0.0,0,0,-,0,,,,,,,,,,,,,,,,,,,,,
Gavin Hardison,MIA,QB,3133986,KC,3,6,1,1,N/R,0,0,0,0,0,0,0,0.0,0,0,-,0,,,,,,,,,,,,,,,,,,,,,
Michael Pratt,TB,QB,3163083,MIN,14,10,1,1,N/R,0,0,0,0,0,0,0,0.0,0,0,-,0,,,,,,,,,,,,,,,,,,,,,
Jack Plummer,CAR,QB,2961162,@CLE,15,5,1,1,N/R,0,0,0,0,0,0,0,0.0,0,0,-,0,,,,,,,,,,,,,,,,,,,,,
Kyle McCord,MIA,QB,26702687,KC,3,6,1,1,N/R,0,0,0,0,0,0,0,0.0,0,0,-,0,,,,,,,,,,,,,,,,,,,,,
Spencer Rattler,NO,QB,3125863,LV,16,8,1,1,N/R,0,0,0,0,0,0,0,0.0,0,0,-,0,,,,,,,,,,,,,,,,,,,,,
Colby Suits,NYJ,QB,2966664,@DET,32,13,1,1,N/R,0,0,0,0,0,0,0,0.0,0,0,-,0,,,,,,,,,,,,,,,,,,,,,
Chase Garbers,LV,QB,2770158,@NO,13,13,1,1,N/R,0,0,0,0,0,0,0,0.0,0,0,-,0,,,,,,,,,,,,,,,,,,,,,
Danny Etling,GB,QB,2060804,ATL,24,11,1,1,N/R,0,0,0,0,0,0,0,0.0,0,0,-,0,,,,,,,,,,,,,,,,,,,,,
Gardner Minshew,ARI,QB,2183083,@SF,7,14,1,1,N/R,0,0,0,0,0,0,0,0.0,0,0,-,0,,,,,,,,,,,,,,,,,,,,,
Joey Aguilar,JAC,QB,29123610,NE,6,7,1,1,N/R,0,0,0,0,0,0,0,0.0,0,0,-,0,,,,,,,,,,,,,,,,,,,,,
Mac Jones,SF,QB,2741202,ARI,29,8,3,1,N/R,0,0,0,0,0,0,0,0.0,0,0,-,0,,,,,,,,,,,,,,,,,,,,,
Drew Plitt,CIN,QB,2252376,@PIT,8,6,1,1,N/R,0,0,0,0,0,0,0,0.0,0,0,-,0,,,,,,,,,,,,,,,,,,,,,
Payton Thorne,CIN,QB,3132633,@PIT,8,6,1,1,N/R,0,0,0,0,0,0,0,0.0,0,0,-,0,,,,,,,,,,,,,,,,,,,,,
Jamie Newman,PHI,QB,2223214,@CHI,10,10,1,1,N/R,0,0,0,0,0,0,0,0.0,0,0,-,0,,,,,,,,,,,,,,,,,,,,,
Jimmy Garoppolo,LAR,QB,1760229,@DEN,22,11,1,1,N/R,0,0,0,0,0,0,0,0.0,0,0,-,0,,,,,,,,,,,,,,,,,,,,,
Nick Mullens,JAC,QB,2819104,NE,6,7,1,1,N/R,0,0,0,0,0,0,0,0.0,0,0,-,0,,,,,,,,,,,,,,,,,,,,,
Joshua Dobbs,DET,QB,2071844,NYJ,2,6,1,1,N/R,0,0,0,0,0,0,0,0.0,0,0,-,0,,,,,,,,,,,,,,,,,,,,,
Trey Lance,LAC,QB,2969444,@BUF,25,7,1,1,N/R,0,0,0,0,0,0,0,0.0,0,0,-,0,,,,,,,,,,,,,,,,,,,,,
Cooper Rush,ATL,QB,2000176,@GB,19,11,1,1,N/R,0,0,0,0,0,0,0,0.0,0,0,-,0,,,,,,,,,,,,,,,,,,,,,
Eric Dungey,CIN,QB,3116821,@PIT,8,6,0,0,N/R,0,0,0,0,0,0,0,0.0,0,0,-,0,,,,,,,,,,,,,,,,,,,,,
Jeff Driskel,WAS,QB,1824745,SEA,4,7,1,1,N/R,0,0,0,0,0,0,0,0.0,0,0,-,0,,,,,,,,,,,,,,,,,,,,,
Austin Aune,ATL,QB,2053471,@GB,19,11,1,0,N/R,0,0,0,0,0,0,0,0.0,0,0,-,0,,,,,,,,,,,,,,,,,,,,,
Carson Wentz,MIN,QB,1907522,@TB,5,6,4,1,N/R,0,0,0,0,0,0,0,0.0,0,0,-,0,,,,,,,,,,,,,,,,,,,,,
Behren Morton,NE,QB,26696177,@JAC,12,11,1,0,N/R,0,0,0,0,0,0,0,0.0,0,0,-,0,,,,,,,,,,,,,,,,,,,,,
D'Eriq King,CAR,QB,2247544,@CLE,15,5,1,1,N/R,0,0,0,0,0,0,0,0.0,0,0,-,0,,,,,,,,,,,,,,,,,,,,,
Davis Cheek,CAR,QB,2816170,@CLE,15,5,0,0,N/R,0,0,0,0,0,0,0,0.0,0,0,-,0,,,,,,,,,,,,,,,,,,,,,
Athan Kaliakmanis,WAS,QB,26700919,SEA,4,7,1,1,N/R,0,0,0,0,0,0,0,0.0,0,0,-,0,,,,,,,,,,,,,,,,,,,,,
Josh Woodrum,WAS,QB,1893731,SEA,4,7,1,1,N/R,0,0,0,0,0,0,0,0.0,0,0,-,0,,,,,,,,,,,,,,,,,,,,,
Max Duggan,LAC,QB,3120848,@BUF,25,7,1,1,N/R,0,0,0,0,0,0,0,0.0,0,0,-,0,,,,,,,,,,,,,,,,,,,,,
Jarrett Stidham,DEN,QB,2180697,LAR,9,10,1,1,N/R,0,0,0,0,0,0,0,0.0,0,0,-,0,,,,,,,,,,,,,,,,,,,,,
Bryce Perkins,CAR,QB,3159114,@CLE,15,5,1,1,N/R,0,0,0,0,0,0,0,0.0,0,0,-,0,,,,,,,,,,,,,,,,,,,,,
Anthony Richardson,IND,QB,3163263,HOU,26,13,2,1,N/R,0,0,0,0,0,0,0,0.0,0,0,-,0,,,,,,,,,,,,,,,,,,,,,
John Wolford,MIN,QB,2983467,@TB,5,6,1,1,N/R,0,0,0,0,0,0,0,0.0,0,0,-,0,,,,,,,,,,,,,,,,,,,,,
Haynes King,CAR,QB,3162966,@CLE,15,5,1,1,N/R,0,0,0,0,0,0,0,0.0,0,0,-,0,,,,,,,,,,,,,,,,,,,,,
Jake Browning,TB,QB,2180355,MIN,14,10,1,1,N/R,0,0,0,0,0,0,0,0.0,0,0,-,0,,,,,,,,,,,,,,,,,,,,,
Connor Bazelak,TB,QB,3123601,MIN,14,10,1,1,N/R,0,0,0,0,0,0,0,0.0,0,0,-,0,,,,,,,,,,,,,,,,,,,,,
Will Levis,NYJ,QB,2964377,@DET,32,13,1,1,N/R,0,0,0,0,0,0,0,0.0,0,0,-,0,,,,,,,,,,,,,,,,,,,,,
C.J. Beathard,DET,QB,1998463,NYJ,2,6,1,0,N/R,0,0,0,0,0,0,0,0.0,0,0,-,0,,,,,,,,,,,,,,,,,,,,,
Jordan Ta'amu-Perifanos,MIN,QB,2758265,@TB,5,6,1,0,N/R,0,0,0,0,0,0,0,0.0,0,0,-,0,,,,,,,,,,,,,,,,,,,,,
Shane Buechele,BUF,QB,2240307,LAC,23,7,1,0,N/R,0,0,0,0,0,0,0,0.0,0,0,-,0,,,,,,,,,,,,,,,,,,,,,
Philip Rivers,IND,QB,493041,HOU,26,13,1,1,N/R,0,0,0,0,0,0,0,0.0,0,0,-,0,,,,,,,,,,,,,,,,,,,,,
Jack Coan,IND,QB,2804446,HOU,26,13,1,1,N/R,0,0,0,0,0,0,0,0.0,0,0,-,0,,,,,,,,,,,,,,,,,,,,,
Tanner McKee,PHI,QB,2963945,@CHI,10,10,1,1,N/R,0,0,0,0,0,0,0,0.0,0,0,-,0,,,,,,,,,,,,,,,,,,,,,
Steven Montez,DET,QB,2185536,NYJ,2,6,1,1,N/R,0,0,0,0,0,0,0,0.0,0,0,-,0,,,,,,,,,,,,,,,,,,,,,
K.J. Costello,NO,QB,2251134,LV,16,8,1,0,N/R,0,0,0,0,0,0,0,0.0,0,0,-,0,,,,,,,,,,,,,,,,,,,,,
Quinn Ewers,JAC,QB,26746721,NE,6,7,1,1,N/R,0,0,0,0,0,0,0,0.0,0,0,0.00,0,,,,,,,,,,,,,,,,,,,,,
Jarrett Guarantano,DEN,QB,2247508,LAR,9,10,1,1,N/R,0,0,0,0,0,0,0,0.0,0,0,-,0,,,,,,,,,,,,,,,,,,,,,
Seth Henigan,IND,QB,26697328,HOU,26,13,1,1,N/R,0,0,0,0,0,0,0,0.0,0,0,-,0,,,,,,,,,,,,,,,,,,,,,
Ty Simpson,LAR,QB,28878532,@DEN,22,11,6,1,N/R,0,0,0,0,0,0,0,0.0,0,0,-,0,,,,,,,,,,,,,,,,,,,,,
Brady Cook,MIA,QB,3163207,KC,3,6,1,0,N/R,0,0,0,0,0,0,0,0.0,0,0,-,0,,,,,,,,,,,,,,,,,,,,,
Kyle Trask,CAR,QB,2221839,@CLE,15,5,1,0,N/R,0,0,0,0,0,0,0,0.0,0,0,-,0,,,,,,,,,,,,,,,,,,,,,
Jason Bean,IND,QB,2962302,HOU,26,13,1,1,N/R,0,0,0,0,0,0,0,0.0,0,0,-,0,,,,,,,,,,,,,,,,,,,,,
Anthony Gordon,KC,QB,2251387,@MIA,21,5,1,1,N/R,0,0,0,0,0,0,0,0.0,0,0,-,0,,,,,,,,,,,,,,,,,,,,,
Chase Litton,JAC,QB,2182351,NE,6,7,1,0,N/R,0,0,0,0,0,0,0,0.0,0,0,-,0,,,,,,,,,,,,,,,,,,,,,
Logan Woodside,ARI,QB,2060999,@SF,7,14,1,0,N/R,0,0,0,0,0,0,0,0.0,0,0,-,0,,,,,,,,,,,,,,,,,,,,,
Russell Wilson,NYG,QB,1272242,TEN,1,8,1,1,N/R,0,0,0,0,0,0,0,0.0,0,0,-,0,,,,,,,,,,,,,,,,,,,,,
Jacob Sirmon,CLE,QB,2964138,CAR,20,11,0,0,N/R,0,0,0,0,0,0,0,0.0,0,0,-,0,,,,,,,,,,,,,,,,,,,,,
Josh Love,CAR,QB,3159112,@CLE,15,5,0,0,N/R,0,0,0,0,0,0,0,0.0,0,0,-,0,,,,,,,,,,,,,,,,,,,,,
Matt Corral,MIN,QB,2961962,@TB,5,6,1,1,N/R,0,0,0,0,0,0,0,0.0,0,0,-,0,,,,,,,,,,,,,,,,,,,,,
Mason Rudolph,PIT,QB,2131167,CIN,28,9,1,1,N/R,0,0,0,0,0,0,0,0.0,0,0,-,0,,,,,,,,,,,,,,,,,,,,,
Levi Lewis,SEA,QB,2819874,@WAS,31,11,1,0,N/R,0,0,0,0,0,0,0,0.0,0,0,-,0,,,,,,,,,,,,,,,,,,,,,
Carter Bradley,JAC,QB,2961526,NE,6,7,1,0,N/R,0,0,0,0,0,0,0,0.0,0,0,-,0,,,,,,,,,,,,,,,,,,,,,
Joe Milton III,DAL,QB,2962193,BAL,11,14,1,1,N/R,0,0,0,0,0,0,0,0.0,0,0,-,0,,,,,,,,,,,,,,,,,,,,,
Kyron Drones,GB,QB,26698149,ATL,24,11,1,0,N/R,0,0,0,0,0,0,0,0.0,0,0,-,0,,,,,,,,,,,,,,,,,,,,,
Kenny Pickett,CAR,QB,2804969,@CLE,15,5,1,1,N/R,0,0,0,0,0,0,0,0.0,0,0,-,0,,,,,,,,,,,,,,,,,,,,,
Tyson Bagent,CHI,QB,29081346,PHI,17,10,4,1,N/R,0,0,0,0,0,0,0,0.0,0,0,-,0,,,,,,,,,,,,,,,,,,,,,
Derek Carr,NO,QB,1664819,LV,16,8,1,1,N/R,0,0,0,0,0,0,0,0.0,0,0,-,0,,,,,,,,,,,,,,,,,,,,,
Tanner Mordecai,SF,QB,2965998,ARI,29,8,1,1,N/R,0,0,0,0,0,0,0,0.0,0,0,-,0,,,,,,,,,,,,,,,,,,,,,
Miller Moss,CHI,QB,26696204,PHI,17,10,1,1,N/R,0,0,0,0,0,0,0,0.0,0,0,-,0,,,,,,,,,,,,,,,,,,,,,
Ryan Williams,GB,QB,2219913,ATL,24,11,1,1,N/R,0,0,0,0,0,0,0,0.0,0,0,-,0,,,,,,,,,,,,,,,,,,,,,
Cade Klubnik,NYJ,QB,28874636,@DET,32,13,2,1,N/R,0,0,0,0,0,0,0,0.0,0,0,-,0,,,,,,,,,,,,,,,,,,,,,
Caleb Williams,CHI,QB,26695775,PHI,17,10,98,2,N/R,0,0,0,0,0,0,0,0.0,0,0,-,0,,,,,,,,,,,,,,,,,,,,,
Carson Beck,ARI,QB,3163129,@SF,7,14,5,1,N/R,0,0,0,0,0,0,0,0.0,0,0,-,0,,,,,,,,,,,,,,,,,,,,,
Brian Lewerke,NYG,QB,2186429,TEN,1,8,0,0,N/R,0,0,0,0,0,0,0,0.0,0,0,-,0,,,,,,,,,,,,,,,,,,,,,
Aidan O'Connell,LV,QB,2868716,@NO,13,13,1,1,N/R,0,0,0,0,0,0,0,0.0,0,0,-,0,,,,,,,,,,,,,,,,,,,,,
Tanner Morgan,MIN,QB,2804401,@TB,5,6,1,1,N/R,0,0,0,0,0,0,0,0.0,0,0,-,0,,,,,,,,,,,,,,,,,,,,,
Mitch Trubisky,TEN,QB,2060476,@NYG,18,9,1,1,N/R,0,0,0,0,0,0,0,0.0,0,0,-,0,,,,,,,,,,,,,,,,,,,,,
Felix Harper,CLE,QB,2261052,CAR,20,11,0,0,N/R,0,0,0,0,0,0,0,0.0,0,0,-,0,,,,,,,,,,,,,,,,,,,,,
Luis Perez,LAC,QB,2927085,@BUF,25,7,1,0,N/R,0,0,0,0,0,0,0,0.0,0,0,-,0,,,,,,,,,,,,,,,,,,,,,
Taylen Green,CLE,QB,26697553,CAR,20,11,1,1,N/R,0,0,0,0,0,0,0,0.0,0,0,-,0,,,,,,,,,,,,,,,,,,,,,
John Paddock,ATL,QB,2963887,@GB,19,11,0,0,N/R,0,0,0,0,0,0,0,0.0,0,0,-,0,,,,,,,,,,,,,,,,,,,,,
Nathan Rourke,ATL,QB,2818390,@GB,19,11,1,0,N/R,0,0,0,0,0,0,0,0.0,0,0,-,0,,,,,,,,,,,,,,,,,,,,,
Tim DeMorat,WAS,QB,2966739,SEA,4,7,1,1,N/R,0,0,0,0,0,0,0,0.0,0,0,-,0,,,,,,,,,,,,,,,,,,,,,
Drew Anderson,ARI,QB,3117010,@SF,7,14,1,1,N/R,0,0,0,0,0,0,0,0.0,0,0,-,0,,,,,,,,,,,,,,,,,,,,,
Mike White,CAR,QB,2072143,@CLE,15,5,1,0,N/R,0,0,0,0,0,0,0,0.0,0,0,-,0,,,,,,,,,,,,,,,,,,,,,
Matt Johnson,CIN,QB,1851039,@PIT,8,6,1,1,N/R,0,0,0,0,0,0,0,0.0,0,0,-,0,,,,,,,,,,,,,,,,,,,,,
Jayden Daniels,WAS,QB,3123337,SEA,4,7,89,4,N/R,0,0,0,0,0,0,0,0.0,0,0,-,0,,,,,,,,,,,,,,,,,,,,,
Jalen Morton,IND,QB,3159098,HOU,26,13,1,1,N/R,0,0,0,0,0,0,0,0.0,0,0,-,0,,,,,,,,,,,,,,,,,,,,,
Reid Sinnett,CIN,QB,3159194,@PIT,8,6,1,1,N/R,0,0,0,0,0,0,0,0.0,0,0,-,0,,,,,,,,,,,,,,,,,,,,,
Joe Flacco,CIN,QB,1250697,@PIT,8,6,2,1,N/R,0,0,0,0,0,0,0,0.0,0,0,-,0,,,,,,,,,,,,,,,,,,,,,
Nolan Henderson,BAL,QB,2816145,@DAL,27,13,1,1,N/R,0,0,0,0,0,0,0,0.0,0,0,-,0,,,,,,,,,,,,,,,,,,,,,
Ryan Aplin,FA,QB,1631205,BYE,---,0,1,1,N/R,0,0,0,0,0,0,0,0.0,0,0,-,0,,,,,,,,,,,,,,,,,,,,,
Desmond Ridder,GB,QB,2864759,ATL,24,11,1,1,N/R,0,0,0,0,0,0,0,0.0,0,0,-,0,,,,,,,,,,,,,,,,,,,,,
Easton Stick,TB,QB,2137911,MIN,14,10,1,1,N/R,0,0,0,0,0,0,0,0.0,0,0,-,0,,,,,,,,,,,,,,,,,,,,,
Zach Wilson,NO,QB,2960892,LV,16,8,1,1,N/R,0,0,0,0,0,0,0,0.0,0,0,-,0,,,,,,,,,,,,,,,,,,,,,
Nick Stevens,DEN,QB,2927394,LAR,9,10,1,1,N/R,0,0,0,0,0,0,0,0.0,0,0,-,0,,,,,,,,,,,,,,,,,,,,,
Davis Mills,HOU,QB,2867381,@IND,30,8,1,1,N/R,0,0,0,0,0,0,0,0.0,0,0,-,0,,,,,,,,,,,,,,,,,,,,,
Brett Rypien,HOU,QB,2181392,@IND,30,8,1,0,N/R,0,0,0,0,0,0,0,0.0,0,0,-,0,,,,,,,,,,,,,,,,,,,,,
Stetson Bennett,LAR,QB,2871628,@DEN,22,11,1,1,N/R,0,0,0,0,0,0,0,0.0,0,0,-,0,,,,,,,,,,,,,,,,,,,,,
Graham Mertz,HOU,QB,3122664,@IND,30,8,1,1,N/R,0,0,0,0,0,0,0,0.0,0,0,-,0,,,,,,,,,,,,,,,,,,,,,
Phillip Sims,SEA,QB,2175073,@WAS,31,11,1,0,N/R,0,0,0,0,0,0,0,0.0,0,0,-,0,,,,,,,,,,,,,,,,,,,,,
Case Cookus,LAR,QB,2194263,@DEN,22,11,1,1,N/R,0,0,0,0,0,0,0,0.0,0,0,-,0,,,,,,,,,,,,,,,,,,,,,
Cole McDonald,ARI,QB,2257005,@SF,7,14,1,0,N/R,0,0,0,0,0,0,0,0.0,0,0,-,0,,,,,,,,,,,,,,,,,,,,,
Taylor Heinicke,LAC,QB,2174914,@BUF,25,7,1,1,N/R,0,0,0,0,0,0,0,0.0,0,0,-,0,,,,,,,,,,,,,,,,,,,,,
Kelly Bryant,FA,QB,2179210,BYE,---,0,1,1,N/R,0,0,0,0,0,0,0,0.0,0,0,-,0,,,,,,,,,,,,,,,,,,,,,
Devin Leary,BAL,QB,2964337,@DAL,27,13,1,0,N/R,0,0,0,0,0,0,0,0.0,0,0,-,0,,,,,,,,,,,,,,,,,,,,,
Ben Wooldridge,NE,QB,2965115,@JAC,12,11,1,1,N/R,0,0,0,0,0,0,0,0.0,0,0,-,0,,,,,,,,,,,,,,,,,,,,,
Cam Miller,MIA,QB,3175318,KC,3,6,1,1,N/R,0,0,0,0,0,0,0,0.0,0,0,-,0,,,,,,,,,,,,,,,,,,,,,
Andy Dalton,PHI,QB,1125961,@CHI,10,10,1,1,N/R,1,0,0,0,1,0,0,0.0,0,0,0.00,0,,,,,,,,,,,,,,,,,,,,,
Tommy DeVito,NE,QB,2865426,@JAC,12,11,1,1,N/R,5,3,30,0,0,1,2,2.0,0,0,0.00,0,,,,,,,,,,,,,,,,,,,,,
Cole Payton,PHI,QB,26725861,@CHI,10,10,1,0,N/R,0,0,0,0,0,0,0,0.0,0,0,-,0,,,,,,,,,,,,,,,,,,,,,
Kurtis Rourke,SF,QB,3122216,ARI,29,8,1,1,N/R,0,0,0,0,0,0,0,0.0,0,0,-,0,,,,,,,,,,,,,,,,,,,,,
Brandon Bridge,FA,QB,1776297,BYE,---,0,1,1,N/R,0,0,0,0,0,0,0,0.0,0,0,-,0,,,,,,,,,,,,,,,,,,,,,
Josh Johnson,CIN,QB,1325808,@PIT,8,6,1,1,N/R,0,0,0,0,0,0,0,0.0,0,0,-,0,,,,,,,,,,,,,,,,,,,,,
James Morgan,ARI,QB,2180077,@SF,7,14,1,1,N/R,0,0,0,0,0,0,0,0.0,0,0,-,0,,,,,,,,,,,,,,,,,,,,,
Sam Hartman,WAS,QB,2965037,SEA,4,7,1,0,N/R,0,0,0,0,0,0,0,0.0,0,0,-,0,,,,,,,,,,,,,,,,,,,,,
Tyrod Taylor,GB,QB,1243338,ATL,24,11,1,1,N/R,0,0,0,0,0,0,0,0.0,0,0,-,0,,,,,,,,,,,,,,,,,,,,,
Collin Klein,FA,QB,1630750,BYE,---,0,1,1,N/R,0,0,0,0,0,0,0,0.0,0,0,-,0,,,,,,,,,,,,,,,,,,,,,
Taylor Elgersma,GB,QB,29675766,ATL,24,11,1,1,N/R,0,0,0,0,0,0,0,0.0,0,0,-,0,,,,,,,,,,,,,,,,,,,,,
Chevan Cordeiro,SEA,QB,2968919,@WAS,31,11,0,0,N/R,0,0,0,0,0,0,0,0.0,0,0,-,0,,,,,,,,,,,,,,,,,,,,,
Jameis Winston,NYG,QB,1998197,TEN,1,8,12,3,N/R,22,14,118,0,0,2,14,7.0,0,0,0.00,0,,,,,,,,,,,,,,,,,,,,,
J.J. McCarthy,NYG,QB,26695214,@TB,5,8,5,1,N/R,0,0,0,0,0,0,0,0.0,0,0,-,0,,,,,,,,,,,,,,,,,,,,,
Andrew Peasley,NYJ,QB,2966161,@DET,32,13,1,1,N/R,0,0,0,0,0,0,0,0.0,0,0,-,0,,,,,,,,,,,,,,,,,,,,,
Sam Ehlinger,DEN,QB,2803330,LAR,9,10,1,1,N/R,0,0,0,0,0,0,0,0.0,0,0,-,0,,,,,,,,,,,,,,,,,,,,,
Diego Pavia,BAL,QB,28873851,@DAL,27,13,1,1,N/R,0,0,0,0,0,0,0,0.0,0,0,-,0,,,,,,,,,,,,,,,,,,,,,
Kyle Sloter,JAC,QB,2820013,NE,6,7,1,1,N/R,0,0,0,0,0,0,0,0.0,0,0,-,0,,,,,,,,,,,,,,,,,,,,,
Jake Dolegala,MIA,QB,3117019,KC,3,6,1,1,N/R,0,0,0,0,0,0,0,0.0,0,0,-,0,,,,,,,,,,,,,,,,,,,,,
Ben Bryant,NYJ,QB,2961091,@DET,32,13,1,1,N/R,0,0,0,0,0,0,0,0.0,0,0,-,0,,,,,,,,,,,,,,,,,,,,,
Sean Clifford,CIN,QB,2868998,@PIT,8,6,1,0,N/R,0,0,0,0,0,0,0,0.0,0,0,-,0,,,,,,,,,,,,,,,,,,,,,
Alex McGough,GB,QB,2132602,ATL,24,11,1,1,N/R,0,0,0,0,0,0,0,0.0,0,0,-,0,,,,,,,,,,,,,,,,,,,,,
Tua Tagovailoa,ATL,QB,2741209,@GB,19,11,6,1,N/R,0,0,0,0,0,0,0,0.0,0,0,-,0,,,,,,,,,,,,,,,,,,,,,
Dalyn Williams,CHI,QB,2241450,PHI,17,10,1,1,N/R,0,0,0,0,0,0,0,0.0,0,0,-,0,,,,,,,,,,,,,,,,,,,,,
Clayton Thorson,NYG,QB,2136556,TEN,1,8,1,0,N/R,0,0,0,0,0,0,0,0.0,0,0,-,0,,,,,,,,,,,,,,,,,,,,,
Teddy Bridgewater,DET,QB,1825122,NYJ,2,6,1,1,N/R,0,0,0,0,0,0,0,0.0,0,0,-,0,,,,,,,,,,,,,,,,,,,,,
Garrett Nussmeier,KC,QB,26701706,@MIA,21,5,1,1,N/R,0,0,0,0,0,0,0,0.0,0,0,-,0,,,,,,,,,,,,,,,,,,,,,
Tim Boyle,TEN,QB,2071997,@NYG,18,9,1,0,N/R,0,0,0,0,0,0,0,0.0,0,0,-,0,,,,,,,,,,,,,,,,,,,,,
Kedon Slovis,GB,QB,3123467,ATL,24,11,1,1,N/R,0,0,0,0,0,0,0,0.0,0,0,-,0,,,,,,,,,,,,,,,,,,,,,
Taryn Christion,PIT,QB,2183276,CIN,28,9,1,0,N/R,0,0,0,0,0,0,0,0.0,0,0,-,0,,,,,,,,,,,,,,,,,,,,,
Dorian Thompson-Robinson,PHI,QB,2964729,@CHI,10,10,1,0,N/R,0,0,0,0,0,0,0,0.0,0,0,-,0,,,,,,,,,,,,,,,,,,,,,
Hunter Dekkers,NO,QB,3164837,LV,16,8,1,1,N/R,0,0,0,0,0,0,0,0.0,0,0,-,0,,,,,,,,,,,,,,,,,,,,,
Will Howard,PIT,QB,3162310,CIN,28,9,1,1,N/R,0,0,0,0,0,0,0,0.0,0,0,-,0,,,,,,,,,,,,,,,,,,,,,
Zack Annexstad,TB,QB,2961799,MIN,14,10,1,1,N/R,0,0,0,0,0,0,0,0.0,0,0,-,0,,,,,,,,,,,,,,,,,,,,,
Justin Fields,KC,QB,1273205,@MIA,21,5,2,1,N/R,0,0,0,0,0,0,0,0.0,0,0,-,0,,,,,,,,,,,,,,,,,,,,,
Brandon Peters,LAC,QB,2239738,@BUF,25,7,1,1,N/R,0,0,0,0,0,0,0,0.0,0,0,-,0,,,,,,,,,,,,,,,,,,,,,
Ben DiNucci,DEN,QB,2179411,LAR,9,10,1,1,N/R,0,0,0,0,0,0,0,0.0,0,0,-,0,,,,,,,,,,,,,,,,,,,,,
Fernando Mendoza,LV,QB,28916321,@NO,13,13,19,1,N/R,0,0,0,0,0,0,0,0.0,0,0,-,0,,,,,,,,,,,,,,,,,,,,,
Cole Kelley,WAS,QB,2247069,SEA,4,7,1,1,N/R,0,0,0,0,0,0,0,0.0,0,0,-,0,,,,,,,,,,,,,,,,,,,,,
Mark Gronowski,HOU,QB,26719097,@IND,30,8,1,1,N/R,0,0,0,0,0,0,0,0.0,0,0,-,0,,,,,,,,,,,,,,,,,,,,,
Chad Kanoff,TB,QB,2092376,MIN,14,10,1,1,N/R,0,0,0,0,0,0,0,0.0,0,0,-,0,,,,,,,,,,,,,,,,,,,,,
Nate Stanley,MIN,QB,2251110,@TB,5,6,1,1,N/R,0,0,0,0,0,0,0,0.0,0,0,-,0,,,,,,,,,,,,,,,,,,,,,
Jaxson Dart,NYG,QB,26694019,TEN,1,8,28,1,N/R,0,0,0,0,0,0,0,0.0,0,0,-,0,,,,,,,,,,,,,,,,,,,,,
Luke Altmyer,DET,QB,26701853,NYJ,2,6,1,1,N/R,0,0,0,0,0,0,0,0.0,0,0,-,0,,,,,,,,,,,,,,,,,,,,,
J.T. Barrett,PIT,QB,2060760,CIN,28,9,1,1,N/R,0,0,0,0,0,0,0,0.0,0,0,-,0,,,,,,,,,,,,,,,,,,,,,
Manny Wilkins,GB,QB,2131504,ATL,24,11,1,1,N/R,0,0,0,0,0,0,0,0.0,0,0,-,0,,,,,,,,,,,,,,,,,,,,,
Kyle Allen,BUF,QB,2131782,LAC,23,7,1,1,N/R,0,0,0,0,0,0,0,0.0,0,0,-,0,,,,,,,,,,,,,,,,,,,,,
Nick Fitzgerald,TB,QB,2131743,MIN,14,10,1,1,N/R,0,0,0,0,0,0,0,0.0,0,0,-,0,,,,,,,,,,,,,,,,,,,,,
Holton Ahlers,SEA,QB,2962387,@WAS,31,11,1,1,N/R,0,0,0,0,0,0,0,0.0,0,0,-,0,,,,,,,,,,,,,,,,,,,,,
Clayton Tune,GB,QB,2964808,ATL,24,11,1,1,N/R,0,0,0,0,0,0,0,0.0,0,0,-,0,,,,,,,,,,,,,,,,,,,,,
Jake Fromm,DET,QB,2803326,NYJ,2,6,1,0,N/R,0,0,0,0,0,0,0,0.0,0,0,-,0,,,,,,,,,,,,,,,,,,,,,
Carson Strong,ARI,QB,2963002,@SF,7,14,1,0,N/R,0,0,0,0,0,0,0,0.0,0,0,-,0,,,,,,,,,,,,,,,,,,,,,
Nate Sudfeld,SF,QB,2001862,ARI,29,8,1,0,N/R,0,0,0,0,0,0,0,0.0,0,0,-,0,,,,,,,,,,,,,,,,,,,,,
Rocky Lombardi,CIN,QB,2867061,@PIT,8,6,1,1,N/R,0,0,0,0,0,0,0,0.0,0,0,-,0,,,,,,,,,,,,,,,,,,,,,
Drew Allar,PIT,QB,28876938,CIN,28,9,3,1,N/R,0,0,0,0,0,0,0,0.0,0,0,-,0,,,,,,,,,,,,,,,,,,,,,
Matthew Caldwell,LAR,QB,26724746,@DEN,22,11,1,1,N/R,0,0,0,0,0,0,0,0.0,0,0,-,0,,,,,,,,,,,,,,,,,,,,,
Joe Fagnano,BAL,QB,3121127,@DAL,27,13,1,1,N/R,0,0,0,0,0,0,0,0.0,0,0,-,0,,,,,,,,,,,,,,,,,,,,,
James Blackman,MIA,QB,2866514,KC,3,6,1,0,N/R,0,0,0,0,0,0,0,0.0,0,0,-,0,,,,,,,,,,,,,,,,,,,,,
Brandon Allen,NYG,QB,1852876,TEN,1,8,1,1,N/R,0,0,0,0,0,0,0,0.0,0,0,-,0,,,,,,,,,,,,,,,,,,,,,
Dustin Crum,KC,QB,2867334,@MIA,21,5,1,0,N/R,0,0,0,0,0,0,0,0.0,0,0,-,0,,,,,,,,,,,,,,,,,,,,,
Brett Gabbert,MIA,QB,3123271,KC,3,6,1,1,N/R,0,0,0,0,0,0,0,0.0,0,0,-,0,,,,,,,,,,,,,,,,,,,,,
Skylar Thompson,BAL,QB,2239649,@DAL,27,13,1,0,N/R,0,0,0,0,0,0,0,0.0,0,0,-,0,,,,,,,,,,,,,,,,,,,,,
Austin Reed,BAL,QB,2967693,@DAL,27,13,1,0,N/R,0,0,0,0,0,0,0,0.0,0,0,-,0,,,,,,,,,,,,,,,,,,,,,
Dillon Gabriel,CLE,QB,3121534,CAR,20,11,1,1,N/R,0,0,0,0,0,0,0,0.0,0,0,-,0,,,,,,,,,,,,,,,,,,,,,
Chris Oladokun,KC,QB,2261701,@MIA,21,5,1,1,N/R,0,0,0,0,0,0,0,0.0,0,0,-,0,,,,,,,,,,,,,,,,,,,,,
Jaren Hall,SEA,QB,2975722,@WAS,31,11,1,1,N/R,0,0,0,0,0,0,0,0.0,0,0,-,0,,,,,,,,,,,,,,,,,,,,,
Casey Bauman,LAC,QB,2965414,@BUF,25,7,1,1,N/R,0,0,0,0,0,0,0,0.0,0,0,-,0,,,,,,,,,,,,,,,,,,,,,
Jalon Daniels,TB,QB,3166688,MIN,14,10,8,2,N/R,3,0,0,0,1,1,9,9.0,0,0,0.00,0,,,,,,,,,,,,,,,,,,,,,
Bijan Robinson,ATL,RB,3168163,@GB,31,11,100,100,2,,,194,2,,29,19,6.7,0,0,9.5,10,2,2,10.00,,,,,,,,,,,,,,,,,,
Jahmyr Gibbs,DET,RB,3162723,NYJ,19,6,100,100,1,,,99,2,,20,65,5.0,1,0,9.3,10,8,7,10.00,,,,,,,,,,,,,,,,,,
James Cook III,BUF,RB,2975698,LAC,22,7,100,100,7,,,154,1,,24,0,6.4,0,1,0.0,6,1,0,6.00,,,,,,,,,,,,,,,,,,
Jaylen Warren,PIT,RB,3126535,CIN,14,9,100,76,9,,,127,0,,17,49,7.5,0,0,16.3,6,4,3,6.00,,,,,,,,,,,,,,,,,,
Kyren Williams,LAR,RB,3121836,@DEN,30,11,100,97,15,,,88,0,,15,70,5.9,0,0,11.7,5,7,6,5.00,,,,,,,,,,,,,,,,,,
Mike Washington Jr.,LV,RB,26693539,@NO,27,13,76,8,N/R,,,54,1,,5,0,10.8,0,0,0.0,4,0,0,4.00,,,,,,,,,,,,,,,,,,
Christian McCaffrey,SF,RB,2136743,ARI,17,8,100,100,5,,,75,1,,15,41,5.0,0,0,10.2,4,5,4,4.00,,,,,,,,,,,,,,,,,,
Kenneth Walker III,KC,RB,3121372,@MIA,29,5,100,99,3,,,70,1,,18,3,3.9,1,0,1.5,4,2,2,4.00,,,,,,,,,,,,,,,,,,
Bhayshul Tuten,JAC,RB,26732838,NE,16,7,100,84,20,,,73,1,,15,17,4.9,0,0,8.5,3,2,2,3.00,,,,,,,,,,,,,,,,,,
Javonte Williams,DAL,RB,2961719,BAL,15,14,100,92,18,,,98,1,,19,5,5.2,0,0,2.5,3,3,2,3.00,,,,,,,,,,,,,,,,,,
Chuba Hubbard,CAR,RB,2865693,@CLE,9,5,100,90,11,,,82,0,,19,28,4.3,0,0,7.0,3,4,4,3.00,,,,,,,,,,,,,,,,,,
Jeremiyah Love,ARI,RB,29133405,@SF,20,14,100,92,14,,,90,0,,21,19,4.3,1,0,3.8,3,5,5,3.00,,,,,,,,,,,,,,,,,,
Derrick Henry,BAL,RB,2061188,@DAL,25,13,100,100,4,,,89,2,,26,0,3.4,0,0,0.0,3,1,1,3.00,,,,,,,,,,,,,,,,,,
Aaron Jones,MIN,RB,2071937,@TB,7,6,99,73,12,,,58,0,,17,34,3.4,0,0,6.8,2,6,5,2.00,,,,,,,,,,,,,,,,,,
Cam Skattebo,NYG,RB,26697012,TEN,21,8,100,93,19,,,60,0,,20,40,3.0,0,0,13.3,2,4,3,2.00,,,,,,,,,,,,,,,,,,
Ashton Jeanty,LV,RB,28874008,@NO,27,13,100,98,16,,,56,0,,19,37,3.0,0,0,12.3,2,3,3,2.00,,,,,,,,,,,,,,,,,,
Brian Robinson Jr.,ATL,RB,2741207,@GB,31,11,50,4,47,,,50,1,,10,0,5.0,0,0,0.0,2,0,0,2.00,,,,,,,,,,,,,,,,,,
Tony Pollard,TEN,RB,2184011,@NYG,18,9,97,37,26,,,74,0,,17,22,4.3,0,0,5.5,2,4,4,2.00,,,,,,,,,,,,,,,,,,
Quinshon Judkins,CLE,RB,28878286,CAR,32,11,100,64,24,,,70,0,,18,9,3.9,0,0,4.5,1,2,2,1.00,,,,,,,,,,,,,,,,,,
Woody Marks,HOU,RB,3171045,@IND,28,8,71,7,33,,,15,1,,5,6,3.0,0,0,6.0,1,1,1,1.00,,,,,,,,,,,,,,,,,,
Ollie Gordon II,MIA,RB,28873887,KC,10,6,76,14,40,,,41,1,,17,14,2.4,0,0,4.7,1,3,3,1.00,,,,,,,,,,,,,,,,,,
Rachaad White,WAS,RB,3169147,SEA,6,7,77,9,34,,,35,0,,8,6,4.4,1,0,6.0,1,1,1,1.00,,,,,,,,,,,,,,,,,,
Chris Rodriguez Jr.,JAC,RB,2964667,NE,16,7,53,5,N/R,,,37,1,,8,0,4.6,0,0,0.0,1,0,0,1.00,,,,,,,,,,,,,,,,,,
Travis Etienne,NO,RB,2809206,LV,13,8,98,16,N/R,,,57,0,,13,13,4.4,0,0,6.5,1,2,2,1.00,,,,,,,,,,,,,,,,,,
Keaton Mitchell,LAC,RB,3164710,@BUF,26,7,43,3,38,,,52,0,,8,-5,6.5,1,0,-1.7,1,3,3,1.00,,,,,,,,,,,,,,,,,,
D'Andre Swift,CHI,RB,2871710,PHI,12,10,100,93,10,,,84,0,,20,4,4.2,0,0,2.0,1,3,2,1.00,,,,,,,,,,,,,,,,,,
Jonathan Taylor,IND,RB,2866395,HOU,2,13,100,100,6,,,68,0,,23,4,3.0,0,0,2.0,1,3,2,1.00,,,,,,,,,,,,,,,,,,
Saquon Barkley,PHI,RB,2185957,@CHI,23,10,100,92,13,,,82,0,,15,-2,5.5,0,0,-2.0,1,2,1,1.00,,,,,,,,,,,,,,,,,,
Kenneth Gainwell,TB,RB,2968948,MIN,4,10,76,11,N/R,,,-4,0,,3,14,-1.3,0,0,7.0,0,5,2,0.00,,,,,,,,,,,,,,,,,,
BJ Emmons,HOU,RB,2252835,@IND,28,8,1,1,N/R,,,0,0,,0,0,0.0,0,0,0.0,0,0,0,-,,,,,,,,,,,,,,,,,,
Eric Gray,CLE,RB,3123569,CAR,32,11,1,1,N/R,,,0,0,,0,0,0.0,0,0,0.0,0,0,0,-,,,,,,,,,,,,,,,,,,
Otis Anderson,LAR,RB,2804600,@DEN,30,11,1,1,N/R,,,0,0,,0,0,0.0,0,0,0.0,0,0,0,-,,,,,,,,,,,,,,,,,,
Elijah Young,BUF,RB,3161976,LAC,22,7,1,1,N/R,,,0,0,,0,0,0.0,0,0,0.0,0,0,0,-,,,,,,,,,,,,,,,,,,
Darius Anderson,HOU,RB,2240319,@IND,28,8,1,1,N/R,,,0,0,,0,0,0.0,0,0,0.0,0,0,0,-,,,,,,,,,,,,,,,,,,
TreVeyon Henderson,NE,RB,26699547,@JAC,5,11,99,48,35,,,23,0,,8,6,2.9,0,0,6.0,0,1,1,0.00,,,,,,,,,,,,,,,,,,
Kyle Monangai,CHI,RB,3177368,PHI,12,10,95,24,32,,,31,0,,10,0,3.1,0,0,0.0,0,0,0,0.00,,,,,,,,,,,,,,,,,,
J'Mari Taylor,JAC,RB,26726239,NE,16,7,1,0,N/R,,,0,0,,0,0,0.0,0,0,0.0,0,0,0,-,,,,,,,,,,,,,,,,,,
Jerome Ford,MIN,RB,2966543,@TB,7,6,1,1,N/R,,,0,0,,0,0,0.0,0,0,0.0,0,0,0,-,,,,,,,,,,,,,,,,,,
Jeremy McNichols,WAS,RB,2139987,SEA,6,7,1,1,N/R,,,0,0,,0,0,0.0,0,0,0.0,0,0,0,-,,,,,,,,,,,,,,,,,,
Emanuel Wilson,SEA,RB,29104952,@WAS,3,11,40,3,43,,,14,0,,9,0,1.6,0,0,0.0,0,0,0,0.00,,,,,,,,,,,,,,,,,,
Aidan Robbins,CLE,RB,3123398,CAR,32,11,1,1,N/R,,,0,0,,0,0,0.0,0,0,0.0,0,0,0,-,,,,,,,,,,,,,,,,,,
RJ Harvey,DEN,RB,3121207,LAR,11,10,89,14,29,,,6,0,,2,41,3.0,0,0,6.8,0,7,6,0.00,,,,,,,,,,,,,,,,,,
Sean Tucker,TB,RB,3168416,MIN,4,10,3,1,N/R,,,0,0,,0,0,0.0,0,0,0.0,0,0,0,0.00,,,,,,,,,,,,,,,,,,
Avery Williams,NYJ,RB,2257948,@DET,8,13,1,1,N/R,,,0,0,,0,0,0.0,0,0,0.0,0,0,0,-,,,,,,,,,,,,,,,,,,
Desmond Reid,BUF,RB,28911101,LAC,22,7,1,1,N/R,,,0,0,,0,0,0.0,0,0,0.0,0,0,0,-,,,,,,,,,,,,,,,,,,
Cash Jones,ATL,RB,26738725,@GB,31,11,1,1,N/R,,,0,0,,0,0,0.0,0,0,0.0,0,0,0,-,,,,,,,,,,,,,,,,,,
LeQuint Allen,JAC,RB,28877884,NE,16,7,1,1,N/R,,,0,0,,0,9,0.0,0,0,4.5,0,2,2,0.00,,,,,,,,,,,,,,,,,,
Blake Corum,LAR,RB,3169252,@DEN,30,11,92,9,36,,,15,0,,6,0,2.5,0,0,0.0,0,4,2,0.00,,,,,,,,,,,,,,,,,,
Nico Evans,PHI,RB,2131958,@CHI,23,10,1,0,N/R,,,0,0,,0,0,0.0,0,0,0.0,0,0,0,-,,,,,,,,,,,,,,,,,,
Evan Hull,ARI,RB,3124679,@SF,20,14,1,1,N/R,,,0,0,,0,0,0.0,0,0,0.0,0,0,0,-,,,,,,,,,,,,,,,,,,
Patrick Carr,SEA,RB,3159195,@WAS,3,11,1,1,N/R,,,0,0,,0,0,0.0,0,0,0.0,0,0,0,-,,,,,,,,,,,,,,,,,,
Roman Hemby,LV,RB,26700412,@NO,27,13,1,1,N/R,,,0,0,,0,0,0.0,0,0,0.0,0,0,0,-,,,,,,,,,,,,,,,,,,
Emani Bailey,CAR,RB,3164304,@CLE,9,5,1,1,N/R,,,0,0,,0,0,0.0,0,0,0.0,0,0,0,-,,,,,,,,,,,,,,,,,,
Josh Pitsenberger,HOU,RB,28938986,@IND,28,8,1,1,N/R,,,0,0,,0,0,0.0,0,0,0.0,0,0,0,-,,,,,,,,,,,,,,,,,,
Shane Watts,NE,RB,50024129,@JAC,5,11,1,1,N/R,,,0,0,,0,0,0.0,0,0,0.0,0,0,0,-,,,,,,,,,,,,,,,,,,
Kevin Harris,JAC,RB,3122797,NE,16,7,1,1,N/R,,,0,0,,0,0,0.0,0,0,0.0,0,0,0,-,,,,,,,,,,,,,,,,,,
Antonio Gibson,NE,RB,2960976,@JAC,5,11,1,1,N/R,,,0,0,,0,0,0.0,0,0,0.0,0,0,0,-,,,,,,,,,,,,,,,,,,
Michael Dyer,LV,RB,2080283,@NO,27,13,1,1,N/R,,,0,0,,0,0,0.0,0,0,0.0,0,0,0,-,,,,,,,,,,,,,,,,,,
Demetric Felton,WAS,RB,2240193,SEA,6,7,1,1,N/R,,,0,0,,0,0,0.0,0,0,0.0,0,0,0,-,,,,,,,,,,,,,,,,,,
Mike Boone,MIA,RB,2925551,KC,10,6,1,1,N/R,,,0,0,,0,0,0.0,0,0,0.0,0,0,0,-,,,,,,,,,,,,,,,,,,
Wayne Taulapapa,SEA,RB,2960832,@WAS,3,11,0,0,N/R,,,0,0,,0,0,0.0,0,0,0.0,0,0,0,-,,,,,,,,,,,,,,,,,,
Raheim Sanders,CLE,RB,26700087,CAR,32,11,4,1,N/R,,,17,0,,1,34,17.0,0,0,8.5,0,5,4,0.00,,,,,,,,,,,,,,,,,,
Al-Jay Henderson,NYJ,RB,26696811,@DET,8,13,0,0,N/R,,,0,0,,0,0,0.0,0,0,0.0,0,0,0,-,,,,,,,,,,,,,,,,,,
Jam Miller,NE,RB,28875653,@JAC,5,11,1,1,N/R,,,0,0,,0,0,0.0,0,0,0.0,0,0,0,-,,,,,,,,,,,,,,,,,,
DeAndre Torrey,PHI,RB,2960960,@CHI,23,10,1,1,N/R,,,0,0,,0,0,0.0,0,0,0.0,0,0,0,-,,,,,,,,,,,,,,,,,,
John Lovett,PIT,RB,2868681,CIN,14,9,1,1,N/R,,,0,0,,0,0,0.0,0,0,0.0,0,0,0,-,,,,,,,,,,,,,,,,,,
Jalen White,GB,RB,3166561,ATL,1,11,1,1,N/R,,,0,0,,0,0,0.0,0,0,0.0,0,0,0,-,,,,,,,,,,,,,,,,,,
Marcus Major,BAL,RB,3125801,@DAL,25,13,1,1,N/R,,,0,0,,0,0,0.0,0,0,0.0,0,0,0,-,,,,,,,,,,,,,,,,,,
Kenny McIntosh,SEA,RB,3121460,@WAS,3,11,1,1,N/R,,,0,0,,0,0,0.0,0,0,0.0,0,0,0,-,,,,,,,,,,,,,,,,,,
Greg Desrosiers Jr.,LAC,RB,26697079,@BUF,26,7,1,1,N/R,,,0,0,,0,0,0.0,0,0,0.0,0,0,0,-,,,,,,,,,,,,,,,,,,
Rhamondre Stevenson,NE,RB,3125832,@JAC,5,11,98,45,25,,,22,0,,7,16,3.1,0,0,5.3,0,3,3,0.00,,,,,,,,,,,,,,,,,,
Mikey Daniel,CAR,RB,2195033,@CLE,9,5,0,0,N/R,,,0,0,,0,0,0.0,0,0,0.0,0,0,0,-,,,,,,,,,,,,,,,,,,
Craig Reynolds,WAS,RB,3117134,SEA,6,7,1,1,N/R,,,0,0,,0,0,0.0,0,0,0.0,0,0,0,-,,,,,,,,,,,,,,,,,,
Corey Kiner,NE,RB,26698879,@JAC,5,11,1,1,N/R,,,18,0,,6,9,3.0,0,0,9.0,0,1,1,0.00,,,,,,,,,,,,,,,,,,
Josh Jacobs,GB,RB,2257876,ATL,1,11,91,3,N/R,,,0,0,,0,0,0.0,0,0,0.0,0,0,0,-,,,,,,,,,,,,,,,,,,
Kyle Juszczyk,SF,RB,1683145,ARI,17,8,2,1,N/R,,,0,0,,0,0,0.0,0,0,0.0,0,2,0,0.00,,,,,,,,,,,,,,,,,,
Ke'Shawn Vaughn,SF,RB,2179704,ARI,17,8,1,1,N/R,,,0,0,,0,0,0.0,0,0,0.0,0,0,0,-,,,,,,,,,,,,,,,,,,
CJ Verdell,IND,RB,2866324,HOU,2,13,1,0,N/R,,,0,0,,0,0,0.0,0,0,0.0,0,0,0,-,,,,,,,,,,,,,,,,,,
Kaytron Allen,WAS,RB,28875485,SEA,6,7,8,1,N/R,,,0,0,,0,0,0.0,0,0,0.0,0,0,0,0.00,,,,,,,,,,,,,,,,,,
Chase Brown,CIN,RB,2965160,@PIT,24,6,100,98,8,,,61,0,,13,8,4.7,0,0,4.0,0,2,2,0.00,,,,,,,,,,,,,,,,,,
Master Teague III,PIT,RB,2962320,CIN,14,9,1,0,N/R,,,0,0,,0,0,0.0,0,0,0.0,0,0,0,-,,,,,,,,,,,,,,,,,,
Ben VanSumeren,KC,RB,2968491,@MIA,29,5,1,1,N/R,,,0,0,,0,0,0.0,0,0,0.0,0,0,0,0.00,,,,,,,,,,,,,,,,,,
Chip Trayanum,NYJ,RB,3162240,@DET,8,13,1,1,N/R,,,0,0,,0,0,0.0,0,0,0.0,0,0,0,-,,,,,,,,,,,,,,,,,,
Travis Dye,NYJ,RB,2967055,@DET,8,13,0,0,N/R,,,0,0,,0,0,0.0,0,0,0.0,0,0,0,-,,,,,,,,,,,,,,,,,,
Hassan Haskins,NE,RB,2968506,@JAC,5,11,1,1,N/R,,,0,0,,0,0,0.0,0,0,0.0,0,0,0,-,,,,,,,,,,,,,,,,,,
Hassan Hall,ARI,RB,2960978,@SF,20,14,1,0,N/R,,,0,0,,0,0,0.0,0,0,0.0,0,0,0,-,,,,,,,,,,,,,,,,,,
Dameon Pierce,PHI,RB,2964236,@CHI,23,10,1,1,N/R,,,0,0,,0,0,0.0,0,0,0.0,0,0,0,-,,,,,,,,,,,,,,,,,,
Dylan Laube,LV,RB,2964322,@NO,27,13,1,1,N/R,,,0,0,,0,0,0.0,0,1,0.0,0,0,0,0.00,,,,,,,,,,,,,,,,,,
Ramon Jefferson,TB,RB,2816981,MIN,4,10,1,1,N/R,,,0,0,,0,0,0.0,0,0,0.0,0,0,0,-,,,,,,,,,,,,,,,,,,
CJ Donaldson,NO,RB,28900249,LV,13,8,1,1,N/R,,,5,0,,1,0,5.0,0,0,0.0,0,0,0,0.00,,,,,,,,,,,,,,,,,,
Myles Montgomery,NE,RB,26703126,@JAC,5,11,1,1,N/R,,,0,0,,0,0,0.0,0,0,0.0,0,0,0,-,,,,,,,,,,,,,,,,,,
Ralph Webb,PIT,RB,2079834,CIN,14,9,1,0,N/R,,,0,0,,0,0,0.0,0,0,0.0,0,0,0,-,,,,,,,,,,,,,,,,,,
Zavier Scott,MIN,RB,2869402,@TB,7,6,1,1,N/R,,,0,0,,0,0,0.0,0,0,0.0,0,0,0,-,,,,,,,,,,,,,,,,,,
Tyler Gaffney,NE,RB,2061073,@JAC,5,11,1,1,N/R,,,0,0,,0,0,0.0,0,0,0.0,0,0,0,-,,,,,,,,,,,,,,,,,,
Royce Freeman,LAC,RB,2139588,@BUF,26,7,1,1,N/R,,,0,0,,0,0,0.0,0,0,0.0,0,0,0,-,,,,,,,,,,,,,,,,,,
James Butler,LV,RB,2164714,@NO,27,13,1,0,N/R,,,0,0,,0,0,0.0,0,0,0.0,0,0,0,-,,,,,,,,,,,,,,,,,,
ShunDerrick Powell,KC,RB,26695018,@MIA,29,5,1,1,N/R,,,0,0,,0,0,0.0,0,0,0.0,0,0,0,-,,,,,,,,,,,,,,,,,,
Elijah Collins,CIN,RB,2961847,@PIT,24,6,0,0,N/R,,,0,0,,0,0,0.0,0,0,0.0,0,0,0,-,,,,,,,,,,,,,,,,,,
Terrell Jennings,NE,RB,3133899,@JAC,5,11,1,1,N/R,,,0,0,,0,0,0.0,0,0,0.0,0,0,0,-,,,,,,,,,,,,,,,,,,
Jamal Haynes,CIN,RB,26698534,@PIT,24,6,1,0,N/R,,,0,0,,0,0,0.0,0,0,0.0,0,0,0,-,,,,,,,,,,,,,,,,,,
Tyrion Davis-Price,GB,RB,3123979,ATL,1,11,1,1,N/R,,,0,0,,0,0,0.0,0,0,0.0,0,0,0,-,,,,,,,,,,,,,,,,,,
Jermar Jefferson,MIN,RB,2964472,@TB,7,6,1,1,N/R,,,0,0,,0,0,0.0,0,0,0.0,0,0,0,-,,,,,,,,,,,,,,,,,,
Kejon Owens,MIN,RB,3165466,@TB,7,6,1,0,N/R,,,0,0,,0,0,0.0,0,0,0.0,0,0,0,-,,,,,,,,,,,,,,,,,,
Josh Williams,TB,RB,3121241,MIN,4,10,1,1,N/R,,,0,0,,0,0,0.0,0,0,0.0,0,0,0,-,,,,,,,,,,,,,,,,,,
Demario Richard,ATL,RB,2131493,@GB,31,11,1,1,N/R,,,0,0,,0,0,0.0,0,0,0.0,0,0,0,-,,,,,,,,,,,,,,,,,,
Jonathan Ward,BAL,RB,3159088,@DAL,25,13,1,1,N/R,,,0,0,,0,0,0.0,0,0,0.0,0,0,0,-,,,,,,,,,,,,,,,,,,
Lew Nichols,PIT,RB,3121706,CIN,14,9,1,0,N/R,,,0,0,,1,0,0.0,0,0,0.0,0,0,0,0.00,,,,,,,,,,,,,,,,,,
Charles McClelland,TEN,RB,2965633,@NYG,18,9,1,0,N/R,,,0,0,,0,0,0.0,0,0,0.0,0,0,0,-,,,,,,,,,,,,,,,,,,
Mike Weber,NYG,RB,2179830,TEN,21,8,1,0,N/R,,,0,0,,0,0,0.0,0,0,0.0,0,0,0,-,,,,,,,,,,,,,,,,,,
Darrynton Evans,BUF,RB,2240806,LAC,22,7,1,1,N/R,,,0,0,,0,0,0.0,0,0,0.0,0,0,0,-,,,,,,,,,,,,,,,,,,
Toa Taua,CLE,RB,2964065,CAR,32,11,1,0,N/R,,,0,0,,0,0,0.0,0,0,0.0,0,0,0,-,,,,,,,,,,,,,,,,,,
Carson Steele,PHI,RB,26698435,@CHI,23,10,1,1,N/R,,,0,0,,0,0,0.0,0,0,0.0,0,0,0,-,,,,,,,,,,,,,,,,,,
Khalfani Muhammad,ARI,RB,2818380,@SF,20,14,1,1,N/R,,,0,0,,0,0,0.0,0,0,0.0,0,0,0,-,,,,,,,,,,,,,,,,,,
Gerrid Doaks,HOU,RB,2240551,@IND,28,8,1,0,N/R,,,0,0,,0,0,0.0,0,0,0.0,0,0,0,-,,,,,,,,,,,,,,,,,,
Max Borghi,PIT,RB,2965014,CIN,14,9,1,1,N/R,,,0,0,,0,0,0.0,0,0,0.0,0,0,0,-,,,,,,,,,,,,,,,,,,
Trey Sermon,ATL,RB,2804142,@GB,31,11,1,1,N/R,,,0,0,,0,0,0.0,0,0,0.0,0,0,0,-,,,,,,,,,,,,,,,,,,
Ty Chandler,NO,RB,2867472,LV,13,8,1,1,N/R,,,0,0,,0,0,0.0,0,0,0.0,0,0,0,-,,,,,,,,,,,,,,,,,,
Israel Abanikanda,DAL,RB,3163291,BAL,15,14,1,1,N/R,,,0,0,,0,0,0.0,0,0,0.0,0,0,0,-,,,,,,,,,,,,,,,,,,
Ronnie Brown,TB,RB,29117338,MIN,4,10,1,1,N/R,,,0,0,,0,0,0.0,0,0,0.0,0,0,0,-,,,,,,,,,,,,,,,,,,
Dean Connors,LAR,RB,28874921,@DEN,30,11,1,1,N/R,,,0,0,,0,0,0.0,0,0,0.0,0,0,0,0.00,,,,,,,,,,,,,,,,,,
Zach Charbonnet,SEA,RB,3123810,@WAS,3,11,75,1,N/R,,,0,0,,0,0,0.0,0,0,0.0,0,0,0,-,,,,,,,,,,,,,,,,,,
Adam Prentice,DEN,RB,2188826,LAR,11,10,1,1,N/R,,,0,0,,0,0,0.0,0,0,0.0,0,0,0,0.00,,,,,,,,,,,,,,,,,,
Jacob Saylors,DET,RB,2976071,NYJ,19,6,2,1,N/R,,,0,0,,0,0,0.0,0,0,0.0,0,0,0,0.00,,,,,,,,,,,,,,,,,,
Keilan Robinson,NYJ,RB,3121310,@DET,8,13,1,1,N/R,,,0,0,,0,0,0.0,0,0,0.0,0,0,0,-,,,,,,,,,,,,,,,,,,
Kairee Robinson,SEA,RB,3121812,@WAS,3,11,1,1,N/R,,,0,0,,0,0,0.0,0,0,0.0,0,0,0,-,,,,,,,,,,,,,,,,,,
Dare Ogunbowale,HOU,RB,2010409,@IND,28,8,1,1,N/R,,,0,0,,0,0,0.0,0,0,0.0,0,0,0,-,,,,,,,,,,,,,,,,,,
Kadarius Calloway,TB,RB,29123778,MIN,4,10,1,1,N/R,,,0,0,,0,0,0.0,0,0,0.0,0,0,0,-,,,,,,,,,,,,,,,,,,
Toriano Clinton,IND,RB,29169380,HOU,2,13,1,1,N/R,,,0,0,,0,0,0.0,0,0,0.0,0,0,0,-,,,,,,,,,,,,,,,,,,
LaVance Taylor,KC,RB,2185128,@MIA,29,5,1,0,N/R,,,0,0,,0,0,0.0,0,0,0.0,0,0,0,-,,,,,,,,,,,,,,,,,,
Isiah Pacheco,DET,RB,2966551,NYJ,19,6,23,1,N/R,,,0,0,,0,0,0.0,0,0,0.0,0,0,0,-,,,,,,,,,,,,,,,,,,
Hunter Luepke,DAL,RB,2969438,BAL,15,14,1,1,N/R,,,0,0,,0,0,0.0,0,0,0.0,0,0,0,0.00,,,,,,,,,,,,,,,,,,
Jaret Patterson,MIN,RB,2964701,@TB,7,6,1,1,N/R,,,0,0,,0,0,0.0,0,0,0.0,0,0,0,-,,,,,,,,,,,,,,,,,,
Jabari Small,DET,RB,3171876,NYJ,19,6,1,1,N/R,,,0,0,,0,0,0.0,0,0,0.0,0,0,0,-,,,,,,,,,,,,,,,,,,
Lucas Scott,BAL,RB,26728625,@DAL,25,13,1,1,N/R,,,0,0,,0,0,0.0,0,0,0.0,0,0,0,-,,,,,,,,,,,,,,,,,,
John Kelly,CLE,RB,2180519,CAR,32,11,1,1,N/R,,,0,0,,0,0,0.0,0,0,0.0,0,0,0,-,,,,,,,,,,,,,,,,,,
Calvin Tyler Jr.,CIN,RB,2870612,@PIT,24,6,1,1,N/R,,,0,0,,0,0,0.0,0,0,0.0,0,0,0,-,,,,,,,,,,,,,,,,,,
Barika Kpeenu,TB,RB,26726059,MIN,4,10,1,1,N/R,,,0,0,,0,0,0.0,0,0,0.0,0,0,0,-,,,,,,,,,,,,,,,,,,
Dedrick Mills,DET,RB,2239541,NYJ,19,6,0,0,N/R,,,0,0,,0,0,0.0,0,0,0.0,0,0,0,-,,,,,,,,,,,,,,,,,,
Jawhar Jordan,HOU,RB,3121704,@IND,28,8,1,1,N/R,,,0,0,,0,0,0.0,0,0,0.0,0,0,0,-,,,,,,,,,,,,,,,,,,
Brenden Knox,KC,RB,2864720,@MIA,29,5,1,1,N/R,,,0,0,,0,0,0.0,0,0,0.0,0,0,0,-,,,,,,,,,,,,,,,,,,
Lorenzo Lingard,NYG,RB,2966652,TEN,21,8,1,1,N/R,,,0,0,,0,0,0.0,0,0,0.0,0,0,0,-,,,,,,,,,,,,,,,,,,
Miles Davis,CAR,RB,3174323,@CLE,9,5,1,1,N/R,,,0,0,,0,0,0.0,0,0,0.0,0,0,0,-,,,,,,,,,,,,,,,,,,
Bryce Love,WAS,RB,2186835,SEA,6,7,1,0,N/R,,,0,0,,0,0,0.0,0,0,0.0,0,0,0,-,,,,,,,,,,,,,,,,,,
Salvon Ahmed,CHI,RB,2815163,PHI,12,10,1,1,N/R,,,0,0,,0,0,0.0,0,0,0.0,0,0,0,-,,,,,,,,,,,,,,,,,,
TJ Harden,SEA,RB,28926779,@WAS,3,11,1,1,N/R,,,0,0,,0,0,0.0,0,0,0.0,0,0,0,-,,,,,,,,,,,,,,,,,,
Cordarrelle Patterson,PIT,RB,1996183,CIN,14,9,1,1,N/R,,,0,0,,0,0,0.0,0,0,0.0,0,0,0,-,,,,,,,,,,,,,,,,,,
Miles Sanders,DAL,RB,2251305,BAL,15,14,1,1,N/R,,,0,0,,0,0,0.0,0,0,0.0,0,0,0,-,,,,,,,,,,,,,,,,,,
Kaleb Johnson,GB,RB,28875572,ATL,1,11,17,1,45,,,6,0,,4,10,1.5,0,0,10.0,0,3,1,0.00,,,,,,,,,,,,,,,,,,
Keaontay Ingram,KC,RB,2962791,@MIA,29,5,1,1,N/R,,,0,0,,0,0,0.0,0,0,0.0,0,0,0,-,,,,,,,,,,,,,,,,,,
Christian Wade,BUF,RB,3114045,LAC,22,7,1,0,N/R,,,0,0,,0,0,0.0,0,0,0.0,0,0,0,-,,,,,,,,,,,,,,,,,,
D'Ernest Johnson,TEN,RB,3117165,@NYG,18,9,1,1,N/R,,,0,0,,0,0,0.0,0,0,0.0,0,0,0,-,,,,,,,,,,,,,,,,,,
Nick Chubb,HOU,RB,2131579,@IND,28,8,1,1,N/R,,,0,0,,0,0,0.0,0,0,0.0,0,0,0,-,,,,,,,,,,,,,,,,,,
Kendall Milton,CIN,RB,3162977,@PIT,24,6,1,1,N/R,,,0,0,,0,0,0.0,0,0,0.0,0,0,0,-,,,,,,,,,,,,,,,,,,
Montel Harris,FA,RB,1630429,BYE,---,0,1,1,N/R,,,0,0,,0,0,0.0,0,0,0.0,0,0,0,-,,,,,,,,,,,,,,,,,,
Darius Hagans,PIT,RB,29113333,CIN,14,9,1,1,N/R,,,0,0,,0,0,0.0,0,0,0.0,0,0,0,-,,,,,,,,,,,,,,,,,,
Kye Robichaux,DET,RB,26705587,NYJ,19,6,1,0,N/R,,,0,0,,0,0,0.0,0,0,0.0,0,0,0,-,,,,,,,,,,,,,,,,,,
Jonah Coleman,DEN,RB,28877250,LAR,11,10,57,1,N/R,,,0,0,,0,0,0.0,0,0,0.0,0,0,0,-,,,,,,,,,,,,,,,,,,
Frank Gore Jr.,BUF,RB,3172189,LAC,22,7,1,1,N/R,,,0,0,,0,0,0.0,0,0,0.0,0,0,0,-,,,,,,,,,,,,,,,,,,
Joe Mixon,HOU,RB,2131143,@IND,28,8,1,1,N/R,,,0,0,,0,0,0.0,0,0,0.0,0,0,0,-,,,,,,,,,,,,,,,,,,
Kay'ron Lynch-Adams,CAR,RB,3127817,@CLE,9,5,1,1,N/R,,,0,0,,0,0,0.0,0,0,0.0,0,0,0,-,,,,,,,,,,,,,,,,,,
Jack Colletto,PIT,RB,2962220,CIN,14,9,1,1,N/R,,,0,0,,0,0,0.0,0,0,0.0,0,0,0,-,,,,,,,,,,,,,,,,,,
Abram Smith,MIN,RB,2807112,@TB,7,6,1,0,N/R,,,0,0,,0,0,0.0,0,0,0.0,0,0,0,-,,,,,,,,,,,,,,,,,,
B.J. Catalon,FA,RB,1984363,BYE,---,0,1,1,N/R,,,0,0,,0,0,0.0,0,0,0.0,0,0,0,-,,,,,,,,,,,,,,,,,,
British Brooks,HOU,RB,2961993,@IND,28,8,1,1,N/R,,,0,0,,0,0,0.0,0,0,0.0,0,0,0,0.00,,,,,,,,,,,,,,,,,,
Bucky Irving,TB,RB,26693770,MIN,4,10,100,83,17,,,46,0,,15,12,3.1,0,0,6.0,0,4,2,0.00,,,,,,,,,,,,,,,,,,
J.C. Copeland,NYJ,RB,1752358,@DET,8,13,0,0,N/R,,,0,0,,0,0,0.0,0,0,0.0,0,0,0,-,,,,,,,,,,,,,,,,,,
Brady Russell,SEA,RB,2866240,@WAS,3,11,1,1,N/R,,,0,0,,0,20,0.0,0,0,20.0,0,1,1,0.00,,,,,,,,,,,,,,,,,,
Pierre Strong Jr.,GB,RB,2819247,ATL,1,11,1,1,N/R,,,0,0,,0,0,0.0,0,0,0.0,0,0,0,-,,,,,,,,,,,,,,,,,,
Jeff Wilson,MIA,RB,2925161,KC,10,6,1,1,N/R,,,0,0,,0,0,0.0,0,0,0.0,0,0,0,-,,,,,,,,,,,,,,,,,,
Sam Scott,NYJ,RB,26700754,@DET,8,13,1,1,N/R,,,0,0,,0,0,0.0,0,0,0.0,0,0,0,-,,,,,,,,,,,,,,,,,,
Robbie Ouzts,SEA,RB,26697728,@WAS,3,11,1,0,N/R,,,0,0,,0,0,0.0,0,0,0.0,0,0,0,-,,,,,,,,,,,,,,,,,,
Chris Collier,LV,RB,3161765,@NO,27,13,1,1,N/R,,,0,0,,0,0,0.0,0,0,0.0,0,0,0,-,,,,,,,,,,,,,,,,,,
Elijah Tau-Tolliver,BAL,RB,26697830,@DAL,25,13,1,1,N/R,,,0,0,,0,0,0.0,0,0,0.0,0,0,0,-,,,,,,,,,,,,,,,,,,
Trent Pennix,IND,RB,2965838,HOU,2,13,1,1,N/R,,,0,0,,0,0,0.0,0,0,0.0,0,0,0,-,,,,,,,,,,,,,,,,,,
Austin Jones,WAS,RB,3121977,SEA,6,7,1,1,N/R,,,0,0,,0,0,0.0,0,0,0.0,0,0,0,-,,,,,,,,,,,,,,,,,,
Max Hurleman,PIT,RB,3163775,CIN,14,9,1,0,N/R,,,0,0,,0,0,0.0,0,0,0.0,0,0,0,-,,,,,,,,,,,,,,,,,,
Dontae McMillan,BAL,RB,3121365,@DAL,25,13,1,0,N/R,,,0,0,,0,0,0.0,0,0,0.0,0,0,0,-,,,,,,,,,,,,,,,,,,
C.J. Ham,MIN,RB,2237239,@TB,7,6,1,1,N/R,,,0,0,,0,0,0.0,0,0,0.0,0,0,0,-,,,,,,,,,,,,,,,,,,
Jacory Croskey-Merritt,WAS,RB,3126952,SEA,6,7,96,36,28,,,36,0,,19,7,1.9,0,0,7.0,0,1,1,0.00,,,,,,,,,,,,,,,,,,
Breece Hall,NYJ,RB,3123469,@DET,8,13,100,22,N/R,,,32,0,,13,23,2.5,0,0,7.7,0,3,3,0.00,,,,,,,,,,,,,,,,,,
DJ Giddens,IND,RB,26695679,HOU,2,13,2,1,N/R,,,0,0,,0,0,0.0,0,0,0.0,0,0,0,-,,,,,,,,,,,,,,,,,,
Trayveon Williams,DET,RB,2222046,NYJ,19,6,1,1,N/R,,,0,0,,0,0,0.0,0,0,0.0,0,0,0,-,,,,,,,,,,,,,,,,,,
Taimi Tutogi,FA,RB,1679885,BYE,---,0,1,1,N/R,,,0,0,,0,0,0.0,0,0,0.0,0,0,0,-,,,,,,,,,,,,,,,,,,
Davon Booth,IND,RB,29122230,HOU,2,13,1,0,N/R,,,0,0,,0,0,0.0,0,0,0.0,0,0,0,-,,,,,,,,,,,,,,,,,,
Tank Bigsby,PHI,RB,3162021,@CHI,23,10,56,2,N/R,,,0,0,,0,5,0.0,0,1,5.0,0,1,1,0.00,,,,,,,,,,,,,,,,,,
Kenneth Harper,NYG,RB,2175119,TEN,21,8,1,0,N/R,,,0,0,,0,0,0.0,0,0,0.0,0,0,0,-,,,,,,,,,,,,,,,,,,
Alec Ingold,LAC,RB,2183930,@BUF,26,7,1,1,N/R,,,0,0,,0,35,0.0,0,0,11.7,0,4,3,0.00,,,,,,,,,,,,,,,,,,
Kareem Hunt,KC,RB,2079567,@MIA,29,5,1,1,N/R,,,0,0,,0,0,0.0,0,0,0.0,0,0,0,-,,,,,,,,,,,,,,,,,,
Tre Stewart,ARI,RB,29426636,@SF,20,14,1,1,N/R,,,0,0,,0,0,0.0,0,0,0.0,0,0,0,-,,,,,,,,,,,,,,,,,,
Louis Rees-Zammit,JAC,RB,29375761,NE,16,7,1,1,N/R,,,0,0,,0,0,0.0,0,0,0.0,0,0,0,-,,,,,,,,,,,,,,,,,,
Julius Chestnut,TEN,RB,2967664,@NYG,18,9,1,1,N/R,,,0,0,,0,0,0.0,0,0,0.0,0,0,0,0.00,,,,,,,,,,,,,,,,,,
Isaac Guerendo,SF,RB,2964154,ARI,17,8,1,1,N/R,,,0,0,,0,0,0.0,0,0,0.0,0,0,0,-,,,,,,,,,,,,,,,,,,
Isaiah Davis,NYJ,RB,26718641,@DET,8,13,5,1,N/R,,,0,0,,0,0,0.0,0,0,0.0,0,0,0,0.00,,,,,,,,,,,,,,,,,,
De'Montre Tuggle,CHI,RB,3125318,PHI,12,10,1,1,N/R,,,0,0,,0,0,0.0,0,0,0.0,0,0,0,-,,,,,,,,,,,,,,,,,,
Kobe Lewis,SEA,RB,2962483,@WAS,3,11,1,1,N/R,,,0,0,,0,0,0.0,0,0,0.0,0,0,0,-,,,,,,,,,,,,,,,,,,
Sione Vaki,DET,RB,28877349,NYJ,19,6,4,1,N/R,,,26,0,,6,11,4.3,0,0,11.0,0,1,1,0.00,,,,,,,,,,,,,,,,,,
TaMerik Williams,SEA,RB,2961275,@WAS,3,11,1,1,N/R,,,0,0,,0,0,0.0,0,0,0.0,0,0,0,-,,,,,,,,,,,,,,,,,,
George Holani,SEA,RB,3131661,@WAS,3,11,6,1,N/R,,,10,0,,3,48,3.3,0,0,9.6,0,5,5,0.00,,,,,,,,,,,,,,,,,,
Kennedy Brooks,PHI,RB,2867341,@CHI,23,10,1,0,N/R,,,0,0,,0,0,0.0,0,0,0.0,0,0,0,-,,,,,,,,,,,,,,,,,,
Coleman Bennett,MIA,RB,3163724,KC,10,6,1,1,N/R,,,0,0,,0,0,0.0,0,0,0.0,0,0,0,-,,,,,,,,,,,,,,,,,,
Nay'Quan Wright,IND,RB,3125818,HOU,2,13,1,1,N/R,,,0,0,,0,0,0.0,0,0,0.0,0,0,0,-,,,,,,,,,,,,,,,,,,
Austin Ekeler,WAS,RB,2820090,SEA,6,7,3,1,N/R,,,0,0,,0,0,0.0,0,0,0.0,0,0,0,-,,,,,,,,,,,,,,,,,,
Darnell Holland,NO,RB,3117071,LV,13,8,1,1,N/R,,,0,0,,0,0,0.0,0,0,0.0,0,0,0,-,,,,,,,,,,,,,,,,,,
Malik Davis,DAL,RB,2773009,BAL,15,14,5,1,N/R,,,0,0,,0,0,0.0,0,0,0.0,0,0,0,-,,,,,,,,,,,,,,,,,,
Stevie Scott III,ARI,RB,2967217,@SF,20,14,1,0,N/R,,,0,0,,0,0,0.0,0,0,0.0,0,0,0,-,,,,,,,,,,,,,,,,,,
Jaleel McLaughlin,CLE,RB,26725939,CAR,32,11,1,1,N/R,,,0,0,,0,0,0.0,0,0,0.0,0,0,0,0.00,,,,,,,,,,,,,,,,,,
Greg Bell,PIT,RB,3137978,CIN,14,9,1,1,N/R,,,0,0,,0,0,0.0,0,0,0.0,0,0,0,-,,,,,,,,,,,,,,,,,,
Dante Miller,NYG,RB,2961818,TEN,21,8,1,1,N/R,,,0,0,,0,0,0.0,0,0,0.0,0,0,0,-,,,,,,,,,,,,,,,,,,
Adam Choice,SEA,RB,2133458,@WAS,3,11,1,1,N/R,,,0,0,,0,0,0.0,0,0,0.0,0,0,0,-,,,,,,,,,,,,,,,,,,
Troy Hairston II,CLE,RB,2880293,CAR,32,11,1,1,N/R,,,0,0,,0,0,0.0,0,0,0.0,0,0,0,-,,,,,,,,,,,,,,,,,,
Brandon Johnson,PIT,RB,2245903,CIN,14,9,0,0,N/R,,,0,0,,0,0,0.0,0,0,0.0,0,0,0,-,,,,,,,,,,,,,,,,,,
Emmett Johnson,KC,RB,28877097,@MIA,29,5,65,2,46,,,17,0,,6,0,2.8,0,0,0.0,0,0,0,0.00,,,,,,,,,,,,,,,,,,
Deon Jackson,DET,RB,2866237,NYJ,19,6,1,1,N/R,,,0,0,,0,0,0.0,0,0,0.0,0,0,0,-,,,,,,,,,,,,,,,,,,
B.J. Baylor,ATL,RB,2868250,@GB,31,11,1,1,N/R,,,0,0,,0,0,0.0,0,0,0.0,0,0,0,-,,,,,,,,,,,,,,,,,,
Le'Veon Moss,MIA,RB,28923721,KC,10,6,1,0,N/R,,,0,0,,0,0,0.0,0,0,0.0,0,0,0,-,,,,,,,,,,,,,,,,,,
Damon Bankston,GB,RB,26725313,ATL,1,11,1,1,N/R,,,0,0,,0,0,0.0,0,0,0.0,0,0,0,-,,,,,,,,,,,,,,,,,,
DK Kaufman,SEA,RB,3161707,@WAS,3,11,0,0,N/R,,,0,0,,0,0,0.0,0,0,0.0,0,0,0,-,,,,,,,,,,,,,,,,,,
Dillon Johnson,CAR,RB,3171023,@CLE,9,5,1,1,N/R,,,0,0,,0,0,0.0,0,0,0.0,0,0,0,-,,,,,,,,,,,,,,,,,,
Lan Larison,NE,RB,3161645,@JAC,5,11,1,1,N/R,,,0,0,,0,0,0.0,0,0,0.0,0,0,0,-,,,,,,,,,,,,,,,,,,
Myles Gaskin,SEA,RB,2180360,@WAS,3,11,1,1,N/R,,,0,0,,0,0,0.0,0,0,0.0,0,0,0,-,,,,,,,,,,,,,,,,,,
Jashaun Corbin,DAL,RB,2965967,BAL,15,14,1,1,N/R,,,0,0,,0,0,0.0,0,0,0.0,0,0,0,-,,,,,,,,,,,,,,,,,,
Michael Wiley,TB,RB,3128079,MIN,4,10,1,1,N/R,,,0,0,,0,0,0.0,0,0,0.0,0,0,0,-,,,,,,,,,,,,,,,,,,
Elijah Dotson,ATL,RB,2830007,@GB,31,11,1,0,N/R,,,0,0,,0,0,0.0,0,0,0.0,0,0,0,-,,,,,,,,,,,,,,,,,,
Gary Brightwell,CIN,RB,2870531,@PIT,24,6,1,1,N/R,,,0,0,,0,0,0.0,0,0,0.0,0,0,0,-,,,,,,,,,,,,,,,,,,
Jaden Nixon,GB,RB,26727476,ATL,1,11,1,1,N/R,,,0,0,,0,0,0.0,0,0,0.0,0,0,0,-,,,,,,,,,,,,,,,,,,
Benny LeMay,CLE,RB,2258154,CAR,32,11,1,1,N/R,,,0,0,,0,0,0.0,0,0,0.0,0,0,0,-,,,,,,,,,,,,,,,,,,
Tyler Allgeier,ARI,RB,2975590,@SF,20,14,54,3,48,,,-1,0,,2,10,-0.5,0,0,2.5,0,4,4,0.00,,,,,,,,,,,,,,,,,,
Ronnie Rivers,LAR,RB,2804793,@DEN,30,11,1,1,N/R,,,0,0,,0,0,0.0,0,0,0.0,0,0,0,-,,,,,,,,,,,,,,,,,,
Brittain Brown,CHI,RB,2249805,PHI,12,10,1,1,N/R,,,0,0,,0,0,0.0,0,0,0.0,0,0,0,-,,,,,,,,,,,,,,,,,,
Rushawn Baker,NE,RB,26693659,@JAC,5,11,1,1,N/R,,,0,0,,0,0,0.0,0,0,0.0,0,0,0,-,,,,,,,,,,,,,,,,,,
Tahj Brooks,CIN,RB,3168518,@PIT,24,6,1,1,N/R,,,0,0,,0,0,0.0,0,0,0.0,0,0,0,0.00,,,,,,,,,,,,,,,,,,
Eli Heidenreich,PIT,RB,28901170,CIN,14,9,3,1,N/R,,,0,0,,0,0,0.0,0,0,0.0,0,0,0,-,,,,,,,,,,,,,,,,,,
Marcus Yarns,NO,RB,26728267,LV,13,8,1,0,N/R,,,0,0,,0,0,0.0,0,0,0.0,0,0,0,-,,,,,,,,,,,,,,,,,,
Dominic Richardson,NYJ,RB,3161882,@DET,8,13,1,1,N/R,,,0,0,,0,0,0.0,0,0,0.0,0,0,0,-,,,,,,,,,,,,,,,,,,
Sincere McCormick,SF,RB,3121308,ARI,17,8,1,1,N/R,,,0,0,,0,0,0.0,0,0,0.0,0,0,0,-,,,,,,,,,,,,,,,,,,
J.K. Dobbins,DEN,RB,2804420,LAR,11,10,95,24,30,,,49,0,,17,4,2.9,0,0,4.0,0,2,1,0.00,,,,,,,,,,,,,,,,,,
Chris Smith,SEA,RB,2962556,@WAS,3,11,1,1,N/R,,,0,0,,0,0,0.0,0,0,0.0,0,0,0,-,,,,,,,,,,,,,,,,,,
Alfonzo Graham,PIT,RB,26745241,CIN,14,9,1,1,N/R,,,0,0,,0,0,0.0,0,0,0.0,0,0,0,-,,,,,,,,,,,,,,,,,,
Deion Hankins,CHI,RB,3133199,PHI,12,10,1,1,N/R,,,0,0,,0,0,0.0,0,0,0.0,0,0,0,-,,,,,,,,,,,,,,,,,,
Justin Jones,SEA,RB,3172156,@WAS,3,11,1,1,N/R,,,0,0,,0,0,0.0,0,0,0.0,0,0,0,-,,,,,,,,,,,,,,,,,,
Jakob Johnson,HOU,RB,3114047,@IND,28,8,1,1,N/R,,,0,0,,0,0,0.0,0,0,0.0,0,0,0,-,,,,,,,,,,,,,,,,,,
Isi Sofele,FA,RB,1679913,BYE,---,0,1,0,N/R,,,0,0,,0,0,0.0,0,0,0.0,0,0,0,-,,,,,,,,,,,,,,,,,,
Jordan James,SF,RB,28916212,ARI,17,8,12,1,N/R,,,0,0,,0,0,0.0,0,0,0.0,0,0,0,0.00,,,,,,,,,,,,,,,,,,
Jackson Acker,BUF,RB,26726610,LAC,22,7,1,1,N/R,,,0,0,,0,0,0.0,0,0,0.0,0,0,0,-,,,,,,,,,,,,,,,,,,
Dylan Sampson,CLE,RB,28912068,CAR,32,11,20,1,N/R,,,0,0,,0,0,0.0,0,0,0.0,0,0,0,-,,,,,,,,,,,,,,,,,,
Taj McGowan,JAC,RB,3117391,NE,16,7,1,1,N/R,,,0,0,,0,0,0.0,0,0,0.0,0,0,0,-,,,,,,,,,,,,,,,,,,
Noah Whittington,HOU,RB,3161758,@IND,28,8,1,1,N/R,,,0,0,,0,0,0.0,0,0,0.0,0,0,0,-,,,,,,,,,,,,,,,,,,
Zack Moss,CIN,RB,2240516,@PIT,24,6,1,1,N/R,,,0,0,,0,0,0.0,0,0,0.0,0,0,0,-,,,,,,,,,,,,,,,,,,
Leddie Brown,LAC,RB,2963315,@BUF,26,7,1,0,N/R,,,0,0,,0,0,0.0,0,0,0.0,0,0,0,-,,,,,,,,,,,,,,,,,,
Ameer Abdullah,JAC,RB,1824308,NE,16,7,1,1,N/R,,,2,0,,3,0,0.7,0,0,0.0,0,1,0,0.00,,,,,,,,,,,,,,,,,,
Christopher Brooks,GB,RB,2962350,ATL,1,11,14,1,N/R,,,0,0,,0,4,0.0,0,0,4.0,0,1,1,0.00,,,,,,,,,,,,,,,,,,
Tiyon Evans,CAR,RB,26701126,@CLE,9,5,1,0,N/R,,,0,0,,0,0,0.0,0,0,0.0,0,0,0,-,,,,,,,,,,,,,,,,,,
Chase Edmonds,WAS,RB,2137507,SEA,6,7,1,1,N/R,,,0,0,,0,0,0.0,0,0,0.0,0,0,0,-,,,,,,,,,,,,,,,,,,
ZaQuandre White,MIA,RB,2864584,KC,10,6,1,0,N/R,,,0,0,,0,0,0.0,0,0,0.0,0,0,0,-,,,,,,,,,,,,,,,,,,
Cameron Scarlett,SEA,RB,3161136,@WAS,3,11,1,1,N/R,,,0,0,,0,0,0.0,0,0,0.0,0,0,0,-,,,,,,,,,,,,,,,,,,
Deneric Prince,NE,RB,2964540,@JAC,5,11,1,1,N/R,,,0,0,,0,0,0.0,0,0,0.0,0,0,0,-,,,,,,,,,,,,,,,,,,
Anthony Hankerson,SEA,RB,28900555,@WAS,3,11,1,1,N/R,,,0,0,,0,0,0.0,0,0,0.0,0,0,0,-,,,,,,,,,,,,,,,,,,
Joshua Kelley,TEN,RB,2183195,@NYG,18,9,1,1,N/R,,,0,0,,0,0,0.0,0,0,0.0,0,0,0,-,,,,,,,,,,,,,,,,,,
Alvin Kamara,NO,RB,2082721,LV,13,8,76,17,31,,,36,0,,9,5,4.0,0,0,5.0,0,1,1,0.00,,,,,,,,,,,,,,,,,,
Alex Tecza,PIT,RB,28908694,CIN,14,9,0,0,N/R,,,0,0,,0,0,0.0,0,0,0.0,0,0,0,-,,,,,,,,,,,,,,,,,,
Christopher Ezeala,BAL,RB,2926929,@DAL,25,13,0,0,N/R,,,0,0,,0,0,0.0,0,0,0.0,0,0,0,-,,,,,,,,,,,,,,,,,,
Tyler Goodson,DAL,RB,3122473,BAL,15,14,2,1,N/R,,,22,0,,6,-5,3.7,0,0,-5.0,0,1,1,0.00,,,,,,,,,,,,,,,,,,
Zamir White,NO,RB,2963641,LV,13,8,1,1,N/R,,,0,0,,0,0,0.0,0,0,0.0,0,0,0,-,,,,,,,,,,,,,,,,,,
Najee Harris,NYG,RB,2741200,TEN,21,8,15,1,N/R,,,52,0,,9,0,5.8,0,0,0.0,0,0,0,0.00,,,,,,,,,,,,,,,,,,
Micah Bernard,NE,RB,3122912,@JAC,5,11,1,1,N/R,,,0,0,,0,0,0.0,0,0,0.0,0,0,0,-,,,,,,,,,,,,,,,,,,
Jaydn Ott,KC,RB,28876778,@MIA,29,5,1,1,N/R,,,0,0,,0,0,0.0,0,0,0.0,0,0,0,-,,,,,,,,,,,,,,,,,,
Jacardia Wright,SEA,RB,3124997,@WAS,3,11,1,1,N/R,,,0,0,,0,0,0.0,0,0,0.0,0,0,0,-,,,,,,,,,,,,,,,,,,
Josh Hokit,ARI,RB,2257897,@SF,20,14,1,1,N/R,,,0,0,,0,0,0.0,0,0,0.0,0,0,0,-,,,,,,,,,,,,,,,,,,
Kaelon Black,SF,RB,3162599,ARI,17,8,84,4,44,,,17,0,,4,0,4.2,0,0,0.0,0,1,0,0.00,,,,,,,,,,,,,,,,,,
Ricky Person Jr.,SEA,RB,2966141,@WAS,3,11,1,1,N/R,,,0,0,,0,0,0.0,0,0,0.0,0,0,0,-,,,,,,,,,,,,,,,,,,
Jordan Mason,MIN,RB,2967536,@TB,7,6,79,1,N/R,,,0,0,,0,0,0.0,0,0,0.0,0,0,0,-,,,,,,,,,,,,,,,,,,
Carlos Washington Jr.,MIA,RB,2867377,KC,10,6,1,1,N/R,,,0,0,,0,0,0.0,0,0,0.0,0,0,0,-,,,,,,,,,,,,,,,,,,
Ulysses Bentley IV,IND,RB,3125140,HOU,2,13,1,0,N/R,,,0,0,,0,0,0.0,0,0,0.0,0,0,0,-,,,,,,,,,,,,,,,,,,
Emari Demercado,DAL,RB,2964372,BAL,15,14,8,1,N/R,,,0,0,,0,0,0.0,0,0,0.0,0,0,0,-,,,,,,,,,,,,,,,,,,
Ty Johnson,BUF,RB,2179323,LAC,22,7,5,1,N/R,,,0,0,,0,50,0.0,0,0,12.5,0,4,4,0.00,,,,,,,,,,,,,,,,,,
Velus Jones Jr.,SEA,RB,2242764,@WAS,3,11,1,1,N/R,,,0,0,,0,0,0.0,0,0,0.0,0,0,0,0.00,,,,,,,,,,,,,,,,,,
Chris Evans,CIN,RB,2260647,@PIT,24,6,1,1,N/R,,,0,0,,0,0,0.0,0,0,0.0,0,0,0,-,,,,,,,,,,,,,,,,,,
Jarveon Howard,BUF,RB,2965481,LAC,22,7,1,0,N/R,,,0,0,,0,0,0.0,0,0,0.0,0,0,0,-,,,,,,,,,,,,,,,,,,
TJ Pledger,ARI,RB,2963440,@SF,20,14,1,1,N/R,,,0,0,,0,0,0.0,0,0,0.0,0,0,0,-,,,,,,,,,,,,,,,,,,
Seth McGowan,IND,RB,3161581,HOU,2,13,7,1,N/R,,,14,0,,4,0,3.5,0,0,0.0,0,0,0,0.00,,,,,,,,,,,,,,,,,,
Tyjae Spears,TEN,RB,3122588,@NYG,18,9,49,3,42,,,5,0,,3,0,1.7,0,0,0.0,0,0,0,0.00,,,,,,,,,,,,,,,,,,
Garrett Groshek,MIN,RB,2251875,@TB,7,6,1,1,N/R,,,0,0,,0,0,0.0,0,0,0.0,0,0,0,-,,,,,,,,,,,,,,,,,,
Tre Harbison III,CLE,RB,2239576,CAR,32,11,0,0,N/R,,,0,0,,0,0,0.0,0,0,0.0,0,0,0,-,,,,,,,,,,,,,,,,,,
Tyrone Tracy Jr.,NYG,RB,2963637,TEN,21,8,16,1,N/R,,,3,0,,1,0,3.0,0,0,0.0,0,0,0,0.00,,,,,,,,,,,,,,,,,,
D'Onta Foreman,CLE,RB,2139847,CAR,32,11,1,1,N/R,,,0,0,,0,0,0.0,0,0,0.0,0,0,0,-,,,,,,,,,,,,,,,,,,
Clint Ratkovich,ATL,RB,2241761,@GB,31,11,0,0,N/R,,,0,0,,0,0,0.0,0,0,0.0,0,0,0,-,,,,,,,,,,,,,,,,,,
Brock Lampe,SEA,RB,26701144,@WAS,3,11,1,1,N/R,,,0,0,,0,0,0.0,0,0,0.0,0,0,0,-,,,,,,,,,,,,,,,,,,
Pete Guerriero,PIT,RB,3172327,CIN,14,9,1,1,N/R,,,0,0,,0,0,0.0,0,0,0.0,0,0,0,-,,,,,,,,,,,,,,,,,,
Aaron Shampklin,MIA,RB,2820186,KC,10,6,1,0,N/R,,,0,0,,0,0,0.0,0,0,0.0,0,0,0,-,,,,,,,,,,,,,,,,,,
AJ Dillon,CAR,RB,2867083,@CLE,9,5,5,1,N/R,,,16,0,,4,-2,4.0,0,0,-2.0,0,1,1,0.00,,,,,,,,,,,,,,,,,,
David Montgomery,HOU,RB,2261252,@IND,28,8,100,82,23,,,33,0,,11,15,3.0,0,0,7.5,0,2,2,0.00,,,,,,,,,,,,,,,,,,
Anthony Tyus III,CAR,RB,26696862,@CLE,9,5,1,1,N/R,,,0,0,,0,0,0.0,0,0,0.0,0,0,0,0.00,,,,,,,,,,,,,,,,,,
Sandro Platzgummer,NYG,RB,3168435,TEN,21,8,1,1,N/R,,,0,0,,0,0,0.0,0,0,0.0,0,0,0,-,,,,,,,,,,,,,,,,,,
Damien Martinez,GB,RB,28873395,ATL,1,11,1,1,N/R,,,0,0,,0,0,0.0,0,0,0.0,0,0,0,-,,,,,,,,,,,,,,,,,,
Nick Brossette,DET,RB,2180613,NYJ,19,6,1,1,N/R,,,0,0,,0,0,0.0,0,0,0.0,0,0,0,-,,,,,,,,,,,,,,,,,,
Javian Hawkins,LAR,RB,2965989,@DEN,30,11,1,0,N/R,,,0,0,,0,0,0.0,0,0,0.0,0,0,0,-,,,,,,,,,,,,,,,,,,
MarShawn Lloyd,GB,RB,3162514,ATL,1,11,73,11,41,,,11,0,,4,7,2.8,0,0,3.5,0,3,2,0.00,,,,,,,,,,,,,,,,,,
Braelon Allen,NYJ,RB,26726580,@DET,8,13,90,45,21,,,14,0,,4,3,3.5,0,0,1.0,0,3,3,0.00,,,,,,,,,,,,,,,,,,
Shermari Jones,CIN,RB,3162906,@PIT,24,6,1,1,N/R,,,0,0,,0,0,0.0,0,0,0.0,0,0,0,-,,,,,,,,,,,,,,,,,,
Zonovan Knight,ARI,RB,3121860,@SF,20,14,1,1,N/R,,,0,0,,0,0,0.0,0,0,0.0,0,0,0,0.00,,,,,,,,,,,,,,,,,,
Nyheim Miller-Hines,NO,RB,2183832,LV,13,8,1,1,N/R,,,0,0,,0,0,0.0,0,0,0.0,0,0,0,-,,,,,,,,,,,,,,,,,,
Cam Akers,SEA,RB,2804034,@WAS,3,11,1,1,N/R,,,0,0,,0,0,0.0,0,0,0.0,0,0,0,-,,,,,,,,,,,,,,,,,,
Darrin Hall,PIT,RB,3116786,CIN,14,9,1,1,N/R,,,0,0,,0,0,0.0,0,0,0.0,0,0,0,-,,,,,,,,,,,,,,,,,,
Ronald Awatt,SF,RB,2805483,ARI,17,8,1,0,N/R,,,0,0,,0,0,0.0,0,0,0.0,0,0,0,-,,,,,,,,,,,,,,,,,,
Jase McClellan,TB,RB,3162688,MIN,4,10,1,1,N/R,,,0,0,,0,0,0.0,0,0,0.0,0,0,0,-,,,,,,,,,,,,,,,,,,
Robert Burns,ATL,RB,2804092,@GB,31,11,1,1,N/R,,,0,0,,0,0,0.0,0,0,0.0,0,0,0,-,,,,,,,,,,,,,,,,,,
Jalen Jackson,JAC,RB,2968156,NE,16,7,1,1,N/R,,,0,0,,0,0,0.0,0,0,0.0,0,0,0,-,,,,,,,,,,,,,,,,,,
Matt Colburn,JAC,RB,3117152,NE,16,7,1,0,N/R,,,0,0,,0,0,0.0,0,0,0.0,0,0,0,-,,,,,,,,,,,,,,,,,,
Trabis Ward,FA,RB,1705702,BYE,---,0,1,1,N/R,,,0,0,,0,0,0.0,0,0,0.0,0,0,0,-,,,,,,,,,,,,,,,,,,
Tyler Hoosman,LAC,RB,2866762,@BUF,26,7,1,1,N/R,,,0,0,,0,0,0.0,0,0,0.0,0,0,0,-,,,,,,,,,,,,,,,,,,
Jamaal Williams,NO,RB,2001287,LV,13,8,1,1,N/R,,,0,0,,0,0,0.0,0,0,0.0,0,0,0,-,,,,,,,,,,,,,,,,,,
Lawrance Toafili,NYJ,RB,3164862,@DET,8,13,1,0,N/R,,,0,0,,0,0,0.0,0,0,0.0,0,0,0,-,,,,,,,,,,,,,,,,,,
Daijun Edwards,PIT,RB,3163944,CIN,14,9,1,1,N/R,,,0,0,,0,0,0.0,0,0,0.0,0,0,0,-,,,,,,,,,,,,,,,,,,
Amar Johnson,LAC,RB,26745358,@BUF,26,7,1,1,N/R,,,0,0,,0,0,0.0,0,0,0.0,0,0,0,-,,,,,,,,,,,,,,,,,,
Mark Thompson,LV,RB,2925520,@NO,27,13,1,0,N/R,,,0,0,,0,0,0.0,0,0,0.0,0,0,0,-,,,,,,,,,,,,,,,,,,
Omarion Hampton,LAC,RB,28908905,@BUF,26,7,100,80,22,,,56,0,,15,0,3.7,0,0,0.0,0,1,0,0.00,,,,,,,,,,,,,,,,,,
Dy'Shawn Mobley,CIN,RB,1995653,@PIT,24,6,1,1,N/R,,,0,0,,0,0,0.0,0,0,0.0,0,0,0,-,,,,,,,,,,,,,,,,,,
Samaje Perine,CIN,RB,2131148,@PIT,24,6,12,1,N/R,,,9,0,,3,5,3.0,0,0,5.0,0,3,1,0.00,,,,,,,,,,,,,,,,,,
Deuce Vaughn,HOU,RB,3168666,@IND,28,8,1,1,N/R,,,0,0,,0,0,0.0,0,0,0.0,0,0,0,-,,,,,,,,,,,,,,,,,,
Titus Swen,IND,RB,3122982,HOU,2,13,1,1,N/R,,,0,0,,0,0,0.0,0,0,0.0,0,0,0,-,,,,,,,,,,,,,,,,,,
Devin Singletary,NYG,RB,2241251,TEN,21,8,12,1,N/R,,,0,0,,0,0,0.0,0,0,0.0,0,0,0,-,,,,,,,,,,,,,,,,,,
James Conner,ARI,RB,2071585,@SF,20,14,12,1,N/R,,,0,0,,0,0,0.0,0,0,0.0,0,0,0,-,,,,,,,,,,,,,,,,,,
Nate Noel,IND,RB,3172309,HOU,2,13,1,1,N/R,,,0,0,,0,0,0.0,0,0,0.0,0,0,0,-,,,,,,,,,,,,,,,,,,
Audric Estime,NO,RB,26713577,LV,13,8,1,1,N/R,,,0,0,,0,0,0.0,0,0,0.0,0,0,0,-,,,,,,,,,,,,,,,,,,
Jarquez Hunter,MIA,RB,26700820,KC,10,6,1,1,N/R,,,0,0,,0,0,0.0,0,0,0.0,0,0,0,-,,,,,,,,,,,,,,,,,,
Nicholas Singleton,TEN,RB,28876754,@NYG,18,9,9,1,N/R,,,0,0,,0,0,0.0,0,0,0.0,0,0,0,0.00,,,,,,,,,,,,,,,,,,
Aca'Cedric Ware,TB,RB,3127655,MIN,4,10,1,0,N/R,,,0,0,,0,0,0.0,0,0,0.0,0,0,0,-,,,,,,,,,,,,,,,,,,
Valentine Holmes,NYJ,RB,3114048,@DET,8,13,1,1,N/R,,,0,0,,0,0,0.0,0,0,0.0,0,0,0,-,,,,,,,,,,,,,,,,,,
Jawon Chisholm,PIT,RB,2185207,CIN,14,9,1,0,N/R,,,0,0,,0,0,0.0,0,0,0.0,0,0,0,-,,,,,,,,,,,,,,,,,,
Sam Schnee,TEN,RB,2968047,@NYG,18,9,1,1,N/R,,,0,0,,0,0,0.0,0,0,0.0,0,0,0,-,,,,,,,,,,,,,,,,,,
Kentrel Bullock,CIN,RB,3168827,@PIT,24,6,1,1,N/R,,,0,0,,0,0,0.0,0,0,0.0,0,0,0,-,,,,,,,,,,,,,,,,,,
Isaiah Bowser,BUF,RB,2966767,LAC,22,7,1,1,N/R,,,0,0,,0,0,0.0,0,0,0.0,0,0,0,-,,,,,,,,,,,,,,,,,,
Travis Homer,PIT,RB,2249831,CIN,14,9,1,1,N/R,,,0,0,,1,0,0.0,0,0,0.0,0,0,0,0.00,,,,,,,,,,,,,,,,,,
DeWayne McBride,MIN,RB,3168024,@TB,7,6,1,1,N/R,,,0,0,,0,0,0.0,0,0,0.0,0,0,0,-,,,,,,,,,,,,,,,,,,
Camerun Peoples,CAR,RB,2967422,@CLE,9,5,1,0,N/R,,,0,0,,0,0,0.0,0,0,0.0,0,0,0,-,,,,,,,,,,,,,,,,,,
Isaiah Spiller,LV,RB,3131703,@NO,27,13,1,1,N/R,,,0,0,,0,0,0.0,0,0,0.0,0,0,0,-,,,,,,,,,,,,,,,,,,
JaMycal Hasty,NE,RB,2189504,@JAC,5,11,1,1,N/R,,,0,0,,0,0,0.0,0,0,0.0,0,0,0,-,,,,,,,,,,,,,,,,,,
Jordan Mims,PHI,RB,2804786,@CHI,23,10,1,1,N/R,,,0,0,,0,0,0.0,0,0,0.0,0,0,0,-,,,,,,,,,,,,,,,,,,
Clyde Edwards-Helaire,KC,RB,2804554,@MIA,29,5,1,1,N/R,,,0,0,,0,0,0.0,0,0,0.0,0,0,0,-,,,,,,,,,,,,,,,,,,
Zach Ojile,MIN,RB,29118586,@TB,7,6,1,1,N/R,,,0,0,,0,0,0.0,0,0,0.0,0,0,0,-,,,,,,,,,,,,,,,,,,
Darius Clark,CAR,RB,26642430,@CLE,9,5,1,1,N/R,,,0,0,,0,0,0.0,0,0,0.0,0,0,0,-,,,,,,,,,,,,,,,,,,
Jordan Byrd,PIT,RB,2969002,CIN,14,9,1,1,N/R,,,0,0,,0,0,0.0,0,0,0.0,0,0,0,-,,,,,,,,,,,,,,,,,,
Montrell Johnson Jr.,CAR,RB,26699807,@CLE,9,5,1,1,N/R,,,0,0,,0,0,0.0,0,0,0.0,0,0,0,-,,,,,,,,,,,,,,,,,,
Owen Wright,HOU,RB,2818062,@IND,28,8,1,1,N/R,,,0,0,,0,0,0.0,0,0,0.0,0,0,0,-,,,,,,,,,,,,,,,,,,
De'Von Achane,MIA,RB,3171161,KC,10,6,51,16,N/R,,,17,0,,3,0,5.7,0,0,0.0,0,1,0,0.00,,,,,,,,,,,,,,,,,,
Jaydon Blue,PHI,RB,28875227,@CHI,23,10,2,1,N/R,,,0,0,,0,0,0.0,0,0,0.0,0,0,0,-,,,,,,,,,,,,,,,,,,
Jared Baker,ARI,RB,1824667,@SF,20,14,1,1,N/R,,,0,0,,0,0,0.0,0,0,0.0,0,0,0,-,,,,,,,,,,,,,,,,,,
Robert Henry Jr.,WAS,RB,29123025,SEA,6,7,1,0,N/R,,,0,0,,0,0,0.0,0,0,0.0,0,0,0,-,,,,,,,,,,,,,,,,,,
Grant Finley,NYG,RB,50063058,TEN,21,8,1,1,N/R,,,0,0,,0,0,0.0,0,0,0.0,0,0,0,-,,,,,,,,,,,,,,,,,,
Aaron Dykes,MIN,RB,2964516,@TB,7,6,1,1,N/R,,,0,0,,0,0,0.0,0,0,0.0,0,0,0,-,,,,,,,,,,,,,,,,,,
Austin Ramesh,ARI,RB,2926510,@SF,20,14,1,1,N/R,,,0,0,,0,0,0.0,0,0,0.0,0,0,0,-,,,,,,,,,,,,,,,,,,
Tyler Badie,DEN,RB,2964494,LAR,11,10,1,1,N/R,,,2,0,,1,12,2.0,0,0,12.0,0,1,1,0.00,,,,,,,,,,,,,,,,,,
Roydell Williams,DET,RB,3162757,NYJ,19,6,1,1,N/R,,,0,0,,0,0,0.0,0,0,0.0,0,0,0,-,,,,,,,,,,,,,,,,,,
Jordan Waters,LAR,RB,3124649,@DEN,30,11,1,1,N/R,,,0,0,,0,0,0.0,0,0,0.0,0,0,0,-,,,,,,,,,,,,,,,,,,
DJ Williams,TB,RB,3122835,MIN,4,10,1,1,N/R,,,0,0,,0,0,0.0,0,0,0.0,0,0,0,-,,,,,,,,,,,,,,,,,,
Tyreik McAllister,LV,RB,28867646,@NO,27,13,1,0,N/R,,,0,0,,0,0,0.0,0,0,0.0,0,0,0,-,,,,,,,,,,,,,,,,,,
Michael Carter,TEN,RB,2804075,@NYG,18,9,1,1,N/R,,,0,0,,0,0,0.0,0,0,0.0,0,0,0,-,,,,,,,,,,,,,,,,,,
Jonathon Brooks,CAR,RB,26730706,@CLE,9,5,51,1,N/R,,,0,0,,0,0,0.0,0,0,0.0,0,0,0,-,,,,,,,,,,,,,,,,,,
Phil Mafah,NYG,RB,26695049,TEN,21,8,1,1,N/R,,,0,0,,0,0,0.0,0,0,0.0,0,0,0,-,,,,,,,,,,,,,,,,,,
Alexander Mattison,MIA,RB,2257933,KC,10,6,1,1,N/R,,,0,0,,0,0,0.0,0,0,0.0,0,0,0,-,,,,,,,,,,,,,,,,,,
Adam Randall,BAL,RB,28878514,@DAL,25,13,6,1,N/R,,,0,0,,0,0,0.0,0,0,0.0,0,0,0,-,,,,,,,,,,,,,,,,,,
Lincoln Pare,IND,RB,3162885,HOU,2,13,1,1,N/R,,,0,0,,0,0,0.0,0,0,0.0,0,0,0,-,,,,,,,,,,,,,,,,,,
Devin Neal,NO,RB,26703005,LV,13,8,1,1,N/R,,,0,0,,0,0,0.0,0,0,0.0,0,0,0,-,,,,,,,,,,,,,,,,,,
J.J. Taylor,HOU,RB,2252786,@IND,28,8,1,0,N/R,,,0,0,,0,0,0.0,0,0,0.0,0,0,0,-,,,,,,,,,,,,,,,,,,
Michael Burton,CLE,RB,1759407,CAR,32,11,1,1,N/R,,,0,0,,0,0,0.0,0,0,0.0,0,1,0,0.00,,,,,,,,,,,,,,,,,,
Brashard Smith,KC,RB,26694196,@MIA,29,5,2,1,N/R,,,0,0,,0,4,0.0,0,0,4.0,0,1,1,0.00,,,,,,,,,,,,,,,,,,
Xavier Turner,SEA,RB,3117016,@WAS,3,11,1,0,N/R,,,0,0,,0,0,0.0,0,0,0.0,0,0,0,-,,,,,,,,,,,,,,,,,,
CJ Marable,NE,RB,2239828,@JAC,5,11,0,0,N/R,,,0,0,,0,0,0.0,0,0,0.0,0,0,0,-,,,,,,,,,,,,,,,,,,
Terrance Cobb,LV,RB,2130333,@NO,27,13,1,1,N/R,,,0,0,,0,0,0.0,0,0,0.0,0,0,0,-,,,,,,,,,,,,,,,,,,
Noah Cain,CIN,RB,3122713,@PIT,24,6,1,1,N/R,,,0,0,,0,0,0.0,0,0,0.0,0,0,0,-,,,,,,,,,,,,,,,,,,
Nick Sharga,LV,RB,2925439,@NO,27,13,0,0,N/R,,,0,0,,0,0,0.0,0,0,0.0,0,0,0,-,,,,,,,,,,,,,,,,,,
Rasheen Ali,BAL,RB,3168797,@DAL,25,13,1,1,N/R,,,0,0,,0,0,0.0,0,0,0.0,0,0,0,0.00,,,,,,,,,,,,,,,,,,
Corey Taylor II,CLE,RB,26734864,CAR,32,11,0,0,N/R,,,0,0,,0,0,0.0,0,0,0.0,0,0,0,-,,,,,,,,,,,,,,,,,,
Nate Carter,KC,RB,3163182,@MIA,29,5,1,1,N/R,,,0,0,,0,0,0.0,0,0,0.0,0,0,0,-,,,,,,,,,,,,,,,,,,
Nathaniel Peat,DAL,RB,3121003,BAL,15,14,1,1,N/R,,,0,0,,0,0,0.0,0,0,0.0,0,0,0,-,,,,,,,,,,,,,,,,,,
Ray Davis,BUF,RB,3123108,LAC,22,7,14,1,N/R,,,0,0,,0,0,0.0,0,0,0.0,0,0,0,0.00,,,,,,,,,,,,,,,,,,
Sone Ntoh,BAL,RB,3121137,@DAL,25,13,0,0,N/R,,,0,0,,0,0,0.0,0,0,0.0,0,0,0,-,,,,,,,,,,,,,,,,,,
Ahmani Marshall,CAR,RB,3162108,@CLE,9,5,1,1,N/R,,,0,0,,0,0,0.0,0,0,0.0,0,0,0,-,,,,,,,,,,,,,,,,,,
Raheem Mostert,LV,RB,2174957,@NO,27,13,1,1,N/R,,,0,0,,0,0,0.0,0,0,0.0,0,0,0,-,,,,,,,,,,,,,,,,,,
Bruce Anderson,IND,RB,2190739,HOU,2,13,1,1,N/R,,,0,0,,0,0,0.0,0,0,0.0,0,0,0,-,,,,,,,,,,,,,,,,,,
EJ Smith,KC,RB,3163764,@MIA,29,5,1,0,N/R,,,0,0,,0,0,0.0,0,0,0.0,0,0,0,-,,,,,,,,,,,,,,,,,,
Donovan Edwards,MIA,RB,26697211,KC,10,6,1,1,N/R,,,0,0,,0,0,0.0,0,0,0.0,0,0,0,-,,,,,,,,,,,,,,,,,,
Cody Schrader,DEN,RB,28876935,LAR,11,10,1,0,N/R,,,0,0,,0,0,0.0,0,0,0.0,0,0,0,-,,,,,,,,,,,,,,,,,,
Tayon Fleet-Davis,KC,RB,2804284,@MIA,29,5,1,1,N/R,,,0,0,,0,0,0.0,0,0,0.0,0,0,0,-,,,,,,,,,,,,,,,,,,
Rodney Anderson,CIN,RB,2179644,@PIT,24,6,1,1,N/R,,,0,0,,0,0,0.0,0,0,0.0,0,0,0,-,,,,,,,,,,,,,,,,,,
Kene Nwangwu,NYJ,RB,2261254,@DET,8,13,1,1,N/R,,,0,0,,0,0,0.0,0,0,0.0,0,0,0,-,,,,,,,,,,,,,,,,,,
Jadarian Price,SEA,RB,28875230,@WAS,3,11,98,42,27,,,15,0,,5,7,3.0,0,1,7.0,0,3,1,0.00,,,,,,,,,,,,,,,,,,
Jordan Ellis,CIN,RB,2139040,@PIT,24,6,1,0,N/R,,,0,0,,0,0,0.0,0,0,0.0,0,0,0,-,,,,,,,,,,,,,,,,,,
Jerrion Ealy,KC,RB,3126859,@MIA,29,5,1,1,N/R,,,0,0,,0,0,0.0,0,0,0.0,0,0,0,-,,,,,,,,,,,,,,,,,,
Khalan Laborn,SF,RB,2867448,ARI,17,8,1,0,N/R,,,0,0,,0,0,0.0,0,0,0.0,0,0,0,-,,,,,,,,,,,,,,,,,,
Kalel Mullings,TEN,RB,3169471,@NYG,18,9,1,1,N/R,,,0,0,,0,0,0.0,0,0,0.0,0,0,0,-,,,,,,,,,,,,,,,,,,
A.J. Rose,LAR,RB,2245147,@DEN,30,11,1,1,N/R,,,0,0,,0,0,0.0,0,0,0.0,0,0,0,-,,,,,,,,,,,,,,,,,,
Will Shipley,PHI,RB,26699119,@CHI,23,10,2,1,N/R,,,0,0,,0,11,0.0,0,0,11.0,0,2,1,0.00,,,,,,,,,,,,,,,,,,
Jaden Shirden,CAR,RB,26693614,@CLE,9,5,1,1,N/R,,,0,0,,0,0,0.0,0,0,0.0,0,0,0,-,,,,,,,,,,,,,,,,,,
Andrew Beck,NYJ,RB,2131774,@DET,8,13,1,1,N/R,,,0,0,,0,0,0.0,0,0,0.0,0,0,0,0.00,,,,,,,,,,,,,,,,,,
Trey Benson,ARI,RB,3176915,@SF,20,14,2,1,N/R,,,0,0,,0,0,0.0,0,0,0.0,0,0,0,-,,,,,,,,,,,,,,,,,,
Jaylen Wright,MIA,RB,26698774,KC,10,6,49,3,39,,,0,0,,0,0,0.0,0,0,0.0,0,0,0,-,,,,,,,,,,,,,,,,,,
Raheem Blackshear,DET,RB,2870476,NYJ,19,6,1,1,N/R,,,0,0,,0,0,0.0,0,0,0.0,0,0,0,-,,,,,,,,,,,,,,,,,,
Kimani Vidal,LAC,RB,3163421,@BUF,26,7,7,1,N/R,,,6,0,,1,14,6.0,0,0,14.0,0,3,1,0.00,,,,,,,,,,,,,,,,,,
Reggie Gilliam,NE,RB,3161112,@JAC,5,11,1,1,N/R,,,0,0,,0,0,0.0,0,0,0.0,0,0,0,0.00,,,,,,,,,,,,,,,,,,
George Aston,NYG,RB,3116741,TEN,21,8,1,1,N/R,,,0,0,,0,0,0.0,0,0,0.0,0,0,0,-,,,,,,,,,,,,,,,,,,
Kendre Miller,NO,RB,3162256,LV,13,8,27,5,37,,,14,0,,4,5,3.5,0,0,2.5,0,3,2,0.00,,,,,,,,,,,,,,,,,,
Rakeem Boyd,DET,RB,2260196,NYJ,19,6,1,0,N/R,,,0,0,,0,0,0.0,0,0,0.0,0,0,0,-,,,,,,,,,,,,,,,,,,
DeeJay Dallas,MIN,RB,2804094,@TB,7,6,2,1,N/R,,,2,0,,1,0,2.0,0,0,0.0,0,0,0,0.00,,,,,,,,,,,,,,,,,,
Patrick Ricard,NYG,RB,2818911,TEN,21,8,1,1,N/R,,,0,0,,0,0,0.0,0,0,0.0,0,0,0,0.00,,,,,,,,,,,,,,,,,,
Gus Edwards,LAC,RB,2925410,@BUF,26,7,1,1,N/R,,,0,0,,0,0,0.0,0,0,0.0,0,0,0,-,,,,,,,,,,,,,,,,,,
Khalil Herbert,SF,RB,2253041,ARI,17,8,1,1,N/R,,,0,0,,0,0,0.0,0,0,0.0,0,0,0,-,,,,,,,,,,,,,,,,,,
Bryant Koback,SEA,RB,2803780,@WAS,3,11,1,1,N/R,,,0,0,,0,0,0.0,0,0,0.0,0,0,0,-,,,,,,,,,,,,,,,,,,
Kevin Marks Jr.,LAC,RB,2868972,@BUF,26,7,1,0,N/R,,,0,0,,0,0,0.0,0,0,0.0,0,0,0,-,,,,,,,,,,,,,,,,,,
Quali Conley,CIN,RB,3164735,@PIT,24,6,1,1,N/R,,,0,0,,0,0,0.0,0,0,0.0,0,0,0,-,,,,,,,,,,,,,,,,,,
Roschon Johnson,CHI,RB,3121395,PHI,12,10,2,1,N/R,,,0,0,,0,0,0.0,0,0,0.0,0,0,0,0.00,,,,,,,,,,,,,,,,,,
Eli Wilson,CLE,RB,3172301,CAR,32,11,1,1,N/R,,,0,0,,0,0,0.0,0,0,0.0,0,0,0,-,,,,,,,,,,,,,,,,,,
Ian Wheeler,BUF,RB,3126061,LAC,22,7,1,1,N/R,,,0,0,,0,0,0.0,0,0,0.0,0,0,0,-,,,,,,,,,,,,,,,,,,
Justice Hill,BAL,RB,2250388,@DAL,25,13,19,1,N/R,,,33,0,,5,0,6.6,0,0,0.0,0,0,0,0.00,,,,,,,,,,,,,,,,,,
Devon Ramsay,FA,RB,1243006,BYE,---,0,1,1,N/R,,,0,0,,0,0,0.0,0,0,0.0,0,0,0,-,,,,,,,,,,,,,,,,,,
Rico Dowdle,PIT,RB,2252798,CIN,14,9,84,3,N/R,,,0,0,,0,0,0.0,0,0,0.0,0,0,0,-,,,,,,,,,,,,,,,,,,
Anderson Castle,IND,RB,3172308,HOU,2,13,1,1,N/R,,,0,0,,0,0,0.0,0,0,0.0,0,0,0,-,,,,,,,,,,,,,,,,,,
Ellis Merriweather,GB,RB,3161644,ATL,1,11,1,1,N/R,,,0,0,,0,0,0.0,0,0,0.0,0,0,0,-,,,,,,,,,,,,,,,,,,
Trevor Etienne,CAR,RB,28901419,@CLE,9,5,2,1,N/R,,,0,0,,0,0,0.0,0,0,0.0,0,0,0,-,,,,,,,,,,,,,,,,,,
Demond Claiborne,MIN,RB,28883197,@TB,7,6,8,1,N/R,,,1,0,,3,0,0.3,0,0,0.0,0,0,0,0.00,,,,,,,,,,,,,,,,,,
Dee Hart,FA,RB,1824784,BYE,---,0,1,0,N/R,,,0,0,,0,0,0.0,0,0,0.0,0,0,0,-,,,,,,,,,,,,,,,,,,
Blake Watson,TEN,RB,2963426,@NYG,18,9,1,1,N/R,,,0,0,,0,0,0.0,0,0,0.0,0,0,0,-,,,,,,,,,,,,,,,,,,
Kamryn Pettway,MIN,RB,2139794,@TB,7,6,1,1,N/R,,,0,0,,0,0,0.0,0,0,0.0,0,0,0,-,,,,,,,,,,,,,,,,,,
Xazavian Valladay,MIN,RB,2867484,@TB,7,6,1,1,N/R,,,0,0,,0,0,0.0,0,0,0.0,0,0,0,-,,,,,,,,,,,,,,,,,,
Markese Stepp,NYJ,RB,2965517,@DET,8,13,1,1,N/R,,,0,0,,0,0,0.0,0,0,0.0,0,0,0,-,,,,,,,,,,,,,,,,,,
Elijah Mitchell,PHI,RB,2819876,@CHI,23,10,1,1,N/R,,,0,0,,0,0,0.0,0,0,0.0,0,0,0,-,,,,,,,,,,,,,,,,,,
Mason Stokke,CAR,RB,2251890,@CLE,9,5,1,1,N/R,,,0,0,,0,0,0.0,0,0,0.0,0,0,0,-,,,,,,,,,,,,,,,,,,
Deshaun Fenwick,GB,RB,2965278,ATL,1,11,1,0,N/R,,,0,0,,0,0,0.0,0,0,0.0,0,0,0,-,,,,,,,,,,,,,,,,,,
Karan Higdon,HOU,RB,2185711,@IND,28,8,1,1,N/R,,,0,0,,0,0,0.0,0,0,0.0,0,0,0,-,,,,,,,,,,,,,,,,,,
DJ Herman,MIA,RB,26734114,KC,10,6,1,1,N/R,,,0,0,,0,0,0.0,0,0,0.0,0,0,0,0.00,,,,,,,,,,,,,,,,,,
Ja'Quinden Jackson,PHI,RB,3168195,@CHI,23,10,0,0,N/R,,,0,0,,0,0,0.0,0,0,0.0,0,0,0,-,,,,,,,,,,,,,,,,,,
Patrick Taylor,SF,RB,2256736,ARI,17,8,1,1,N/R,,,0,0,,0,0,0.0,0,0,0.0,0,0,0,-,,,,,,,,,,,,,,,,,,
Mataeo Durant,PIT,RB,2966697,CIN,14,9,1,0,N/R,,,0,0,,0,0,0.0,0,0,0.0,0,0,0,-,,,,,,,,,,,,,,,,,,
Drake London,ATL,WR,3127902,@GB,23,11,100,99,8,,,194,0,,0,0,21.6,0,0,0.0,7,10,9,7.00,,,,,,,,,,,,,,,,,,
Deebo Samuel,SF,WR,2139735,ARI,30,8,96,55,29,,,80,1,,2,14,0.0,0,0,7.0,7,0,0,7.00,,,,,,,,,,,,,,,,,,
Konata Mumpfield,LAR,WR,26694679,@DEN,13,11,4,1,N/R,,,93,1,,0,0,23.2,0,0,0.0,6,8,4,6.00,,,,,,,,,,,,,,,,,,
Jaxon Smith-Njigba,SEA,WR,3162959,@WAS,32,11,100,100,1,,,128,2,,0,0,12.8,0,0,0.0,5,14,10,5.00,,,,,,,,,,,,,,,,,,
Kalif Raymond,CHI,WR,1999329,PHI,21,10,53,13,31,,,90,1,,0,0,15.0,0,0,0.0,5,7,6,5.00,,,,,,,,,,,,,,,,,,
Jordan Addison,MIN,WR,3162290,@TB,9,6,92,47,28,,,90,1,,0,0,18.0,0,0,0.0,5,9,5,5.00,,,,,,,,,,,,,,,,,,
Myles Price,MIN,WR,3168525,@TB,9,6,1,1,N/R,,,0,0,,0,0,0.0,0,0,0.0,5,0,0,5.00,,,,,,,,,,,,,,,,,,
Tee Higgins,CIN,WR,2809208,@PIT,10,6,100,94,16,,,90,1,,0,0,15.0,0,0,0.0,4,7,6,4.00,,,,,,,,,,,,,,,,,,
Garrett Wilson,NYJ,WR,3123864,@DET,27,13,100,96,7,,,107,1,,0,0,10.7,0,0,0.0,4,13,10,4.00,,,,,,,,,,,,,,,,,,
Davante Adams,LAR,WR,1893167,@DEN,13,11,100,95,15,,,137,0,,0,0,19.6,0,0,0.0,4,13,7,4.00,,,,,,,,,,,,,,,,,,
CeeDee Lamb,DAL,WR,2865251,BAL,25,14,100,99,3,,,112,0,,0,0,16.0,0,0,0.0,4,8,7,4.00,,,,,,,,,,,,,,,,,,
Roman Wilson,PIT,WR,3169495,CIN,16,9,6,1,N/R,,,60,1,,0,0,20.0,0,0,0.0,3,6,3,3.00,,,,,,,,,,,,,,,,,,
Ja'Marr Chase,CIN,WR,2966320,@PIT,10,6,100,100,5,,,98,1,,0,0,10.9,0,0,0.0,3,12,9,3.00,,,,,,,,,,,,,,,,,,
Christian Watson,GB,WR,2869806,ATL,28,11,100,96,12,,,96,1,,0,0,13.7,0,0,0.0,3,10,7,3.00,,,,,,,,,,,,,,,,,,
Terry McLaurin,WAS,WR,2139279,SEA,1,7,99,66,21,,,77,1,,0,0,12.8,0,0,0.0,3,9,6,3.00,,,,,,,,,,,,,,,,,,
Matthew Golden,GB,WR,28874927,ATL,28,11,96,67,17,,,100,1,,0,0,20.0,0,0,0.0,3,12,5,3.00,,,,,,,,,,,,,,,,,,
Ted Hurst,TB,WR,29421796,MIN,24,10,9,1,N/R,,,40,1,,0,0,40.0,0,0,0.0,3,3,1,3.00,,,,,,,,,,,,,,,,,,
Michael Wilson,ARI,WR,2965181,@SF,12,14,95,62,23,,,89,1,,0,0,8.1,0,0,0.0,2,17,11,2.00,,,,,,,,,,,,,,,,,,
Chris Olave,NO,WR,2963666,LV,6,8,100,100,4,,,107,0,,0,0,11.9,0,0,0.0,2,13,9,2.00,,,,,,,,,,,,,,,,,,
Parker Washington,JAC,WR,3168820,NE,8,7,99,92,11,,,40,1,,0,0,13.3,0,0,0.0,2,5,3,2.00,,,,,,,,,,,,,,,,,,
Mike Evans,SF,WR,1824909,ARI,30,8,99,30,N/R,,,34,1,,0,0,11.3,0,0,0.0,2,6,3,2.00,,,,,,,,,,,,,,,,,,
KaVontae Turpin,DAL,WR,2180870,BAL,25,14,2,1,N/R,,,9,0,,1,9,9.0,1,0,9.0,2,2,1,2.00,,,,,,,,,,,,,,,,,,
Zay Flowers,BAL,WR,3127049,@DAL,15,13,100,82,9,,,84,0,,1,20,16.8,0,0,20.0,2,6,5,2.00,,,,,,,,,,,,,,,,,,
Ben Skowronek,PIT,WR,2247046,CIN,16,9,1,1,N/R,,,23,1,,0,0,23.0,0,0,0.0,2,1,1,2.00,,,,,,,,,,,,,,,,,,
Pat Bryant,DEN,WR,26697415,LAR,14,10,11,1,N/R,,,44,1,,0,0,22.0,0,0,0.0,2,2,2,2.00,,,,,,,,,,,,,,,,,,
Luther Burden III,CHI,WR,28874444,PHI,21,10,99,62,26,,,61,1,,1,7,8.7,0,0,7.0,1,11,7,1.00,,,,,,,,,,,,,,,,,,
Jaylen Waddle,DEN,WR,2962110,LAR,14,10,99,62,20,,,10,0,,1,14,5.0,0,0,14.0,1,7,2,1.00,,,,,,,,,,,,,,,,,,
Chris Blair,ATL,WR,2965618,@GB,23,11,1,1,N/R,,,0,0,,0,0,0.0,0,0,0.0,1,0,0,1.00,,,,,,,,,,,,,,,,,,
Josh Cameron,JAC,WR,26726935,NE,8,7,1,1,N/R,,,12,1,,0,0,12.0,0,0,0.0,1,2,1,1.00,,,,,,,,,,,,,,,,,,
Mack Hollins,NE,WR,2010349,@JAC,19,11,25,7,N/R,,,87,0,,0,0,14.5,0,0,0.0,1,9,6,1.00,,,,,,,,,,,,,,,,,,
Cooper Kupp,SEA,WR,2006951,@WAS,32,11,27,4,N/R,,,46,1,,0,0,11.5,0,0,0.0,1,5,4,1.00,,,,,,,,,,,,,,,,,,
Wan'Dale Robinson,TEN,WR,3124107,@NYG,20,9,69,18,40,,,57,1,,0,0,8.1,0,0,0.0,1,11,7,1.00,,,,,,,,,,,,,,,,,,
DK Metcalf,PIT,WR,2260185,CIN,16,9,95,38,33,,,31,1,,0,0,10.3,0,0,0.0,1,5,3,1.00,,,,,,,,,,,,,,,,,,
Jakobi Meyers,JAC,WR,2183835,NE,8,7,79,26,43,,,64,1,,0,0,9.1,0,0,0.0,1,8,7,1.00,,,,,,,,,,,,,,,,,,
Keenan Allen,IND,WR,1737096,HOU,29,13,58,19,35,,,63,1,,0,0,10.5,0,0,0.0,1,9,6,1.00,,,,,,,,,,,,,,,,,,
Treylon Burks,WAS,WR,3122944,SEA,1,7,1,1,N/R,,,13,1,,0,0,6.5,0,0,0.0,1,2,2,1.00,,,,,,,,,,,,,,,,,,
Sterling Shepard,NYJ,WR,1996786,@DET,27,13,1,1,N/R,,,3,0,,0,0,3.0,0,0,0.0,1,1,1,1.00,,,,,,,,,,,,,,,,,,
Brycen Tremayne,CAR,WR,2967463,@CLE,22,5,1,1,N/R,,,83,0,,0,0,20.8,0,0,0.0,1,6,4,1.00,,,,,,,,,,,,,,,,,,
Chris Moore,BAL,WR,1871375,@DAL,15,13,1,1,N/R,,,4,1,,0,0,4.0,0,0,0.0,1,1,1,1.00,,,,,,,,,,,,,,,,,,
Denzel Boston,CLE,WR,28875368,CAR,4,11,89,26,39,,,41,0,,0,0,20.5,0,0,0.0,1,4,2,1.00,,,,,,,,,,,,,,,,,,
George Pickens,DAL,WR,3123212,BAL,25,14,100,94,10,,,82,0,,0,0,11.7,0,0,0.0,1,11,7,1.00,,,,,,,,,,,,,,,,,,
Josh Downs,IND,WR,3162970,HOU,29,13,93,63,19,,,77,0,,0,0,15.4,0,0,0.0,1,11,5,1.00,,,,,,,,,,,,,,,,,,
John Metchie III,CAR,WR,3121171,@CLE,22,5,1,1,N/R,,,19,1,,0,0,9.5,0,0,0.0,1,5,2,1.00,,,,,,,,,,,,,,,,,,
Tre Harris,LAC,WR,3162525,@BUF,31,7,11,1,N/R,,,76,0,,0,0,12.7,0,0,0.0,1,7,6,1.00,,,,,,,,,,,,,,,,,,
Amon-Ra St. Brown,DET,WR,2967690,NYJ,5,6,100,100,2,,,19,1,,0,0,4.8,0,0,0.0,1,8,4,1.00,,,,,,,,,,,,,,,,,,
Cody White,LV,WR,2865884,@NO,7,13,2,1,N/R,,,4,1,,0,0,4.0,0,0,0.0,1,3,1,1.00,,,,,,,,,,,,,,,,,,
Rashee Rice,KC,WR,3124978,@MIA,3,5,100,95,22,,,88,0,,0,0,12.6,0,0,0.0,1,9,7,1.00,,,,,,,,,,,,,,,,,,
Tru Edwards,LAR,WR,26710155,@DEN,13,11,1,0,N/R,,,0,0,,0,0,0.0,0,0,0.0,0,0,0,-,,,,,,,,,,,,,,,,,,
Jose Barbon,DAL,WR,2963601,BAL,25,14,1,1,N/R,,,0,0,,0,0,0.0,0,0,0.0,0,0,0,-,,,,,,,,,,,,,,,,,,
Marcus Sanders Jr.,MIN,WR,28924530,@TB,9,6,1,0,N/R,,,0,0,,0,0,0.0,0,0,0.0,0,0,0,-,,,,,,,,,,,,,,,,,,
Will Pauling,SF,WR,26697818,ARI,30,8,1,0,N/R,,,0,0,,0,0,0.0,0,0,0.0,0,0,0,-,,,,,,,,,,,,,,,,,,
JP Richardson,CHI,WR,26693430,PHI,21,10,1,0,N/R,,,0,0,,0,0,0.0,0,0,0.0,0,0,0,-,,,,,,,,,,,,,,,,,,
Ra'Shaun Henry,SEA,WR,2248189,@WAS,32,11,0,0,N/R,,,0,0,,0,0,0.0,0,0,0.0,0,0,0,-,,,,,,,,,,,,,,,,,,
Kevin Shaa,CHI,WR,2965479,PHI,21,10,0,0,N/R,,,0,0,,0,0,0.0,0,0,0.0,0,0,0,-,,,,,,,,,,,,,,,,,,
Lideatrick Griffin,GB,WR,3171022,ATL,28,11,1,1,N/R,,,0,0,,0,0,0.0,0,0,0.0,0,0,0,-,,,,,,,,,,,,,,,,,,
Jalen Wayne,GB,WR,2869352,ATL,28,11,0,0,N/R,,,0,0,,0,0,0.0,0,0,0.0,0,0,0,-,,,,,,,,,,,,,,,,,,
Jakobie Keeney-James,PIT,WR,3122024,CIN,16,9,1,1,N/R,,,0,0,,0,0,0.0,0,0,0.0,0,0,0,-,,,,,,,,,,,,,,,,,,
Matthew Henry,TB,WR,29408013,MIN,24,10,0,0,N/R,,,0,0,,0,0,0.0,0,0,0.0,0,0,0,-,,,,,,,,,,,,,,,,,,
Drew Estrada,HOU,WR,2242283,@IND,26,8,1,0,N/R,,,0,0,,0,0,0.0,0,0,0.0,0,0,0,-,,,,,,,,,,,,,,,,,,
Landon Lenoir,CHI,WR,2247199,PHI,21,10,0,0,N/R,,,0,0,,0,0,0.0,0,0,0.0,0,0,0,-,,,,,,,,,,,,,,,,,,
Darnell Mooney,NYG,WR,2240651,TEN,17,8,4,1,N/R,,,20,0,,1,9,10.0,0,0,9.0,0,3,2,0.00,,,,,,,,,,,,,,,,,,
Chase Cota,CLE,WR,2965589,CAR,4,11,1,1,N/R,,,0,0,,0,0,0.0,0,0,0.0,0,0,0,-,,,,,,,,,,,,,,,,,,
Braxton Westfield,IND,WR,2240959,HOU,29,13,1,1,N/R,,,0,0,,0,0,0.0,0,0,0.0,0,0,0,-,,,,,,,,,,,,,,,,,,
Darius Cooper,PHI,WR,3165205,@CHI,11,10,1,1,N/R,,,0,0,,0,0,0.0,0,0,0.0,0,0,0,0.00,,,,,,,,,,,,,,,,,,
David Bell,CLE,WR,3131708,CAR,4,11,1,1,N/R,,,0,0,,0,0,0.0,0,0,0.0,0,0,0,-,,,,,,,,,,,,,,,,,,
Zakhari Franklin,LV,WR,3127917,@NO,7,13,1,1,N/R,,,0,0,,0,0,0.0,0,0,0.0,0,0,0,-,,,,,,,,,,,,,,,,,,
Rashid Shaheed,SEA,WR,2250863,@WAS,32,11,42,3,N/R,,,14,0,,0,0,7.0,0,0,0.0,0,3,2,0.00,,,,,,,,,,,,,,,,,,
Noah Brown,LV,WR,2139270,@NO,7,13,1,1,N/R,,,0,0,,0,0,0.0,0,0,0.0,0,0,0,-,,,,,,,,,,,,,,,,,,
Isaac TeSlaa,DET,WR,29122587,NYJ,5,6,6,1,N/R,,,66,0,,0,0,22.0,0,0,0.0,0,3,3,0.00,,,,,,,,,,,,,,,,,,
Whop Philyor,MIN,WR,2867503,@TB,9,6,1,0,N/R,,,0,0,,0,0,0.0,0,0,0.0,0,0,0,-,,,,,,,,,,,,,,,,,,
Jalen McMillan,TB,WR,3162347,MIN,24,10,9,1,N/R,,,0,0,,0,0,0.0,0,0,0.0,0,1,0,0.00,,,,,,,,,,,,,,,,,,
Michael Briscoe,MIN,WR,26706359,@TB,9,6,1,1,N/R,,,0,0,,0,0,0.0,0,0,0.0,0,0,0,-,,,,,,,,,,,,,,,,,,
Tejhaun Palmer,NE,WR,26702915,@JAC,19,11,1,0,N/R,,,0,0,,0,0,0.0,0,0,0.0,0,0,0,-,,,,,,,,,,,,,,,,,,
Arthur Williams,NYJ,WR,2185867,@DET,27,13,1,1,N/R,,,0,0,,0,0,0.0,0,0,0.0,0,0,0,-,,,,,,,,,,,,,,,,,,
Devin Ross,LV,WR,2082532,@NO,7,13,1,1,N/R,,,0,0,,0,0,0.0,0,0,0.0,0,0,0,-,,,,,,,,,,,,,,,,,,
Mike Strachan,WAS,WR,26650288,SEA,1,7,1,0,N/R,,,0,0,,0,0,0.0,0,0,0.0,0,0,0,-,,,,,,,,,,,,,,,,,,
Andrew Parchment,CAR,WR,2252355,@CLE,22,5,0,0,N/R,,,0,0,,0,0,0.0,0,0,0.0,0,0,0,-,,,,,,,,,,,,,,,,,,
Justyn Ross,KC,WR,2965335,@MIA,3,5,1,0,N/R,,,0,0,,0,0,0.0,0,0,0.0,0,0,0,-,,,,,,,,,,,,,,,,,,
Lewis Bond,HOU,WR,26695655,@IND,26,8,1,1,N/R,,,0,0,,0,0,0.0,0,0,0.0,0,1,0,0.00,,,,,,,,,,,,,,,,,,
Tyrell Shavers,BUF,WR,2741208,LAC,18,7,1,1,N/R,,,0,0,,0,0,0.0,0,0,0.0,0,0,0,-,,,,,,,,,,,,,,,,,,
John Jiles,NE,WR,29362392,@JAC,19,11,0,0,N/R,,,0,0,,0,0,0.0,0,0,0.0,0,0,0,-,,,,,,,,,,,,,,,,,,
K.J. Hamler,BUF,WR,2804432,LAC,18,7,1,0,N/R,,,0,0,,0,0,0.0,0,0,0.0,0,0,0,-,,,,,,,,,,,,,,,,,,
Kristian Wilkerson,ATL,WR,3161137,@GB,23,11,0,0,N/R,,,0,0,,0,0,0.0,0,0,0.0,0,0,0,-,,,,,,,,,,,,,,,,,,
Bailey Gaither,BAL,WR,2184609,@DAL,15,13,0,0,N/R,,,0,0,,0,0,0.0,0,0,0.0,0,0,0,-,,,,,,,,,,,,,,,,,,
K.J. Osborn,TEN,WR,2184383,@NYG,20,9,1,1,N/R,,,0,0,,0,0,0.0,0,0,0.0,0,0,0,-,,,,,,,,,,,,,,,,,,
Tyler Harrell,NYJ,WR,1691256,@DET,27,13,1,1,N/R,,,0,0,,0,0,0.0,0,0,0.0,0,0,0,-,,,,,,,,,,,,,,,,,,
Dontayvion Wicks,PHI,WR,3122375,@CHI,11,10,61,12,38,,,32,0,,0,0,16.0,0,0,0.0,0,5,2,0.00,,,,,,,,,,,,,,,,,,
Tracy Moore,FA,WR,1685895,BYE,---,0,1,1,N/R,,,0,0,,0,0,0.0,0,0,0.0,0,0,0,-,,,,,,,,,,,,,,,,,,
Milton Williams,LV,WR,2175046,@NO,7,13,1,1,N/R,,,0,0,,0,0,0.0,0,0,0.0,0,0,0,-,,,,,,,,,,,,,,,,,,
Michael Woods II,DEN,WR,2965459,LAR,14,10,1,0,N/R,,,0,0,,0,0,0.0,0,0,0.0,0,0,0,-,,,,,,,,,,,,,,,,,,
Diontae Johnson,CLE,WR,2194164,CAR,4,11,1,1,N/R,,,0,0,,0,0,0.0,0,0,0.0,0,0,0,-,,,,,,,,,,,,,,,,,,
Antonio Brown,TB,WR,1272852,MIN,24,10,1,1,N/R,,,0,0,,0,0,0.0,0,0,0.0,0,0,0,-,,,,,,,,,,,,,,,,,,
Romeo Doubs,NE,WR,2961886,@JAC,19,11,72,15,47,,,49,0,,0,0,16.3,0,0,0.0,0,4,3,0.00,,,,,,,,,,,,,,,,,,
Jahdae Walker,CHI,WR,29174299,PHI,21,10,1,1,N/R,,,0,0,,0,0,0.0,0,0,0.0,0,0,0,0.00,,,,,,,,,,,,,,,,,,
Brandon Hayes,PHI,WR,3170373,@CHI,11,10,1,1,N/R,,,0,0,,0,0,0.0,0,0,0.0,0,0,0,-,,,,,,,,,,,,,,,,,,
Aaron Bailey,BAL,WR,2820501,@DAL,15,13,1,1,N/R,,,0,0,,0,0,0.0,0,0,0.0,0,0,0,-,,,,,,,,,,,,,,,,,,
Dennis Houston,TB,WR,2866062,MIN,24,10,1,1,N/R,,,0,0,,0,0,0.0,0,0,0.0,0,0,0,-,,,,,,,,,,,,,,,,,,
DeVonte Dedmon,MIA,WR,2137691,KC,2,6,0,0,N/R,,,0,0,,0,0,0.0,0,0,0.0,0,0,0,-,,,,,,,,,,,,,,,,,,
Steve Ishmael,IND,WR,2925153,HOU,29,13,1,1,N/R,,,0,0,,0,0,0.0,0,0,0.0,0,0,0,-,,,,,,,,,,,,,,,,,,
Cam Ross,DEN,WR,3122246,LAR,14,10,1,1,N/R,,,0,0,,0,0,0.0,0,0,0.0,0,0,0,-,,,,,,,,,,,,,,,,,,
Joaquin Davis,PIT,WR,26726311,CIN,16,9,0,0,N/R,,,0,0,,0,0,0.0,0,0,0.0,0,0,0,-,,,,,,,,,,,,,,,,,,
A.J. Richardson,ARI,WR,3117015,@SF,12,14,1,1,N/R,,,0,0,,0,0,0.0,0,0,0.0,0,0,0,-,,,,,,,,,,,,,,,,,,
Zach D'Orazio,NE,WR,2175721,@JAC,19,11,1,1,N/R,,,0,0,,0,0,0.0,0,0,0.0,0,0,0,-,,,,,,,,,,,,,,,,,,
DJ Moore,BUF,WR,2179328,LAC,18,7,100,62,24,,,67,0,,0,0,11.2,0,0,0.0,0,10,6,0.00,,,,,,,,,,,,,,,,,,
Jalen Tolbert,MIA,WR,2868238,KC,2,6,1,1,N/R,,,0,0,,0,0,0.0,0,0,0.0,0,0,0,0.00,,,,,,,,,,,,,,,,,,
Neil Pau'u,BUF,WR,2807947,LAC,18,7,1,1,N/R,,,0,0,,0,0,0.0,0,0,0.0,0,0,0,-,,,,,,,,,,,,,,,,,,
CJ Daniels,LAR,WR,3167404,@DEN,13,11,1,1,N/R,,,0,0,,0,0,0.0,0,0,0.0,0,0,0,-,,,,,,,,,,,,,,,,,,
De'Zhaun Stribling,SF,WR,26696676,ARI,30,8,34,1,N/R,,,0,0,,0,0,0.0,0,0,0.0,0,0,0,-,,,,,,,,,,,,,,,,,,
Kade Warner,TB,WR,2804353,MIN,24,10,1,0,N/R,,,0,0,,0,0,0.0,0,0,0.0,0,0,0,-,,,,,,,,,,,,,,,,,,
Jack Sorenson,CIN,WR,2240110,@PIT,10,6,0,0,N/R,,,0,0,,0,0,0.0,0,0,0.0,0,0,0,-,,,,,,,,,,,,,,,,,,
Andre Baccellia,ARI,WR,3159102,@SF,12,14,1,1,N/R,,,0,0,,0,0,0.0,0,0,0.0,0,0,0,-,,,,,,,,,,,,,,,,,,
Kisean Johnson,GB,WR,26730190,ATL,28,11,0,0,N/R,,,0,0,,0,0,0.0,0,0,0.0,0,0,0,-,,,,,,,,,,,,,,,,,,
Brenen Thompson,LAC,WR,28909756,@BUF,31,7,1,1,N/R,,,0,0,,0,0,0.0,0,0,0.0,0,0,0,-,,,,,,,,,,,,,,,,,,
Ayir Asante,NYG,WR,3124133,TEN,17,8,1,1,N/R,,,0,0,,0,0,0.0,0,0,0.0,0,0,0,-,,,,,,,,,,,,,,,,,,
Antwane Wells Jr.,ATL,WR,3161901,@GB,23,11,1,1,N/R,,,0,0,,0,0,0.0,0,0,0.0,0,0,0,-,,,,,,,,,,,,,,,,,,
Brandin Cooks,SF,WR,1880880,ARI,30,8,2,1,N/R,,,0,0,,0,0,0.0,0,0,0.0,0,0,0,-,,,,,,,,,,,,,,,,,,
Mecole Hardman,BUF,WR,2248618,LAC,18,7,1,1,N/R,,,0,0,,0,0,0.0,0,0,0.0,0,0,0,-,,,,,,,,,,,,,,,,,,
Simi Fehoko,ARI,WR,2965289,@SF,12,14,1,0,N/R,,,0,0,,0,0,0.0,0,0,0.0,0,0,0,0.00,,,,,,,,,,,,,,,,,,
Donte Sylencieux,BAL,WR,26664285,@DAL,15,13,1,0,N/R,,,0,0,,0,0,0.0,0,0,0.0,0,0,0,-,,,,,,,,,,,,,,,,,,
Kevin Coleman Jr.,MIA,WR,28909178,KC,2,6,1,1,N/R,,,3,0,,0,0,3.0,0,0,0.0,0,4,1,0.00,,,,,,,,,,,,,,,,,,
Joseph Ngata,PHI,WR,3122907,@CHI,11,10,1,1,N/R,,,0,0,,0,0,0.0,0,0,0.0,0,0,0,-,,,,,,,,,,,,,,,,,,
Kekoa Crawford,KC,WR,2260488,@MIA,3,5,1,0,N/R,,,0,0,,0,0,0.0,0,0,0.0,0,0,0,-,,,,,,,,,,,,,,,,,,
Slade Bolden,ATL,WR,2960931,@GB,23,11,1,1,N/R,,,0,0,,0,0,0.0,0,0,0.0,0,0,0,-,,,,,,,,,,,,,,,,,,
Winston Wright Jr.,CLE,WR,3123346,CAR,4,11,1,0,N/R,,,0,0,,0,0,0.0,0,0,0.0,0,0,0,-,,,,,,,,,,,,,,,,,,
John Hurst,IND,WR,3159214,HOU,29,13,1,1,N/R,,,0,0,,0,0,0.0,0,0,0.0,0,0,0,-,,,,,,,,,,,,,,,,,,
Coleman Owen,IND,WR,3137926,HOU,29,13,1,0,N/R,,,0,0,,0,0,0.0,0,0,0.0,0,0,0,-,,,,,,,,,,,,,,,,,,
Amari Cooper,LV,WR,1984220,@NO,7,13,1,1,N/R,,,0,0,,0,0,0.0,0,0,0.0,0,0,0,-,,,,,,,,,,,,,,,,,,
Javon McKinley,PIT,WR,2260685,CIN,16,9,1,1,N/R,,,0,0,,0,0,0.0,0,0,0.0,0,0,0,-,,,,,,,,,,,,,,,,,,
Sy Barnett,NO,WR,29116249,LV,6,8,1,0,N/R,,,0,0,,0,0,0.0,0,0,0.0,0,0,0,-,,,,,,,,,,,,,,,,,,
Andrei Iosivas,CIN,WR,2966908,@PIT,10,6,1,1,N/R,,,0,0,,0,0,0.0,0,0,0.0,0,0,0,-,,,,,,,,,,,,,,,,,,
Jeremy Gallon,LV,WR,2129680,@NO,7,13,1,0,N/R,,,0,0,,0,0,0.0,0,0,0.0,0,0,0,-,,,,,,,,,,,,,,,,,,
T.J. Luther,CAR,WR,2963021,@CLE,22,5,1,1,N/R,,,0,0,,0,0,0.0,0,0,0.0,0,0,0,-,,,,,,,,,,,,,,,,,,
Jerreth Sterns,LAR,WR,3123544,@DEN,13,11,1,1,N/R,,,0,0,,0,0,0.0,0,0,0.0,0,0,0,-,,,,,,,,,,,,,,,,,,
Malik Benson,LV,WR,29121426,@NO,7,13,2,1,N/R,,,0,0,,0,0,0.0,0,0,0.0,0,1,0,0.00,,,,,,,,,,,,,,,,,,
Ife Adeyi,PHI,WR,3124097,@CHI,11,10,1,1,N/R,,,0,0,,0,0,0.0,0,0,0.0,0,0,0,-,,,,,,,,,,,,,,,,,,
Christion Jones,MIA,WR,1893141,KC,2,6,1,1,N/R,,,0,0,,0,0,0.0,0,0,0.0,0,0,0,-,,,,,,,,,,,,,,,,,,
Chris Brazzell II,CAR,WR,26904572,@CLE,22,5,2,1,N/R,,,0,0,,0,0,0.0,0,0,0.0,0,0,0,-,,,,,,,,,,,,,,,,,,
Connor Wedington,SEA,WR,2866341,@WAS,32,11,1,1,N/R,,,0,0,,0,0,0.0,0,0,0.0,0,0,0,-,,,,,,,,,,,,,,,,,,
Jayden Higgins,HOU,WR,26708551,@IND,26,8,4,1,N/R,,,0,0,,0,0,0.0,0,0,0.0,0,0,0,-,,,,,,,,,,,,,,,,,,
Justin Jefferson,MIN,WR,2871343,@TB,9,6,100,91,N/R,,,32,0,,0,0,16.0,0,0,0.0,0,2,2,0.00,,,,,,,,,,,,,,,,,,
Rome Odunze,CHI,WR,3162979,PHI,21,10,94,25,48,,,44,0,,0,0,14.7,0,0,0.0,0,6,3,0.00,,,,,,,,,,,,,,,,,,
Elijah Moore,PHI,WR,2963569,@CHI,11,10,1,1,N/R,,,0,0,,0,0,0.0,0,0,0.0,0,0,0,0.00,,,,,,,,,,,,,,,,,,
Skyy Moore,GB,WR,3126874,ATL,28,11,1,1,N/R,,,31,0,,0,0,10.3,0,0,0.0,0,7,3,0.00,,,,,,,,,,,,,,,,,,
Tutu Atwell,LAR,WR,2965372,@DEN,13,11,1,1,N/R,,,0,0,,0,0,0.0,0,0,0.0,0,0,0,-,,,,,,,,,,,,,,,,,,
Ontaria Wilson,NYJ,WR,2865393,@DET,27,13,1,1,N/R,,,0,0,,0,0,0.0,0,0,0.0,0,0,0,-,,,,,,,,,,,,,,,,,,
Samson Nacua,NO,WR,2260501,LV,6,8,1,0,N/R,,,0,0,,0,0,0.0,0,0,0.0,0,0,0,-,,,,,,,,,,,,,,,,,,
Jaquarii Roberson,LAR,WR,2805613,@DEN,13,11,1,0,N/R,,,0,0,,0,0,0.0,0,0,0.0,0,0,0,-,,,,,,,,,,,,,,,,,,
JaQuae Jackson,LAC,WR,29166460,@BUF,31,7,1,1,N/R,,,0,0,,0,0,0.0,0,0,0.0,0,0,0,-,,,,,,,,,,,,,,,,,,
Demario Douglas,NE,WR,3126241,@JAC,19,11,3,1,N/R,,,38,0,,0,0,38.0,0,0,0.0,0,5,1,0.00,,,,,,,,,,,,,,,,,,
Demeer Blankumsee,NE,WR,3166844,@JAC,19,11,1,1,N/R,,,0,0,,0,0,0.0,0,0,0.0,0,0,0,-,,,,,,,,,,,,,,,,,,
Mike Williams,LAC,WR,2082516,@BUF,31,7,1,1,N/R,,,0,0,,0,0,0.0,0,0,0.0,0,0,0,-,,,,,,,,,,,,,,,,,,
Ketron Jackson Jr.,LV,WR,26698032,@NO,7,13,1,1,N/R,,,0,0,,0,0,0.0,0,0,0.0,0,0,0,-,,,,,,,,,,,,,,,,,,
Alec Pierce,IND,WR,2965664,HOU,29,13,68,2,N/R,,,0,0,,0,0,0.0,0,0,0.0,0,0,0,-,,,,,,,,,,,,,,,,,,
Ricky Pearsall,SF,WR,3122949,ARI,30,8,4,1,N/R,,,0,0,,0,0,0.0,0,0,0.0,0,0,0,-,,,,,,,,,,,,,,,,,,
Nate McCollum,ARI,WR,3162296,@SF,12,14,1,1,N/R,,,0,0,,0,0,0.0,0,0,0.0,0,0,0,-,,,,,,,,,,,,,,,,,,
Talolo Limu-Jones,CAR,WR,2250273,@CLE,22,5,1,1,N/R,,,0,0,,0,0,0.0,0,0,0.0,0,0,0,-,,,,,,,,,,,,,,,,,,
Jaylen Jones,LAC,WR,26698771,@BUF,31,7,1,1,N/R,,,0,0,,0,0,0.0,0,0,0.0,0,0,0,-,,,,,,,,,,,,,,,,,,
Keric Wheatfall,PHI,WR,3122481,@CHI,11,10,0,0,N/R,,,0,0,,0,0,0.0,0,0,0.0,0,0,0,-,,,,,,,,,,,,,,,,,,
Efton Chism III,NE,WR,3163509,@JAC,19,11,1,1,N/R,,,1,0,,0,0,1.0,0,0,0.0,0,2,1,0.00,,,,,,,,,,,,,,,,,,
Josh Reese,PHI,WR,2174982,@CHI,11,10,1,1,N/R,,,0,0,,0,0,0.0,0,0,0.0,0,0,0,-,,,,,,,,,,,,,,,,,,
Mac Hippenhammer,CIN,WR,2868995,@PIT,10,6,0,0,N/R,,,0,0,,0,0,0.0,0,0,0.0,0,0,0,-,,,,,,,,,,,,,,,,,,
Isaiah Winstead,PIT,WR,2835033,CIN,16,9,0,0,N/R,,,0,0,,0,0,0.0,0,0,0.0,0,0,0,-,,,,,,,,,,,,,,,,,,
Dante Pettis,BUF,WR,2139642,LAC,18,7,1,1,N/R,,,0,0,,0,0,0.0,0,0,0.0,0,0,0,-,,,,,,,,,,,,,,,,,,
Ja'Kobi Lane,BAL,WR,29158151,@DAL,15,13,32,1,N/R,,,0,0,,0,0,0.0,0,0,0.0,0,0,0,-,,,,,,,,,,,,,,,,,,
Keith Kirkwood,BAL,WR,2925874,@DAL,15,13,1,1,N/R,,,0,0,,0,0,0.0,0,0,0.0,0,0,0,-,,,,,,,,,,,,,,,,,,
Jaelon Darden,SEA,WR,2836391,@WAS,32,11,1,1,N/R,,,0,0,,0,0,0.0,0,0,0.0,0,0,0,-,,,,,,,,,,,,,,,,,,
Tyreek Hill,MIA,WR,2131163,KC,2,6,20,1,N/R,,,0,0,,0,0,0.0,0,0,0.0,0,0,0,-,,,,,,,,,,,,,,,,,,
Mikah Holder,WAS,WR,2924894,SEA,1,7,1,0,N/R,,,0,0,,0,0,0.0,0,0,0.0,0,0,0,-,,,,,,,,,,,,,,,,,,
Travis Toivonen,MIN,WR,2261149,@TB,9,6,1,0,N/R,,,0,0,,0,0,0.0,0,0,0.0,0,0,0,-,,,,,,,,,,,,,,,,,,
Cyrus Holder,CHI,WR,2242794,PHI,21,10,0,0,N/R,,,0,0,,0,0,0.0,0,0,0.0,0,0,0,-,,,,,,,,,,,,,,,,,,
Isaiah Bond,CLE,WR,28910521,CAR,4,11,1,1,N/R,,,0,0,,0,0,0.0,0,0,0.0,0,0,0,0.00,,,,,,,,,,,,,,,,,,
Stefon Diggs,WAS,WR,2000038,SEA,1,7,94,44,27,,,33,0,,0,0,8.2,0,0,0.0,0,7,4,0.00,,,,,,,,,,,,,,,,,,
Ashton Dulin,IND,WR,3116796,HOU,29,13,1,1,N/R,,,0,0,,0,0,0.0,0,0,0.0,0,0,0,-,,,,,,,,,,,,,,,,,,
Equanimeous St. Brown,SF,WR,2186674,ARI,30,8,1,1,N/R,,,0,0,,0,0,0.0,0,0,0.0,0,0,0,-,,,,,,,,,,,,,,,,,,
Donovan Peoples-Jones,NO,WR,2819119,LV,6,8,1,1,N/R,,,0,0,,0,0,0.0,0,0,0.0,0,0,0,-,,,,,,,,,,,,,,,,,,
Theo Wease Jr.,LAC,WR,3124276,@BUF,31,7,1,1,N/R,,,0,0,,0,0,0.0,0,0,0.0,0,0,0,-,,,,,,,,,,,,,,,,,,
Kendrick Law,DET,WR,28874888,NYJ,5,6,1,0,N/R,,,0,0,,0,0,0.0,0,0,0.0,0,0,0,-,,,,,,,,,,,,,,,,,,
Brandon Smith,PIT,WR,2865783,CIN,16,9,1,1,N/R,,,0,0,,0,0,0.0,0,0,0.0,0,0,0,-,,,,,,,,,,,,,,,,,,
Isaiah Neyor,GB,WR,3121203,ATL,28,11,1,1,N/R,,,0,0,,0,0,0.0,0,0,0.0,0,0,0,-,,,,,,,,,,,,,,,,,,
Adonai Mitchell,NYJ,WR,26701928,@DET,27,13,41,1,N/R,,,0,0,,0,0,0.0,0,0,0.0,0,0,0,-,,,,,,,,,,,,,,,,,,
Dalevon Campbell,LAC,WR,3126518,@BUF,31,7,1,1,N/R,,,0,0,,0,0,0.0,0,0,0.0,0,0,0,-,,,,,,,,,,,,,,,,,,
Keon Coleman,BUF,WR,26717289,LAC,18,7,13,1,N/R,,,37,0,,0,0,37.0,0,0,0.0,0,2,1,0.00,,,,,,,,,,,,,,,,,,
Dominic Lovett,DET,WR,26696063,NYJ,5,6,1,1,N/R,,,0,0,,0,0,0.0,0,0,0.0,0,0,0,-,,,,,,,,,,,,,,,,,,
Jordan Bly,NYG,WR,26697040,TEN,17,8,1,0,N/R,,,0,0,,0,0,0.0,0,0,0.0,0,0,0,-,,,,,,,,,,,,,,,,,,
Dayton Wade,BAL,WR,3121829,@DAL,15,13,1,0,N/R,,,0,0,,0,0,0.0,0,0,0.0,0,0,0,-,,,,,,,,,,,,,,,,,,
Braxton Berrios,NYG,WR,2130981,TEN,17,8,1,1,N/R,,,0,0,,0,0,0.0,0,0,0.0,0,0,0,0.00,,,,,,,,,,,,,,,,,,
Devin Carter,CAR,WR,2966243,@CLE,22,5,1,0,N/R,,,0,0,,0,0,0.0,0,0,0.0,0,0,0,-,,,,,,,,,,,,,,,,,,
Riley Lees,CIN,WR,2247038,@PIT,10,6,1,1,N/R,,,0,0,,0,0,0.0,0,0,0.0,0,0,0,-,,,,,,,,,,,,,,,,,,
Jaaron Hayek,KC,WR,3128825,@MIA,3,5,1,1,N/R,,,0,0,,0,0,0.0,0,0,0.0,0,0,0,-,,,,,,,,,,,,,,,,,,
Quentin Skinner,BUF,WR,3166676,LAC,18,7,0,0,N/R,,,0,0,,0,0,0.0,0,0,0.0,0,0,0,-,,,,,,,,,,,,,,,,,,
Je'Quan Burton,MIA,WR,2962576,KC,2,6,0,0,N/R,,,0,0,,0,0,0.0,0,0,0.0,0,0,0,-,,,,,,,,,,,,,,,,,,
Malik Williams,BUF,WR,2780940,LAC,18,7,1,1,N/R,,,0,0,,0,0,0.0,0,0,0.0,0,0,0,-,,,,,,,,,,,,,,,,,,
Colton Dowell,PIT,WR,2828751,CIN,16,9,1,1,N/R,,,0,0,,0,0,0.0,0,0,0.0,0,0,0,-,,,,,,,,,,,,,,,,,,
Moochie Dixon,NO,WR,3168156,LV,6,8,1,0,N/R,,,0,0,,0,0,0.0,0,0,0.0,0,0,0,-,,,,,,,,,,,,,,,,,,
Silas Bolden,HOU,WR,3176940,@IND,26,8,1,1,N/R,,,0,0,,0,0,0.0,0,0,0.0,0,0,0,-,,,,,,,,,,,,,,,,,,
Nico Collins,HOU,WR,2878193,@IND,26,8,100,51,14,,,0,0,,0,0,0.0,0,0,0.0,0,0,0,-,,,,,,,,,,,,,,,,,,
Isaac Zico,ARI,WR,3117099,@SF,12,14,1,1,N/R,,,0,0,,0,0,0.0,0,0,0.0,0,0,0,-,,,,,,,,,,,,,,,,,,
Kobe Hudson,CAR,WR,3161851,@CLE,22,5,1,1,N/R,,,0,0,,0,0,0.0,0,0,0.0,0,0,0,-,,,,,,,,,,,,,,,,,,
Amba Etta-Tawo,HOU,WR,2001582,@IND,26,8,1,1,N/R,,,0,0,,0,0,0.0,0,0,0.0,0,0,0,-,,,,,,,,,,,,,,,,,,
Xavier Guillory,BAL,WR,3161932,@DAL,15,13,1,1,N/R,,,0,0,,0,0,0.0,0,0,0.0,0,0,0,-,,,,,,,,,,,,,,,,,,
John Rhys Plumlee,PIT,WR,3126959,CIN,16,9,1,1,N/R,,,0,0,,0,0,0.0,0,0,0.0,0,0,0,-,,,,,,,,,,,,,,,,,,
Jaylin Noel,HOU,WR,26697286,@IND,26,8,5,1,N/R,,,17,0,,1,8,8.5,0,0,8.0,0,2,2,0.00,,,,,,,,,,,,,,,,,,
Tyler Johnson,NYJ,WR,1620002,@DET,27,13,1,1,N/R,,,0,0,,0,0,0.0,0,0,0.0,0,0,0,-,,,,,,,,,,,,,,,,,,
Chris Bell,MIA,WR,28877196,KC,2,6,20,1,N/R,,,67,0,,0,0,16.8,0,0,0.0,0,8,4,0.00,,,,,,,,,,,,,,,,,,
Gabriel Benyard,CAR,WR,29417586,@CLE,22,5,1,0,N/R,,,0,0,,0,0,0.0,0,0,0.0,0,0,0,-,,,,,,,,,,,,,,,,,,
Emmanuel Butler,NO,WR,2142440,LV,6,8,1,1,N/R,,,0,0,,0,0,0.0,0,0,0.0,0,0,0,-,,,,,,,,,,,,,,,,,,
Johnny King,PHI,WR,3163632,@CHI,11,10,0,0,N/R,,,0,0,,0,0,0.0,0,0,0.0,0,0,0,-,,,,,,,,,,,,,,,,,,
Nsimba Webster,CHI,WR,3117157,PHI,21,10,1,0,N/R,,,0,0,,0,0,0.0,0,0,0.0,0,0,0,-,,,,,,,,,,,,,,,,,,
Tyler Snead,PIT,WR,2983342,CIN,16,9,1,1,N/R,,,0,0,,0,0,0.0,0,0,0.0,0,0,0,-,,,,,,,,,,,,,,,,,,
Johnnie Dixon,DAL,WR,2131248,BAL,25,14,1,0,N/R,,,0,0,,0,0,0.0,0,0,0.0,0,0,0,-,,,,,,,,,,,,,,,,,,
Jaylen Johnson,LAC,WR,2975613,@BUF,31,7,1,0,N/R,,,0,0,,0,0,0.0,0,0,0.0,0,0,0,-,,,,,,,,,,,,,,,,,,
Kenzel Doe,PIT,WR,2185868,CIN,16,9,1,1,N/R,,,0,0,,0,0,0.0,0,0,0.0,0,0,0,-,,,,,,,,,,,,,,,,,,
Jordan Hudson,DAL,WR,28875996,BAL,25,14,1,1,N/R,,,0,0,,0,0,0.0,0,0,0.0,0,0,0,-,,,,,,,,,,,,,,,,,,
Julian Hicks,SEA,WR,2866554,@WAS,32,11,1,1,N/R,,,0,0,,0,0,0.0,0,0,0.0,0,0,0,-,,,,,,,,,,,,,,,,,,
Greg Dortch,BUF,WR,2223207,LAC,18,7,1,1,N/R,,,0,0,,0,0,0.0,0,0,0.0,0,0,0,0.00,,,,,,,,,,,,,,,,,,
Kaden Wetjen,PIT,WR,28876038,CIN,16,9,1,1,N/R,,,0,0,,0,0,0.0,0,0,0.0,0,0,0,0.00,,,,,,,,,,,,,,,,,,
Jimmy Kibble,NE,WR,28925542,@JAC,19,11,1,0,N/R,,,0,0,,0,0,0.0,0,0,0.0,0,0,0,-,,,,,,,,,,,,,,,,,,
Tyquan Thornton,KC,WR,2965066,@MIA,3,5,6,1,N/R,,,22,0,,0,0,11.0,0,0,0.0,0,2,2,0.00,,,,,,,,,,,,,,,,,,
Deion Burks,IND,WR,26694367,HOU,29,13,1,1,N/R,,,0,0,,0,0,0.0,0,0,0.0,0,0,0,0.00,,,,,,,,,,,,,,,,,,
Corey Rucker,LV,WR,3163046,@NO,7,13,0,0,N/R,,,0,0,,0,0,0.0,0,0,0.0,0,0,0,-,,,,,,,,,,,,,,,,,,
Isaiah Williams,NYJ,WR,3126581,@DET,27,13,1,1,N/R,,,21,0,,0,0,21.0,0,0,0.0,0,2,1,0.00,,,,,,,,,,,,,,,,,,
Isaiah Wooden,CLE,WR,3139308,CAR,4,11,1,1,N/R,,,0,0,,0,0,0.0,0,0,0.0,0,0,0,-,,,,,,,,,,,,,,,,,,
Aron Cruickshank,PIT,WR,2961237,CIN,16,9,1,1,N/R,,,0,0,,0,0,0.0,0,0,0.0,0,0,0,-,,,,,,,,,,,,,,,,,,
Lucky Jackson,DET,WR,2184739,NYJ,5,6,0,0,N/R,,,0,0,,0,0,0.0,0,0,0.0,0,0,0,-,,,,,,,,,,,,,,,,,,
Tom Kennedy,DET,WR,3117113,NYJ,5,6,1,1,N/R,,,0,0,,0,0,0.0,0,0,0.0,0,0,0,0.00,,,,,,,,,,,,,,,,,,
Daniel Sobkowicz,HOU,WR,26716333,@IND,26,8,1,0,N/R,,,0,0,,0,0,0.0,0,0,0.0,0,0,0,-,,,,,,,,,,,,,,,,,,
Jon'Vea Johnson,CHI,WR,2136691,PHI,21,10,1,1,N/R,,,0,0,,0,0,0.0,0,0,0.0,0,0,0,-,,,,,,,,,,,,,,,,,,
Trishton Jackson,ARI,WR,2253371,@SF,12,14,1,1,N/R,,,0,0,,0,0,0.0,0,0,0.0,0,0,0,-,,,,,,,,,,,,,,,,,,
Malcome Kennedy,NO,WR,2175065,LV,6,8,1,0,N/R,,,0,0,,0,0,0.0,0,0,0.0,0,0,0,-,,,,,,,,,,,,,,,,,,
Dean Patterson,TB,WR,26696444,MIN,24,10,1,1,N/R,,,0,0,,0,0,0.0,0,0,0.0,0,0,0,-,,,,,,,,,,,,,,,,,,
Ajou Ajou,IND,WR,3161800,HOU,29,13,1,1,N/R,,,0,0,,0,0,0.0,0,0,0.0,0,0,0,-,,,,,,,,,,,,,,,,,,
Antonio Nunn,ATL,WR,2258543,@GB,23,11,1,1,N/R,,,0,0,,0,0,0.0,0,0,0.0,0,0,0,-,,,,,,,,,,,,,,,,,,
Kyre Duplessis,DEN,WR,26699047,LAR,14,10,1,1,N/R,,,0,0,,0,0,0.0,0,0,0.0,0,0,0,-,,,,,,,,,,,,,,,,,,
Lujuan Winningham,JAC,WR,2828807,NE,8,7,1,0,N/R,,,0,0,,0,0,0.0,0,0,0.0,0,0,0,-,,,,,,,,,,,,,,,,,,
Junior Bergen,NYJ,WR,26731678,@DET,27,13,1,1,N/R,,,0,0,,0,0,0.0,0,0,0.0,0,0,0,-,,,,,,,,,,,,,,,,,,
Warren Jackson,LAR,WR,2803784,@DEN,13,11,1,0,N/R,,,0,0,,0,0,0.0,0,0,0.0,0,0,0,-,,,,,,,,,,,,,,,,,,
Laviska Shenault Jr.,BUF,WR,2866321,LAC,18,7,1,0,N/R,,,0,0,,0,0,0.0,0,0,0.0,0,0,0,-,,,,,,,,,,,,,,,,,,
Jeff Foreman,LV,WR,3121012,@NO,7,13,1,1,N/R,,,0,0,,0,0,0.0,0,0,0.0,0,0,0,-,,,,,,,,,,,,,,,,,,
Tetairoa McMillan,CAR,WR,28877124,@CLE,22,5,100,88,18,,,17,0,,0,0,8.5,0,0,0.0,0,5,2,0.00,,,,,,,,,,,,,,,,,,
Odell Beckham Jr.,NYG,WR,1824823,TEN,17,8,2,1,N/R,,,0,0,,0,0,0.0,0,0,0.0,0,1,0,0.00,,,,,,,,,,,,,,,,,,
Kyle Dixon,NE,WR,50049245,@JAC,19,11,1,1,N/R,,,0,0,,0,0,0.0,0,0,0.0,0,0,0,-,,,,,,,,,,,,,,,,,,
Jamal Agnew,ATL,WR,2818264,@GB,23,11,1,1,N/R,,,0,0,,0,0,0.0,0,0,0.0,0,0,0,-,,,,,,,,,,,,,,,,,,
DeVonta Smith,PHI,WR,2866975,@CHI,11,10,100,90,13,,,65,0,,0,0,10.8,0,0,0.0,0,8,6,0.00,,,,,,,,,,,,,,,,,,
Lance McCutcheon,TEN,WR,2836356,@NYG,20,9,1,0,N/R,,,0,0,,0,0,0.0,0,0,0.0,0,0,0,-,,,,,,,,,,,,,,,,,,
Kole Wilson,CLE,WR,28950335,CAR,4,11,1,0,N/R,,,0,0,,0,0,0.0,0,0,0.0,0,0,0,-,,,,,,,,,,,,,,,,,,
Tahj Washington,PHI,WR,3122529,@CHI,11,10,1,1,N/R,,,0,0,,0,0,0.0,0,0,0.0,0,0,0,-,,,,,,,,,,,,,,,,,,
Reggie Virgil,ARI,WR,28883008,@SF,12,14,1,1,N/R,,,0,0,,0,0,0.0,0,0,0.0,0,0,0,-,,,,,,,,,,,,,,,,,,
Lil'Jordan Humphrey,DEN,WR,2246852,LAR,14,10,1,1,N/R,,,0,0,,0,0,0.0,0,0,0.0,0,0,0,-,,,,,,,,,,,,,,,,,,
Mike Harley,MIA,WR,2826762,KC,2,6,1,1,N/R,,,0,0,,0,0,0.0,0,0,0.0,0,0,0,-,,,,,,,,,,,,,,,,,,
Hal Presley,TEN,WR,26727031,@NYG,20,9,1,1,N/R,,,0,0,,0,0,0.0,0,0,0.0,0,0,0,-,,,,,,,,,,,,,,,,,,
Ray-Ray McCloud,CHI,WR,2179226,PHI,21,10,1,1,N/R,,,0,0,,0,0,0.0,0,0,0.0,0,0,0,-,,,,,,,,,,,,,,,,,,
Grant DuBose,BUF,WR,26720345,LAC,18,7,1,0,N/R,,,0,0,,0,0,0.0,0,0,0.0,0,0,0,-,,,,,,,,,,,,,,,,,,
Luke Wysong,MIN,WR,26717211,@TB,9,6,1,1,N/R,,,0,0,,0,0,0.0,0,0,0.0,0,0,0,-,,,,,,,,,,,,,,,,,,
Ryan Flournoy,DAL,WR,28891456,BAL,25,14,5,1,N/R,,,22,0,,0,0,11.0,0,0,0.0,0,8,2,0.00,,,,,,,,,,,,,,,,,,
Daniel Arias,ARI,WR,2966863,@SF,12,14,1,0,N/R,,,0,0,,0,0,0.0,0,0,0.0,0,0,0,-,,,,,,,,,,,,,,,,,,
Tyler Kahmann,IND,WR,29729510,HOU,29,13,1,0,N/R,,,0,0,,0,0,0.0,0,0,0.0,0,0,0,-,,,,,,,,,,,,,,,,,,
Brandon Aiyuk,SF,WR,2967489,ARI,30,8,3,1,N/R,,,0,0,,0,0,0.0,0,0,0.0,0,0,0,-,,,,,,,,,,,,,,,,,,
Tim Jones,JAC,WR,2839207,NE,8,7,1,0,N/R,,,0,0,,0,0,0.0,0,0,0.0,0,0,0,-,,,,,,,,,,,,,,,,,,
Irvin Charles,SEA,WR,2185963,@WAS,32,11,1,1,N/R,,,0,0,,0,0,0.0,0,0,0.0,0,0,0,-,,,,,,,,,,,,,,,,,,
Dillon Mitchell,MIN,WR,2221967,@TB,9,6,1,0,N/R,,,0,0,,0,0,0.0,0,0,0.0,0,0,0,-,,,,,,,,,,,,,,,,,,
River Cracraft,WAS,WR,2890282,SEA,1,7,1,0,N/R,,,0,0,,0,0,0.0,0,0,0.0,0,0,0,-,,,,,,,,,,,,,,,,,,
J. Michael Sturdivant,GB,WR,26723673,ATL,28,11,1,1,N/R,,,22,0,,0,0,7.3,0,0,0.0,0,3,3,0.00,,,,,,,,,,,,,,,,,,
DeAndre Thompkins,GB,WR,2131257,ATL,28,11,1,1,N/R,,,0,0,,0,0,0.0,0,0,0.0,0,0,0,-,,,,,,,,,,,,,,,,,,
Marvin Harrison Jr.,ARI,WR,26701883,@SF,12,14,84,13,N/R,,,40,0,,0,0,13.3,0,0,0.0,0,5,3,0.00,,,,,,,,,,,,,,,,,,
Michael Wortham,JAC,WR,29137521,NE,8,7,1,1,N/R,,,0,0,,0,0,0.0,0,0,0.0,0,0,0,-,,,,,,,,,,,,,,,,,,
Ja'Lynn Polk,NO,WR,3162664,LV,6,8,1,1,N/R,,,0,0,,0,0,0.0,0,0,0.0,0,0,0,-,,,,,,,,,,,,,,,,,,
Reggie White Jr.,NYG,WR,3116826,TEN,17,8,1,1,N/R,,,0,0,,0,0,0.0,0,0,0.0,0,0,0,-,,,,,,,,,,,,,,,,,,
LaJohntay Wester,BAL,WR,3170389,@DAL,15,13,1,1,N/R,,,0,0,,0,0,0.0,0,0,0.0,0,0,0,0.00,,,,,,,,,,,,,,,,,,
Damien Alford,NO,WR,3168395,LV,6,8,1,0,N/R,,,0,0,,0,0,0.0,0,0,0.0,0,0,0,-,,,,,,,,,,,,,,,,,,
Marcus Rosemy-Jacksaint,PHI,WR,3163938,@CHI,11,10,1,0,N/R,,,0,0,,0,0,0.0,0,0,0.0,0,0,0,-,,,,,,,,,,,,,,,,,,
Jenson Stoshak,CAR,WR,2237669,@CLE,22,5,1,1,N/R,,,0,0,,0,0,0.0,0,0,0.0,0,0,0,-,,,,,,,,,,,,,,,,,,
Kyron Hudson,CHI,WR,26720252,PHI,21,10,0,0,N/R,,,0,0,,0,0,0.0,0,0,0.0,0,0,0,-,,,,,,,,,,,,,,,,,,
Jalon Calhoun,DET,WR,3124664,NYJ,5,6,0,0,N/R,,,0,0,,0,0,0.0,0,0,0.0,0,0,0,-,,,,,,,,,,,,,,,,,,
Zay Jones,HOU,WR,2080270,@IND,26,8,1,1,N/R,,,0,0,,0,0,0.0,0,0,0.0,0,0,0,-,,,,,,,,,,,,,,,,,,
Olamide Zaccheaus,ATL,WR,2186266,@GB,23,11,1,1,N/R,,,9,0,,0,0,4.5,0,0,0.0,0,2,2,0.00,,,,,,,,,,,,,,,,,,
Darece Roberson Jr.,SEA,WR,26654230,@WAS,32,11,1,1,N/R,,,0,0,,0,0,0.0,0,0,0.0,0,0,0,-,,,,,,,,,,,,,,,,,,
Brian Thomas Jr.,JAC,WR,3132164,NE,8,7,81,15,46,,,8,0,,0,0,8.0,0,0,0.0,0,1,1,0.00,,,,,,,,,,,,,,,,,,
Eric Rivers,TB,WR,29122776,MIN,24,10,1,0,N/R,,,0,0,,0,0,0.0,0,0,0.0,0,0,0,-,,,,,,,,,,,,,,,,,,
JuJu Smith-Schuster,NYG,WR,2139620,TEN,17,8,1,1,N/R,,,0,0,,0,0,0.0,0,0,0.0,0,0,0,-,,,,,,,,,,,,,,,,,,
Jimmy Holiday,KC,WR,3163391,@MIA,3,5,1,1,N/R,,,0,0,,0,0,0.0,0,0,0.0,0,0,0,-,,,,,,,,,,,,,,,,,,
Khalil Shakir,BUF,WR,2969119,LAC,18,7,50,7,N/R,,,6,0,,0,0,6.0,0,0,0.0,0,3,1,0.00,,,,,,,,,,,,,,,,,,
Nelson Agholor,BAL,WR,1996508,@DAL,15,13,1,1,N/R,,,0,0,,0,0,0.0,0,0,0.0,0,0,0,-,,,,,,,,,,,,,,,,,,
Taylor Morin,PHI,WR,3127330,@CHI,11,10,1,1,N/R,,,0,0,,0,0,0.0,0,0,0.0,0,0,0,-,,,,,,,,,,,,,,,,,,
Andrew Armstrong,KC,WR,28926946,@MIA,3,5,1,1,N/R,,,0,0,,0,0,0.0,0,0,0.0,0,0,0,-,,,,,,,,,,,,,,,,,,
Jamari Thrash,CLE,WR,3127827,CAR,4,11,1,0,N/R,,,0,0,,0,0,0.0,0,0,0.0,0,0,0,-,,,,,,,,,,,,,,,,,,
Kameron Brown,TB,WR,2191099,MIN,24,10,1,0,N/R,,,0,0,,0,0,0.0,0,0,0.0,0,0,0,-,,,,,,,,,,,,,,,,,,
Golden Tate,TEN,WR,1265470,@NYG,20,9,1,1,N/R,,,0,0,,0,0,0.0,0,0,0.0,0,0,0,-,,,,,,,,,,,,,,,,,,
Mitchell Tinsley,CIN,WR,3162481,@PIT,10,6,1,0,N/R,,,0,0,,0,0,0.0,0,0,0.0,0,0,0,-,,,,,,,,,,,,,,,,,,
Casey Washington,CAR,WR,3126493,@CLE,22,5,1,1,N/R,,,0,0,,0,0,0.0,0,0,0.0,0,0,0,-,,,,,,,,,,,,,,,,,,
Bryce Oliver,HOU,WR,2967309,@IND,26,8,1,0,N/R,,,0,0,,0,0,0.0,0,0,0.0,0,0,0,-,,,,,,,,,,,,,,,,,,
Ja'seem Reed,CAR,WR,26717711,@CLE,22,5,1,1,N/R,,,0,0,,0,0,0.0,0,0,0.0,0,0,0,-,,,,,,,,,,,,,,,,,,
CJ Williams,JAC,WR,28875641,NE,8,7,1,0,N/R,,,0,0,,0,0,0.0,0,0,0.0,0,0,0,-,,,,,,,,,,,,,,,,,,
Hunter Renfrow,CAR,WR,2144726,@CLE,22,5,1,1,N/R,,,0,0,,0,0,0.0,0,0,0.0,0,0,0,-,,,,,,,,,,,,,,,,,,
Wesley Grimes,SF,WR,28883053,ARI,30,8,1,0,N/R,,,0,0,,0,0,0.0,0,0,0.0,0,0,0,-,,,,,,,,,,,,,,,,,,
Tim Patrick,NYJ,WR,2818910,@DET,27,13,1,1,N/R,,,0,0,,0,0,0.0,0,0,0.0,0,0,0,-,,,,,,,,,,,,,,,,,,
Nick DeGennaro,NE,WR,3166956,@JAC,19,11,1,1,N/R,,,0,0,,0,0,0.0,0,0,0.0,0,0,0,-,,,,,,,,,,,,,,,,,,
Shaleak Knotts,MIN,WR,28901305,@TB,9,6,1,1,N/R,,,0,0,,0,0,0.0,0,0,0.0,0,0,0,-,,,,,,,,,,,,,,,,,,
Xavier Smith,LAR,WR,2986749,@DEN,13,11,1,1,N/R,,,0,0,,0,0,0.0,0,0,0.0,0,0,0,0.00,,,,,,,,,,,,,,,,,,
Colbie Young,CIN,WR,28934874,@PIT,10,6,1,1,N/R,,,2,0,,0,0,2.0,0,0,0.0,0,1,1,0.00,,,,,,,,,,,,,,,,,,
Luke Floriea,CLE,WR,3164098,CAR,4,11,1,0,N/R,,,0,0,,0,0,0.0,0,0,0.0,0,0,0,-,,,,,,,,,,,,,,,,,,
Tyler Vaughns,PIT,WR,2242770,CIN,16,9,1,0,N/R,,,0,0,,0,0,0.0,0,0,0.0,0,0,0,-,,,,,,,,,,,,,,,,,,
Andy Isabella,SF,WR,2182851,ARI,30,8,1,1,N/R,,,0,0,,0,0,0.0,0,0,0.0,0,0,0,-,,,,,,,,,,,,,,,,,,
Ty Fryfogle,KC,WR,2866135,@MIA,3,5,1,0,N/R,,,0,0,,0,0,0.0,0,0,0.0,0,0,0,-,,,,,,,,,,,,,,,,,,
Michael Johnson,PHI,WR,2185524,@CHI,11,10,0,0,N/R,,,0,0,,0,0,0.0,0,0,0.0,0,0,0,-,,,,,,,,,,,,,,,,,,
Michael Gallup,WAS,WR,2240415,SEA,1,7,1,1,N/R,,,0,0,,0,0,0.0,0,0,0.0,0,0,0,-,,,,,,,,,,,,,,,,,,
Devin Gray,KC,WR,2925207,@MIA,3,5,1,1,N/R,,,0,0,,0,0,0.0,0,0,0.0,0,0,0,-,,,,,,,,,,,,,,,,,,
Josh Reynolds,NYJ,WR,2131796,@DET,27,13,1,1,N/R,,,0,0,,0,0,0.0,0,0,0.0,0,0,0,-,,,,,,,,,,,,,,,,,,
Davonte Allen,BUF,WR,1892454,LAC,18,7,1,1,N/R,,,0,0,,0,0,0.0,0,0,0.0,0,0,0,-,,,,,,,,,,,,,,,,,,
Puka Nacua,LAR,WR,3121687,@DEN,13,11,100,42,6,,,0,0,,0,0,0.0,0,0,0.0,0,0,0,-,,,,,,,,,,,,,,,,,,
Kevin Austin Jr.,NO,WR,2969073,LV,6,8,1,0,N/R,,,0,0,,0,0,0.0,0,0,0.0,0,0,0,0.00,,,,,,,,,,,,,,,,,,
Demetris Robertson,SEA,WR,2250830,@WAS,32,11,0,0,N/R,,,0,0,,0,0,0.0,0,0,0.0,0,0,0,-,,,,,,,,,,,,,,,,,,
Devron Harper,MIN,WR,3121796,@TB,9,6,1,1,N/R,,,0,0,,0,0,0.0,0,0,0.0,0,0,0,-,,,,,,,,,,,,,,,,,,
Jordan Matthews,CAR,WR,1759816,@CLE,22,5,1,0,N/R,,,0,0,,0,0,0.0,0,0,0.0,0,0,0,-,,,,,,,,,,,,,,,,,,
Ed Lee,NE,WR,2830185,@JAC,19,11,0,0,N/R,,,0,0,,0,0,0.0,0,0,0.0,0,0,0,-,,,,,,,,,,,,,,,,,,
Javon Baker,SF,WR,3170860,ARI,30,8,1,1,N/R,,,0,0,,0,0,0.0,0,0,0.0,0,0,0,-,,,,,,,,,,,,,,,,,,
Khalil Tate,PHI,WR,3159159,@CHI,11,10,1,0,N/R,,,0,0,,0,0,0.0,0,0,0.0,0,0,0,-,,,,,,,,,,,,,,,,,,
Kalil Pimpleton,NYG,WR,2805116,TEN,17,8,1,0,N/R,,,0,0,,0,0,0.0,0,0,0.0,0,0,0,-,,,,,,,,,,,,,,,,,,
JJ Laap,LAR,WR,29379354,@DEN,13,11,1,1,N/R,,,0,0,,0,0,0.0,0,0,0.0,0,0,0,-,,,,,,,,,,,,,,,,,,
Bryce Ford-Wheaton,NYG,WR,2963723,TEN,17,8,1,1,N/R,,,0,0,,0,0,0.0,0,0,0.0,0,0,0,-,,,,,,,,,,,,,,,,,,
Jalen Brooks,ARI,WR,3165078,@SF,12,14,1,1,N/R,,,0,0,,0,0,0.0,0,0,0.0,0,1,0,0.00,,,,,,,,,,,,,,,,,,
Ryan McDaniel,JAC,WR,2879694,NE,8,7,1,0,N/R,,,0,0,,0,0,0.0,0,0,0.0,0,0,0,-,,,,,,,,,,,,,,,,,,
Robert Woods,PIT,WR,1754280,CIN,16,9,1,1,N/R,,,0,0,,0,0,0.0,0,0,0.0,0,0,0,-,,,,,,,,,,,,,,,,,,
Tre Nixon,NE,WR,2260187,@JAC,19,11,1,1,N/R,,,0,0,,0,0,0.0,0,0,0.0,0,0,0,-,,,,,,,,,,,,,,,,,,
Anthony Schwartz,MIA,WR,2965374,KC,2,6,1,1,N/R,,,0,0,,0,0,0.0,0,0,0.0,0,0,0,-,,,,,,,,,,,,,,,,,,
Trey Palmer,NO,WR,3122273,LV,6,8,1,1,N/R,,,0,0,,0,0,0.0,0,0,0.0,0,0,0,-,,,,,,,,,,,,,,,,,,
Anthony Miller,BAL,WR,2082810,@DAL,15,13,1,0,N/R,,,0,0,,0,0,0.0,0,0,0.0,0,0,0,-,,,,,,,,,,,,,,,,,,
Papi White,TEN,WR,2139547,@NYG,20,9,1,0,N/R,,,0,0,,0,0,0.0,0,0,0.0,0,0,0,-,,,,,,,,,,,,,,,,,,
KeAndre Lambert-Smith,LAC,WR,3163041,@BUF,31,7,1,1,N/R,,,0,0,,0,0,0.0,0,0,0.0,0,0,0,-,,,,,,,,,,,,,,,,,,
Tre Turner,LV,WR,2966451,@NO,7,13,1,1,N/R,,,0,0,,0,0,0.0,0,0,0.0,0,0,0,-,,,,,,,,,,,,,,,,,,
Jaxon Janke,HOU,WR,2976447,@IND,26,8,1,0,N/R,,,0,0,,0,0,0.0,0,0,0.0,0,0,0,-,,,,,,,,,,,,,,,,,,
Zachariah Branch,ATL,WR,29123979,@GB,23,11,6,1,N/R,,,7,0,,0,0,7.0,0,0,0.0,0,2,1,0.00,,,,,,,,,,,,,,,,,,
Jalen Sample,WAS,WR,29100602,SEA,1,7,1,1,N/R,,,0,0,,0,0,0.0,0,0,0.0,0,0,0,-,,,,,,,,,,,,,,,,,,
Tyshaun James,ATL,WR,2876686,@GB,23,11,0,0,N/R,,,0,0,,0,0,0.0,0,0,0.0,0,0,0,-,,,,,,,,,,,,,,,,,,
Derek Wright,CAR,WR,3124074,@CLE,22,5,1,1,N/R,,,0,0,,0,0,0.0,0,0,0.0,0,0,0,-,,,,,,,,,,,,,,,,,,
Tre'Shaun Harrison,TEN,WR,2963056,@NYG,20,9,1,1,N/R,,,0,0,,0,0,0.0,0,0,0.0,0,0,0,-,,,,,,,,,,,,,,,,,,
A.J. Brown,NE,WR,2258303,@JAC,19,11,99,3,N/R,,,0,0,,0,0,0.0,0,0,0.0,0,0,0,-,,,,,,,,,,,,,,,,,,
DaRon Brown,FA,WR,1762348,BYE,---,0,1,1,N/R,,,0,0,,0,0,0.0,0,0,0.0,0,0,0,-,,,,,,,,,,,,,,,,,,
Landon Parker,IND,WR,2962034,HOU,29,13,1,1,N/R,,,0,0,,0,0,0.0,0,0,0.0,0,0,0,-,,,,,,,,,,,,,,,,,,
Erik Ezukanma,PHI,WR,2962352,@CHI,11,10,1,1,N/R,,,0,0,,0,0,0.0,0,0,0.0,0,0,0,-,,,,,,,,,,,,,,,,,,
Jadon Janke,GB,WR,2976448,ATL,28,11,1,1,N/R,,,0,0,,0,0,0.0,0,0,0.0,0,0,0,-,,,,,,,,,,,,,,,,,,
Jeret Smith,KC,WR,2176561,@MIA,3,5,1,1,N/R,,,0,0,,0,0,0.0,0,0,0.0,0,0,0,-,,,,,,,,,,,,,,,,,,
Jalen Walthall,NYJ,WR,26713535,@DET,27,13,0,0,N/R,,,0,0,,0,0,0.0,0,0,0.0,0,0,0,-,,,,,,,,,,,,,,,,,,
Devaughn Vele,NO,WR,3121113,LV,6,8,78,27,32,,,39,0,,0,0,13.0,0,0,0.0,0,6,3,0.00,,,,,,,,,,,,,,,,,,
Dohnte Meyers,CIN,WR,2978569,@PIT,10,6,1,1,N/R,,,29,0,,0,0,9.7,0,0,0.0,0,5,3,0.00,,,,,,,,,,,,,,,,,,
Dylan Cantrell,WAS,WR,2080023,SEA,1,7,1,0,N/R,,,0,0,,0,0,0.0,0,0,0.0,0,0,0,-,,,,,,,,,,,,,,,,,,
Taylor Grimes,DEN,WR,2963130,LAR,14,10,1,1,N/R,,,0,0,,0,0,0.0,0,0,0.0,0,0,0,-,,,,,,,,,,,,,,,,,,
Kyrese Rowan,NO,WR,3131544,LV,6,8,1,0,N/R,,,0,0,,0,0,0.0,0,0,0.0,0,0,0,-,,,,,,,,,,,,,,,,,,
Peter LeBlanc,CHI,WR,3131648,PHI,21,10,1,1,N/R,,,0,0,,0,0,0.0,0,0,0.0,0,0,0,-,,,,,,,,,,,,,,,,,,
Garett Maag,MIN,WR,2962429,@TB,9,6,1,1,N/R,,,0,0,,0,0,0.0,0,0,0.0,0,0,0,-,,,,,,,,,,,,,,,,,,
Nikko Remigio,KC,WR,2964863,@MIA,3,5,1,1,N/R,,,0,0,,0,0,0.0,0,0,0.0,0,0,0,0.00,,,,,,,,,,,,,,,,,,
Ramel Keyton,TEN,WR,3123657,@NYG,20,9,1,0,N/R,,,0,0,,0,0,0.0,0,0,0.0,0,0,0,-,,,,,,,,,,,,,,,,,,
Jalen Moreno-Cropper,NO,WR,3122722,LV,6,8,1,1,N/R,,,0,0,,0,0,0.0,0,0,0.0,0,0,0,0.00,,,,,,,,,,,,,,,,,,
Kayshon Boutte,HOU,WR,3163170,@IND,26,8,22,2,N/R,,,21,0,,0,0,10.5,0,0,0.0,0,2,2,0.00,,,,,,,,,,,,,,,,,,
Artavis Scott,HOU,WR,2133477,@IND,26,8,1,1,N/R,,,0,0,,0,0,0.0,0,0,0.0,0,0,0,-,,,,,,,,,,,,,,,,,,
Cortez Braham Jr.,BAL,WR,28919816,@DAL,15,13,1,1,N/R,,,0,0,,0,0,0.0,0,0,0.0,0,0,0,-,,,,,,,,,,,,,,,,,,
Andre Miller,GB,WR,2963411,ATL,28,11,1,1,N/R,,,0,0,,0,0,0.0,0,0,0.0,0,0,0,-,,,,,,,,,,,,,,,,,,
Xavier Legette,CAR,WR,3131575,@CLE,22,5,2,1,N/R,,,0,0,,0,0,0.0,0,0,0.0,0,0,0,-,,,,,,,,,,,,,,,,,,
Dyami Brown,WAS,WR,2965973,SEA,1,7,1,1,N/R,,,0,0,,0,0,0.0,0,0,0.0,0,1,0,0.00,,,,,,,,,,,,,,,,,,
Jalen Coker,CAR,WR,3163990,@CLE,22,5,95,27,N/R,,,18,0,,0,0,9.0,0,0,0.0,0,4,2,0.00,,,,,,,,,,,,,,,,,,
Keelan Marion,ATL,WR,3162048,@GB,23,11,1,1,N/R,,,0,0,,0,0,0.0,0,0,0.0,0,0,0,-,,,,,,,,,,,,,,,,,,
Zion Bowens,WAS,WR,3168734,SEA,1,7,1,1,N/R,,,0,0,,0,0,0.0,0,0,0.0,0,0,0,-,,,,,,,,,,,,,,,,,,
Bryant Mitchell,TB,WR,3103642,MIN,24,10,1,1,N/R,,,0,0,,0,0,0.0,0,0,0.0,0,0,0,-,,,,,,,,,,,,,,,,,,
Brandon Lewis,TEN,WR,3044909,@NYG,20,9,1,1,N/R,,,0,0,,0,0,0.0,0,0,0.0,0,0,0,-,,,,,,,,,,,,,,,,,,
Brevin Easton,JAC,WR,28887494,NE,8,7,1,0,N/R,,,0,0,,0,0,0.0,0,0,0.0,0,0,0,-,,,,,,,,,,,,,,,,,,
Robert Lewis,MIN,WR,3166596,@TB,9,6,1,1,N/R,,,0,0,,0,0,0.0,0,0,0.0,0,0,0,-,,,,,,,,,,,,,,,,,,
Skyler Bell,BUF,WR,26726589,LAC,18,7,3,1,N/R,,,0,0,,0,0,0.0,0,0,0.0,0,0,0,-,,,,,,,,,,,,,,,,,,
Beaux Collins,ATL,WR,26694592,@GB,23,11,1,1,N/R,,,0,0,,0,0,0.0,0,0,0.0,0,0,0,-,,,,,,,,,,,,,,,,,,
DT Sheffield,NYJ,WR,29122875,@DET,27,13,1,1,N/R,,,0,0,,0,0,0.0,0,0,0.0,0,0,0,-,,,,,,,,,,,,,,,,,,
Bub Means,CLE,WR,3123413,CAR,4,11,1,1,N/R,,,0,0,,0,0,0.0,0,0,0.0,0,0,0,-,,,,,,,,,,,,,,,,,,
Levi Wentz,PIT,WR,3164057,CIN,16,9,0,0,N/R,,,0,0,,0,0,0.0,0,0,0.0,0,0,0,-,,,,,,,,,,,,,,,,,,
Brian Cobbs,ARI,WR,2961430,@SF,12,14,1,1,N/R,,,0,0,,0,0,0.0,0,0,0.0,0,0,0,-,,,,,,,,,,,,,,,,,,
Da'Quan Felton,NYJ,WR,3128608,@DET,27,13,1,1,N/R,,,0,0,,0,0,0.0,0,0,0.0,0,0,0,-,,,,,,,,,,,,,,,,,,
Justin Marshall,SEA,WR,2866624,@WAS,32,11,1,1,N/R,,,0,0,,0,0,0.0,0,0,0.0,0,0,0,-,,,,,,,,,,,,,,,,,,
Marcus Riley,NYJ,WR,3133994,@DET,27,13,1,1,N/R,,,0,0,,0,0,0.0,0,0,0.0,0,0,0,-,,,,,,,,,,,,,,,,,,
Anthony Johnson,PIT,WR,2258536,CIN,16,9,1,1,N/R,,,0,0,,0,0,0.0,0,0,0.0,0,0,0,-,,,,,,,,,,,,,,,,,,
Raylen Sharpe,IND,WR,26698282,HOU,29,13,1,0,N/R,,,0,0,,0,0,0.0,0,0,0.0,0,0,0,-,,,,,,,,,,,,,,,,,,
Ke'Shawn Williams,CIN,WR,3171149,@PIT,10,6,1,1,N/R,,,0,0,,0,0,0.0,0,1,0.0,0,0,0,0.00,,,,,,,,,,,,,,,,,,
Jazz Ferguson,SEA,WR,2180620,@WAS,32,11,1,1,N/R,,,0,0,,0,0,0.0,0,0,0.0,0,0,0,-,,,,,,,,,,,,,,,,,,
Changa Hodge,ARI,WR,2262609,@SF,12,14,1,1,N/R,,,0,0,,0,0,0.0,0,0,0.0,0,0,0,-,,,,,,,,,,,,,,,,,,
Josh Pearson,TB,WR,3159217,MIN,24,10,1,1,N/R,,,0,0,,0,0,0.0,0,0,0.0,0,0,0,-,,,,,,,,,,,,,,,,,,
Elijhah Badger,KC,WR,3163150,@MIA,3,5,1,0,N/R,,,0,0,,0,0,0.0,0,0,0.0,0,0,0,-,,,,,,,,,,,,,,,,,,
Tylan Wallace,CLE,WR,2866424,CAR,4,11,1,1,N/R,,,0,0,,0,0,0.0,0,0,0.0,0,0,0,0.00,,,,,,,,,,,,,,,,,,
Braylon Sanders,WAS,WR,2869933,SEA,1,7,1,1,N/R,,,0,0,,0,0,0.0,0,0,0.0,0,0,0,-,,,,,,,,,,,,,,,,,,
Russell Gage,SF,WR,2131694,ARI,30,8,1,1,N/R,,,0,0,,0,0,0.0,0,0,0.0,0,0,0,-,,,,,,,,,,,,,,,,,,
Daje Johnson,ATL,WR,1996830,@GB,23,11,1,1,N/R,,,0,0,,0,0,0.0,0,0,0.0,0,0,0,-,,,,,,,,,,,,,,,,,,
David Sills,TB,WR,2179491,MIN,24,10,1,1,N/R,,,0,0,,0,0,0.0,0,0,0.0,0,0,0,-,,,,,,,,,,,,,,,,,,
Deontez Alexander,SEA,WR,2926949,@WAS,32,11,1,1,N/R,,,0,0,,0,0,0.0,0,0,0.0,0,0,0,-,,,,,,,,,,,,,,,,,,
Aaron Anderson,CLE,WR,28877406,CAR,4,11,1,1,N/R,,,0,0,,0,0,0.0,0,0,0.0,0,0,0,-,,,,,,,,,,,,,,,,,,
Dane Key,DEN,WR,28873407,LAR,14,10,1,0,N/R,,,0,0,,0,0,0.0,0,0,0.0,0,0,0,-,,,,,,,,,,,,,,,,,,
Donaven McCulley,MIA,WR,26702279,KC,2,6,1,1,N/R,,,0,0,,0,0,0.0,0,0,0.0,0,0,0,-,,,,,,,,,,,,,,,,,,
Jeff Caldwell,KC,WR,28900417,@MIA,3,5,1,1,N/R,,,0,0,,0,0,0.0,0,0,0.0,0,0,0,-,,,,,,,,,,,,,,,,,,
Omari Kelly,CHI,WR,28875866,PHI,21,10,1,1,N/R,,,0,0,,0,0,0.0,0,0,0.0,0,0,0,-,,,,,,,,,,,,,,,,,,
Nick Westbrook-Ikhine,IND,WR,2185954,HOU,29,13,1,1,N/R,,,0,0,,0,0,0.0,0,0,0.0,0,0,0,0.00,,,,,,,,,,,,,,,,,,
J.J. Jones,JAC,WR,26701622,NE,8,7,1,1,N/R,,,0,0,,0,0,0.0,0,0,0.0,0,0,0,-,,,,,,,,,,,,,,,,,,
Marquise Brown,PHI,WR,2804128,@CHI,11,10,4,1,N/R,,,0,0,,0,0,0.0,0,0,0.0,0,0,0,-,,,,,,,,,,,,,,,,,,
Vinny Anthony II,ATL,WR,28921356,@GB,23,11,1,1,N/R,,,0,0,,0,0,0.0,0,0,0.0,0,0,0,-,,,,,,,,,,,,,,,,,,
Jonathan Mingo,DAL,WR,3126905,BAL,25,14,1,1,N/R,,,0,0,,0,0,0.0,0,0,0.0,0,0,0,0.00,,,,,,,,,,,,,,,,,,
Michael Bandy,DEN,WR,2245832,LAR,14,10,1,0,N/R,,,0,0,,0,0,0.0,0,0,0.0,0,0,0,-,,,,,,,,,,,,,,,,,,
Jadon Haselwood,PHI,WR,3122363,@CHI,11,10,1,1,N/R,,,0,0,,0,0,0.0,0,0,0.0,0,0,0,-,,,,,,,,,,,,,,,,,,
Jalen McCleskey,NO,WR,2185697,LV,6,8,1,1,N/R,,,0,0,,0,0,0.0,0,0,0.0,0,0,0,-,,,,,,,,,,,,,,,,,,
Monaray Baldwin,MIA,WR,26727563,KC,2,6,1,1,N/R,,,0,0,,0,0,0.0,0,0,0.0,0,0,0,-,,,,,,,,,,,,,,,,,,
Malik Knowles,SF,WR,2966553,ARI,30,8,1,1,N/R,,,0,0,,0,0,0.0,0,0,0.0,0,0,0,-,,,,,,,,,,,,,,,,,,
Savon Scarver,CHI,WR,2869196,PHI,21,10,0,0,N/R,,,0,0,,0,0,0.0,0,0,0.0,0,0,0,-,,,,,,,,,,,,,,,,,,
Malik Taylor,DET,WR,3117089,NYJ,5,6,0,0,N/R,,,0,0,,0,0,0.0,0,0,0.0,0,0,0,-,,,,,,,,,,,,,,,,,,
Cody Chrest,GB,WR,2241883,ATL,28,11,1,1,N/R,,,0,0,,0,0,0.0,0,0,0.0,0,0,0,-,,,,,,,,,,,,,,,,,,
Tank Dell,HOU,WR,2963970,@IND,26,8,19,1,N/R,,,0,0,,0,0,0.0,0,0,0.0,0,0,0,-,,,,,,,,,,,,,,,,,,
Jerome Kapp,NYJ,WR,29118901,@DET,27,13,1,1,N/R,,,0,0,,0,0,0.0,0,0,0.0,0,0,0,-,,,,,,,,,,,,,,,,,,
T.J. Rahming,MIA,WR,3116702,KC,2,6,1,1,N/R,,,0,0,,0,0,0.0,0,0,0.0,0,0,0,-,,,,,,,,,,,,,,,,,,
Jalen Virgil,BUF,WR,2240825,LAC,18,7,1,1,N/R,,,0,0,,0,0,0.0,0,0,0.0,0,0,0,-,,,,,,,,,,,,,,,,,,
Jameson Williams,DET,WR,3125968,NYJ,5,6,99,60,34,,,49,0,,0,0,12.2,0,0,0.0,0,4,4,0.00,,,,,,,,,,,,,,,,,,
Cornell Powell,PIT,WR,2239529,CIN,16,9,1,1,N/R,,,0,0,,0,0,0.0,0,0,0.0,0,0,0,-,,,,,,,,,,,,,,,,,,
Jordan Williams-Lambert,CHI,WR,2237119,PHI,21,10,0,0,N/R,,,0,0,,0,0,0.0,0,0,0.0,0,0,0,-,,,,,,,,,,,,,,,,,,
Milton Wright,LAC,WR,3131611,@BUF,31,7,1,1,N/R,,,0,0,,0,0,0.0,0,0,0.0,0,0,0,-,,,,,,,,,,,,,,,,,,
Marquez Callaway,LV,WR,2247505,@NO,7,13,1,1,N/R,,,0,0,,0,0,0.0,0,0,0.0,0,0,0,-,,,,,,,,,,,,,,,,,,
Johnathon Johnson,WAS,WR,3159233,SEA,1,7,1,1,N/R,,,0,0,,0,0,0.0,0,0,0.0,0,0,0,-,,,,,,,,,,,,,,,,,,
Barion Brown,NO,WR,28900204,LV,6,8,1,1,N/R,,,0,0,,0,0,0.0,0,0,0.0,0,0,0,-,,,,,,,,,,,,,,,,,,
Omar Bayless,KC,WR,2179863,@MIA,3,5,1,0,N/R,,,0,0,,0,0,0.0,0,0,0.0,0,0,0,-,,,,,,,,,,,,,,,,,,
Arian Smith,NYJ,WR,3163930,@DET,27,13,1,1,N/R,,,0,0,,0,0,0.0,0,0,0.0,0,0,0,-,,,,,,,,,,,,,,,,,,
Jequez Ezzard,WAS,WR,2260702,SEA,1,7,1,0,N/R,,,0,0,,0,0,0.0,0,0,0.0,0,0,0,-,,,,,,,,,,,,,,,,,,
Calvin Jackson Jr.,MIA,WR,2968105,KC,2,6,0,0,N/R,,,0,0,,0,0,0.0,0,0,0.0,0,0,0,-,,,,,,,,,,,,,,,,,,
Terique Owens,SF,WR,3124921,ARI,30,8,1,1,N/R,,,0,0,,0,0,0.0,0,0,0.0,0,0,0,-,,,,,,,,,,,,,,,,,,
Jerjuan Newton,DEN,WR,3125586,LAR,14,10,1,1,N/R,,,0,0,,0,0,0.0,0,0,0.0,0,0,0,-,,,,,,,,,,,,,,,,,,
Marcus Green,PHI,WR,2181212,@CHI,11,10,1,1,N/R,,,0,0,,0,0,0.0,0,0,0.0,0,0,0,-,,,,,,,,,,,,,,,,,,
Marvin Mims,DEN,WR,3162586,LAR,14,10,2,1,N/R,,,0,0,,0,0,0.0,0,0,0.0,0,0,0,-,,,,,,,,,,,,,,,,,,
Trent Taylor,SF,WR,2060838,ARI,30,8,1,0,N/R,,,0,0,,0,0,0.0,0,0,0.0,0,0,0,-,,,,,,,,,,,,,,,,,,
Shaq Roland,CHI,WR,2926785,PHI,21,10,1,1,N/R,,,0,0,,0,0,0.0,0,0,0.0,0,0,0,-,,,,,,,,,,,,,,,,,,
Avery Davis,DET,WR,2868630,NYJ,5,6,0,0,N/R,,,0,0,,0,0,0.0,0,0,0.0,0,0,0,-,,,,,,,,,,,,,,,,,,
Travell Harris,CLE,WR,2865807,CAR,4,11,0,0,N/R,,,0,0,,0,0,0.0,0,0,0.0,0,0,0,-,,,,,,,,,,,,,,,,,,
Shedrick Jackson,BAL,WR,2962459,@DAL,15,13,0,0,N/R,,,0,0,,0,0,0.0,0,0,0.0,0,0,0,-,,,,,,,,,,,,,,,,,,
Felton Davis,KC,WR,2186422,@MIA,3,5,1,0,N/R,,,0,0,,0,0,0.0,0,0,0.0,0,0,0,-,,,,,,,,,,,,,,,,,,
Johnny Johnson III,HOU,WR,2864938,@IND,26,8,1,1,N/R,,,0,0,,0,0,0.0,0,0,0.0,0,0,0,-,,,,,,,,,,,,,,,,,,
Dont'e Thornton Jr.,LV,WR,26694424,@NO,7,13,1,1,N/R,,,0,0,,0,0,0.0,0,0,0.0,0,0,0,-,,,,,,,,,,,,,,,,,,
Chris Coleman,MIA,WR,2804779,KC,2,6,1,0,N/R,,,0,0,,0,0,0.0,0,0,0.0,0,0,0,-,,,,,,,,,,,,,,,,,,
Curtis Samuel,BUF,WR,2131252,LAC,18,7,1,1,N/R,,,0,0,,0,0,0.0,0,0,0.0,0,0,0,-,,,,,,,,,,,,,,,,,,
Antoine Green,DET,WR,2962502,NYJ,5,6,1,1,N/R,,,0,0,,0,0,0.0,0,0,0.0,0,0,0,-,,,,,,,,,,,,,,,,,,
Brenden Rice,GB,WR,3166803,ATL,28,11,1,1,N/R,,,0,0,,0,0,0.0,0,0,0.0,0,0,0,-,,,,,,,,,,,,,,,,,,
Kendrick Bourne,ARI,WR,2088428,@SF,12,14,4,1,N/R,,,22,0,,0,0,11.0,0,0,0.0,0,3,2,0.00,,,,,,,,,,,,,,,,,,
Omari Evans,KC,WR,28875329,@MIA,3,5,1,1,N/R,,,0,0,,0,0,0.0,0,0,0.0,0,0,0,-,,,,,,,,,,,,,,,,,,
Thomas Hennigan,MIN,WR,2780930,@TB,9,6,1,0,N/R,,,0,0,,0,0,0.0,0,0,0.0,0,0,0,-,,,,,,,,,,,,,,,,,,
Jacob De Jesus,KC,WR,29121519,@MIA,3,5,1,1,N/R,,,0,0,,0,0,0.0,0,0,0.0,0,0,0,-,,,,,,,,,,,,,,,,,,
Brock Rechsteiner,NO,WR,26725349,LV,6,8,1,0,N/R,,,0,0,,0,0,0.0,0,0,0.0,0,0,0,-,,,,,,,,,,,,,,,,,,
Keshunn Abram,NYJ,WR,3126551,@DET,27,13,1,1,N/R,,,0,0,,0,0,0.0,0,0,0.0,0,0,0,-,,,,,,,,,,,,,,,,,,
Ty Scott,SEA,WR,2960933,@WAS,32,11,1,1,N/R,,,0,0,,0,0,0.0,0,0,0.0,0,0,0,-,,,,,,,,,,,,,,,,,,
DeAndre Hopkins,BAL,WR,1737078,@DAL,15,13,1,1,N/R,,,0,0,,0,0,0.0,0,0,0.0,0,0,0,-,,,,,,,,,,,,,,,,,,
Tre Walker,BUF,WR,2864807,LAC,18,7,1,1,N/R,,,0,0,,0,0,0.0,0,0,0.0,0,0,0,-,,,,,,,,,,,,,,,,,,
R.J. Starkey,GB,WR,2980231,ATL,28,11,1,1,N/R,,,0,0,,0,0,0.0,0,0,0.0,0,0,0,-,,,,,,,,,,,,,,,,,,
Armanti Foreman,MIN,WR,2925428,@TB,9,6,1,1,N/R,,,0,0,,0,0,0.0,0,0,0.0,0,0,0,-,,,,,,,,,,,,,,,,,,
Trevion Thompson,TEN,WR,2133481,@NYG,20,9,1,0,N/R,,,0,0,,0,0,0.0,0,0,0.0,0,0,0,-,,,,,,,,,,,,,,,,,,
Corey Sutton,DET,WR,2239648,NYJ,5,6,0,0,N/R,,,0,0,,0,0,0.0,0,0,0.0,0,0,0,-,,,,,,,,,,,,,,,,,,
DJ Chark,ATL,WR,2131689,@GB,23,11,1,1,N/R,,,0,0,,0,0,0.0,0,0,0.0,0,0,0,-,,,,,,,,,,,,,,,,,,
Max Tomczak,BUF,WR,26725930,LAC,18,7,1,1,N/R,,,0,0,,0,0,0.0,0,0,0.0,0,0,0,-,,,,,,,,,,,,,,,,,,
Keytaon Thompson,DET,WR,2744571,NYJ,5,6,0,0,N/R,,,0,0,,0,0,0.0,0,0,0.0,0,0,0,-,,,,,,,,,,,,,,,,,,
Malachi Carter,CIN,WR,2961890,@PIT,10,6,1,1,N/R,,,0,0,,0,0,0.0,0,0,0.0,0,0,0,-,,,,,,,,,,,,,,,,,,
Sahmir Hagans,IND,WR,26697142,HOU,29,13,1,0,N/R,,,0,0,,0,0,0.0,0,0,0.0,0,0,0,-,,,,,,,,,,,,,,,,,,
Chase Roberts,LV,WR,26728791,@NO,7,13,1,0,N/R,,,0,0,,0,0,0.0,0,0,0.0,0,0,0,-,,,,,,,,,,,,,,,,,,
Bryson Green,ARI,WR,26696745,@SF,12,14,1,1,N/R,,,0,0,,0,0,0.0,0,0,0.0,0,0,0,-,,,,,,,,,,,,,,,,,,
Brennan Eagles,DAL,WR,2965527,BAL,25,14,1,1,N/R,,,0,0,,0,0,0.0,0,0,0.0,0,0,0,-,,,,,,,,,,,,,,,,,,
Devon Williams,BAL,WR,2966004,@DAL,15,13,0,0,N/R,,,0,0,,0,0,0.0,0,0,0.0,0,0,0,-,,,,,,,,,,,,,,,,,,
Liam Clifford,LAC,WR,26695271,@BUF,31,7,1,0,N/R,,,0,0,,0,0,0.0,0,0,0.0,0,0,0,-,,,,,,,,,,,,,,,,,,
Tyler Lockett,LV,WR,1860834,@NO,7,13,1,1,N/R,,,0,0,,0,0,0.0,0,0,0.0,0,0,0,-,,,,,,,,,,,,,,,,,,
Travis Jonsen,TB,WR,3159190,MIN,24,10,1,1,N/R,,,0,0,,0,0,0.0,0,0,0.0,0,0,0,-,,,,,,,,,,,,,,,,,,
Jaden Bradley,WAS,WR,26713355,SEA,1,7,1,1,N/R,,,0,0,,0,0,0.0,0,0,0.0,0,0,0,-,,,,,,,,,,,,,,,,,,
Brandon Powell,MIN,WR,2926490,@TB,9,6,1,1,N/R,,,0,0,,0,0,0.0,0,0,0.0,0,0,0,-,,,,,,,,,,,,,,,,,,
Jahmal Banks,BAL,WR,3162810,@DAL,15,13,1,1,N/R,,,0,0,,0,0,0.0,0,0,0.0,0,0,0,-,,,,,,,,,,,,,,,,,,
Jackson Meeks,DET,WR,26700892,NYJ,5,6,1,1,N/R,,,8,0,,0,0,8.0,0,0,0.0,0,1,1,0.00,,,,,,,,,,,,,,,,,,
Thomas Sperbeck,TB,WR,2819114,MIN,24,10,1,0,N/R,,,0,0,,0,0,0.0,0,0,0.0,0,0,0,-,,,,,,,,,,,,,,,,,,
Elijah Sarratt,BAL,WR,28888850,@DAL,15,13,2,1,N/R,,,0,0,,0,0,0.0,0,0,0.0,0,0,0,-,,,,,,,,,,,,,,,,,,
Tyren Montgomery,TEN,WR,28935910,@NYG,20,9,1,0,N/R,,,0,0,,0,0,0.0,0,0,0.0,0,0,0,-,,,,,,,,,,,,,,,,,,
Calvin Ridley,TEN,WR,2186328,@NYG,20,9,22,2,N/R,,,0,0,,0,0,0.0,0,0,0.0,0,1,0,0.00,,,,,,,,,,,,,,,,,,
Tyler Davis,MIA,WR,2219915,KC,2,6,0,0,N/R,,,0,0,,0,0,0.0,0,0,0.0,0,0,0,-,,,,,,,,,,,,,,,,,,
Laquon Treadwell,IND,WR,2079899,HOU,29,13,1,1,N/R,,,20,0,,0,0,20.0,0,0,0.0,0,1,1,0.00,,,,,,,,,,,,,,,,,,
Omar Cooper Jr.,NYJ,WR,28900921,@DET,27,13,10,1,N/R,,,0,0,,0,0,0.0,0,0,0.0,0,0,0,-,,,,,,,,,,,,,,,,,,
Jadakis Bonds,GB,WR,2982608,ATL,28,11,1,1,N/R,,,0,0,,0,0,0.0,0,0,0.0,0,0,0,-,,,,,,,,,,,,,,,,,,
Germie Bernard,PIT,WR,28878358,CIN,16,9,7,1,N/R,,,14,0,,0,0,14.0,0,0,0.0,0,1,1,0.00,,,,,,,,,,,,,,,,,,
Ryan Miller,MIA,WR,2964726,KC,2,6,1,1,N/R,,,15,0,,0,0,7.5,0,0,0.0,0,3,2,0.00,,,,,,,,,,,,,,,,,,
Chimere Dike,TEN,WR,3162452,@NYG,20,9,3,1,N/R,,,3,0,,0,0,3.0,0,1,0.0,0,1,1,0.00,,,,,,,,,,,,,,,,,,
Terry Wright,MIA,WR,3116837,KC,2,6,0,0,N/R,,,0,0,,0,0,0.0,0,0,0.0,0,0,0,-,,,,,,,,,,,,,,,,,,
Malik Henry,NO,WR,3116830,LV,6,8,1,1,N/R,,,0,0,,0,0,0.0,0,0,0.0,0,0,0,-,,,,,,,,,,,,,,,,,,
Khalil McClain,MIA,WR,2866259,KC,2,6,0,0,N/R,,,0,0,,0,0,0.0,0,0,0.0,0,0,0,-,,,,,,,,,,,,,,,,,,
Jauan Jennings,MIN,WR,2180514,@TB,9,6,17,2,N/R,,,1,0,,0,0,1.0,0,0,0.0,0,2,1,0.00,,,,,,,,,,,,,,,,,,
Michael Dereus,BAL,WR,3161102,@DAL,15,13,1,1,N/R,,,0,0,,0,0,0.0,0,0,0.0,0,0,0,-,,,,,,,,,,,,,,,,,,
Jaylin Lane,WAS,WR,3162484,SEA,1,7,1,1,N/R,,,21,0,,0,0,21.0,0,0,0.0,0,1,1,0.00,,,,,,,,,,,,,,,,,,
Reece Horn,CIN,WR,2239232,@PIT,10,6,1,1,N/R,,,0,0,,0,0,0.0,0,0,0.0,0,0,0,-,,,,,,,,,,,,,,,,,,
Dymere Miller,NYJ,WR,3163055,@DET,27,13,1,1,N/R,,,0,0,,0,0,0.0,0,0,0.0,0,0,0,-,,,,,,,,,,,,,,,,,,
Chandler Brayboy,NE,WR,3121489,@JAC,19,11,1,0,N/R,,,0,0,,0,0,0.0,0,0,0.0,0,0,0,-,,,,,,,,,,,,,,,,,,
Jake Bobo,SEA,WR,2962336,@WAS,32,11,1,1,N/R,,,0,0,,0,0,0.0,0,0,0.0,0,0,0,-,,,,,,,,,,,,,,,,,,
Brennan Presley,LAR,WR,3169136,@DEN,13,11,1,0,N/R,,,0,0,,0,0,0.0,0,0,0.0,0,0,0,-,,,,,,,,,,,,,,,,,,
Tavonn Salter,ATL,WR,3153041,@GB,23,11,1,1,N/R,,,0,0,,0,0,0.0,0,0,0.0,0,0,0,-,,,,,,,,,,,,,,,,,,
Elijah Cooks,CAR,WR,2804732,@CLE,22,5,1,1,N/R,,,0,0,,0,0,0.0,0,0,0.0,0,0,0,-,,,,,,,,,,,,,,,,,,
Jeff Weimer,KC,WR,28878520,@MIA,3,5,1,1,N/R,,,0,0,,0,0,0.0,0,0,0.0,0,0,0,-,,,,,,,,,,,,,,,,,,
DJ Turner,HOU,WR,2251084,@IND,26,8,1,1,N/R,,,0,0,,0,0,0.0,0,0,0.0,0,0,0,-,,,,,,,,,,,,,,,,,,
Courtland Sutton,DEN,WR,2218461,LAR,14,10,87,18,44,,,46,0,,0,0,15.3,0,0,0.0,0,7,3,0.00,,,,,,,,,,,,,,,,,,
Anthony Smith,DAL,WR,3164577,BAL,25,14,1,0,N/R,,,0,0,,0,0,0.0,0,0,0.0,0,0,0,-,,,,,,,,,,,,,,,,,,
T.J. Simmons,TB,WR,2240254,MIN,24,10,1,0,N/R,,,0,0,,0,0,0.0,0,0,0.0,0,0,0,-,,,,,,,,,,,,,,,,,,
Tayvion Robinson,CAR,WR,3126630,@CLE,22,5,1,1,N/R,,,0,0,,0,0,0.0,0,0,0.0,0,0,0,-,,,,,,,,,,,,,,,,,,
Reggie Davis,DAL,WR,2820499,BAL,25,14,1,1,N/R,,,0,0,,0,0,0.0,0,0,0.0,0,0,0,-,,,,,,,,,,,,,,,,,,
Kelvin Harmon,DAL,WR,2246942,BAL,25,14,1,0,N/R,,,0,0,,0,0,0.0,0,0,0.0,0,0,0,-,,,,,,,,,,,,,,,,,,
Blayne Taylor,IND,WR,28914781,HOU,29,13,1,1,N/R,,,0,0,,0,0,0.0,0,0,0.0,0,0,0,-,,,,,,,,,,,,,,,,,,
Steven Sims,ARI,WR,3116703,@SF,12,14,1,1,N/R,,,0,0,,0,0,0.0,0,0,0.0,0,0,0,-,,,,,,,,,,,,,,,,,,
David Wallis,NE,WR,29383209,@JAC,19,11,1,1,N/R,,,0,0,,0,0,0.0,0,0,0.0,0,0,0,-,,,,,,,,,,,,,,,,,,
Robbie Chosen,WAS,WR,1886746,SEA,1,7,1,1,N/R,,,0,0,,0,0,0.0,0,0,0.0,0,0,0,-,,,,,,,,,,,,,,,,,,
Derius Davis,LAC,WR,2966544,@BUF,31,7,1,1,N/R,,,0,0,,0,0,0.0,0,0,0.0,0,0,0,0.00,,,,,,,,,,,,,,,,,,
Ty James,MIN,WR,3135294,@TB,9,6,1,0,N/R,,,0,0,,0,0,0.0,0,0,0.0,0,0,0,-,,,,,,,,,,,,,,,,,,
Allen Lazard,NYJ,WR,2141655,@DET,27,13,1,1,N/R,,,0,0,,0,0,0.0,0,0,0.0,0,0,0,-,,,,,,,,,,,,,,,,,,
Damion Jeanpiere,CAR,WR,3117009,@CLE,22,5,0,0,N/R,,,0,0,,0,0,0.0,0,0,0.0,0,0,0,-,,,,,,,,,,,,,,,,,,
Rakim Jarrett,PIT,WR,3166901,CIN,16,9,1,1,N/R,,,0,0,,0,0,0.0,0,0,0.0,0,0,0,-,,,,,,,,,,,,,,,,,,
Ricky White III,SEA,WR,3169795,@WAS,32,11,1,0,N/R,,,0,0,,0,0,0.0,0,0,0.0,0,0,0,-,,,,,,,,,,,,,,,,,,
Mason Tipton,NO,WR,3135304,LV,6,8,1,1,N/R,,,0,0,,0,0,0.0,0,0,0.0,0,0,0,-,,,,,,,,,,,,,,,,,,
Taye Barber,TB,WR,2962839,MIN,24,10,1,1,N/R,,,0,0,,0,0,0.0,0,0,0.0,0,0,0,-,,,,,,,,,,,,,,,,,,
Christian Kirk,SF,WR,2180820,ARI,30,8,6,1,N/R,,,0,0,,0,0,0.0,0,0,0.0,0,0,0,-,,,,,,,,,,,,,,,,,,
Dimitri Stanley,GB,WR,2962329,ATL,28,11,0,0,N/R,,,0,0,,0,0,0.0,0,0,0.0,0,0,0,-,,,,,,,,,,,,,,,,,,
Dallas Daniels,DEN,WR,3166474,LAR,14,10,1,0,N/R,,,0,0,,0,0,0.0,0,0,0.0,0,0,0,-,,,,,,,,,,,,,,,,,,
Seth Williams,LV,WR,2965944,@NO,7,13,1,0,N/R,,,0,0,,0,0,0.0,0,0,0.0,0,0,0,-,,,,,,,,,,,,,,,,,,
Malik Cunningham,DET,WR,2866334,NYJ,5,6,1,1,N/R,,,0,0,,0,0,0.0,0,0,0.0,0,0,0,-,,,,,,,,,,,,,,,,,,
Leon Johnson III,LAC,WR,29125075,@BUF,31,7,1,1,N/R,,,0,0,,0,0,0.0,0,0,0.0,0,0,0,-,,,,,,,,,,,,,,,,,,
Tre Tucker,LV,WR,3121848,@NO,7,13,74,25,37,,,43,0,,0,0,10.8,0,0,0.0,0,4,4,0.00,,,,,,,,,,,,,,,,,,
Jalin Hyatt,NYG,WR,3171911,TEN,17,8,1,1,N/R,,,0,0,,0,0,0.0,0,0,0.0,0,0,0,-,,,,,,,,,,,,,,,,,,
Mac Dalena,BUF,WR,3165469,LAC,18,7,0,0,N/R,,,0,0,,0,0,0.0,0,0,0.0,0,0,0,-,,,,,,,,,,,,,,,,,,
Brandon Johnson,PIT,WR,2247509,CIN,16,9,1,1,N/R,,,0,0,,0,0,0.0,0,0,0.0,0,0,0,-,,,,,,,,,,,,,,,,,,
Reggie Roberson Jr.,TEN,WR,2835560,@NYG,20,9,1,1,N/R,,,0,0,,0,0,0.0,0,0,0.0,0,0,0,-,,,,,,,,,,,,,,,,,,
Caleb Douglas,MIA,WR,28900321,KC,2,6,35,1,N/R,,,0,0,,0,0,0.0,0,0,0.0,0,0,0,-,,,,,,,,,,,,,,,,,,
Malik Nabers,NYG,WR,26697761,TEN,17,8,100,68,30,,,26,0,,0,0,5.2,0,0,0.0,0,6,5,0.00,,,,,,,,,,,,,,,,,,
Jordan Watkins,SF,WR,3164736,ARI,30,8,3,1,N/R,,,60,0,,0,0,30.0,0,0,0.0,0,2,2,0.00,,,,,,,,,,,,,,,,,,
Cortrelle Simpson,TB,WR,3117088,MIN,24,10,1,0,N/R,,,0,0,,0,0,0.0,0,0,0.0,0,0,0,-,,,,,,,,,,,,,,,,,,
Traeshon Holden,DAL,WR,3163354,BAL,25,14,1,1,N/R,,,0,0,,0,0,0.0,0,0,0.0,0,0,0,-,,,,,,,,,,,,,,,,,,
Eli Stove,LAC,WR,2241806,@BUF,31,7,1,0,N/R,,,0,0,,0,0,0.0,0,0,0.0,0,0,0,-,,,,,,,,,,,,,,,,,,
Chris Godwin,TB,WR,2818150,MIN,24,10,81,14,N/R,,,25,0,,0,0,8.3,0,0,0.0,0,4,3,0.00,,,,,,,,,,,,,,,,,,
D.J. Montgomery,IND,WR,3116788,HOU,29,13,1,1,N/R,,,0,0,,0,0,0.0,0,0,0.0,0,0,0,-,,,,,,,,,,,,,,,,,,
Britain Covey,PHI,WR,2185571,@CHI,11,10,1,1,N/R,,,0,0,,0,0,0.0,0,0,0.0,0,0,0,0.00,,,,,,,,,,,,,,,,,,
Matt Landers,TEN,WR,2871748,@NYG,20,9,1,1,N/R,,,0,0,,0,0,0.0,0,0,0.0,0,0,0,-,,,,,,,,,,,,,,,,,,
Jacob Cowing,SF,WR,3133200,ARI,30,8,1,1,N/R,,,0,0,,0,0,0.0,0,0,0.0,0,2,0,0.00,,,,,,,,,,,,,,,,,,
Juwan Green,KC,WR,2967680,@MIA,3,5,1,1,N/R,,,0,0,,0,0,0.0,0,0,0.0,0,0,0,-,,,,,,,,,,,,,,,,,,
Trebor Pena,JAC,WR,3168420,NE,8,7,1,1,N/R,,,0,0,,0,0,0.0,0,0,0.0,0,0,0,-,,,,,,,,,,,,,,,,,,
Josh Harper,LV,WR,1766833,@NO,7,13,1,1,N/R,,,0,0,,0,0,0.0,0,0,0.0,0,0,0,-,,,,,,,,,,,,,,,,,,
Kai Locksley,MIA,WR,2186493,KC,2,6,0,0,N/R,,,0,0,,0,0,0.0,0,0,0.0,0,0,0,-,,,,,,,,,,,,,,,,,,
Thomas Ives,CHI,WR,3116774,PHI,21,10,1,1,N/R,,,0,0,,0,0,0.0,0,0,0.0,0,0,0,-,,,,,,,,,,,,,,,,,,
Harrison Wallace III,ARI,WR,26698495,@SF,12,14,1,0,N/R,,,0,0,,0,0,0.0,0,0,0.0,0,0,0,-,,,,,,,,,,,,,,,,,,
Miles Boykin,CHI,WR,2186656,PHI,21,10,1,0,N/R,,,0,0,,0,0,0.0,0,0,0.0,0,0,0,-,,,,,,,,,,,,,,,,,,
Taysir Mack,SF,WR,2253350,ARI,30,8,1,1,N/R,,,0,0,,0,0,0.0,0,0,0.0,0,0,0,-,,,,,,,,,,,,,,,,,,
Kendric Pryor,CIN,WR,2251888,@PIT,10,6,0,0,N/R,,,0,0,,0,0,0.0,0,0,0.0,0,0,0,-,,,,,,,,,,,,,,,,,,
Jamaal Pritchett,NYJ,WR,28877767,@DET,27,13,1,1,N/R,,,0,0,,0,0,0.0,0,0,0.0,0,0,0,0.00,,,,,,,,,,,,,,,,,,
Zavion Thomas,CHI,WR,28909795,PHI,21,10,3,1,N/R,,,1,0,,0,0,1.0,0,0,0.0,0,1,1,0.00,,,,,,,,,,,,,,,,,,
Brelan Chancellor,PIT,WR,2130622,CIN,16,9,1,1,N/R,,,0,0,,0,0,0.0,0,0,0.0,0,0,0,-,,,,,,,,,,,,,,,,,,
Trevon Clark,BAL,WR,3127826,@DAL,15,13,1,0,N/R,,,0,0,,0,0,0.0,0,0,0.0,0,0,0,-,,,,,,,,,,,,,,,,,,
Nick Easley,BUF,WR,2804380,LAC,18,7,0,0,N/R,,,0,0,,0,0,0.0,0,0,0.0,0,0,0,-,,,,,,,,,,,,,,,,,,
Rashod Owens,CIN,WR,3169153,@PIT,10,6,1,1,N/R,,,0,0,,0,0,0.0,0,0,0.0,0,0,0,-,,,,,,,,,,,,,,,,,,
Ahmarean Brown,BUF,WR,3123946,LAC,18,7,1,1,N/R,,,0,0,,0,0,0.0,0,0,0.0,0,0,0,-,,,,,,,,,,,,,,,,,,
Camden Brown,DAL,WR,28877638,BAL,25,14,1,0,N/R,,,0,0,,0,0,0.0,0,0,0.0,0,0,0,-,,,,,,,,,,,,,,,,,,
Detrich Clark,ATL,WR,2925203,@GB,23,11,1,1,N/R,,,0,0,,0,0,0.0,0,0,0.0,0,0,0,-,,,,,,,,,,,,,,,,,,
Kyle Philips,LV,WR,2966039,@NO,7,13,1,1,N/R,,,0,0,,0,0,0.0,0,0,0.0,0,0,0,-,,,,,,,,,,,,,,,,,,
Ainias Smith,CAR,WR,3131553,@CLE,22,5,1,0,N/R,,,0,0,,0,0,0.0,0,0,0.0,0,0,0,-,,,,,,,,,,,,,,,,,,
DeAndre Carter,CLE,WR,2174795,CAR,4,11,1,1,N/R,,,0,0,,0,0,0.0,0,0,0.0,0,0,0,-,,,,,,,,,,,,,,,,,,
Xavier Hutchinson,HOU,WR,3161943,@IND,26,8,12,3,N/R,,,51,0,,2,4,17.0,0,0,2.0,0,6,3,0.00,,,,,,,,,,,,,,,,,,
Jerry Jeudy,CLE,WR,2741201,CAR,4,11,27,1,N/R,,,0,0,,0,0,0.0,0,0,0.0,0,0,0,0.00,,,,,,,,,,,,,,,,,,
Isaiah Weston,CLE,WR,2247180,CAR,4,11,0,0,N/R,,,0,0,,0,0,0.0,0,0,0.0,0,0,0,-,,,,,,,,,,,,,,,,,,
Alex Wesley,CHI,WR,2142830,PHI,21,10,0,0,N/R,,,0,0,,0,0,0.0,0,0,0.0,0,0,0,-,,,,,,,,,,,,,,,,,,
Montorie Foster Jr.,SEA,WR,3169784,@WAS,32,11,1,1,N/R,,,0,0,,0,0,0.0,0,0,0.0,0,0,0,-,,,,,,,,,,,,,,,,,,
Demarcus Robinson,SF,WR,2061095,ARI,30,8,4,1,N/R,,,0,0,,0,0,0.0,0,0,0.0,0,0,0,-,,,,,,,,,,,,,,,,,,
Jonathon Rumph,NYJ,WR,2175993,@DET,27,13,1,0,N/R,,,0,0,,0,0,0.0,0,0,0.0,0,0,0,-,,,,,,,,,,,,,,,,,,
Joseph Manjack IV,DEN,WR,26720249,LAR,14,10,1,1,N/R,,,0,0,,0,0,0.0,0,0,0.0,0,0,0,-,,,,,,,,,,,,,,,,,,
Kameron Johnson,TB,WR,29380891,MIN,24,10,1,1,N/R,,,0,0,,0,0,0.0,0,0,0.0,0,0,0,0.00,,,,,,,,,,,,,,,,,,
Sean Ryan,BAL,WR,2963218,@DAL,15,13,0,0,N/R,,,0,0,,0,0,0.0,0,0,0.0,0,0,0,-,,,,,,,,,,,,,,,,,,
Sam Wiglusz,LAR,WR,2984114,@DEN,13,11,1,0,N/R,,,0,0,,0,0,0.0,0,0,0.0,0,0,0,-,,,,,,,,,,,,,,,,,,
Moose Muhammad III,CAR,WR,3162427,@CLE,22,5,0,0,N/R,,,0,0,,0,0,0.0,0,0,0.0,0,0,0,-,,,,,,,,,,,,,,,,,,
Collin Johnson,LV,WR,2240315,@NO,7,13,1,0,N/R,,,0,0,,0,0,0.0,0,0,0.0,0,0,0,-,,,,,,,,,,,,,,,,,,
Jacob Copeland,PIT,WR,2964883,CIN,16,9,1,1,N/R,,,0,0,,0,0,0.0,0,0,0.0,0,0,0,-,,,,,,,,,,,,,,,,,,
JaVonta Payton,ARI,WR,3126147,@SF,12,14,1,1,N/R,,,0,0,,0,0,0.0,0,0,0.0,0,0,0,-,,,,,,,,,,,,,,,,,,
Xavier Worthy,KC,WR,26730787,@MIA,3,5,77,18,N/R,,,20,0,,0,0,10.0,0,0,0.0,0,2,2,0.00,,,,,,,,,,,,,,,,,,
David Durden,DAL,WR,2836832,BAL,25,14,1,1,N/R,,,0,0,,0,0,0.0,0,0,0.0,0,0,0,-,,,,,,,,,,,,,,,,,,
T.J. Vasher,DAL,WR,2252275,BAL,25,14,1,1,N/R,,,0,0,,0,0,0.0,0,0,0.0,0,0,0,-,,,,,,,,,,,,,,,,,,
Keilahn Harris,PIT,WR,29119117,CIN,16,9,0,0,N/R,,,0,0,,0,0,0.0,0,0,0.0,0,0,0,-,,,,,,,,,,,,,,,,,,
Austin Willis,DET,WR,2175115,NYJ,5,6,0,0,N/R,,,0,0,,0,0,0.0,0,0,0.0,0,0,0,-,,,,,,,,,,,,,,,,,,
Parris Campbell,DAL,WR,2139271,BAL,25,14,1,1,N/R,,,0,0,,0,0,0.0,0,0,0.0,0,0,0,-,,,,,,,,,,,,,,,,,,
Jack Bech,LV,WR,26700682,@NO,7,13,3,1,N/R,,,0,0,,0,0,0.0,0,0,0.0,0,0,0,0.00,,,,,,,,,,,,,,,,,,
De'Quan Hampton,SEA,WR,2180325,@WAS,32,11,1,0,N/R,,,0,0,,0,0,0.0,0,0,0.0,0,0,0,-,,,,,,,,,,,,,,,,,,
Rico Bussey,PIT,WR,2251993,CIN,16,9,0,0,N/R,,,0,0,,0,0,0.0,0,0,0.0,0,0,0,-,,,,,,,,,,,,,,,,,,
Joseph Scates,JAC,WR,28873479,NE,8,7,1,1,N/R,,,0,0,,0,0,0.0,0,0,0.0,0,0,0,-,,,,,,,,,,,,,,,,,,
Dareke Young,LV,WR,27017067,@NO,7,13,1,1,N/R,,,0,0,,0,0,0.0,0,0,0.0,0,0,0,0.00,,,,,,,,,,,,,,,,,,
D'Wayne Eskridge,MIA,WR,2252411,KC,2,6,1,0,N/R,,,0,0,,0,0,0.0,0,0,0.0,0,0,0,-,,,,,,,,,,,,,,,,,,
Josh Vann,CAR,WR,2965222,@CLE,22,5,1,1,N/R,,,0,0,,0,0,0.0,0,0,0.0,0,0,0,-,,,,,,,,,,,,,,,,,,
Bobo Beathard,ARI,WR,1840609,@SF,12,14,1,1,N/R,,,0,0,,0,0,0.0,0,0,0.0,0,0,0,-,,,,,,,,,,,,,,,,,,
Sean Modster,BAL,WR,3116763,@DAL,15,13,1,1,N/R,,,0,0,,0,0,0.0,0,0,0.0,0,0,0,-,,,,,,,,,,,,,,,,,,
Jaivon Heiligh,CIN,WR,2962413,@PIT,10,6,1,1,N/R,,,0,0,,0,0,0.0,0,0,0.0,0,0,0,-,,,,,,,,,,,,,,,,,,
Xavier Gipson,PHI,WR,3127427,@CHI,11,10,1,1,N/R,,,0,0,,0,0,0.0,0,0,0.0,0,0,0,-,,,,,,,,,,,,,,,,,,
A.T. Perry,PIT,WR,2965235,CIN,16,9,1,1,N/R,,,0,0,,0,0,0.0,0,0,0.0,0,0,0,-,,,,,,,,,,,,,,,,,,
Quez Watkins,PHI,WR,2262953,@CHI,11,10,1,0,N/R,,,0,0,,0,0,0.0,0,0,0.0,0,0,0,-,,,,,,,,,,,,,,,,,,
John Mitchell,SEA,WR,2252295,@WAS,32,11,1,1,N/R,,,0,0,,0,0,0.0,0,0,0.0,0,0,0,-,,,,,,,,,,,,,,,,,,
Savion Williams,GB,WR,3161844,ATL,28,11,1,1,N/R,,,0,0,,0,0,0.0,0,0,0.0,0,0,0,-,,,,,,,,,,,,,,,,,,
Dillon Bell,MIN,WR,28903382,@TB,9,6,1,1,N/R,,,0,0,,0,0,0.0,0,0,0.0,0,0,0,-,,,,,,,,,,,,,,,,,,
Michael Pittman,PIT,WR,2240188,CIN,16,9,66,5,N/R,,,16,0,,0,0,8.0,0,0,0.0,0,5,2,0.00,,,,,,,,,,,,,,,,,,
Emeka Emezie,ATL,WR,2867204,@GB,23,11,1,0,N/R,,,0,0,,0,0,0.0,0,0,0.0,0,0,0,-,,,,,,,,,,,,,,,,,,
Travis Hunter,JAC,WR,28909849,NE,8,7,6,1,N/R,,,0,0,,0,0,0.0,0,0,0.0,0,0,0,0.00,,,,,,,,,,,,,,,,,,
Quincy Skinner Jr.,GB,WR,26697082,ATL,28,11,1,1,N/R,,,0,0,,0,0,0.0,0,0,0.0,0,0,0,-,,,,,,,,,,,,,,,,,,
Deonte Harty,BAL,WR,3116892,@DAL,15,13,1,1,N/R,,,0,0,,0,0,0.0,0,0,0.0,0,0,0,-,,,,,,,,,,,,,,,,,,
Malik Flowers,LV,WR,2865446,@NO,7,13,1,1,N/R,,,0,0,,0,0,0.0,0,0,0.0,0,0,0,-,,,,,,,,,,,,,,,,,,
Shae Wyatt,SF,WR,26695205,ARI,30,8,1,0,N/R,,,0,0,,0,0,0.0,0,0,0.0,0,0,0,-,,,,,,,,,,,,,,,,,,
Devante Davis,PHI,WR,1868418,@CHI,11,10,1,1,N/R,,,0,0,,0,0,0.0,0,0,0.0,0,0,0,-,,,,,,,,,,,,,,,,,,
Dontay Demus Jr.,BAL,WR,2963923,@DAL,15,13,1,1,N/R,,,0,0,,0,0,0.0,0,0,0.0,0,0,0,-,,,,,,,,,,,,,,,,,,
Danny Gray,PHI,WR,3168336,@CHI,11,10,1,1,N/R,,,0,0,,0,0,0.0,0,0,0.0,0,0,0,-,,,,,,,,,,,,,,,,,,
Ihmir Smith-Marsette,CAR,WR,2865894,@CLE,22,5,1,1,N/R,,,0,0,,0,0,0.0,0,0,0.0,0,0,0,-,,,,,,,,,,,,,,,,,,
Trayvon Rudolph,MIN,WR,3167411,@TB,9,6,1,1,N/R,,,0,0,,0,0,0.0,0,0,0.0,0,0,0,-,,,,,,,,,,,,,,,,,,
Thayer Thomas,DEN,WR,2865035,LAR,14,10,1,0,N/R,,,0,0,,0,0,0.0,0,0,0.0,0,0,0,-,,,,,,,,,,,,,,,,,,
Anthony Ratliff-Williams,SEA,WR,2179349,@WAS,32,11,1,1,N/R,,,0,0,,0,0,0.0,0,0,0.0,0,0,0,-,,,,,,,,,,,,,,,,,,
Willie Johnson,JAC,WR,2263021,NE,8,7,1,1,N/R,,,0,0,,0,0,0.0,0,0,0.0,0,0,0,-,,,,,,,,,,,,,,,,,,
Tyrone Broden,SEA,WR,3133378,@WAS,32,11,1,1,N/R,,,0,0,,0,0,0.0,0,0,0.0,0,0,0,-,,,,,,,,,,,,,,,,,,
Key'Shawn Smith,KC,WR,3161656,@MIA,3,5,1,0,N/R,,,0,0,,0,0,0.0,0,0,0.0,0,0,0,-,,,,,,,,,,,,,,,,,,
John Jackson III,CHI,WR,3123560,PHI,21,10,1,1,N/R,,,0,0,,0,0,0.0,0,0,0.0,0,0,0,-,,,,,,,,,,,,,,,,,,
Jalen Nailor,LV,WR,2967232,@NO,7,13,13,1,N/R,,,16,0,,0,0,16.0,0,0,0.0,0,3,1,0.00,,,,,,,,,,,,,,,,,,
James Proche,TEN,WR,2180769,@NYG,20,9,1,1,N/R,,,0,0,,0,0,0.0,0,0,0.0,0,0,0,-,,,,,,,,,,,,,,,,,,
Darius Slayton,IND,WR,2183982,HOU,29,13,2,1,N/R,,,0,0,,0,0,0.0,0,0,0.0,0,0,0,-,,,,,,,,,,,,,,,,,,
Nick Nash,WAS,WR,3123884,SEA,1,7,1,1,N/R,,,0,0,,0,0,0.0,0,0,0.0,0,0,0,-,,,,,,,,,,,,,,,,,,
Jake Herslow,SEA,WR,2252298,@WAS,32,11,0,0,N/R,,,0,0,,0,0,0.0,0,0,0.0,0,0,0,-,,,,,,,,,,,,,,,,,,
Jalen Reagor,MIA,WR,2803733,KC,2,6,1,1,N/R,,,0,0,,0,0,0.0,0,0,0.0,0,0,0,-,,,,,,,,,,,,,,,,,,
Cornelius Johnson,BAL,WR,3133361,@DAL,15,13,1,1,N/R,,,0,0,,0,0,0.0,0,0,0.0,0,0,0,-,,,,,,,,,,,,,,,,,,
Cameron Camper,NYJ,WR,28874582,@DET,27,13,1,1,N/R,,,0,0,,0,0,0.0,0,0,0.0,0,0,0,-,,,,,,,,,,,,,,,,,,
Tamorrion Terry,SEA,WR,2866340,@WAS,32,11,1,1,N/R,,,0,0,,0,0,0.0,0,0,0.0,0,0,0,-,,,,,,,,,,,,,,,,,,
Marcus Simms,SEA,WR,3125670,@WAS,32,11,0,0,N/R,,,0,0,,0,0,0.0,0,0,0.0,0,0,0,-,,,,,,,,,,,,,,,,,,
Jaelen Gill,CLE,WR,2967603,CAR,4,11,0,0,N/R,,,0,0,,0,0,0.0,0,0,0.0,0,0,0,-,,,,,,,,,,,,,,,,,,
Malachi Corley,CLE,WR,3162613,CAR,4,11,1,1,N/R,,,0,0,,0,0,0.0,0,1,0.0,0,0,0,0.00,,,,,,,,,,,,,,,,,,
Garrett Greene,TB,WR,3162974,MIN,24,10,1,1,N/R,,,0,0,,0,0,0.0,0,0,0.0,0,0,0,-,,,,,,,,,,,,,,,,,,
Juwann Winfree,HOU,WR,3116589,@IND,26,8,1,1,N/R,,,0,0,,0,0,0.0,0,0,0.0,0,0,0,-,,,,,,,,,,,,,,,,,,
Charleston Rambo,PHI,WR,2867306,@CHI,11,10,0,0,N/R,,,0,0,,0,0,0.0,0,0,0.0,0,0,0,-,,,,,,,,,,,,,,,,,,
Derrick Dillon,CLE,WR,2180617,CAR,4,11,0,0,N/R,,,0,0,,0,0,0.0,0,0,0.0,0,0,0,-,,,,,,,,,,,,,,,,,,
Hank Beatty,TEN,WR,28915401,@NYG,20,9,1,1,N/R,,,0,0,,0,0,0.0,0,0,0.0,0,0,0,-,,,,,,,,,,,,,,,,,,
Branden Mack,DEN,WR,2256707,LAR,14,10,1,0,N/R,,,0,0,,0,0,0.0,0,0,0.0,0,0,0,-,,,,,,,,,,,,,,,,,,
Damon Hazelton,HOU,WR,2252367,@IND,26,8,1,0,N/R,,,0,0,,0,0,0.0,0,0,0.0,0,0,0,-,,,,,,,,,,,,,,,,,,
Darius Lassiter,JAC,WR,28874276,NE,8,7,1,1,N/R,,,0,0,,0,0,0.0,0,0,0.0,0,0,0,-,,,,,,,,,,,,,,,,,,
Reggie Brown,KC,WR,2961395,@MIA,3,5,1,1,N/R,,,0,0,,0,0,0.0,0,0,0.0,0,0,0,-,,,,,,,,,,,,,,,,,,
Cam Johnson,CAR,WR,2966680,@CLE,22,5,1,1,N/R,,,0,0,,0,0,0.0,0,0,0.0,0,0,0,-,,,,,,,,,,,,,,,,,,
Tyler Simmons,PIT,WR,3159178,CIN,16,9,1,1,N/R,,,0,0,,0,0,0.0,0,0,0.0,0,0,0,-,,,,,,,,,,,,,,,,,,
Dan Chisena,CAR,WR,3159144,@CLE,22,5,1,1,N/R,,,0,0,,0,0,0.0,0,0,0.0,0,0,0,-,,,,,,,,,,,,,,,,,,
Antonio Williams,WAS,WR,28877974,SEA,1,7,31,2,N/R,,,15,0,,0,0,7.5,0,0,0.0,0,4,2,0.00,,,,,,,,,,,,,,,,,,
Manasseh Bailey,NYJ,WR,3159152,@DET,27,13,1,1,N/R,,,0,0,,0,0,0.0,0,0,0.0,0,0,0,-,,,,,,,,,,,,,,,,,,
Bryce Lance,NO,WR,26725855,LV,6,8,6,1,N/R,,,0,0,,0,0,0.0,0,0,0.0,0,3,0,0.00,,,,,,,,,,,,,,,,,,
Josh Johnson,DET,WR,2867095,NYJ,5,6,0,0,N/R,,,0,0,,0,0,0.0,0,0,0.0,0,0,0,-,,,,,,,,,,,,,,,,,,
Easop Winston,NYJ,WR,3159184,@DET,27,13,0,0,N/R,,,0,0,,0,0,0.0,0,0,0.0,0,0,0,-,,,,,,,,,,,,,,,,,,
Rashon Ceaser,TEN,WR,2237133,@NYG,20,9,1,1,N/R,,,0,0,,0,0,0.0,0,0,0.0,0,0,0,-,,,,,,,,,,,,,,,,,,
Jamoi Mayes,CIN,WR,26719064,@PIT,10,6,1,0,N/R,,,0,0,,0,0,0.0,0,0,0.0,0,0,0,-,,,,,,,,,,,,,,,,,,
Kolbe Katsis,DEN,WR,29423982,LAR,14,10,1,1,N/R,,,0,0,,0,0,0.0,0,0,0.0,0,0,0,0.00,,,,,,,,,,,,,,,,,,
Josh Kelly,HOU,WR,3121933,@IND,26,8,1,1,N/R,,,0,0,,0,0,0.0,0,0,0.0,0,0,0,-,,,,,,,,,,,,,,,,,,
Jordan Whittington,LAR,WR,3122843,@DEN,13,11,1,1,N/R,,,0,0,,0,0,0.0,0,0,0.0,0,0,0,0.00,,,,,,,,,,,,,,,,,,
Kevin Kassis,SEA,WR,2261023,@WAS,32,11,1,1,N/R,,,0,0,,0,0,0.0,0,0,0.0,0,0,0,-,,,,,,,,,,,,,,,,,,
Jared Smart,ARI,WR,3123048,@SF,12,14,1,0,N/R,,,0,0,,0,0,0.0,0,0,0.0,0,0,0,-,,,,,,,,,,,,,,,,,,
Austin Trammell,JAC,WR,2838491,NE,8,7,1,0,N/R,,,0,0,,0,0,0.0,0,0,0.0,0,0,0,-,,,,,,,,,,,,,,,,,,
DeVontres Dukes,DEN,WR,2261694,LAR,14,10,1,1,N/R,,,0,0,,0,0,0.0,0,0,0.0,0,0,0,-,,,,,,,,,,,,,,,,,,
Danny Davis,GB,WR,2866956,ATL,28,11,1,1,N/R,,,0,0,,0,0,0.0,0,0,0.0,0,0,0,-,,,,,,,,,,,,,,,,,,
Tyler Scott,LAR,WR,3163215,@DEN,13,11,1,1,N/R,,,0,0,,0,0,0.0,0,0,0.0,0,0,0,-,,,,,,,,,,,,,,,,,,
Tory Horton,SEA,WR,3165177,@WAS,32,11,4,1,N/R,,,48,0,,0,0,16.0,0,0,0.0,0,3,3,0.00,,,,,,,,,,,,,,,,,,
JoJo Ward,ARI,WR,3159155,@SF,12,14,1,0,N/R,,,0,0,,0,0,0.0,0,0,0.0,0,0,0,-,,,,,,,,,,,,,,,,,,
Tre Mosley,CIN,WR,3121001,@PIT,10,6,1,1,N/R,,,0,0,,0,0,0.0,0,0,0.0,0,0,0,-,,,,,,,,,,,,,,,,,,
Jimmy Horn Jr.,CLE,WR,26717166,CAR,4,11,1,1,N/R,,,0,0,,0,0,0.0,0,0,0.0,0,0,0,-,,,,,,,,,,,,,,,,,,
Chris Tyree,NO,WR,3171678,LV,6,8,1,1,N/R,,,0,0,,0,0,0.0,0,0,0.0,0,0,0,-,,,,,,,,,,,,,,,,,,
Jontre Kirklin,SF,WR,2804559,ARI,30,8,1,0,N/R,,,0,0,,0,0,0.0,0,0,0.0,0,0,0,-,,,,,,,,,,,,,,,,,,
David Moore,CAR,WR,2818351,@CLE,22,5,1,1,N/R,,,0,0,,0,0,0.0,0,0,0.0,0,2,0,0.00,,,,,,,,,,,,,,,,,,
Octavian Smith Jr.,BAL,WR,28900666,@DAL,15,13,1,0,N/R,,,0,0,,0,0,0.0,0,0,0.0,0,0,0,-,,,,,,,,,,,,,,,,,,
Cephus Johnson III,TB,WR,2868267,MIN,24,10,1,0,N/R,,,0,0,,0,0,0.0,0,0,0.0,0,0,0,-,,,,,,,,,,,,,,,,,,
KC Concepcion,CLE,WR,29123718,CAR,4,11,65,5,N/R,,,9,0,,0,0,4.5,0,0,0.0,0,9,2,0.00,,,,,,,,,,,,,,,,,,
Tai Felton,MIN,WR,26702969,@TB,9,6,1,1,N/R,,,0,0,,0,0,0.0,0,0,0.0,0,2,0,0.00,,,,,,,,,,,,,,,,,,
Carnell Tate,TEN,WR,29124411,@NYG,20,9,79,11,42,,,58,0,,0,0,9.7,0,0,0.0,0,9,6,0.00,,,,,,,,,,,,,,,,,,
Shawn Poindexter,SF,WR,3116832,ARI,30,8,1,1,N/R,,,0,0,,0,0,0.0,0,0,0.0,0,0,0,-,,,,,,,,,,,,,,,,,,
A.J. Henning,MIA,WR,3169276,KC,2,6,1,1,N/R,,,0,0,,0,0,0.0,0,0,0.0,0,0,0,-,,,,,,,,,,,,,,,,,,
Roc Taylor,CAR,WR,26733219,@CLE,22,5,0,0,N/R,,,0,0,,0,0,0.0,0,0,0.0,0,0,0,-,,,,,,,,,,,,,,,,,,
Shaquan Davis,PIT,WR,3137942,CIN,16,9,1,0,N/R,,,0,0,,0,0,0.0,0,0,0.0,0,0,0,-,,,,,,,,,,,,,,,,,,
Ja'Corey Brooks,WAS,WR,26702195,SEA,1,7,1,1,N/R,,,0,0,,0,0,0.0,0,0,0.0,0,0,0,-,,,,,,,,,,,,,,,,,,
Cameron Dorner,NE,WR,29721343,@JAC,19,11,1,1,N/R,,,0,0,,0,0,0.0,0,0,0.0,0,0,0,-,,,,,,,,,,,,,,,,,,
Joshua Cephus,JAC,WR,3127909,NE,8,7,1,1,N/R,,,0,0,,0,0,0.0,0,0,0.0,0,0,0,-,,,,,,,,,,,,,,,,,,
Nick Williams,DEN,WR,28908782,LAR,14,10,1,0,N/R,,,0,0,,0,0,0.0,0,0,0.0,0,0,0,-,,,,,,,,,,,,,,,,,,
Phil Lutz,NE,WR,29152034,@JAC,19,11,1,1,N/R,,,0,0,,0,0,0.0,0,0,0.0,0,0,0,-,,,,,,,,,,,,,,,,,,
Osirus Mitchell,GB,WR,2249164,ATL,28,11,1,1,N/R,,,0,0,,0,0,0.0,0,0,0.0,0,0,0,-,,,,,,,,,,,,,,,,,,
Malik Turner,SF,WR,2136527,ARI,30,8,1,1,N/R,,,0,0,,0,0,0.0,0,0,0.0,0,0,0,-,,,,,,,,,,,,,,,,,,
Jalen Hurd,NE,WR,2131633,@JAC,19,11,1,1,N/R,,,0,0,,0,0,0.0,0,0,0.0,0,0,0,-,,,,,,,,,,,,,,,,,,
Austin Proehl,NYG,WR,2130950,TEN,17,8,1,1,N/R,,,0,0,,0,0,0.0,0,0,0.0,0,0,0,-,,,,,,,,,,,,,,,,,,
Derrick Johnson,NYG,WR,2130883,TEN,17,8,1,1,N/R,,,0,0,,0,0,0.0,0,0,0.0,0,0,0,-,,,,,,,,,,,,,,,,,,
DeAngelo Hardy,BAL,WR,29376463,@DAL,15,13,1,1,N/R,,,0,0,,0,0,0.0,0,0,0.0,0,0,0,-,,,,,,,,,,,,,,,,,,
Sincere Brown,LAC,WR,3173147,@BUF,31,7,1,1,N/R,,,0,0,,0,0,0.0,0,0,0.0,0,0,0,-,,,,,,,,,,,,,,,,,,
Davon Grayson,KC,WR,2080267,@MIA,3,5,1,1,N/R,,,0,0,,0,0,0.0,0,0,0.0,0,0,0,-,,,,,,,,,,,,,,,,,,
Dalen Cambre,NYG,WR,3131659,TEN,17,8,1,1,N/R,,,0,0,,0,0,0.0,0,0,0.0,0,0,0,-,,,,,,,,,,,,,,,,,,
Kelly Akharaiyi,ARI,WR,28874246,@SF,12,14,1,1,N/R,,,0,0,,0,0,0.0,0,0,0.0,0,0,0,-,,,,,,,,,,,,,,,,,,
Cyrus Allen,KC,WR,28875899,@MIA,3,5,7,1,N/R,,,0,0,,0,0,0.0,0,0,0.0,0,0,0,0.00,,,,,,,,,,,,,,,,,,
Quentin Johnston,LAC,WR,3162609,@BUF,31,7,72,10,45,,,40,0,,0,0,13.3,0,0,0.0,0,6,3,0.00,,,,,,,,,,,,,,,,,,
Mario Williams,LAR,WR,26697388,@DEN,13,11,1,0,N/R,,,0,0,,0,0,0.0,0,0,0.0,0,0,0,-,,,,,,,,,,,,,,,,,,
Justin Hall,MIN,WR,2865819,@TB,9,6,1,1,N/R,,,0,0,,0,0,0.0,0,0,0.0,0,0,0,-,,,,,,,,,,,,,,,,,,
E.J. Williams Jr.,CAR,WR,3162445,@CLE,22,5,1,0,N/R,,,0,0,,0,0,0.0,0,0,0.0,0,0,0,-,,,,,,,,,,,,,,,,,,
Shemar Bridges,BAL,WR,28866847,@DAL,15,13,1,1,N/R,,,0,0,,0,0,0.0,0,0,0.0,0,0,0,-,,,,,,,,,,,,,,,,,,
Oliver Martin,JAC,WR,2878230,NE,8,7,1,1,N/R,,,0,0,,0,0,0.0,0,0,0.0,0,0,0,-,,,,,,,,,,,,,,,,,,
Jaden Smith,DAL,WR,3133126,BAL,25,14,1,1,N/R,,,0,0,,0,0,0.0,0,0,0.0,0,0,0,-,,,,,,,,,,,,,,,,,,
Charlie Jones,NYG,WR,2868959,TEN,17,8,1,1,N/R,,,0,0,,0,0,0.0,0,0,0.0,0,0,0,-,,,,,,,,,,,,,,,,,,
Mason Kinsey,TEN,WR,3161133,@NYG,20,9,1,1,N/R,,,0,0,,0,0,0.0,0,0,0.0,0,0,0,-,,,,,,,,,,,,,,,,,,
Cedric Tillman,NO,WR,2962120,LV,6,8,1,1,N/R,,,0,0,,0,0,0.0,0,0,0.0,0,0,0,-,,,,,,,,,,,,,,,,,,
Sam Pinckney,CAR,WR,2961512,@CLE,22,5,1,1,N/R,,,0,0,,0,0,0.0,0,0,0.0,0,0,0,-,,,,,,,,,,,,,,,,,,
DaVaris Daniels,NE,WR,1888751,@JAC,19,11,1,1,N/R,,,0,0,,0,0,0.0,0,0,0.0,0,0,0,-,,,,,,,,,,,,,,,,,,
Stephen Guidry,DAL,WR,2961462,BAL,25,14,1,1,N/R,,,0,0,,0,0,0.0,0,0,0.0,0,0,0,-,,,,,,,,,,,,,,,,,,
Jermaine Burton,CIN,WR,3163951,@PIT,10,6,1,1,N/R,,,0,0,,0,0,0.0,0,0,0.0,0,0,0,-,,,,,,,,,,,,,,,,,,
Tarik Black,DET,WR,2819115,NYJ,5,6,0,0,N/R,,,0,0,,0,0,0.0,0,0,0.0,0,0,0,-,,,,,,,,,,,,,,,,,,
Dalton Schoen,KC,WR,2179601,@MIA,3,5,1,1,N/R,,,0,0,,0,0,0.0,0,0,0.0,0,0,0,-,,,,,,,,,,,,,,,,,,
Trevon Grimes,PHI,WR,2826772,@CHI,11,10,1,1,N/R,,,0,0,,0,0,0.0,0,0,0.0,0,0,0,-,,,,,,,,,,,,,,,,,,
Dez Fitzpatrick,LAC,WR,2251151,@BUF,31,7,1,1,N/R,,,0,0,,0,0,0.0,0,0,0.0,0,0,0,-,,,,,,,,,,,,,,,,,,
Kalija Lipscomb,TEN,WR,2247525,@NYG,20,9,1,1,N/R,,,0,0,,0,0,0.0,0,0,0.0,0,0,0,-,,,,,,,,,,,,,,,,,,
Giles Jackson,PHI,WR,3133264,@CHI,11,10,1,1,N/R,,,0,0,,0,0,0.0,0,0,0.0,0,0,0,-,,,,,,,,,,,,,,,,,,
Thyrick Pitts,GB,WR,2816155,ATL,28,11,1,0,N/R,,,0,0,,0,0,0.0,0,0,0.0,0,0,0,-,,,,,,,,,,,,,,,,,,
Zach Pascal,NYG,WR,1989197,TEN,17,8,1,1,N/R,,,0,0,,0,0,0.0,0,0,0.0,0,0,0,-,,,,,,,,,,,,,,,,,,
Ben Patterson,CLE,WR,50048410,CAR,4,11,1,1,N/R,,,0,0,,0,0,0.0,0,0,0.0,0,0,0,-,,,,,,,,,,,,,,,,,,
Makai Lemon,PHI,WR,29123772,@CHI,11,10,53,2,N/R,,,29,0,,0,0,9.7,0,0,0.0,0,4,3,0.00,,,,,,,,,,,,,,,,,,
Michael Young Jr.,HOU,WR,2868607,@IND,26,8,1,1,N/R,,,0,0,,0,0,0.0,0,0,0.0,0,0,0,-,,,,,,,,,,,,,,,,,,
Corey Crooms Jr.,DAL,WR,3123126,BAL,25,14,1,0,N/R,,,0,0,,0,0,0.0,0,0,0.0,0,0,0,-,,,,,,,,,,,,,,,,,,
Mathew Sexton,MIA,WR,2240073,KC,2,6,0,0,N/R,,,0,0,,0,0,0.0,0,0,0.0,0,0,0,-,,,,,,,,,,,,,,,,,,
Kody Case,IND,WR,2867551,HOU,29,13,1,1,N/R,,,0,0,,0,0,0.0,0,0,0.0,0,0,0,-,,,,,,,,,,,,,,,,,,
Jonathan Brady,LV,WR,28901278,@NO,7,13,1,1,N/R,,,0,0,,0,0,0.0,0,0,0.0,0,0,0,-,,,,,,,,,,,,,,,,,,
Latreal Jones,TB,WR,28875290,MIN,24,10,1,0,N/R,,,0,0,,0,0,0.0,0,0,0.0,0,0,0,-,,,,,,,,,,,,,,,,,,
Jonathan Duhart,DET,WR,3117025,NYJ,5,6,0,0,N/R,,,0,0,,0,0,0.0,0,0,0.0,0,0,0,-,,,,,,,,,,,,,,,,,,
Luke McCaffrey,WAS,WR,3121502,SEA,1,7,1,1,N/R,,,0,0,,0,0,0.0,0,0,0.0,0,0,0,0.00,,,,,,,,,,,,,,,,,,
Kazmeir Allen,WAS,WR,2962093,SEA,1,7,1,1,N/R,,,0,0,,0,0,0.0,0,0,0.0,0,0,0,-,,,,,,,,,,,,,,,,,,
Kearis Jackson,HOU,WR,2963747,@IND,26,8,1,1,N/R,,,0,0,,0,0,0.0,0,0,0.0,0,0,0,-,,,,,,,,,,,,,,,,,,
Elic Ayomanor,TEN,WR,28900714,@NYG,20,9,6,1,N/R,,,11,0,,0,0,11.0,0,0,0.0,0,3,1,0.00,,,,,,,,,,,,,,,,,,
Devonte Robinson,GB,WR,2139449,ATL,28,11,1,0,N/R,,,0,0,,0,0,0.0,0,0,0.0,0,0,0,-,,,,,,,,,,,,,,,,,,
Dontae Fleming,MIN,WR,3164185,@TB,9,6,1,0,N/R,,,0,0,,0,0,0.0,0,0,0.0,0,0,0,-,,,,,,,,,,,,,,,,,,
Dorian Singer,JAC,WR,26730616,NE,8,7,1,0,N/R,,,0,0,,0,0,0.0,0,0,0.0,0,0,0,-,,,,,,,,,,,,,,,,,,
Malick Meiga,SEA,WR,3168821,@WAS,32,11,1,1,N/R,,,0,0,,0,0,0.0,0,0,0.0,0,0,0,-,,,,,,,,,,,,,,,,,,
Xavier White,IND,WR,3127688,HOU,29,13,1,0,N/R,,,0,0,,0,0,0.0,0,0,0.0,0,0,0,-,,,,,,,,,,,,,,,,,,
Devontez Walker,BAL,WR,26702084,@DAL,15,13,1,1,N/R,,,0,0,,0,0,0.0,0,0,0.0,0,1,0,0.00,,,,,,,,,,,,,,,,,,
Tyler Boyd,TEN,WR,2071582,@NYG,20,9,1,1,N/R,,,0,0,,0,0,0.0,0,0,0.0,0,0,0,-,,,,,,,,,,,,,,,,,,
Van Jefferson,WAS,WR,2186342,SEA,1,7,1,1,N/R,,,0,0,,0,0,0.0,0,0,0.0,0,0,0,-,,,,,,,,,,,,,,,,,,
Cedrick Wilson Jr.,DET,WR,2240685,NYJ,5,6,1,1,N/R,,,0,0,,0,0,0.0,0,0,0.0,0,0,0,-,,,,,,,,,,,,,,,,,,
Montrell Washington,HOU,WR,2866191,@IND,26,8,1,1,N/R,,,0,0,,0,0,0.0,0,0,0.0,0,0,0,-,,,,,,,,,,,,,,,,,,
Xavier Loyd,KC,WR,26695352,@MIA,3,5,1,0,N/R,,,0,0,,0,0,0.0,0,0,0.0,0,0,0,-,,,,,,,,,,,,,,,,,,
Justin Lockhart,KC,WR,3125802,@MIA,3,5,1,1,N/R,,,0,0,,0,0,0.0,0,0,0.0,0,0,0,-,,,,,,,,,,,,,,,,,,
Cade McDonald,CLE,WR,3132630,CAR,4,11,1,1,N/R,,,0,0,,0,0,0.0,0,0,0.0,0,0,0,-,,,,,,,,,,,,,,,,,,
Caleb Scott,LV,WR,2139757,@NO,7,13,1,1,N/R,,,0,0,,0,0,0.0,0,0,0.0,0,0,0,-,,,,,,,,,,,,,,,,,,
Malik McClain,NYJ,WR,26693641,@DET,27,13,1,0,N/R,,,0,0,,0,0,0.0,0,0,0.0,0,0,0,0.00,,,,,,,,,,,,,,,,,,
Emanuel Hall,WAS,WR,2185471,SEA,1,7,1,0,N/R,,,0,0,,0,0,0.0,0,0,0.0,0,0,0,-,,,,,,,,,,,,,,,,,,
Anthony Gould,IND,WR,3122031,HOU,29,13,1,1,N/R,,,0,0,,0,0,0.0,0,0,0.0,0,0,0,0.00,,,,,,,,,,,,,,,,,,
Eli Pancol,IND,WR,3121378,HOU,29,13,1,0,N/R,,,0,0,,0,0,0.0,0,0,0.0,0,0,0,-,,,,,,,,,,,,,,,,,,
Kawaan Baker,GB,WR,2264866,ATL,28,11,1,0,N/R,,,0,0,,0,0,0.0,0,0,0.0,0,0,0,-,,,,,,,,,,,,,,,,,,
Praise Olatoke,CAR,WR,29385901,@CLE,22,5,1,1,N/R,,,0,0,,0,0,0.0,0,0,0.0,0,0,0,-,,,,,,,,,,,,,,,,,,
Tanner Knue,TB,WR,2964657,MIN,24,10,1,1,N/R,,,0,0,,0,0,0.0,0,0,0.0,0,0,0,-,,,,,,,,,,,,,,,,,,
Jamison Crowder,WAS,WR,1850749,SEA,1,7,1,1,N/R,,,0,0,,0,0,0.0,0,0,0.0,0,0,0,-,,,,,,,,,,,,,,,,,,
Lawrence Keys III,DET,WR,2969108,NYJ,5,6,1,1,N/R,,,0,0,,0,0,0.0,0,0,0.0,0,0,0,-,,,,,,,,,,,,,,,,,,
Ladd McConkey,LAC,WR,3163962,@BUF,31,7,100,66,25,,,66,0,,0,0,16.5,0,0,0.0,0,5,4,0.00,,,,,,,,,,,,,,,,,,
Odieu Hiliare,ATL,WR,3138422,@GB,23,11,0,0,N/R,,,0,0,,0,0,0.0,0,0,0.0,0,0,0,-,,,,,,,,,,,,,,,,,,
Sam Brown Jr.,GB,WR,29052184,ATL,28,11,1,1,N/R,,,0,0,,0,0,0.0,0,0,0.0,0,0,0,-,,,,,,,,,,,,,,,,,,
Caullin Lacy,NYJ,WR,3172596,@DET,27,13,1,0,N/R,,,0,0,,0,0,0.0,0,0,0.0,0,0,0,-,,,,,,,,,,,,,,,,,,
Jaylon Moore,JAC,WR,2181988,NE,8,7,1,1,N/R,,,0,0,,0,0,0.0,0,0,0.0,0,0,0,-,,,,,,,,,,,,,,,,,,
Braxton Burmeister,LAR,WR,2815157,@DEN,13,11,1,1,N/R,,,0,0,,0,0,0.0,0,0,0.0,0,0,0,-,,,,,,,,,,,,,,,,,,
Jeremiah Haydel,LAR,WR,2815197,@DEN,13,11,1,0,N/R,,,0,0,,0,0,0.0,0,0,0.0,0,0,0,-,,,,,,,,,,,,,,,,,,
Braydon Johnson,BUF,WR,2864986,LAC,18,7,0,0,N/R,,,0,0,,0,0,0.0,0,0,0.0,0,0,0,-,,,,,,,,,,,,,,,,,,
Alex Bachman,LAR,WR,2186388,@DEN,13,11,1,1,N/R,,,0,0,,0,0,0.0,0,0,0.0,0,0,0,-,,,,,,,,,,,,,,,,,,
Adam Thielen,PIT,WR,2059362,CIN,16,9,2,2,N/R,,,0,0,,0,0,0.0,0,0,0.0,0,0,0,-,,,,,,,,,,,,,,,,,,
LaQuvionte Gonzalez,LAR,WR,2925157,@DEN,13,11,1,1,N/R,,,0,0,,0,0,0.0,0,0,0.0,0,0,0,-,,,,,,,,,,,,,,,,,,
Stephen Gosnell,BUF,WR,3162073,LAC,18,7,0,0,N/R,,,0,0,,0,0,0.0,0,0,0.0,0,0,0,-,,,,,,,,,,,,,,,,,,
Isaiah McKoy,IND,WR,2965743,HOU,29,13,1,1,N/R,,,0,0,,0,0,0.0,0,0,0.0,0,0,0,-,,,,,,,,,,,,,,,,,,
Gunner Olszewski,NYG,WR,3117210,TEN,17,8,1,1,N/R,,,0,0,,0,0,0.0,0,0,0.0,0,0,0,-,,,,,,,,,,,,,,,,,,
C.J. Johnson,SEA,WR,3123939,@WAS,32,11,1,1,N/R,,,0,0,,0,0,0.0,0,0,0.0,0,0,0,-,,,,,,,,,,,,,,,,,,
Phillip Dorsett,LV,WR,1836058,@NO,7,13,1,1,N/R,,,0,0,,0,0,0.0,0,0,0.0,0,0,0,-,,,,,,,,,,,,,,,,,,
Jaylen Smith,SEA,WR,2181185,@WAS,32,11,0,0,N/R,,,0,0,,0,0,0.0,0,0,0.0,0,0,0,-,,,,,,,,,,,,,,,,,,
Gabe Davis,BUF,WR,2804813,LAC,18,7,1,1,N/R,,,0,0,,0,0,0.0,0,0,0.0,0,0,0,-,,,,,,,,,,,,,,,,,,
Terrill Davis,MIN,WR,50007644,@TB,9,6,1,1,N/R,,,0,0,,0,0,0.0,0,0,0.0,0,0,0,-,,,,,,,,,,,,,,,,,,
Siaosi Mariner,BAL,WR,3161110,@DAL,15,13,1,1,N/R,,,0,0,,0,0,0.0,0,0,0.0,0,0,0,-,,,,,,,,,,,,,,,,,,
Tay Martin,DET,WR,2865709,NYJ,5,6,1,0,N/R,,,0,0,,0,0,0.0,0,0,0.0,0,0,0,0.00,,,,,,,,,,,,,,,,,,
Tyler Adams,IND,WR,2820164,HOU,29,13,1,0,N/R,,,0,0,,0,0,0.0,0,0,0.0,0,0,0,-,,,,,,,,,,,,,,,,,,
Montana Lemonious-Craig,PIT,WR,3166692,CIN,16,9,0,0,N/R,,,0,0,,0,0,0.0,0,0,0.0,0,0,0,-,,,,,,,,,,,,,,,,,,
Noah Thomas,CIN,WR,28922853,@PIT,10,6,1,1,N/R,,,0,0,,0,0,0.0,0,0,0.0,0,0,0,-,,,,,,,,,,,,,,,,,,
Trenton Irwin,SF,WR,3117052,ARI,30,8,1,1,N/R,,,0,0,,0,0,0.0,0,0,0.0,0,0,0,-,,,,,,,,,,,,,,,,,,
Maurice Alexander,CHI,WR,28926362,PHI,21,10,1,1,N/R,,,0,0,,0,0,0.0,0,0,0.0,0,0,0,-,,,,,,,,,,,,,,,,,,
Jeremiah Webb,NE,WR,3135525,@JAC,19,11,1,1,N/R,,,0,0,,0,0,0.0,0,0,0.0,0,0,0,-,,,,,,,,,,,,,,,,,,
Micah Simon,CAR,WR,2188221,@CLE,22,5,0,0,N/R,,,0,0,,0,0,0.0,0,0,0.0,0,0,0,-,,,,,,,,,,,,,,,,,,
Jalen Williams,NYG,WR,2820236,TEN,17,8,1,1,N/R,,,0,0,,0,0,0.0,0,0,0.0,0,0,0,-,,,,,,,,,,,,,,,,,,
Xavier Malone,ATL,WR,29128526,@GB,23,11,0,0,N/R,,,0,0,,0,0,0.0,0,0,0.0,0,0,0,-,,,,,,,,,,,,,,,,,,
Henry Litwin,CHI,WR,28869012,PHI,21,10,1,1,N/R,,,0,0,,0,0,0.0,0,0,0.0,0,0,0,-,,,,,,,,,,,,,,,,,,
Bryan Thompson,BUF,WR,2827539,LAC,18,7,1,1,N/R,,,0,0,,0,0,0.0,0,0,0.0,0,0,0,-,,,,,,,,,,,,,,,,,,
Emmanuel Henderson Jr.,SEA,WR,28909837,@WAS,32,11,1,1,N/R,,,0,0,,0,0,0.0,0,0,0.0,0,0,0,-,,,,,,,,,,,,,,,,,,
Gage Larvadain,BAL,WR,26718347,@DAL,15,13,1,1,N/R,,,0,0,,0,0,0.0,0,0,0.0,0,0,0,-,,,,,,,,,,,,,,,,,,
Sam James,LAR,WR,2965746,@DEN,13,11,1,1,N/R,,,0,0,,0,0,0.0,0,0,0.0,0,0,0,-,,,,,,,,,,,,,,,,,,
EJ Horton Jr.,IND,WR,3168807,HOU,29,13,1,1,N/R,,,0,0,,0,0,0.0,0,0,0.0,0,0,0,-,,,,,,,,,,,,,,,,,,
Treyvhon Saunders,HOU,WR,28927179,@IND,26,8,1,0,N/R,,,0,0,,0,0,0.0,0,0,0.0,0,0,0,-,,,,,,,,,,,,,,,,,,
Sage Surratt,ARI,WR,2806063,@SF,12,14,1,0,N/R,,,0,0,,0,0,0.0,0,0,0.0,0,0,0,-,,,,,,,,,,,,,,,,,,
Quartney Davis,IND,WR,2249179,HOU,29,13,1,0,N/R,,,0,0,,0,0,0.0,0,0,0.0,0,0,0,-,,,,,,,,,,,,,,,,,,
Allen Robinson,DET,WR,1889923,NYJ,5,6,1,1,N/R,,,0,0,,0,0,0.0,0,0,0.0,0,0,0,-,,,,,,,,,,,,,,,,,,
Scott Miller,CHI,WR,2180075,PHI,21,10,1,1,N/R,,,0,0,,0,0,0.0,0,0,0.0,0,0,0,-,,,,,,,,,,,,,,,,,,
Kyle Sheets,KC,WR,29379128,@MIA,3,5,1,1,N/R,,,0,0,,0,0,0.0,0,0,0.0,0,0,0,-,,,,,,,,,,,,,,,,,,
Isaiah Hodgins,PIT,WR,2783899,CIN,16,9,1,1,N/R,,,0,0,,0,0,0.0,0,0,0.0,0,0,0,-,,,,,,,,,,,,,,,,,,
Jalen Royals,KC,WR,28924106,@MIA,3,5,1,1,N/R,,,11,0,,0,0,11.0,0,0,0.0,0,1,1,0.00,,,,,,,,,,,,,,,,,,
Khadarel Hodge,SF,WR,2954080,ARI,30,8,1,1,N/R,,,0,0,,0,0,0.0,0,0,0.0,0,0,0,0.00,,,,,,,,,,,,,,,,,,
Josh Imatorbhebhe,JAC,WR,2240184,NE,8,7,1,0,N/R,,,0,0,,0,0,0.0,0,0,0.0,0,0,0,-,,,,,,,,,,,,,,,,,,
Josh Jarboe,FA,WR,1684461,BYE,---,0,1,1,N/R,,,0,0,,0,0,0.0,0,0,0.0,0,0,0,-,,,,,,,,,,,,,,,,,,
Jha'Quan Jackson,TB,WR,3122336,MIN,24,10,1,1,N/R,,,0,0,,0,0,0.0,0,0,0.0,0,0,0,-,,,,,,,,,,,,,,,,,,
Stanley Morgan,TEN,WR,2179632,@NYG,20,9,1,1,N/R,,,0,0,,0,0,0.0,0,0,0.0,0,0,0,-,,,,,,,,,,,,,,,,,,
DeVonte Christopher,FA,WR,1621175,BYE,---,0,1,1,N/R,,,0,0,,0,0,0.0,0,0,0.0,0,0,0,-,,,,,,,,,,,,,,,,,,
Jordyn Tyson,NO,WR,28900885,LV,6,8,53,1,N/R,,,0,0,,0,0,0.0,0,0,0.0,0,0,0,-,,,,,,,,,,,,,,,,,,
Daniel Jackson,HOU,WR,3178022,@IND,26,8,1,0,N/R,,,0,0,,0,0,0.0,0,0,0.0,0,0,0,-,,,,,,,,,,,,,,,,,,
Blake Proehl,MIN,WR,2827939,@TB,9,6,1,0,N/R,,,0,0,,0,0,0.0,0,0,0.0,0,0,0,-,,,,,,,,,,,,,,,,,,
Ronnie Bell,LV,WR,2968474,@NO,7,13,1,1,N/R,,,0,0,,0,0,0.0,0,0,0.0,0,0,0,-,,,,,,,,,,,,,,,,,,
Tez Johnson,TB,WR,3161539,MIN,24,10,1,1,N/R,,,8,0,,0,0,8.0,0,0,0.0,0,2,1,0.00,,,,,,,,,,,,,,,,,,
Marquez Valdes-Scantling,LAC,WR,2071540,@BUF,31,7,1,1,N/R,,,0,0,,0,0,0.0,0,0,0.0,0,1,0,0.00,,,,,,,,,,,,,,,,,,
Jason Brownlee,KC,WR,3170352,@MIA,3,5,1,1,N/R,,,0,0,,0,0,0.0,0,0,0.0,0,0,0,-,,,,,,,,,,,,,,,,,,
Isaiah Washington,BAL,WR,2256694,@DAL,15,13,1,0,N/R,,,0,0,,0,0,0.0,0,0,0.0,0,0,0,-,,,,,,,,,,,,,,,,,,
DaMarkus Lodge,CIN,WR,2186347,@PIT,10,6,1,1,N/R,,,0,0,,0,0,0.0,0,0,0.0,0,0,0,-,,,,,,,,,,,,,,,,,,
Rashod Bateman,BAL,WR,2960940,@DAL,15,13,73,23,N/R,,,37,0,,0,0,18.5,0,0,0.0,0,3,2,0.00,,,,,,,,,,,,,,,,,,
Jahan Dotson,ATL,WR,2962944,@GB,23,11,1,1,N/R,,,11,0,,0,0,11.0,0,0,0.0,0,3,1,0.00,,,,,,,,,,,,,,,,,,
Jordan Moore,CIN,WR,26698828,@PIT,10,6,0,0,N/R,,,0,0,,0,0,0.0,0,0,0.0,0,0,0,-,,,,,,,,,,,,,,,,,,
Jared Wayne,HOU,WR,3126867,@IND,26,8,1,0,N/R,,,20,0,,0,0,20.0,0,0,0.0,0,4,1,0.00,,,,,,,,,,,,,,,,,,
Chris Finke,CHI,WR,2186662,PHI,21,10,1,1,N/R,,,0,0,,0,0,0.0,0,0,0.0,0,0,0,-,,,,,,,,,,,,,,,,,,
Roderick Daniels Jr.,NO,WR,26696826,LV,6,8,1,0,N/R,,,0,0,,0,0,0.0,0,0,0.0,0,0,0,-,,,,,,,,,,,,,,,,,,
Xavier Weaver,ARI,WR,3131562,@SF,12,14,1,1,N/R,,,0,0,,0,0,0.0,0,0,0.0,0,0,0,-,,,,,,,,,,,,,,,,,,
Calvin Austin III,NYG,WR,2866214,TEN,17,8,1,1,N/R,,,0,0,,0,0,0.0,0,0,0.0,0,0,0,-,,,,,,,,,,,,,,,,,,
Harvey Binford,IND,WR,2252503,HOU,29,13,1,0,N/R,,,0,0,,0,0,0.0,0,0,0.0,0,0,0,-,,,,,,,,,,,,,,,,,,
Romello Brinson,DAL,WR,26694913,BAL,25,14,1,0,N/R,,,0,0,,0,0,0.0,0,0,0.0,0,0,0,-,,,,,,,,,,,,,,,,,,
Ja'Mori Maclin,BUF,WR,3162257,LAC,18,7,1,0,N/R,,,0,0,,0,0,0.0,0,0,0.0,0,0,0,-,,,,,,,,,,,,,,,,,,
Kobe Prentice,NYG,WR,28909320,TEN,17,8,1,0,N/R,,,0,0,,0,0,0.0,0,0,0.0,0,0,0,-,,,,,,,,,,,,,,,,,,
Jacoby Jones,WAS,WR,28878082,SEA,1,7,1,0,N/R,,,0,0,,0,0,0.0,0,0,0.0,0,0,0,-,,,,,,,,,,,,,,,,,,
Troy Franklin,DEN,WR,26693436,LAR,14,10,5,1,N/R,,,21,0,,0,0,21.0,0,0,0.0,0,1,1,0.00,,,,,,,,,,,,,,,,,,
TJ Sheffield,TEN,WR,3131565,@NYG,20,9,1,0,N/R,,,0,0,,0,0,0.0,0,0,0.0,0,0,0,-,,,,,,,,,,,,,,,,,,
Devin Duvernay,ARI,WR,2246849,@SF,12,14,1,1,N/R,,,0,0,,0,0,0.0,0,0,0.0,0,0,0,0.00,,,,,,,,,,,,,,,,,,
Dai'Jean Dixon,NO,WR,2864965,LV,6,8,1,1,N/R,,,0,0,,0,0,0.0,0,0,0.0,0,0,0,-,,,,,,,,,,,,,,,,,,
Luke Grimm,LAC,WR,3166697,@BUF,31,7,1,1,N/R,,,0,0,,0,0,0.0,0,0,0.0,0,0,0,-,,,,,,,,,,,,,,,,,,
Kaden Prather,GB,WR,26694721,ATL,28,11,1,0,N/R,,,0,0,,0,0,0.0,0,0,0.0,0,0,0,-,,,,,,,,,,,,,,,,,,
Hamze El-Zayat,NYJ,WR,2820465,@DET,27,13,0,0,N/R,,,0,0,,0,0,0.0,0,0,0.0,0,0,0,-,,,,,,,,,,,,,,,,,,
Jaray Jenkins,PIT,WR,2965695,CIN,16,9,1,0,N/R,,,0,0,,0,0,0.0,0,0,0.0,0,0,0,-,,,,,,,,,,,,,,,,,,
Jhamon Ausbon,PHI,WR,2758267,@CHI,11,10,1,1,N/R,,,0,0,,0,0,0.0,0,0,0.0,0,0,0,-,,,,,,,,,,,,,,,,,,
Trevon Bradford,LAC,WR,2240172,@BUF,31,7,1,0,N/R,,,0,0,,0,0,0.0,0,0,0.0,0,0,0,-,,,,,,,,,,,,,,,,,,
Jayden Reed,GB,WR,2967762,ATL,28,11,34,1,N/R,,,0,0,,0,0,0.0,0,0,0.0,0,0,0,-,,,,,,,,,,,,,,,,,,
Samori Toure,PHI,WR,2245831,@CHI,11,10,1,1,N/R,,,0,0,,0,0,0.0,0,0,0.0,0,0,0,-,,,,,,,,,,,,,,,,,,
Jonathan Adams Jr.,DET,WR,2805617,NYJ,5,6,1,1,N/R,,,0,0,,0,0,0.0,0,0,0.0,0,0,0,-,,,,,,,,,,,,,,,,,,
Terrace Marshall Jr.,MIA,WR,2963214,KC,2,6,1,1,N/R,,,0,0,,0,0,0.0,0,0,0.0,0,0,0,-,,,,,,,,,,,,,,,,,,
Courtney Jackson,TEN,WR,3123345,@NYG,20,9,1,0,N/R,,,0,0,,0,0,0.0,0,0,0.0,0,0,0,-,,,,,,,,,,,,,,,,,,
De'Mornay Pierson-El,DEN,WR,2925144,LAR,14,10,1,0,N/R,,,0,0,,0,0,0.0,0,0,0.0,0,0,0,-,,,,,,,,,,,,,,,,,,
Trent Sherfield,BUF,WR,2139758,LAC,18,7,1,1,N/R,,,0,0,,0,0,0.0,0,0,0.0,0,0,0,-,,,,,,,,,,,,,,,,,,
Jacolby George,CAR,WR,26700358,@CLE,22,5,0,0,N/R,,,0,0,,0,0,0.0,0,0,0.0,0,0,0,-,,,,,,,,,,,,,,,,,,
Quintez Cephus,BUF,WR,2251870,LAC,18,7,1,0,N/R,,,0,0,,0,0,0.0,0,0,0.0,0,0,0,-,,,,,,,,,,,,,,,,,,
Jesse Matthews,ATL,WR,2976870,@GB,23,11,0,0,N/R,,,0,0,,0,0,0.0,0,0,0.0,0,0,0,-,,,,,,,,,,,,,,,,,,
Duece Watts,PIT,WR,3163069,CIN,16,9,0,0,N/R,,,0,0,,0,0,0.0,0,0,0.0,0,0,0,-,,,,,,,,,,,,,,,,,,
Aleva Hifo,ARI,WR,3159106,@SF,12,14,1,0,N/R,,,0,0,,0,0,0.0,0,0,0.0,0,0,0,-,,,,,,,,,,,,,,,,,,
Jamal Custis,PIT,WR,2139136,CIN,16,9,0,0,N/R,,,0,0,,0,0,0.0,0,0,0.0,0,0,0,-,,,,,,,,,,,,,,,,,,
Gavin Holmes,TEN,WR,2868689,@NYG,20,9,1,0,N/R,,,0,0,,0,0,0.0,0,0,0.0,0,0,0,-,,,,,,,,,,,,,,,,,,
Austin Watkins Jr.,PHI,WR,2961443,@CHI,11,10,1,1,N/R,,,0,0,,0,0,0.0,0,0,0.0,0,0,0,-,,,,,,,,,,,,,,,,,,
Jerand Bradley,LAC,WR,26701763,@BUF,31,7,1,1,N/R,,,0,0,,0,0,0.0,0,0,0.0,0,0,0,-,,,,,,,,,,,,,,,,,,
Bug Howard,TB,WR,2060469,MIN,24,10,1,1,N/R,,,0,0,,0,0,0.0,0,0,0.0,0,0,0,-,,,,,,,,,,,,,,,,,,
Kyle Williams,NE,WR,3167684,@JAC,19,11,2,1,N/R,,,34,0,,0,0,34.0,0,0,0.0,0,3,1,0.00,,,,,,,,,,,,,,,,,,
Xavier Restrepo,TEN,WR,3163221,@NYG,20,9,1,1,N/R,,,0,0,,0,0,0.0,0,0,0.0,0,0,0,-,,,,,,,,,,,,,,,,,,
Emeka Egbuka,TB,WR,26696165,MIN,24,10,100,69,36,,,62,0,,0,0,12.4,0,0,0.0,0,9,5,0.00,,,,,,,,,,,,,,,,,,
Tyjon Lindsey,SEA,WR,2804338,@WAS,32,11,0,0,N/R,,,0,0,,0,0,0.0,0,0,0.0,0,0,0,-,,,,,,,,,,,,,,,,,,
John Hall,SEA,WR,29119112,@WAS,32,11,1,1,N/R,,,0,0,,0,0,0.0,0,0,0.0,0,0,0,-,,,,,,,,,,,,,,,,,,
Chris Hilton Jr.,GB,WR,26700928,ATL,28,11,1,1,N/R,,,0,0,,0,0,0.0,0,0,0.0,0,0,0,-,,,,,,,,,,,,,,,,,,
Malik Heath,ATL,WR,3171033,@GB,23,11,1,1,N/R,,,0,0,,0,0,0.0,0,0,0.0,0,0,0,-,,,,,,,,,,,,,,,,,,
Kelvin McKnight,DEN,WR,2186057,LAR,14,10,1,1,N/R,,,0,0,,0,0,0.0,0,0,0.0,0,0,0,-,,,,,,,,,,,,,,,,,,
Will Sheppard,GB,WR,3161602,ATL,28,11,1,0,N/R,,,0,0,,0,0,0.0,0,0,0.0,0,0,0,-,,,,,,,,,,,,,,,,,,
Rashad Rochelle,SEA,WR,28873470,@WAS,32,11,1,1,N/R,,,0,0,,0,0,0.0,0,0,0.0,0,0,0,-,,,,,,,,,,,,,,,,,,
Jeshaun Jones,MIN,WR,2961918,@TB,9,6,1,1,N/R,,,0,0,,0,0,0.0,0,0,0.0,0,0,0,-,,,,,,,,,,,,,,,,,,
Lincoln Victor,DEN,WR,3127480,LAR,14,10,1,0,N/R,,,0,0,,0,0,0.0,0,0,0.0,0,0,0,-,,,,,,,,,,,,,,,,,,
Le'Meke Brockington,ATL,WR,26695012,@GB,23,11,0,0,N/R,,,0,0,,0,0,0.0,0,0,0.0,0,0,0,-,,,,,,,,,,,,,,,,,,
Malachi Fields,NYG,WR,26706066,TEN,17,8,21,1,N/R,,,19,0,,0,0,9.5,0,0,0.0,0,2,2,0.00,,,,,,,,,,,,,,,,,,
Charles Holland,CIN,WR,3117020,@PIT,10,6,1,1,N/R,,,0,0,,0,0,0.0,0,0,0.0,0,0,0,-,,,,,,,,,,,,,,,,,,
Drake Stoops,LAR,WR,2961345,@DEN,13,11,1,1,N/R,,,0,0,,0,0,0.0,0,0,0.0,0,0,0,-,,,,,,,,,,,,,,,,,,
Phillip Brooks,KC,WR,2961854,@MIA,3,5,1,1,N/R,,,0,0,,0,0,0.0,0,0,0.0,0,0,0,-,,,,,,,,,,,,,,,,,,
Dylan Drummond,ATL,WR,2963946,@GB,23,11,1,1,N/R,,,0,0,,0,0,0.0,0,0,0.0,0,0,0,-,,,,,,,,,,,,,,,,,,
Hayden Hatten,SEA,WR,3125550,@WAS,32,11,1,1,N/R,,,0,0,,0,0,0.0,0,0,0.0,0,0,0,-,,,,,,,,,,,,,,,,,,
Tommy Mellott,NO,WR,3162687,LV,6,8,1,1,N/R,,,0,0,,0,0,0.0,0,0,0.0,0,0,0,-,,,,,,,,,,,,,,,,,,
Dontario Drummond,DAL,WR,3122376,BAL,25,14,1,0,N/R,,,0,0,,0,0,0.0,0,0,0.0,0,0,0,-,,,,,,,,,,,,,,,,,,
Makai Polk,ATL,WR,3122839,@GB,23,11,1,1,N/R,,,0,0,,0,0,0.0,0,0,0.0,0,0,0,-,,,,,,,,,,,,,,,,,,
Malik Washington,MIA,WR,3124729,KC,2,6,25,4,41,,,56,0,,2,5,11.2,0,0,2.5,0,10,5,0.00,,,,,,,,,,,,,,,,,,
Daewood Davis,CAR,WR,2867589,@CLE,22,5,0,0,N/R,,,0,0,,0,0,0.0,0,0,0.0,0,0,0,-,,,,,,,,,,,,,,,,,,
Mante Morrow,LAC,WR,50049265,@BUF,31,7,1,0,N/R,,,0,0,,0,0,0.0,0,0,0.0,0,0,0,-,,,,,,,,,,,,,,,,,,
Deven Thompkins,LV,WR,2969006,@NO,7,13,1,0,N/R,,,0,0,,0,0,0.0,0,0,0.0,0,0,0,-,,,,,,,,,,,,,,,,,,
Johnny Wilson,PHI,WR,3163268,@CHI,11,10,1,1,N/R,,,0,0,,0,0,0.0,0,0,0.0,0,0,0,-,,,,,,,,,,,,,,,,,,
Stephon Robinson Jr.,ARI,WR,2961667,@SF,12,14,1,1,N/R,,,0,0,,0,0,0.0,0,0,0.0,0,0,0,-,,,,,,,,,,,,,,,,,,
Brady Boyd,JAC,WR,26696036,NE,8,7,1,0,N/R,,,0,0,,0,0,0.0,0,0,0.0,0,0,0,-,,,,,,,,,,,,,,,,,,
Josh Palmer,BUF,WR,2867325,LAC,18,7,9,1,N/R,,,0,0,,0,0,0.0,0,0,0.0,0,0,0,0.00,,,,,,,,,,,,,,,,,,
Dax Milne,CAR,WR,2975629,@CLE,22,5,1,1,N/R,,,0,0,,0,0,0.0,0,0,0.0,0,0,0,-,,,,,,,,,,,,,,,,,,
Cole Burgess,PIT,WR,29362393,CIN,16,9,1,1,N/R,,,0,0,,0,0,0.0,0,0,0.0,0,0,0,-,,,,,,,,,,,,,,,,,,
Tyler Hudson,LAR,WR,3122893,@DEN,13,11,1,1,N/R,,,0,0,,0,0,0.0,0,0,0.0,0,0,0,-,,,,,,,,,,,,,,,,,,
Deon Cain,BUF,WR,2179211,LAC,18,7,1,1,N/R,,,0,0,,0,0,0.0,0,0,0.0,0,0,0,-,,,,,,,,,,,,,,,,,,
Gary Chambers,BUF,WR,1851098,LAC,18,7,1,1,N/R,,,0,0,,0,0,0.0,0,0,0.0,0,0,0,-,,,,,,,,,,,,,,,,,,
Kaden Davis,CHI,WR,28868815,PHI,21,10,1,1,N/R,,,0,0,,0,0,0.0,0,0,0.0,0,0,0,-,,,,,,,,,,,,,,,,,,
Xavier Johnson,CIN,WR,2984078,@PIT,10,6,1,1,N/R,,,0,0,,0,0,0.0,0,0,0.0,0,0,0,-,,,,,,,,,,,,,,,,,,
Justin Watson,HOU,WR,2137198,@IND,26,8,1,1,N/R,,,0,0,,0,0,0.0,0,0,0.0,0,0,0,-,,,,,,,,,,,,,,,,,,
Devonte Ross,LAC,WR,26703014,@BUF,31,7,1,0,N/R,,,0,0,,0,0,0.0,0,0,0.0,0,0,0,-,,,,,,,,,,,,,,,,,,
George Kittle,SF,TE,2818265,ARI,28,8,99,89,3,,,82,2,,0,0,13.7,0,0,0.0,8,7,6,8.00,,,,,,,,,,,,,,,,,,
Kenyon Sadiq,NYJ,TE,29125433,@DET,32,13,77,30,11,,,105,1,,0,0,15.0,0,0,0.0,7,8,7,7.00,,,,,,,,,,,,,,,,,,
Brock Bowers,LV,TE,26693971,@NO,30,13,100,95,2,,,116,1,,0,0,11.6,0,0,0.0,5,14,10,5.00,,,,,,,,,,,,,,,,,,
Noah Fant,NO,TE,2251095,LV,27,8,6,2,23,,,33,2,,0,0,8.2,0,0,0.0,4,4,4,4.00,,,,,,,,,,,,,,,,,,
Harold Fannin Jr.,CLE,TE,28900882,CAR,18,11,95,68,14,,,51,2,,0,0,7.3,0,0,0.0,4,9,7,4.00,,,,,,,,,,,,,,,,,,
Tyler Higbee,LAR,TE,1853103,@DEN,22,11,6,2,17,,,62,1,,0,0,7.8,0,0,0.0,3,11,8,3.00,,,,,,,,,,,,,,,,,,
Travis Kelce,KC,TE,1725130,@MIA,26,5,98,85,5,,,59,1,,0,0,29.5,0,0,0.0,3,2,2,3.00,,,,,,,,,,,,,,,,,,
Juwan Johnson,NO,TE,2186637,LV,27,8,91,62,9,,,53,2,,0,0,6.6,0,1,0.0,3,8,8,3.00,,,,,,,,,,,,,,,,,,
Jake Ferguson,DAL,TE,2867159,BAL,16,14,80,30,20,,,23,1,,0,0,7.7,0,1,0.0,3,5,3,3.00,,,,,,,,,,,,,,,,,,
Mike Gesicki,CIN,TE,2139298,@PIT,12,6,16,5,N/R,,,37,1,,0,0,12.3,0,0,0.0,3,3,3,3.00,,,,,,,,,,,,,,,,,,
Trey McBride,ARI,TE,2963385,@SF,11,14,100,100,1,,,75,0,,0,0,8.3,0,0,0.0,2,11,9,2.00,,,,,,,,,,,,,,,,,,
AJ Barner,SEA,TE,3169283,@WAS,29,11,22,5,N/R,,,69,0,,0,0,13.8,0,0,0.0,2,9,5,2.00,,,,,,,,,,,,,,,,,,
Nate Adkins,DEN,TE,2977285,LAR,4,10,1,1,N/R,,,8,1,,0,0,8.0,0,0,0.0,2,2,1,2.00,,,,,,,,,,,,,,,,,,
Eric Saubert,SEA,TE,2001018,@WAS,29,11,1,1,N/R,,,13,1,,0,0,13.0,0,0,0.0,2,2,1,2.00,,,,,,,,,,,,,,,,,,
Darnell Washington,PIT,TE,3163963,CIN,31,9,2,1,N/R,,,67,0,,0,0,22.3,0,0,0.0,2,4,3,2.00,,,,,,,,,,,,,,,,,,
Michael Mayer,LV,TE,3171673,@NO,30,13,12,1,N/R,,,32,1,,0,0,10.7,0,0,0.0,1,3,3,1.00,,,,,,,,,,,,,,,,,,
Tommy Tremble,CAR,TE,2969027,@CLE,23,5,1,1,N/R,,,41,0,,0,0,13.7,0,0,0.0,1,4,3,1.00,,,,,,,,,,,,,,,,,,
Austin Hooper,ATL,TE,2067004,@GB,9,11,1,1,N/R,,,11,1,,0,0,5.5,0,0,0.0,1,2,2,1.00,,,,,,,,,,,,,,,,,,
Matthew Hibner,BAL,TE,3169490,@DAL,17,13,1,1,N/R,,,23,1,,0,0,11.5,0,0,0.0,1,2,2,1.00,,,,,,,,,,,,,,,,,,
Jeremy Ruckert,NYJ,TE,2965446,@DET,32,13,1,1,N/R,,,39,1,,0,0,7.8,0,0,0.0,1,5,5,1.00,,,,,,,,,,,,,,,,,,
Darren Waller,CAR,TE,1850793,@CLE,23,5,44,22,12,,,51,0,,0,0,10.2,0,0,0.0,1,8,5,1.00,,,,,,,,,,,,,,,,,,
Tyler Warren,IND,TE,3168800,HOU,21,13,99,87,4,,,55,0,,1,2,6.1,0,0,2.0,1,10,9,1.00,,,,,,,,,,,,,,,,,,
Sam LaPorta,DET,TE,3124197,NYJ,1,6,98,80,6,,,44,0,,0,0,14.7,0,0,0.0,1,4,3,1.00,,,,,,,,,,,,,,,,,,
Greg Dulcich,MIA,TE,2964274,KC,15,6,12,1,N/R,,,55,0,,0,0,11.0,0,0,0.0,1,7,5,1.00,,,,,,,,,,,,,,,,,,
Cade Otton,TB,TE,2815179,MIN,19,10,22,4,N/R,,,56,0,,0,0,18.7,0,0,0.0,1,6,3,1.00,,,,,,,,,,,,,,,,,,
Foster Moreau,HOU,TE,2180634,@IND,25,8,1,1,N/R,,,7,1,,0,0,3.5,0,0,0.0,1,4,2,1.00,,,,,,,,,,,,,,,,,,
Nolan Givan,DET,TE,2252366,NYJ,1,6,1,1,N/R,,,0,0,,0,0,0.0,0,0,0.0,0,0,0,-,,,,,,,,,,,,,,,,,,
Hayden Rucci,LAC,TE,3131519,@BUF,6,7,1,1,N/R,,,0,0,,0,0,0.0,0,0,0.0,0,0,0,0.00,,,,,,,,,,,,,,,,,,
Ben Yurosek,MIN,TE,3163725,@TB,24,6,1,1,N/R,,,0,0,,0,0,0.0,0,0,0.0,0,0,0,-,,,,,,,,,,,,,,,,,,
Chris Myarick,LV,TE,3117054,@NO,30,13,1,1,N/R,,,0,0,,0,0,0.0,0,0,0.0,0,0,0,-,,,,,,,,,,,,,,,,,,
Alex Gray,ATL,TE,2828649,@GB,9,11,1,1,N/R,,,0,0,,0,0,0.0,0,0,0.0,0,0,0,-,,,,,,,,,,,,,,,,,,
Jameson Geers,ARI,TE,26694253,@SF,11,14,1,0,N/R,,,0,0,,0,0,0.0,0,0,0.0,0,0,0,-,,,,,,,,,,,,,,,,,,
Cole Kmet,CHI,TE,2868619,PHI,3,10,2,1,N/R,,,0,0,,0,0,0.0,0,0,0.0,0,1,0,0.00,,,,,,,,,,,,,,,,,,
Miles Kitselman,DET,TE,28912020,NYJ,1,6,1,1,N/R,,,0,0,,0,0,0.0,0,0,0.0,0,0,0,-,,,,,,,,,,,,,,,,,,
Brevyn Spann-Ford,DAL,TE,2961760,BAL,16,14,1,1,N/R,,,19,0,,0,0,19.0,0,0,0.0,0,1,1,0.00,,,,,,,,,,,,,,,,,,
Pharaoh Brown,IND,TE,2819155,HOU,21,13,1,1,N/R,,,0,0,,0,0,0.0,0,0,0.0,0,0,0,-,,,,,,,,,,,,,,,,,,
Austin Stogner,ATL,TE,3121976,@GB,9,11,1,1,N/R,,,0,0,,0,0,0.0,0,0,0.0,0,0,0,-,,,,,,,,,,,,,,,,,,
Drew Sample,CIN,TE,2139646,@PIT,12,6,1,1,N/R,,,0,0,,0,0,0.0,0,0,0.0,0,2,1,0.00,,,,,,,,,,,,,,,,,,
Josh Oliver,MIN,TE,2184618,@TB,24,6,1,1,N/R,,,0,0,,0,0,0.0,0,0,0.0,0,0,0,0.00,,,,,,,,,,,,,,,,,,
Cole Fotheringham,NE,TE,2240503,@JAC,7,11,1,1,N/R,,,0,0,,0,0,0.0,0,0,0.0,0,0,0,-,,,,,,,,,,,,,,,,,,
Lincoln Sefcik,NYJ,TE,26701907,@DET,32,13,0,0,N/R,,,0,0,,0,0,0.0,0,0,0.0,0,0,0,-,,,,,,,,,,,,,,,,,,
Maximilian Mang,NYG,TE,3161969,TEN,5,8,1,1,N/R,,,0,0,,0,0,0.0,0,0,0.0,0,0,0,-,,,,,,,,,,,,,,,,,,
Cole Herdman,TEN,TE,2136567,@NYG,14,9,1,1,N/R,,,0,0,,0,0,0.0,0,0,0.0,0,0,0,-,,,,,,,,,,,,,,,,,,
Kevin Foelsch,PIT,TE,29380772,CIN,31,9,1,1,N/R,,,0,0,,0,0,0.0,0,0,0.0,0,0,0,-,,,,,,,,,,,,,,,,,,
Princeton Fant,DAL,TE,2865409,BAL,16,14,1,1,N/R,,,0,0,,0,0,0.0,0,0,0.0,0,0,0,-,,,,,,,,,,,,,,,,,,
Oscar Delp,NO,TE,28873644,LV,27,8,2,1,N/R,,,0,0,,0,0,0.0,0,0,0.0,0,0,0,0.00,,,,,,,,,,,,,,,,,,
Tanner Koziol,JAC,TE,28874303,NE,2,7,1,1,N/R,,,0,0,,0,0,0.0,0,0,0.0,0,0,0,0.00,,,,,,,,,,,,,,,,,,
Sean McKeon,IND,TE,2239736,HOU,21,13,1,1,N/R,,,0,0,,0,0,0.0,0,0,0.0,0,0,0,-,,,,,,,,,,,,,,,,,,
Temuchin Hodges,PIT,TE,2071631,CIN,31,9,1,1,N/R,,,0,0,,0,0,0.0,0,0,0.0,0,0,0,-,,,,,,,,,,,,,,,,,,
Oscar Cardenas,ARI,TE,3127887,@SF,11,14,1,0,N/R,,,0,0,,0,0,0.0,0,0,0.0,0,0,0,-,,,,,,,,,,,,,,,,,,
Josh Whyle,GB,TE,2962513,ATL,20,11,1,1,N/R,,,0,0,,0,0,0.0,0,0,0.0,0,0,0,0.00,,,,,,,,,,,,,,,,,,
Zach Ertz,PHI,TE,1685963,@CHI,10,10,5,1,N/R,,,9,0,,0,0,9.0,0,0,0.0,0,2,1,0.00,,,,,,,,,,,,,,,,,,
Nate Wieting,NYG,TE,2179741,TEN,5,8,0,0,N/R,,,0,0,,0,0,0.0,0,0,0.0,0,0,0,-,,,,,,,,,,,,,,,,,,
Luke Schoonmaker,DAL,TE,2968473,BAL,16,14,1,1,N/R,,,9,0,,0,0,9.0,0,0,0.0,0,1,1,0.00,,,,,,,,,,,,,,,,,,
Scotty Washington,BAL,TE,2186416,@DAL,17,13,0,0,N/R,,,0,0,,0,0,0.0,0,0,0.0,0,0,0,-,,,,,,,,,,,,,,,,,,
N'Keal Harry,SEA,TE,2221807,@WAS,29,11,1,1,N/R,,,0,0,,0,0,0.0,0,0,0.0,0,0,0,-,,,,,,,,,,,,,,,,,,
Blake Whiteheart,CLE,TE,2964419,CAR,18,11,1,1,N/R,,,0,0,,0,0,0.0,0,0,0.0,0,0,0,0.00,,,,,,,,,,,,,,,,,,
Connor Davis,CLE,TE,3170411,CAR,18,11,1,1,N/R,,,0,0,,0,0,0.0,0,0,0.0,0,0,0,-,,,,,,,,,,,,,,,,,,
Chigoziem Okonkwo,WAS,TE,2965208,SEA,8,7,12,1,N/R,,,0,0,,0,0,0.0,0,0,0.0,0,0,0,-,,,,,,,,,,,,,,,,,,
Tucker Kraft,GB,TE,3133332,ATL,20,11,95,63,13,,,26,0,,0,0,6.5,0,0,0.0,0,8,4,0.00,,,,,,,,,,,,,,,,,,
Justin Tukes,PHI,TE,2174961,@CHI,10,10,1,1,N/R,,,0,0,,0,0,0.0,0,0,0.0,0,0,0,-,,,,,,,,,,,,,,,,,,
Gerrit Prince,KC,TE,2969148,@MIA,26,5,1,1,N/R,,,0,0,,0,0,0.0,0,0,0.0,0,0,0,-,,,,,,,,,,,,,,,,,,
Mason Pline,KC,TE,29176455,@MIA,26,5,1,1,N/R,,,0,0,,0,0,0.0,0,0,0.0,0,0,0,-,,,,,,,,,,,,,,,,,,
Keenen Brown,HOU,TE,2139241,@IND,25,8,1,1,N/R,,,0,0,,0,0,0.0,0,0,0.0,0,0,0,-,,,,,,,,,,,,,,,,,,
Jordan Murray,CHI,TE,2963239,PHI,3,10,0,0,N/R,,,0,0,,0,0,0.0,0,0,0.0,0,0,0,-,,,,,,,,,,,,,,,,,,
Scott Orndoff,PHI,TE,2060508,@CHI,10,10,1,1,N/R,,,0,0,,0,0,0.0,0,0,0.0,0,0,0,-,,,,,,,,,,,,,,,,,,
Jeremiah Hall,NYG,TE,2804133,TEN,5,8,1,1,N/R,,,0,0,,0,0,0.0,0,0,0.0,0,0,0,-,,,,,,,,,,,,,,,,,,
Garrett Walston,SF,TE,2239574,ARI,28,8,1,1,N/R,,,0,0,,0,0,0.0,0,0,0.0,0,0,0,-,,,,,,,,,,,,,,,,,,
Sam Roush,CHI,TE,28877184,PHI,3,10,1,1,N/R,,,16,0,,0,0,16.0,0,0,0.0,0,1,1,0.00,,,,,,,,,,,,,,,,,,
Hayden Large,CHI,TE,29122200,PHI,3,10,1,0,N/R,,,0,0,,0,0,0.0,0,0,0.0,0,0,0,-,,,,,,,,,,,,,,,,,,
Noah Gindorff,PIT,TE,2869790,CIN,31,9,1,1,N/R,,,0,0,,0,0,0.0,0,0,0.0,0,0,0,-,,,,,,,,,,,,,,,,,,
McCallan Castles,GB,TE,2964061,ATL,20,11,1,1,N/R,,,0,0,,0,0,0.0,0,0,0.0,0,0,0,-,,,,,,,,,,,,,,,,,,
Tre Watson,MIA,TE,26699319,KC,15,6,1,1,N/R,,,0,0,,0,0,0.0,0,0,0.0,0,0,0,-,,,,,,,,,,,,,,,,,,
Connor Heyward,LV,TE,2867599,@NO,30,13,1,1,N/R,,,0,0,,0,0,0.0,0,0,0.0,0,0,0,0.00,,,,,,,,,,,,,,,,,,
Ben Beise,TB,TE,28866830,MIN,19,10,1,1,N/R,,,0,0,,0,0,0.0,0,0,0.0,0,0,0,-,,,,,,,,,,,,,,,,,,
Mark Andrews,BAL,TE,2131121,@DAL,17,13,84,35,15,,,24,0,,0,0,8.0,0,0,0.0,0,5,3,0.00,,,,,,,,,,,,,,,,,,
Caleb Lohner,DEN,TE,3177905,LAR,4,10,1,1,N/R,,,0,0,,0,0,0.0,0,0,0.0,0,0,0,-,,,,,,,,,,,,,,,,,,
Terrance Ferguson,LAR,TE,26701481,@DEN,22,11,29,3,N/R,,,9,0,,0,0,9.0,0,0,0.0,0,2,1,0.00,,,,,,,,,,,,,,,,,,
T.J. Hockenson,MIN,TE,2251097,@TB,24,6,29,7,19,,,11,0,,0,0,5.5,0,0,0.0,0,4,2,0.00,,,,,,,,,,,,,,,,,,
Graham Adomitis,IND,TE,2184656,HOU,21,13,1,0,N/R,,,0,0,,0,0,0.0,0,0,0.0,0,0,0,-,,,,,,,,,,,,,,,,,,
Jay Rome,PIT,TE,1877289,CIN,31,9,0,0,N/R,,,0,0,,0,0,0.0,0,0,0.0,0,0,0,-,,,,,,,,,,,,,,,,,,
Jelani Woods,NYJ,TE,2787078,@DET,32,13,1,1,N/R,,,20,0,,0,0,20.0,0,0,0.0,0,1,1,0.00,,,,,,,,,,,,,,,,,,
Cameron Latu,NE,TE,2964535,@JAC,7,11,1,1,N/R,,,0,0,,0,0,0.0,0,0,0.0,0,0,0,0.00,,,,,,,,,,,,,,,,,,
Daniel Crawford,GB,TE,2188929,ATL,20,11,1,0,N/R,,,0,0,,0,0,0.0,0,0,0.0,0,0,0,-,,,,,,,,,,,,,,,,,,
Brevin Jordan,HOU,TE,2964787,@IND,25,8,1,1,N/R,,,0,0,,0,0,0.0,0,0,0.0,0,0,0,-,,,,,,,,,,,,,,,,,,
Tyler Moore,IND,TE,26695106,HOU,21,13,1,0,N/R,,,0,0,,0,0,0.0,0,0,0.0,0,0,0,-,,,,,,,,,,,,,,,,,,
Naz Bohannon,JAC,TE,2893513,NE,2,7,1,0,N/R,,,0,0,,0,0,0.0,0,0,0.0,0,0,0,-,,,,,,,,,,,,,,,,,,
Jake Briningstool,KC,TE,26697836,@MIA,26,5,1,1,N/R,,,0,0,,0,0,0.0,0,0,0.0,0,1,0,0.00,,,,,,,,,,,,,,,,,,
Dominique Dafney,CAR,TE,3172375,@CLE,23,5,1,1,N/R,,,0,0,,0,0,0.0,0,0,0.0,0,0,0,-,,,,,,,,,,,,,,,,,,
Will Kacmarek,MIA,TE,26717403,KC,15,6,1,1,N/R,,,0,0,,0,0,0.0,0,0,0.0,0,0,0,0.00,,,,,,,,,,,,,,,,,,
Ko Kieft,TB,TE,2239763,MIN,19,10,1,1,N/R,,,0,0,,0,0,0.0,0,0,0.0,0,0,0,0.00,,,,,,,,,,,,,,,,,,
Mason Taylor,NYJ,TE,28878064,@DET,32,13,3,1,N/R,,,0,0,,0,0,0.0,0,0,0.0,0,0,0,-,,,,,,,,,,,,,,,,,,
Keleki Latu,BUF,TE,26723643,LAC,13,7,1,1,N/R,,,0,0,,0,0,0.0,0,0,0.0,0,0,0,0.00,,,,,,,,,,,,,,,,,,
Steven Stilianos,DET,TE,2961775,NYJ,1,6,1,1,N/R,,,0,0,,0,0,0.0,0,0,0.0,0,0,0,-,,,,,,,,,,,,,,,,,,
John Raine,ATL,TE,2241250,@GB,9,11,0,0,N/R,,,0,0,,0,0,0.0,0,0,0.0,0,0,0,-,,,,,,,,,,,,,,,,,,
Tre' McKitty,WAS,TE,2804040,SEA,8,7,1,1,N/R,,,0,0,,0,0,0.0,0,0,0.0,0,0,0,-,,,,,,,,,,,,,,,,,,
Cade Brewer,SEA,TE,2868649,@WAS,29,11,1,1,N/R,,,0,0,,0,0,0.0,0,0,0.0,0,0,0,-,,,,,,,,,,,,,,,,,,
Irv Smith,HOU,TE,2257888,@IND,25,8,1,1,N/R,,,0,0,,0,0,0.0,0,0,0.0,0,0,0,-,,,,,,,,,,,,,,,,,,
Chase Harrell,SF,TE,2179546,ARI,28,8,1,0,N/R,,,0,0,,0,0,0.0,0,0,0.0,0,0,0,-,,,,,,,,,,,,,,,,,,
Zach Horton,DET,TE,26698603,NYJ,1,6,1,1,N/R,,,0,0,,0,0,0.0,0,0,0.0,0,0,0,-,,,,,,,,,,,,,,,,,,
Patrick Herbert,LAC,TE,3121535,@BUF,6,7,1,0,N/R,,,0,0,,0,0,0.0,0,0,0.0,0,0,0,0.00,,,,,,,,,,,,,,,,,,
Jacob Warren,NE,TE,2963488,@JAC,7,11,1,0,N/R,,,0,0,,0,0,0.0,0,0,0.0,0,0,0,-,,,,,,,,,,,,,,,,,,
Jackson Hawes,BUF,TE,3135324,LAC,13,7,1,1,N/R,,,0,0,,0,0,0.0,0,0,0.0,0,1,0,0.00,,,,,,,,,,,,,,,,,,
Jalen Wydermyer,IND,TE,3131559,HOU,21,13,1,1,N/R,,,0,0,,0,0,0.0,0,0,0.0,0,0,0,-,,,,,,,,,,,,,,,,,,
Dylan Soehner,NO,TE,2261259,LV,27,8,1,1,N/R,,,0,0,,0,0,0.0,0,0,0.0,0,0,0,-,,,,,,,,,,,,,,,,,,
Kalif Jackson,MIA,TE,2180433,KC,15,6,0,0,N/R,,,0,0,,0,0,0.0,0,0,0.0,0,0,0,-,,,,,,,,,,,,,,,,,,
Patrick Gurd,LV,TE,3169599,@NO,30,13,1,1,N/R,,,0,0,,0,0,0.0,0,0,0.0,0,0,0,-,,,,,,,,,,,,,,,,,,
Erick All,CIN,TE,3121555,@PIT,12,6,1,1,N/R,,,0,0,,0,0,0.0,0,0,0.0,0,0,0,0.00,,,,,,,,,,,,,,,,,,
Brock Wright,DET,TE,2807423,NYJ,1,6,1,1,N/R,,,7,0,,0,0,3.5,0,0,0.0,0,2,2,0.00,,,,,,,,,,,,,,,,,,
Michael Trigg,DAL,TE,26720219,BAL,16,14,1,0,N/R,,,0,0,,0,0,0.0,0,0,0.0,0,0,0,-,,,,,,,,,,,,,,,,,,
Seth Green,NO,TE,2239758,LV,27,8,1,0,N/R,,,0,0,,0,0,0.0,0,0,0.0,0,0,0,-,,,,,,,,,,,,,,,,,,
Ross Dwelley,CAR,TE,2924888,@CLE,23,5,1,1,N/R,,,0,0,,0,0,0.0,0,0,0.0,0,0,0,-,,,,,,,,,,,,,,,,,,
Dylan Parham,DEN,TE,2223195,LAR,4,10,1,1,N/R,,,0,0,,0,0,0.0,0,0,0.0,0,0,0,-,,,,,,,,,,,,,,,,,,
Dallas Goedert,PHI,TE,2132551,@CHI,10,10,89,5,N/R,,,0,0,,0,0,0.0,0,0,0.0,0,0,0,-,,,,,,,,,,,,,,,,,,
Drew Biber,CLE,TE,26727217,CAR,18,11,1,1,N/R,,,0,0,,0,0,0.0,0,0,0.0,0,0,0,-,,,,,,,,,,,,,,,,,,
Shawn Bowman,ARI,TE,2962851,@SF,11,14,1,1,N/R,,,0,0,,0,0,0.0,0,0,0.0,0,0,0,-,,,,,,,,,,,,,,,,,,
Jeremiah Franklin,MIA,TE,28876766,KC,15,6,0,0,N/R,,,0,0,,0,0,0.0,0,0,0.0,0,0,0,-,,,,,,,,,,,,,,,,,,
Harrison Bryant,SEA,TE,2241240,@WAS,29,11,1,1,N/R,,,0,0,,0,0,0.0,0,0,0.0,0,0,0,-,,,,,,,,,,,,,,,,,,
Josh Cuevas,BAL,TE,26706410,@DAL,17,13,1,1,N/R,,,14,0,,0,0,14.0,0,0,0.0,0,1,1,0.00,,,,,,,,,,,,,,,,,,
Bryson Nesbit,MIN,TE,26695112,@TB,24,6,1,1,N/R,,,0,0,,0,0,0.0,0,0,0.0,0,0,0,-,,,,,,,,,,,,,,,,,,
Shane Zylstra,NE,TE,26688308,@JAC,7,11,1,1,N/R,,,0,0,,0,0,0.0,0,0,0.0,0,0,0,-,,,,,,,,,,,,,,,,,,
Cole Turner,MIA,TE,2961855,KC,15,6,1,1,N/R,,,0,0,,0,0,0.0,0,0,0.0,0,0,0,-,,,,,,,,,,,,,,,,,,
Michael Ezeike,SEA,TE,2966873,@WAS,29,11,0,0,N/R,,,0,0,,0,0,0.0,0,0,0.0,0,0,0,-,,,,,,,,,,,,,,,,,,
Dalton Schultz,HOU,TE,2136748,@IND,25,8,85,54,10,,,30,0,,0,0,10.0,0,0,0.0,0,3,3,0.00,,,,,,,,,,,,,,,,,,
Tim Brown,TB,TE,2236987,MIN,19,10,1,1,N/R,,,0,0,,0,0,0.0,0,0,0.0,0,0,0,-,,,,,,,,,,,,,,,,,,
Dan Villari,LAR,TE,3169258,@DEN,22,11,1,1,N/R,,,0,0,,0,0,0.0,0,0,0.0,0,0,0,-,,,,,,,,,,,,,,,,,,
Dawson Knox,BUF,TE,2186345,LAC,13,7,2,1,N/R,,,5,0,,1,0,5.0,0,0,0.0,0,1,1,0.00,,,,,,,,,,,,,,,,,,
Eli Raridon,NE,TE,28924611,@JAC,7,11,3,1,N/R,,,0,0,,0,0,0.0,0,0,0.0,0,0,0,-,,,,,,,,,,,,,,,,,,
Daniel Bellinger,TEN,TE,2963615,@NYG,14,9,1,1,N/R,,,16,0,,0,0,8.0,0,0,0.0,0,2,2,0.00,,,,,,,,,,,,,,,,,,
Luke Benson,LAC,TE,3126340,@BUF,6,7,1,1,N/R,,,0,0,,0,0,0.0,0,0,0.0,0,0,0,-,,,,,,,,,,,,,,,,,,
Justin Rigg,TEN,TE,2245145,@NYG,14,9,1,1,N/R,,,0,0,,0,0,0.0,0,0,0.0,0,0,0,-,,,,,,,,,,,,,,,,,,
Izaiah Gathings,KC,TE,2961109,@MIA,26,5,1,1,N/R,,,0,0,,0,0,0.0,0,0,0.0,0,0,0,-,,,,,,,,,,,,,,,,,,
Brian Walker,BAL,TE,29113614,@DAL,17,13,1,1,N/R,,,0,0,,0,0,0.0,0,0,0.0,0,0,0,-,,,,,,,,,,,,,,,,,,
Michael Jacobson,NO,TE,2202932,LV,27,8,1,0,N/R,,,0,0,,0,0,0.0,0,0,0.0,0,0,0,-,,,,,,,,,,,,,,,,,,
Jake Hausmann,WAS,TE,2260981,SEA,8,7,1,1,N/R,,,0,0,,0,0,0.0,0,0,0.0,0,0,0,-,,,,,,,,,,,,,,,,,,
Dalton Keene,HOU,TE,2805113,@IND,25,8,1,1,N/R,,,0,0,,0,0,0.0,0,0,0.0,0,0,0,-,,,,,,,,,,,,,,,,,,
Gunnar Helm,TEN,TE,26696189,@NYG,14,9,3,1,N/R,,,14,0,,0,0,7.0,0,0,0.0,0,4,2,0.00,,,,,,,,,,,,,,,,,,
Layne Pryor,HOU,TE,26729515,@IND,25,8,1,0,N/R,,,0,0,,0,0,0.0,0,0,0.0,0,0,0,-,,,,,,,,,,,,,,,,,,
Gavin Bartholomew,MIN,TE,26702972,@TB,24,6,1,1,N/R,,,0,0,,0,0,0.0,0,0,0.0,0,0,0,0.00,,,,,,,,,,,,,,,,,,
Keith Towbridge,WAS,TE,2819975,SEA,8,7,1,1,N/R,,,0,0,,0,0,0.0,0,0,0.0,0,0,0,-,,,,,,,,,,,,,,,,,,
Zach Heins,LAC,TE,2976450,@BUF,6,7,1,0,N/R,,,0,0,,0,0,0.0,0,0,0.0,0,0,0,-,,,,,,,,,,,,,,,,,,
Jake Tonges,SF,TE,2870660,ARI,28,8,1,1,N/R,,,0,0,,0,0,0.0,0,0,0.0,0,0,0,-,,,,,,,,,,,,,,,,,,
Joel Honigford,ARI,TE,2878156,@SF,11,14,1,1,N/R,,,0,0,,0,0,0.0,0,0,0.0,0,0,0,-,,,,,,,,,,,,,,,,,,
Matt Lauter,MIN,TE,26725448,@TB,24,6,1,1,N/R,,,0,0,,0,0,0.0,0,0,0.0,0,0,0,-,,,,,,,,,,,,,,,,,,
DJ Rogers,DAL,TE,26693776,BAL,16,14,1,1,N/R,,,0,0,,0,0,0.0,0,0,0.0,0,0,0,-,,,,,,,,,,,,,,,,,,
Nikola Kalinic,CHI,TE,28867671,PHI,3,10,1,1,N/R,,,0,0,,0,0,0.0,0,0,0.0,0,0,0,-,,,,,,,,,,,,,,,,,,
Moritz Boehringer,CIN,TE,2235403,@PIT,12,6,1,1,N/R,,,0,0,,0,0,0.0,0,0,0.0,0,0,0,-,,,,,,,,,,,,,,,,,,
Jordan Akins,JAC,TE,2142712,NE,2,7,1,1,N/R,,,0,0,,0,0,0.0,0,0,0.0,0,0,0,-,,,,,,,,,,,,,,,,,,
Tyler Neville,DAL,TE,3164475,BAL,16,14,1,0,N/R,,,0,0,,0,0,0.0,0,0,0.0,0,0,0,-,,,,,,,,,,,,,,,,,,
Will Dissly,LAC,TE,2139628,@BUF,6,7,1,1,N/R,,,0,0,,0,0,0.0,0,0,0.0,0,0,0,-,,,,,,,,,,,,,,,,,,
Devon Garrison,SEA,TE,29456571,@WAS,29,11,1,1,N/R,,,0,0,,0,0,0.0,0,0,0.0,0,0,0,-,,,,,,,,,,,,,,,,,,
Tyler Conklin,DET,TE,2165249,NYJ,1,6,1,1,N/R,,,0,0,,0,0,0.0,0,0,0.0,0,0,0,-,,,,,,,,,,,,,,,,,,
Luke Deal,DET,TE,3122054,NYJ,1,6,1,1,N/R,,,0,0,,0,0,0.0,0,0,0.0,0,0,0,-,,,,,,,,,,,,,,,,,,
Anthony Torres,LAR,TE,2960827,@DEN,22,11,1,1,N/R,,,0,0,,0,0,0.0,0,0,0.0,0,0,0,-,,,,,,,,,,,,,,,,,,
Marlin Klein,HOU,TE,28927889,@IND,25,8,1,1,N/R,,,0,0,,0,0,0.0,0,0,0.0,0,0,0,0.00,,,,,,,,,,,,,,,,,,
Thomas Yassmin,GB,TE,2966406,ATL,20,11,1,1,N/R,,,0,0,,0,0,0.0,0,0,0.0,0,0,0,-,,,,,,,,,,,,,,,,,,
Pro Wells,CIN,TE,2965260,@PIT,12,6,0,0,N/R,,,0,0,,0,0,0.0,0,0,0.0,0,0,0,-,,,,,,,,,,,,,,,,,,
Stevo Klotz,LAC,TE,3164867,@BUF,6,7,1,1,N/R,,,0,0,,0,0,0.0,0,0,0.0,0,0,0,-,,,,,,,,,,,,,,,,,,
Mason Fairchild,NO,TE,3127029,LV,27,8,1,1,N/R,,,0,0,,0,0,0.0,0,0,0.0,0,0,0,-,,,,,,,,,,,,,,,,,,
RJ Maryland,GB,TE,28915341,ATL,20,11,1,1,N/R,,,0,0,,0,0,0.0,0,0,0.0,0,0,0,-,,,,,,,,,,,,,,,,,,
Luke Musgrave,GB,TE,3129283,ATL,20,11,1,1,N/R,,,0,0,,0,0,0.0,0,0,0.0,0,0,0,-,,,,,,,,,,,,,,,,,,
Robert Tonyan,PIT,TE,2820026,CIN,31,9,1,1,N/R,,,2,0,,0,0,2.0,0,0,0.0,0,1,1,0.00,,,,,,,,,,,,,,,,,,
Elijah Arroyo,SEA,TE,26700496,@WAS,29,11,2,1,N/R,,,0,0,,0,0,0.0,0,0,0.0,0,0,0,0.00,,,,,,,,,,,,,,,,,,
Ethan Conner,MIA,TE,29121831,KC,15,6,1,1,N/R,,,0,0,,0,0,0.0,0,0,0.0,0,0,0,-,,,,,,,,,,,,,,,,,,
James Mitchell,DAL,TE,2963242,BAL,16,14,1,1,N/R,,,0,0,,0,0,0.0,0,0,0.0,0,0,0,-,,,,,,,,,,,,,,,,,,
Gerald Everett,CHI,TE,2142692,PHI,3,10,1,1,N/R,,,0,0,,0,0,0.0,0,0,0.0,0,0,0,-,,,,,,,,,,,,,,,,,,
Carsen Ryan,CLE,TE,28873701,CAR,18,11,1,1,N/R,,,0,0,,0,0,0.0,0,0,0.0,0,0,0,0.00,,,,,,,,,,,,,,,,,,
Damien Caffrey,CHI,TE,3138466,PHI,3,10,1,1,N/R,,,0,0,,0,0,0.0,0,0,0.0,0,0,0,-,,,,,,,,,,,,,,,,,,
Isaiah Searight,NYG,TE,2182104,TEN,5,8,0,0,N/R,,,0,0,,0,0,0.0,0,0,0.0,0,0,0,-,,,,,,,,,,,,,,,,,,
Thaddeus Moss,CIN,TE,2246946,@PIT,12,6,1,1,N/R,,,0,0,,0,0,0.0,0,0,0.0,0,0,0,-,,,,,,,,,,,,,,,,,,
Gunnar Oakes,DET,TE,2805178,NYJ,1,6,1,1,N/R,,,0,0,,0,0,0.0,0,0,0.0,0,0,0,-,,,,,,,,,,,,,,,,,,
Matt Seybert,LAC,TE,2184386,@BUF,6,7,1,0,N/R,,,0,0,,0,0,0.0,0,0,0.0,0,0,0,-,,,,,,,,,,,,,,,,,,
Joe Royer,CLE,TE,3169621,CAR,18,11,1,1,N/R,,,0,0,,0,0,0.0,0,0,0.0,0,0,0,-,,,,,,,,,,,,,,,,,,
Lucas Krull,DEN,TE,2961761,LAR,4,10,1,1,N/R,,,0,0,,0,0,0.0,0,0,0.0,0,0,0,-,,,,,,,,,,,,,,,,,,
Tyler Mabry,CAR,TE,3159198,@CLE,23,5,1,1,N/R,,,0,0,,0,0,0.0,0,0,0.0,0,0,0,-,,,,,,,,,,,,,,,,,,
Neal Johnson,NYJ,TE,3131532,@DET,32,13,1,1,N/R,,,0,0,,0,0,0.0,0,0,0.0,0,0,0,-,,,,,,,,,,,,,,,,,,
Kyle Markway,LAR,TE,2185055,@DEN,22,11,1,1,N/R,,,0,0,,0,0,0.0,0,0,0.0,0,0,0,-,,,,,,,,,,,,,,,,,,
Kylen Granson,TEN,TE,2247146,@NYG,14,9,1,1,N/R,,,0,0,,0,0,0.0,0,0,0.0,0,0,0,-,,,,,,,,,,,,,,,,,,
Johnny Lumpkin,GB,TE,2963046,ATL,20,11,0,0,N/R,,,0,0,,0,0,0.0,0,0,0.0,0,0,0,-,,,,,,,,,,,,,,,,,,
Theo Johnson,NYG,TE,3162129,TEN,5,8,2,1,N/R,,,0,0,,0,0,0.0,0,0,0.0,0,0,0,0.00,,,,,,,,,,,,,,,,,,
Rivaldo Fairweather,ARI,TE,3165468,@SF,11,14,1,1,N/R,,,0,0,,0,0,0.0,0,0,0.0,0,0,0,-,,,,,,,,,,,,,,,,,,
Feleipe Franks,CAR,TE,2221829,@CLE,23,5,1,1,N/R,,,0,0,,0,0,0.0,0,0,0.0,0,0,0,0.00,,,,,,,,,,,,,,,,,,
Messiah Swinson,GB,TE,2966595,ATL,20,11,1,1,N/R,,,0,0,,0,0,0.0,0,0,0.0,0,0,0,-,,,,,,,,,,,,,,,,,,
Jermaine Terry II,CLE,TE,26700676,CAR,18,11,1,0,N/R,,,0,0,,0,0,0.0,0,0,0.0,0,0,0,-,,,,,,,,,,,,,,,,,,
Jake Phillips,PIT,TE,2253478,CIN,31,9,1,1,N/R,,,0,0,,0,0,0.0,0,0,0.0,0,0,0,-,,,,,,,,,,,,,,,,,,
Brenton Strange,JAC,TE,3121696,NE,2,7,51,10,24,,,32,0,,0,0,10.7,0,0,0.0,0,5,3,0.00,,,,,,,,,,,,,,,,,,
Armani Rogers,BUF,TE,2258253,LAC,13,7,1,1,N/R,,,0,0,,0,0,0.0,0,0,0.0,0,0,0,-,,,,,,,,,,,,,,,,,,
Alize Mack,TEN,TE,2186666,@NYG,14,9,1,0,N/R,,,0,0,,0,0,0.0,0,0,0.0,0,0,0,-,,,,,,,,,,,,,,,,,,
Chamon Metayer,CAR,TE,26693575,@CLE,23,5,1,1,N/R,,,0,0,,0,0,0.0,0,0,0.0,0,0,0,-,,,,,,,,,,,,,,,,,,
Quintin Morris,JAC,TE,2864581,NE,2,7,1,1,N/R,,,0,0,,0,0,0.0,0,0,0.0,0,0,0,0.00,,,,,,,,,,,,,,,,,,
Luke Lachey,GB,TE,3163014,ATL,20,11,1,0,N/R,,,0,0,,0,0,0.0,0,0,0.0,0,0,0,-,,,,,,,,,,,,,,,,,,
David Njoku,LAC,TE,2136474,@BUF,6,7,7,1,N/R,,,0,0,,0,0,0.0,0,0,0.0,0,0,0,-,,,,,,,,,,,,,,,,,,
Ryan Becker,ATL,TE,3159083,@GB,9,11,1,1,N/R,,,0,0,,0,0,0.0,0,0,0.0,0,0,0,-,,,,,,,,,,,,,,,,,,
JJ Galbreath,IND,TE,26719274,HOU,21,13,1,0,N/R,,,0,0,,0,0,0.0,0,0,0.0,0,0,0,-,,,,,,,,,,,,,,,,,,
Elijah Higgins,ARI,TE,3122914,@SF,11,14,1,1,N/R,,,20,0,,0,0,6.7,0,0,0.0,0,3,3,0.00,,,,,,,,,,,,,,,,,,
C.J. Conrad,NYG,TE,2180481,TEN,5,8,1,1,N/R,,,0,0,,0,0,0.0,0,0,0.0,0,0,0,-,,,,,,,,,,,,,,,,,,
John Bates,WAS,TE,2257291,SEA,8,7,1,1,N/R,,,9,0,,0,0,9.0,0,0,0.0,0,1,1,0.00,,,,,,,,,,,,,,,,,,
Anthony Firkser,DET,TE,2818971,NYJ,1,6,1,1,N/R,,,0,0,,0,0,0.0,0,0,0.0,0,0,0,-,,,,,,,,,,,,,,,,,,
Qadir Ismail,CHI,TE,2968088,PHI,3,10,0,0,N/R,,,0,0,,0,0,0.0,0,0,0.0,0,0,0,-,,,,,,,,,,,,,,,,,,
Kehinde Oginni,ATL,TE,28867199,@GB,9,11,1,1,N/R,,,0,0,,0,0,0.0,0,0,0.0,0,0,0,-,,,,,,,,,,,,,,,,,,
Tanner Arkin,NE,TE,26713728,@JAC,7,11,1,0,N/R,,,0,0,,0,0,0.0,0,0,0.0,0,0,0,0.00,,,,,,,,,,,,,,,,,,
Treyton Welch,NO,TE,3123913,LV,27,8,1,1,N/R,,,0,0,,0,0,0.0,0,0,0.0,0,0,0,-,,,,,,,,,,,,,,,,,,
C.J. Uzomah,PHI,TE,2174118,@CHI,10,10,1,1,N/R,,,0,0,,0,0,0.0,0,0,0.0,0,0,0,-,,,,,,,,,,,,,,,,,,
DeShon Williams,SEA,TE,2868230,@WAS,29,11,0,0,N/R,,,0,0,,0,0,0.0,0,0,0.0,0,0,0,-,,,,,,,,,,,,,,,,,,
Julian Hill,NE,TE,2961743,@JAC,7,11,1,1,N/R,,,0,0,,0,0,0.0,0,0,0.0,0,0,0,-,,,,,,,,,,,,,,,,,,
Kenny Yeboah,ARI,TE,2256993,@SF,11,14,1,1,N/R,,,0,0,,0,0,0.0,0,0,0.0,0,0,0,-,,,,,,,,,,,,,,,,,,
Will Mallory,IND,TE,2962073,HOU,21,13,1,1,N/R,,,0,0,,0,0,0.0,0,0,0.0,0,0,0,-,,,,,,,,,,,,,,,,,,
Andrew Ogletree,IND,TE,26725942,HOU,21,13,1,1,N/R,,,0,0,,0,0,0.0,0,0,0.0,0,0,0,0.00,,,,,,,,,,,,,,,,,,
Joel Wilson,TEN,TE,2962072,@NYG,14,9,1,1,N/R,,,0,0,,0,0,0.0,0,0,0.0,0,0,0,-,,,,,,,,,,,,,,,,,,
Lake McRee,PIT,TE,26697547,CIN,31,9,0,0,N/R,,,0,0,,0,0,0.0,0,0,0.0,0,0,0,-,,,,,,,,,,,,,,,,,,
Connor Hulstein,NYJ,TE,26756957,@DET,32,13,0,0,N/R,,,0,0,,0,0,0.0,0,0,0.0,0,0,0,-,,,,,,,,,,,,,,,,,,
Johnny Mundt,PHI,TE,2818622,@CHI,10,10,1,1,N/R,,,4,0,,0,0,4.0,0,0,0.0,0,1,1,0.00,,,,,,,,,,,,,,,,,,
Isaiah Likely,NYG,TE,2961906,TEN,5,8,96,64,8,,,13,0,,0,0,6.5,0,0,0.0,0,5,2,0.00,,,,,,,,,,,,,,,,,,
Devin Culp,TB,TE,2967413,MIN,19,10,1,1,N/R,,,0,0,,0,0,0.0,0,0,0.0,0,0,0,-,,,,,,,,,,,,,,,,,,
Taysom Hill,NO,TE,2818935,LV,27,8,1,1,N/R,,,0,0,,0,0,0.0,0,0,0.0,0,0,0,-,,,,,,,,,,,,,,,,,,
Riley Nowakowski,PIT,TE,3175781,CIN,31,9,1,1,N/R,,,0,0,,0,0,0.0,0,0,0.0,0,0,0,0.00,,,,,,,,,,,,,,,,,,
Hayden Hurst,LAC,TE,2185053,@BUF,6,7,1,1,N/R,,,0,0,,0,0,0.0,0,0,0.0,0,0,0,-,,,,,,,,,,,,,,,,,,
Travis Koontz,LV,TE,3127726,@NO,30,13,0,0,N/R,,,0,0,,0,0,0.0,0,0,0.0,0,0,0,-,,,,,,,,,,,,,,,,,,
Dylan Leonard,DEN,TE,3127183,LAR,4,10,1,0,N/R,,,0,0,,0,0,0.0,0,0,0.0,0,0,0,-,,,,,,,,,,,,,,,,,,
Austin Fort,TEN,TE,2131959,@NYG,14,9,1,0,N/R,,,0,0,,0,0,0.0,0,0,0.0,0,0,0,-,,,,,,,,,,,,,,,,,,
Austin Allen,GB,TE,2804325,ATL,20,11,1,1,N/R,,,0,0,,0,0,0.0,0,0,0.0,0,0,0,-,,,,,,,,,,,,,,,,,,
Luke Farrell,SF,TE,2260977,ARI,28,8,1,1,N/R,,,0,0,,0,0,0.0,0,0,0.0,0,1,0,0.00,,,,,,,,,,,,,,,,,,
Tanner Hudson,CIN,TE,2926606,@PIT,12,6,1,1,N/R,,,13,0,,0,0,6.5,0,0,0.0,0,2,2,0.00,,,,,,,,,,,,,,,,,,
CJ Dippre,TB,TE,26698858,MIN,19,10,0,0,N/R,,,0,0,,0,0,0.0,0,0,0.0,0,0,0,-,,,,,,,,,,,,,,,,,,
Colson Yankoff,WAS,TE,2961827,SEA,8,7,1,1,N/R,,,2,0,,0,0,2.0,0,0,0.0,0,2,1,0.00,,,,,,,,,,,,,,,,,,
Christian Trahan,CIN,TE,2961033,@PIT,12,6,1,1,N/R,,,0,0,,0,0,0.0,0,0,0.0,0,0,0,-,,,,,,,,,,,,,,,,,,
Joshua Simon,ATL,TE,3123950,@GB,9,11,1,1,N/R,,,0,0,,0,0,0.0,0,0,0.0,0,0,0,-,,,,,,,,,,,,,,,,,,
Curtis Hodges,CAR,TE,2760856,@CLE,23,5,1,1,N/R,,,0,0,,0,0,0.0,0,0,0.0,0,0,0,-,,,,,,,,,,,,,,,,,,
Rohan Jones,LAR,TE,28887229,@DEN,22,11,1,1,N/R,,,0,0,,0,0,0.0,0,0,0.0,0,0,0,-,,,,,,,,,,,,,,,,,,
Davis Allen,LAR,TE,3123267,@DEN,22,11,1,1,N/R,,,19,0,,0,0,9.5,0,0,0.0,0,3,2,0.00,,,,,,,,,,,,,,,,,,
Mitchell Evans,CAR,TE,26693662,@CLE,23,5,1,1,N/R,,,36,0,,0,0,12.0,0,0,0.0,0,3,3,0.00,,,,,,,,,,,,,,,,,,
Nate Boerkircher,JAC,TE,3162867,NE,2,7,1,1,N/R,,,0,0,,0,0,0.0,0,0,0.0,0,1,0,0.00,,,,,,,,,,,,,,,,,,
Evan Engram,DEN,TE,2079887,LAR,4,10,8,1,N/R,,,0,0,,0,0,0.0,0,0,0.0,0,2,0,0.00,,,,,,,,,,,,,,,,,,
Eli Stowers,PHI,TE,26696120,@CHI,10,10,5,1,N/R,,,0,0,,0,0,0.0,0,0,0.0,0,0,0,-,,,,,,,,,,,,,,,,,,
Colby Parkinson,LAR,TE,2867522,@DEN,22,11,4,1,N/R,,,0,0,,0,0,0.0,0,0,0.0,0,1,0,0.00,,,,,,,,,,,,,,,,,,
Jody Fortson,KC,TE,3117124,@MIA,26,5,1,0,N/R,,,0,0,,0,0,0.0,0,0,0.0,0,0,0,-,,,,,,,,,,,,,,,,,,
Jacob Harris,TB,TE,2189290,MIN,19,10,1,0,N/R,,,0,0,,0,0,0.0,0,0,0.0,0,0,0,-,,,,,,,,,,,,,,,,,,
Jared Wiley,KC,TE,3123819,@MIA,26,5,1,1,N/R,,,0,0,,0,0,0.0,0,0,0.0,0,0,0,-,,,,,,,,,,,,,,,,,,
Jared Scott,IND,TE,2866491,HOU,21,13,1,0,N/R,,,0,0,,0,0,0.0,0,0,0.0,0,0,0,-,,,,,,,,,,,,,,,,,,
Justin Johnson,ARI,TE,3117392,@SF,11,14,1,1,N/R,,,0,0,,0,0,0.0,0,0,0.0,0,0,0,-,,,,,,,,,,,,,,,,,,
Darion Clark,CHI,TE,3157668,PHI,3,10,0,0,N/R,,,0,0,,0,0,0.0,0,0,0.0,0,0,0,-,,,,,,,,,,,,,,,,,,
Noah Gray,KC,TE,2866903,@MIA,26,5,1,1,N/R,,,39,0,,0,0,13.0,0,0,0.0,0,3,3,0.00,,,,,,,,,,,,,,,,,,
Jordan Petaia,LAC,TE,29711196,@BUF,6,7,1,0,N/R,,,0,0,,0,0,0.0,0,0,0.0,0,0,0,-,,,,,,,,,,,,,,,,,,
Nick Guggemos,BUF,TE,26661732,LAC,13,7,1,1,N/R,,,0,0,,0,0,0.0,0,0,0.0,0,0,0,-,,,,,,,,,,,,,,,,,,
Jamal Pettigrew,LAR,TE,2240263,@DEN,22,11,1,1,N/R,,,0,0,,0,0,0.0,0,0,0.0,0,0,0,-,,,,,,,,,,,,,,,,,,
Tyree Jackson,WAS,TE,2184377,SEA,8,7,1,0,N/R,,,0,0,,0,0,0.0,0,0,0.0,0,0,0,-,,,,,,,,,,,,,,,,,,
Evan Svoboda,LAC,TE,28877391,@BUF,6,7,1,1,N/R,,,0,0,,0,0,0.0,0,0,0.0,0,0,0,-,,,,,,,,,,,,,,,,,,
Tip Reiman,ARI,TE,3169268,@SF,11,14,1,1,N/R,,,0,0,,0,0,0.0,0,0,0.0,0,0,0,-,,,,,,,,,,,,,,,,,,
Carl Tucker,MIA,TE,2179354,KC,15,6,1,1,N/R,,,0,0,,0,0,0.0,0,0,0.0,0,0,0,-,,,,,,,,,,,,,,,,,,
Cam Sutton,SEA,TE,2968097,@WAS,29,11,1,1,N/R,,,0,0,,0,0,0.0,0,0,0.0,0,0,0,-,,,,,,,,,,,,,,,,,,
Zach Davidson,NYG,TE,26653246,TEN,5,8,1,0,N/R,,,0,0,,0,0,0.0,0,0,0.0,0,0,0,-,,,,,,,,,,,,,,,,,,
Ty Pezza,BAL,TE,28925533,@DAL,17,13,1,1,N/R,,,0,0,,0,0,0.0,0,0,0.0,0,0,0,-,,,,,,,,,,,,,,,,,,
Andrew Vollert,IND,TE,2161771,HOU,21,13,1,0,N/R,,,0,0,,0,0,0.0,0,0,0.0,0,0,0,-,,,,,,,,,,,,,,,,,,
Zack Kuntz,DAL,TE,2963243,BAL,16,14,1,1,N/R,,,0,0,,0,0,0.0,0,0,0.0,0,0,0,-,,,,,,,,,,,,,,,,,,
Brenden Bates,JAC,TE,2963924,NE,2,7,1,1,N/R,,,0,0,,0,0,0.0,0,0,0.0,0,0,0,-,,,,,,,,,,,,,,,,,,
Drake Dabney,GB,TE,3168310,ATL,20,11,1,1,N/R,,,0,0,,0,0,0.0,0,0,0.0,0,0,0,-,,,,,,,,,,,,,,,,,,
Mo Alie-Cox,IND,TE,2815925,HOU,21,13,1,1,N/R,,,16,0,,0,0,16.0,0,0,0.0,0,1,1,0.00,,,,,,,,,,,,,,,,,,
Marcus Santos-Silva,CLE,TE,2893412,CAR,18,11,1,1,N/R,,,0,0,,0,0,0.0,0,0,0.0,0,0,0,-,,,,,,,,,,,,,,,,,,
Drew Belcher,WAS,TE,3117011,SEA,8,7,1,1,N/R,,,0,0,,0,0,0.0,0,0,0.0,0,0,0,-,,,,,,,,,,,,,,,,,,
Max Bredeson,MIN,TE,26727130,@TB,24,6,1,1,N/R,,,0,0,,0,0,0.0,0,0,0.0,0,0,0,0.00,,,,,,,,,,,,,,,,,,
Oronde Gadsden II,LAC,TE,26727374,@BUF,6,7,22,4,N/R,,,0,0,,0,0,0.0,0,0,0.0,0,3,0,0.00,,,,,,,,,,,,,,,,,,
Giovanni Ricci,DET,TE,2189091,NYJ,1,6,1,1,N/R,,,0,0,,0,0,0.0,0,0,0.0,0,0,0,-,,,,,,,,,,,,,,,,,,
Chris Manhertz,NYG,TE,2167520,TEN,5,8,1,1,N/R,,,0,0,,0,0,0.0,0,0,0.0,0,0,0,0.00,,,,,,,,,,,,,,,,,,
Josiah Deguara,PHI,TE,2181108,@CHI,10,10,1,1,N/R,,,0,0,,0,0,0.0,0,0,0.0,0,0,0,-,,,,,,,,,,,,,,,,,,
Zaire Mitchell-Paden,HOU,TE,26695325,@IND,25,8,1,1,N/R,,,0,0,,0,0,0.0,0,0,0.0,0,0,0,-,,,,,,,,,,,,,,,,,,
Grayson Gunter,JAC,TE,2247058,NE,2,7,1,0,N/R,,,0,0,,0,0,0.0,0,0,0.0,0,0,0,-,,,,,,,,,,,,,,,,,,
Bryce Pierre,CAR,TE,28877722,@CLE,23,5,1,1,N/R,,,0,0,,0,0,0.0,0,0,0.0,0,0,0,-,,,,,,,,,,,,,,,,,,
Dallin Holker,NO,TE,2975555,LV,27,8,1,1,N/R,,,0,0,,0,0,0.0,0,0,0.0,0,0,0,-,,,,,,,,,,,,,,,,,,
Dae'Quan Wright,CLE,TE,28874125,CAR,18,11,1,1,N/R,,,0,0,,0,0,0.0,0,0,0.0,0,0,0,-,,,,,,,,,,,,,,,,,,
Bruno Labelle,ARI,TE,2240557,@SF,11,14,1,1,N/R,,,0,0,,0,0,0.0,0,0,0.0,0,0,0,-,,,,,,,,,,,,,,,,,,
Brayden Willis,SF,TE,2963088,ARI,28,8,1,1,N/R,,,0,0,,0,0,0.0,0,0,0.0,0,0,0,0.00,,,,,,,,,,,,,,,,,,
Pat Freiermuth,PIT,TE,2961270,CIN,31,9,25,8,22,,,30,0,,1,1,15.0,0,0,1.0,0,4,2,0.00,,,,,,,,,,,,,,,,,,
John Copenhaver,JAC,TE,3162185,NE,2,7,1,0,N/R,,,0,0,,0,0,0.0,0,0,0.0,0,0,0,-,,,,,,,,,,,,,,,,,,
Matt Sokol,PIT,TE,2131215,CIN,31,9,0,0,N/R,,,0,0,,0,0,0.0,0,0,0.0,0,0,0,-,,,,,,,,,,,,,,,,,,
Hunter Long,ARI,TE,2867428,@SF,11,14,1,1,N/R,,,5,0,,0,0,5.0,0,0,0.0,0,1,1,0.00,,,,,,,,,,,,,,,,,,
Payne Durham,TB,TE,2968469,MIN,19,10,1,1,N/R,,,0,0,,0,0,0.0,0,0,0.0,0,1,0,0.00,,,,,,,,,,,,,,,,,,
Trey Knox,MIN,TE,3122488,@TB,24,6,1,1,N/R,,,0,0,,0,0,0.0,0,0,0.0,0,0,0,-,,,,,,,,,,,,,,,,,,
Ja'Tavion Sanders,CAR,TE,26731381,@CLE,23,5,1,1,N/R,,,0,0,,0,0,0.0,0,0,0.0,0,0,0,-,,,,,,,,,,,,,,,,,,
Max Klare,LAR,TE,28921209,@DEN,22,11,2,1,N/R,,,0,0,,0,0,0.0,0,0,0.0,0,0,0,0.00,,,,,,,,,,,,,,,,,,
Brayden Lenius,ATL,TE,28867632,@GB,9,11,1,1,N/R,,,0,0,,0,0,0.0,0,0,0.0,0,0,0,-,,,,,,,,,,,,,,,,,,
Christian Scotland-Williamson,PIT,TE,2926331,CIN,31,9,1,1,N/R,,,0,0,,0,0,0.0,0,0,0.0,0,0,0,-,,,,,,,,,,,,,,,,,,
Billy Brown,IND,TE,2820079,HOU,21,13,1,0,N/R,,,0,0,,0,0,0.0,0,0,0.0,0,0,0,-,,,,,,,,,,,,,,,,,,
Thomas Odukoya,NE,TE,2964832,@JAC,7,11,1,1,N/R,,,0,0,,0,0,0.0,0,0,0.0,0,0,0,-,,,,,,,,,,,,,,,,,,
Charlie Woerner,ATL,TE,2248629,@GB,9,11,1,1,N/R,,,0,0,,0,0,0.0,0,0,0.0,0,0,0,0.00,,,,,,,,,,,,,,,,,,
Bernhard Seikovits,ARI,TE,26665068,@SF,11,14,1,0,N/R,,,0,0,,0,0,0.0,0,0,0.0,0,0,0,-,,,,,,,,,,,,,,,,,,
Ian Thomas,LV,TE,2253359,@NO,30,13,1,1,N/R,,,0,0,,0,0,0.0,0,0,0.0,0,0,0,0.00,,,,,,,,,,,,,,,,,,
Lawrence Cager,WAS,TE,2183845,SEA,8,7,1,0,N/R,,,0,0,,0,0,0.0,0,0,0.0,0,0,0,-,,,,,,,,,,,,,,,,,,
Adam Trautman,DEN,TE,2182228,LAR,4,10,1,1,N/R,,,0,0,,0,0,0.0,0,0,0.0,0,0,0,0.00,,,,,,,,,,,,,,,,,,
Geor'quarius Spivey,KC,TE,2965537,@MIA,26,5,1,1,N/R,,,0,0,,0,0,0.0,0,0,0.0,0,0,0,-,,,,,,,,,,,,,,,,,,
Thomas Fidone II,NYG,TE,26699695,TEN,5,8,1,1,N/R,,,0,0,,0,0,0.0,0,0,0.0,0,0,0,-,,,,,,,,,,,,,,,,,,
E.J. Jenkins,PHI,TE,2820917,@CHI,10,10,1,1,N/R,,,0,0,,0,0,0.0,0,0,0.0,0,0,0,0.00,,,,,,,,,,,,,,,,,,
Mark Vital,KC,TE,2354807,@MIA,26,5,1,1,N/R,,,0,0,,0,0,0.0,0,0,0.0,0,0,0,-,,,,,,,,,,,,,,,,,,
Artayvious Lynn,DAL,TE,2240334,BAL,16,14,1,1,N/R,,,0,0,,0,0,0.0,0,0,0.0,0,0,0,-,,,,,,,,,,,,,,,,,,
Justin Joly,MIA,TE,28927892,KC,15,6,1,1,N/R,,,0,0,,0,0,0.0,0,0,0.0,0,0,0,0.00,,,,,,,,,,,,,,,,,,
Jibri Blount,MIA,TE,2202419,KC,15,6,1,1,N/R,,,0,0,,0,0,0.0,0,0,0.0,0,0,0,-,,,,,,,,,,,,,,,,,,
Albert Okwuegbunam,LV,TE,2245117,@NO,30,13,1,1,N/R,,,0,0,,0,0,0.0,0,0,0.0,0,0,0,-,,,,,,,,,,,,,,,,,,
Sal Cannella,CLE,TE,2804541,CAR,18,11,1,0,N/R,,,0,0,,0,0,0.0,0,0,0.0,0,0,0,-,,,,,,,,,,,,,,,,,,
Erik Krommenhoek,LAC,TE,2868233,@BUF,6,7,1,1,N/R,,,0,0,,0,0,0.0,0,0,0.0,0,0,0,-,,,,,,,,,,,,,,,,,,
Derrick Deese Jr.,DET,TE,2969083,NYJ,1,6,1,0,N/R,,,0,0,,0,0,0.0,0,0,0.0,0,0,0,-,,,,,,,,,,,,,,,,,,
Jacob Breeland,BAL,TE,2180288,@DAL,17,13,1,0,N/R,,,0,0,,0,0,0.0,0,0,0.0,0,0,0,-,,,,,,,,,,,,,,,,,,
Cary Angeline,PHI,TE,2242759,@CHI,10,10,1,1,N/R,,,0,0,,0,0,0.0,0,0,0.0,0,0,0,-,,,,,,,,,,,,,,,,,,
Moliki Matavao,NO,TE,26693980,LV,27,8,1,1,N/R,,,0,0,,0,0,0.0,0,0,0.0,0,0,0,-,,,,,,,,,,,,,,,,,,
Donald Parham Jr.,PIT,TE,2183713,CIN,31,9,1,1,N/R,,,0,0,,0,0,0.0,0,0,0.0,0,0,0,-,,,,,,,,,,,,,,,,,,
Ben Sims,MIA,TE,2964709,KC,15,6,1,1,N/R,,,0,0,,0,0,0.0,0,0,0.0,0,0,0,-,,,,,,,,,,,,,,,,,,
Durham Smythe,BAL,TE,2082845,@DAL,17,13,1,1,N/R,,,0,0,,0,0,0.0,0,0,0.0,0,0,0,0.00,,,,,,,,,,,,,,,,,,
Jonnu Smith,GB,TE,2081506,ATL,20,11,1,1,N/R,,,16,0,,0,0,8.0,0,0,0.0,0,3,2,0.00,,,,,,,,,,,,,,,,,,
Chase Curtis,NYJ,TE,3171155,@DET,32,13,1,1,N/R,,,0,0,,0,0,0.0,0,0,0.0,0,0,0,-,,,,,,,,,,,,,,,,,,
John Stephens Jr.,DAL,TE,2962043,BAL,16,14,1,1,N/R,,,0,0,,0,0,0.0,0,0,0.0,0,0,0,-,,,,,,,,,,,,,,,,,,
Thomas Gordon,DET,TE,3124711,NYJ,1,6,1,1,N/R,,,0,0,,0,0,0.0,0,0,0.0,0,0,0,-,,,,,,,,,,,,,,,,,,
Heinrich Haarberg,CAR,TE,26701120,@CLE,23,5,1,1,N/R,,,0,0,,0,0,0.0,0,0,0.0,0,0,0,-,,,,,,,,,,,,,,,,,,
DJ Thomas-Jones,PIT,TE,3168777,CIN,31,9,1,1,N/R,,,0,0,,0,0,0.0,0,0,0.0,0,0,0,-,,,,,,,,,,,,,,,,,,
Carson Towt,IND,TE,3158076,HOU,21,13,1,1,N/R,,,0,0,,0,0,0.0,0,0,0.0,0,0,0,-,,,,,,,,,,,,,,,,,,
Travis Vokolek,ARI,TE,2870478,@SF,11,14,1,1,N/R,,,0,0,,0,0,0.0,0,0,0.0,0,0,0,-,,,,,,,,,,,,,,,,,,
Hakeem Butler,DEN,TE,2185654,LAR,4,10,1,0,N/R,,,0,0,,0,0,0.0,0,0,0.0,0,0,0,-,,,,,,,,,,,,,,,,,,
Bauer Sharp,TB,TE,26730919,MIN,19,10,1,1,N/R,,,0,0,,0,0,0.0,0,0,0.0,0,0,0,0.00,,,,,,,,,,,,,,,,,,
Nick Vannett,SEA,TE,1871322,@WAS,29,11,1,1,N/R,,,0,0,,0,0,0.0,0,0,0.0,0,0,0,-,,,,,,,,,,,,,,,,,,
John FitzPatrick,CLE,TE,2975736,CAR,18,11,1,1,N/R,,,0,0,,0,0,0.0,0,0,0.0,0,0,0,-,,,,,,,,,,,,,,,,,,
Jack Stoll,SF,TE,2239684,ARI,28,8,1,1,N/R,,,0,0,,0,0,0.0,0,0,0.0,0,0,0,-,,,,,,,,,,,,,,,,,,
Patrick Murtagh,DEN,TE,29375400,LAR,4,10,1,0,N/R,,,0,0,,0,0,0.0,0,0,0.0,0,0,0,-,,,,,,,,,,,,,,,,,,
Stone Smartt,NO,TE,2864800,LV,27,8,1,1,N/R,,,0,0,,0,0,0.0,0,0,0.0,0,0,0,-,,,,,,,,,,,,,,,,,,
David Martin-Robinson,TEN,TE,2962690,@NYG,14,9,1,0,N/R,,,0,0,,0,0,0.0,0,0,0.0,0,0,0,0.00,,,,,,,,,,,,,,,,,,
Tanner McLachlan,SF,TE,2980252,ARI,28,8,1,1,N/R,,,0,0,,0,0,0.0,0,0,0.0,0,0,0,-,,,,,,,,,,,,,,,,,,
Jake Roh,ATL,TE,2925215,@GB,9,11,1,1,N/R,,,0,0,,0,0,0.0,0,0,0.0,0,0,0,-,,,,,,,,,,,,,,,,,,
Hunter Thedford,CLE,TE,2180777,CAR,18,11,0,0,N/R,,,0,0,,0,0,0.0,0,0,0.0,0,0,0,-,,,,,,,,,,,,,,,,,,
Griffin Hebert,PHI,TE,2816291,@CHI,10,10,1,1,N/R,,,0,0,,0,0,0.0,0,0,0.0,0,0,0,-,,,,,,,,,,,,,,,,,,
Kris Leach,DEN,TE,2838551,LAR,4,10,1,0,N/R,,,0,0,,0,0,0.0,0,0,0.0,0,0,0,-,,,,,,,,,,,,,,,,,,
Johnny Pascuzzi,LAC,TE,26699834,@BUF,6,7,1,1,N/R,,,0,0,,0,0,0.0,0,0,0.0,0,0,0,-,,,,,,,,,,,,,,,,,,
La'Michael Pettway,NE,TE,2185504,@JAC,7,11,1,1,N/R,,,0,0,,0,0,0.0,0,0,0.0,0,0,0,-,,,,,,,,,,,,,,,,,,
MyCole Pruitt,PIT,TE,1760327,CIN,31,9,1,1,N/R,,,0,0,,0,0,0.0,0,0,0.0,0,0,0,-,,,,,,,,,,,,,,,,,,
Jack Velling,ATL,TE,28923845,@GB,9,11,1,1,N/R,,,0,0,,0,0,0.0,0,0,0.0,0,0,0,-,,,,,,,,,,,,,,,,,,
Christian Sims,LAR,TE,3133400,@DEN,22,11,1,0,N/R,,,0,0,,0,0,0.0,0,0,0.0,0,0,0,-,,,,,,,,,,,,,,,,,,
Kole Taylor,CIN,TE,3163049,@PIT,12,6,1,1,N/R,,,0,0,,0,0,0.0,0,0,0.0,0,0,0,-,,,,,,,,,,,,,,,,,,
Thomas Greaney,CLE,TE,2967042,CAR,18,11,1,0,N/R,,,0,0,,0,0,0.0,0,0,0.0,0,0,0,-,,,,,,,,,,,,,,,,,,
Ben Johnson,LAC,TE,395994,@BUF,6,7,1,1,N/R,,,0,0,,0,0,0.0,0,0,0.0,0,0,0,-,,,,,,,,,,,,,,,,,,
Jaheim Bell,PIT,TE,3169583,CIN,31,9,1,1,N/R,,,0,0,,0,0,0.0,0,0,0.0,0,0,0,-,,,,,,,,,,,,,,,,,,
Jack Endries,CIN,TE,28916552,@PIT,12,6,1,1,N/R,,,0,0,,0,0,0.0,0,0,0.0,0,0,0,-,,,,,,,,,,,,,,,,,,
Gee Scott Jr.,NYJ,TE,3163073,@DET,32,13,1,0,N/R,,,0,0,,0,0,0.0,0,0,0.0,0,0,0,-,,,,,,,,,,,,,,,,,,
Cade Stover,HOU,TE,3125978,@IND,25,8,1,1,N/R,,,0,0,,0,0,0.0,0,0,0.0,0,0,0,0.00,,,,,,,,,,,,,,,,,,
Scooter Harrington,CHI,TE,2251139,PHI,3,10,1,1,N/R,,,0,0,,0,0,0.0,0,0,0.0,0,0,0,-,,,,,,,,,,,,,,,,,,
Colin Granger,CAR,TE,3177592,@CLE,23,5,1,1,N/R,,,0,0,,0,0,0.0,0,0,0.0,0,0,0,-,,,,,,,,,,,,,,,,,,
Louis Hansen,HOU,TE,26727305,@IND,25,8,1,1,N/R,,,0,0,,0,0,0.0,0,0,0.0,0,0,0,-,,,,,,,,,,,,,,,,,,
John Michael Gyllenborg,KC,TE,26695610,@MIA,26,5,1,1,N/R,,,0,0,,0,0,0.0,0,0,0.0,0,0,0,-,,,,,,,,,,,,,,,,,,
Tucker Fisk,LAC,TE,2866766,@BUF,6,7,1,1,N/R,,,0,0,,0,0,0.0,0,0,0.0,0,0,0,-,,,,,,,,,,,,,,,,,,
Quentin Moore,WAS,TE,26702243,SEA,8,7,1,1,N/R,,,0,0,,0,0,0.0,0,0,0.0,0,0,0,-,,,,,,,,,,,,,,,,,,
Lachlan Pitts,CHI,TE,2818058,PHI,3,10,0,0,N/R,,,0,0,,0,0,0.0,0,0,0.0,0,0,0,-,,,,,,,,,,,,,,,,,,
Teagan Quitoriano,ARI,TE,2965963,@SF,11,14,1,1,N/R,,,0,0,,0,0,0.0,0,0,0.0,0,0,0,-,,,,,,,,,,,,,,,,,,
Grant Calcaterra,PHI,TE,2804129,@CHI,10,10,1,1,N/R,,,0,0,,0,0,0.0,0,0,0.0,0,0,0,-,,,,,,,,,,,,,,,,,,
Leonard Taylor,JAC,TE,2966865,NE,2,7,1,1,N/R,,,0,0,,0,0,0.0,0,0,0.0,0,0,0,-,,,,,,,,,,,,,,,,,,
Jalin Conyers,MIA,TE,3168876,KC,15,6,1,1,N/R,,,0,0,,0,0,0.0,0,0,0.0,0,0,0,-,,,,,,,,,,,,,,,,,,
Jerome Washington,ARI,TE,2179406,@SF,11,14,1,1,N/R,,,0,0,,0,0,0.0,0,0,0.0,0,0,0,-,,,,,,,,,,,,,,,,,,
Stephen Carlson,CHI,TE,3116783,PHI,3,10,1,1,N/R,,,0,0,,0,0,0.0,0,0,0.0,0,0,0,-,,,,,,,,,,,,,,,,,,
Pat Conroy,LV,TE,3138345,@NO,30,13,1,0,N/R,,,0,0,,0,0,0.0,0,0,0.0,0,0,0,-,,,,,,,,,,,,,,,,,,
Isaac Rex,LAC,TE,3127763,@BUF,6,7,1,1,N/R,,,0,0,,0,0,0.0,0,0,0.0,0,0,0,-,,,,,,,,,,,,,,,,,,
Baylor Cupp,ARI,TE,3122788,@SF,11,14,1,1,N/R,,,0,0,,0,0,0.0,0,0,0.0,0,0,0,-,,,,,,,,,,,,,,,,,,
Sam Pitz,BAL,TE,29722440,@DAL,17,13,0,0,N/R,,,0,0,,0,0,0.0,0,0,0.0,0,0,0,-,,,,,,,,,,,,,,,,,,
Marshall Lang,MIN,TE,3164086,@TB,24,6,1,0,N/R,,,0,0,,0,0,0.0,0,0,0.0,0,0,0,-,,,,,,,,,,,,,,,,,,
Seydou Traore,MIA,TE,26696643,KC,15,6,1,1,N/R,,,0,0,,0,0,0.0,0,0,0.0,0,0,0,0.00,,,,,,,,,,,,,,,,,,
Rysen John,CHI,TE,3159167,PHI,3,10,0,0,N/R,,,0,0,,0,0,0.0,0,0,0.0,0,0,0,-,,,,,,,,,,,,,,,,,,
Kyle Pitts,ATL,TE,2964514,@GB,9,11,82,27,18,,,5,0,,0,0,5.0,0,0,0.0,0,2,1,0.00,,,,,,,,,,,,,,,,,,
Colston Loveland,CHI,TE,28874696,PHI,3,10,96,46,16,,,31,0,,0,0,7.8,0,0,0.0,0,4,4,0.00,,,,,,,,,,,,,,,,,,
Cheyenne O'Grady,CIN,TE,2185503,@PIT,12,6,1,1,N/R,,,0,0,,0,0,0.0,0,0,0.0,0,0,0,-,,,,,,,,,,,,,,,,,,
Tanner Taula,TB,TE,2865559,MIN,19,10,1,0,N/R,,,0,0,,0,0,0.0,0,0,0.0,0,0,0,-,,,,,,,,,,,,,,,,,,
Carson Williams,LV,TE,2355180,@NO,30,13,1,1,N/R,,,0,0,,0,0,0.0,0,0,0.0,0,0,0,-,,,,,,,,,,,,,,,,,,
Charlie Kolar,LAC,TE,2866273,@BUF,6,7,1,1,N/R,,,0,0,,0,0,0.0,0,0,0.0,0,0,0,-,,,,,,,,,,,,,,,,,,
Jack Westover,WAS,TE,2964293,SEA,8,7,1,1,N/R,,,0,0,,0,0,0.0,0,0,0.0,0,0,0,-,,,,,,,,,,,,,,,,,,
Tyler Davis,NE,TE,2182811,@JAC,7,11,1,1,N/R,,,0,0,,0,0,0.0,0,0,0.0,0,0,0,-,,,,,,,,,,,,,,,,,,
Charles Scarff,BAL,TE,2141604,@DAL,17,13,0,0,N/R,,,0,0,,0,0,0.0,0,0,0.0,0,0,0,-,,,,,,,,,,,,,,,,,,
Anthony Norris,DEN,TE,1906458,LAR,4,10,1,0,N/R,,,0,0,,0,0,0.0,0,0,0.0,0,0,0,-,,,,,,,,,,,,,,,,,,
Mark Redman,GB,TE,3162063,ATL,20,11,1,1,N/R,,,0,0,,0,0,0.0,0,0,0.0,0,0,0,0.00,,,,,,,,,,,,,,,,,,
Dallen Bentley,DEN,TE,29164633,LAR,4,10,1,1,N/R,,,0,0,,0,0,0.0,0,0,0.0,0,0,0,-,,,,,,,,,,,,,,,,,,
Mitch Van Vooren,DAL,TE,29738519,BAL,16,14,1,0,N/R,,,0,0,,0,0,0.0,0,0,0.0,0,0,0,-,,,,,,,,,,,,,,,,,,
Carter Runyon,LV,TE,29184228,@NO,30,13,1,1,N/R,,,0,0,,0,0,0.0,0,0,0.0,0,0,0,-,,,,,,,,,,,,,,,,,,
Mike Rigerman,BAL,TE,29376329,@DAL,17,13,1,1,N/R,,,0,0,,0,0,0.0,0,0,0.0,0,0,0,-,,,,,,,,,,,,,,,,,,
Tanner Conner,NE,TE,2260697,@JAC,7,11,1,1,N/R,,,0,0,,0,0,0.0,0,0,0.0,0,0,0,-,,,,,,,,,,,,,,,,,,
Charlie Taumoepeau,DET,TE,2183178,NYJ,1,6,1,1,N/R,,,0,0,,0,0,0.0,0,0,0.0,0,0,0,-,,,,,,,,,,,,,,,,,,
Shaun Beyer,GB,TE,2251090,ATL,20,11,1,1,N/R,,,0,0,,0,0,0.0,0,0,0.0,0,0,0,-,,,,,,,,,,,,,,,,,,
Dalton Kincaid,BUF,TE,2982991,LAC,13,7,98,75,7,,,38,0,,0,0,19.0,0,1,0.0,0,3,2,0.00,,,,,,,,,,,,,,,,,,
Chris Pierce Jr.,CAR,TE,2835008,@CLE,23,5,1,1,N/R,,,0,0,,0,0,0.0,0,0,0.0,0,0,0,-,,,,,,,,,,,,,,,,,,
Hunter Henry,NE,TE,2079848,@JAC,7,11,49,11,21,,,5,0,,0,0,5.0,0,0,0.0,0,2,1,0.00,,,,,,,,,,,,,,,,,,
Nick Eubanks,IND,TE,2260646,HOU,21,13,1,0,N/R,,,0,0,,0,0,0.0,0,0,0.0,0,0,0,-,,,,,,,,,,,,,,,,,,
Kenny Fletcher Jr.,IND,TE,28873912,HOU,21,13,1,0,N/R,,,0,0,,0,0,0.0,0,0,0.0,0,0,0,-,,,,,,,,,,,,,,,,,,
Caden Prieskorn,CAR,TE,3162059,@CLE,23,5,1,1,N/R,,,0,0,,0,0,0.0,0,0,0.0,0,0,0,-,,,,,,,,,,,,,,,,,,
Jaren Kanak,TEN,TE,28875704,@NYG,14,9,1,1,N/R,,,0,0,,0,0,0.0,0,0,0.0,0,0,0,-,,,,,,,,,,,,,,,,,,
Riley Sharp,BAL,TE,3047671,@DAL,17,13,0,0,N/R,,,0,0,,0,0,0.0,0,0,0.0,0,0,0,-,,,,,,,,,,,,,,,,,,
Josh Babicz,GB,TE,2869854,ATL,20,11,1,1,N/R,,,0,0,,0,0,0.0,0,0,0.0,0,0,0,-,,,,,,,,,,,,,,,,,,
Cam Grandy,MIN,TE,29148608,@TB,24,6,1,1,N/R,,,0,0,,0,0,0.0,0,0,0.0,0,0,0,-,,,,,,,,,,,,,,,,,,
Josh Kattus,CIN,TE,28901524,@PIT,12,6,1,1,N/R,,,0,0,,0,0,0.0,0,0,0.0,0,0,0,-,,,,,,,,,,,,,,,,,,
JJ Howland,TB,TE,2864966,MIN,19,10,1,1,N/R,,,0,0,,0,0,0.0,0,0,0.0,0,0,0,-,,,,,,,,,,,,,,,,,,
Briley Moore-McKinney,TEN,TE,2247169,@NYG,14,9,1,1,N/R,,,0,0,,0,0,0.0,0,0,0.0,0,0,0,-,,,,,,,,,,,,,,,,,,
Jake Burt,NE,TE,3159209,@JAC,7,11,1,1,N/R,,,0,0,,0,0,0.0,0,0,0.0,0,0,0,-,,,,,,,,,,,,,,,,,,
Dax Raymond,PIT,TE,2189163,CIN,31,9,1,1,N/R,,,0,0,,0,0,0.0,0,0,0.0,0,0,0,-,,,,,,,,,,,,,,,,,,
Dom Wood-Anderson,SEA,TE,2967157,@WAS,29,11,0,0,N/R,,,0,0,,0,0,0.0,0,0,0.0,0,0,0,-,,,,,,,,,,,,,,,,,,
Peyton Hendershot,KC,TE,2867545,@MIA,26,5,1,1,N/R,,,0,0,,0,0,0.0,0,0,0.0,0,0,0,-,,,,,,,,,,,,,,,,,,
Marcedes Lewis,DEN,TE,415313,LAR,4,10,1,1,N/R,,,0,0,,0,0,0.0,0,0,0.0,0,0,0,-,,,,,,,,,,,,,,,,,,
Justin Shorter,LV,TE,2965077,@NO,30,13,1,1,N/R,,,0,0,,0,0,0.0,0,0,0.0,0,0,0,-,,,,,,,,,,,,,,,,,,
Geoff Swaim,CLE,TE,2174207,CAR,18,11,1,0,N/R,,,0,0,,0,0,0.0,0,0,0.0,0,0,0,-,,,,,,,,,,,,,,,,,,
Cody Hardy,NYJ,TE,28891820,@DET,32,13,1,1,N/R,,,0,0,,0,0,0.0,0,0,0.0,0,0,0,-,,,,,,,,,,,,,,,,,,
Lance Mason,PIT,TE,28936051,CIN,31,9,1,1,N/R,,,0,0,,0,0,0.0,0,0,0.0,0,0,0,-,,,,,,,,,,,,,,,,,,
Ben Sinnott,WAS,TE,3168647,SEA,8,7,1,1,N/R,,,0,0,,0,0,0.0,0,0,0.0,0,1,0,0.00,,,,,,,,,,,,,,,,,,
Alec Holler,DAL,TE,2966128,BAL,16,14,1,1,N/R,,,0,0,,0,0,0.0,0,0,0.0,0,0,0,-,,,,,,,,,,,,,,,,,,
Nick Kallerup,SEA,TE,3123192,@WAS,29,11,0,0,N/R,,,0,0,,0,0,0.0,0,0,0.0,0,0,0,0.00,,,,,,,,,,,,,,,,,,
Nick Muse,ATL,TE,2818056,@GB,9,11,1,1,N/R,,,0,0,,0,0,0.0,0,0,0.0,0,0,0,0.00,,,,,,,,,,,,,,,,,,
Camren McDonald,LAR,TE,2965370,@DEN,22,11,1,1,N/R,,,0,0,,0,0,0.0,0,0,0.0,0,0,0,-,,,,,,,,,,,,,,,,,,
Eli Wolf,WAS,TE,3161106,SEA,8,7,1,1,N/R,,,0,0,,0,0,0.0,0,0,0.0,0,0,0,-,,,,,,,,,,,,,,,,,,
Khalil Dinkins,SF,TE,26697764,ARI,28,8,1,1,N/R,,,0,0,,0,0,0.0,0,0,0.0,0,0,0,-,,,,,,,,,,,,,,,,,,
Will Reichard,MIN,K,3121084,@TB,17,6,73,67,8,0,,,,,3,,9.00,,,,9.00,,,,3,0,0,0,0,0,1,1,2,2,2,2,,,,,,
Spencer Shrader,IND,K,3131541,HOU,12,13,62,55,11,0,,,,,4,,8.50,,,,8.50,,,,4,0,0,0,2,2,0,0,2,2,1,1,,,,,,
Ryan Fitzgerald,CAR,K,3126649,@CLE,3,5,5,3,13,0,,,,,4,,7.00,,,,7.00,,,,4,0,0,0,2,2,1,1,1,1,0,0,,,,,,
Chad Ryland,ARI,K,2964074,@SF,10,14,5,3,17,0,,,,,3,,6.50,,,,6.50,,,,3,0,1,1,0,0,2,2,0,0,3,3,,,,,,
Harrison Mevis,LAR,K,3162619,@DEN,20,11,46,33,20,0,,,,,4,,6.00,,,,6.00,,,,4,0,0,0,2,2,2,2,0,0,2,2,,,,,,
Tyler Loop,BAL,K,3174704,@DAL,29,13,77,72,5,0,,,,,2,,6.00,,,,6.00,,,,2,0,1,1,0,0,0,0,1,1,4,4,,,,,,
Drew Stevens,WAS,K,28873746,SEA,8,7,3,1,21,0,,,,,2,,5.50,,,,5.50,,,,2,0,0,0,1,1,0,0,1,1,3,4,,,,,,
Chase McLaughlin,TB,K,2165272,MIN,1,10,66,56,16,0,,,,,3,,5.50,,,,5.50,,,,3,0,1,1,1,1,0,0,1,1,1,1,,,,,,
Chris Boswell,PIT,K,1724930,CIN,14,9,23,13,18,0,,,,,3,,5.50,,,,5.50,,,,3,0,0,0,2,2,1,1,0,0,3,3,,,,,,
Matt Gay,LV,K,2870511,@NO,22,13,7,3,19,0,,,,,3,,5.00,,,,5.00,,,,3,0,1,1,1,1,1,1,0,0,2,2,,,,,,
Jason Myers,SEA,K,2169640,@WAS,32,11,99,95,6,0,,,,,1,,5.00,,,,5.00,,,,1,0,0,0,0,0,0,0,1,1,4,4,,,,,,
Cairo Santos,CHI,K,2132690,PHI,15,10,47,36,12,0,,,,,2,,4.50,,,,4.50,,,,2,0,1,1,0,0,1,1,0,0,3,3,,,,,,
Andre Szmyt,CLE,K,2868551,CAR,24,11,2,1,N/R,0,,,,,2,,4.50,,,,4.50,,,,2,0,0,0,0,0,2,2,0,0,1,1,,,,,,
Evan McPherson,CIN,K,2962681,@PIT,11,6,88,81,4,0,,,,,2,,4.50,,,,4.50,,,,2,0,0,0,1,1,0,0,1,1,3,3,,,,,,
Nick Folk,ATL,K,410721,@GB,28,11,14,7,N/R,0,,,,,2,,4.50,,,,4.50,,,,2,0,0,0,1,1,1,1,0,0,3,3,,,,,,
Eddy Pineiro,SF,K,2221833,ARI,25,8,66,56,9,0,,,,,1,,4.50,,,,4.50,,,,1,0,0,0,0,0,0,0,1,1,3,5,,,,,,
Dominic Zvada,NYG,K,28876817,TEN,5,8,5,3,N/R,0,,,,,4,,4.00,,,,4.00,,,,4,0,1,1,3,3,0,0,0,0,0,0,,,,,,
Brandon Aubrey,DAL,K,2815718,BAL,7,14,100,98,1,0,,,,,4,,4.00,,,,4.00,,,,3,0,2,2,1,1,0,0,0,1,2,2,,,,,,
Cameron Dicker,LAC,K,2961997,@BUF,27,7,62,46,24,0,,,,,4,,3.50,,,,3.50,,,,3,0,1,1,2,2,0,1,0,0,1,1,,,,,,
Jake Bates,DET,K,3173439,NYJ,18,6,82,73,10,0,,,,,1,,3.00,,,,3.00,,,,1,0,0,0,1,1,0,0,0,0,4,4,,,,,,
Tyler Bass,BUF,K,2188356,LAC,21,7,31,22,15,0,,,,,1,,2.50,,,,2.50,,,,1,0,1,1,0,0,0,0,0,0,3,3,,,,,,
Harrison Butker,KC,K,2078888,@MIA,31,5,89,83,7,0,,,,,2,,2.50,,,,2.50,,,,1,0,0,0,1,1,0,0,0,1,3,3,,,,,,
Jason Sanders,NYJ,K,2131909,@DET,26,13,3,1,N/R,0,,,,,1,,2.50,,,,2.50,,,,1,0,0,0,0,0,1,1,0,0,1,1,,,,,,
Cam Little,JAC,K,26702477,NE,13,7,90,82,3,0,,,,,1,,2.50,,,,2.50,,,,0,0,0,0,0,0,0,0,0,1,5,5,,,,,,
Andres Borregales,NE,K,26699665,@JAC,2,11,20,9,22,0,,,,,3,,2.00,,,,2.00,,,,2,0,0,0,1,2,1,1,0,0,0,0,,,,,,
Ka'imi Fairbairn,HOU,K,1996562,@IND,30,8,97,93,2,0,,,,,1,,2.00,,,,2.00,,,,1,0,1,1,0,0,0,0,0,0,2,2,,,,,,
Riley Patterson,MIA,K,2865368,KC,4,6,2,1,N/R,0,,,,,1,,1.50,,,,1.50,,,,1,0,0,0,1,1,0,0,0,0,1,1,,,,,,
Daniel Carlson,NO,K,2079862,LV,16,8,25,20,23,0,,,,,0,,1.50,,,,1.50,,,,0,0,0,0,0,0,0,0,0,0,3,4,,,,,,
Trey Smack,GB,K,28899321,ATL,23,11,26,17,14,0,,,,,1,,1.00,,,,1.00,,,,0,0,0,0,0,0,0,1,0,0,2,2,,,,,,
Wil Lutz,DEN,K,2008545,LAR,6,10,23,12,N/R,0,,,,,1,,1.00,,,,1.00,,,,0,0,0,0,0,0,0,1,0,0,2,2,,,,,,
Joey Slye,TEN,K,3116871,@NYG,19,9,7,3,N/R,0,,,,,1,,0.50,,,,0.50,,,,0,0,0,0,0,0,0,0,0,1,1,1,,,,,,
Jake Elliott,PHI,K,2080295,@CHI,9,10,14,5,N/R,0,,,,,0,,0.50,,,,0.50,,,,0,0,0,0,0,0,0,0,0,0,1,1,,,,,,
Blake Grupe,NYJ,K,2876348,@DET,26,13,4,1,N/R,0,,,,,0,,-,,,,0.00,,,,0,0,0,0,0,0,0,0,0,0,0,0,,,,,,
Matthew Trickett,ATL,K,2961405,@GB,28,11,1,1,N/R,0,,,,,0,,-,,,,0.00,,,,0,0,0,0,0,0,0,0,0,0,0,0,,,,,,
Kansei Matsuzawa,LV,K,29154102,@NO,22,13,1,1,N/R,0,,,,,0,,-,,,,0.00,,,,0,0,0,0,0,0,0,0,0,0,0,0,,,,,,
Laith Marjan,PIT,K,26693647,CIN,14,9,1,1,N/R,0,,,,,0,,-,,,,0.00,,,,0,0,0,0,0,0,0,0,0,0,0,0,,,,,,
Matt Prater,BUF,K,1109832,LAC,21,7,1,1,N/R,0,,,,,0,,-,,,,0.00,,,,0,0,0,0,0,0,0,0,0,0,0,0,,,,,,
Dustin Hopkins,CLE,K,1664151,CAR,24,11,1,1,N/R,0,,,,,0,,-,,,,0.00,,,,0,0,0,0,0,0,0,0,0,0,0,0,,,,,,
John Parker Romo,ATL,K,2245258,@GB,28,11,1,1,N/R,0,,,,,0,,-,,,,0.00,,,,0,0,0,0,0,0,0,0,0,0,0,0,,,,,,
Jaden Oberkrom,CLE,K,1996859,CAR,24,11,1,1,N/R,0,,,,,0,,-,,,,0.00,,,,0,0,0,0,0,0,0,0,0,0,0,0,,,,,,
Clayton Hatfield,IND,K,3116797,HOU,12,13,1,1,N/R,0,,,,,0,,-,,,,0.00,,,,0,0,0,0,0,0,0,0,0,0,0,0,,,,,,
Jonathan Garibay,DAL,K,3127678,BAL,7,14,2,2,N/R,0,,,,,0,,-,,,,0.00,,,,0,0,0,0,0,0,0,0,0,0,0,0,,,,,,
Quinn Nordin,NE,K,2260323,@JAC,2,11,2,1,N/R,0,,,,,0,,-,,,,0.00,,,,0,0,0,0,0,0,0,0,0,0,0,0,,,,,,
Justin Rohrwasser,NE,K,2194734,@JAC,2,11,1,1,N/R,0,,,,,0,,-,,,,0.00,,,,0,0,0,0,0,0,0,0,0,0,0,0,,,,,,
Christopher Dunn,LAR,K,2963497,@DEN,20,11,1,1,N/R,0,,,,,0,,-,,,,0.00,,,,0,0,0,0,0,0,0,0,0,0,0,0,,,,,,
Ryan Coe,TB,K,3130147,MIN,1,10,1,1,N/R,0,,,,,0,,-,,,,0.00,,,,0,0,0,0,0,0,0,0,0,0,0,0,,,,,,
Charlie Smyth,NO,K,29375393,LV,16,8,2,1,N/R,0,,,,,0,,-,,,,0.00,,,,0,0,0,0,0,0,0,0,0,0,0,0,,,,,,
Mark McNamee,GB,K,50008565,ATL,23,11,1,1,N/R,0,,,,,0,,-,,,,0.00,,,,0,0,0,0,0,0,0,0,0,0,0,0,,,,,,
Matthew Wright,BUF,K,3116875,LAC,21,7,1,1,N/R,0,,,,,0,,-,,,,0.00,,,,0,0,0,0,0,0,0,0,0,0,0,0,,,,,,
Blake Haubeil,CAR,K,2826774,@CLE,3,5,1,1,N/R,0,,,,,0,,-,,,,0.00,,,,0,0,0,0,0,0,0,0,0,0,0,0,,,,,,
Lucas Havrisik,GB,K,2870581,ATL,23,11,1,1,N/R,0,,,,,0,,-,,,,0.00,,,,0,0,0,0,0,0,0,0,0,0,0,0,,,,,,
Jose Borregales,TB,K,2262788,MIN,1,10,1,1,N/R,0,,,,,0,,-,,,,0.00,,,,0,0,0,0,0,0,0,0,0,0,0,0,,,,,,
John Hoyland,BAL,K,3174826,@DAL,29,13,1,1,N/R,0,,,,,0,,-,,,,0.00,,,,0,0,0,0,0,0,0,0,0,0,0,0,,,,,,
Chris Freeman,HOU,K,3169797,@IND,30,8,1,1,N/R,0,,,,,0,,-,,,,0.00,,,,0,0,0,0,0,0,0,0,0,0,0,0,,,,,,
Jonathan Kim,CHI,K,3126558,PHI,15,10,1,1,N/R,0,,,,,0,,-,,,,0.00,,,,0,0,0,0,0,0,0,0,0,0,0,0,,,,,,
Dan Conroy,FA,K,1631001,BYE,---,0,1,1,N/R,0,,,,,0,,-,,,,0.00,,,,0,0,0,0,0,0,0,0,0,0,0,0,,,,,,
Jake Moody,BAL,K,2968527,@DAL,29,13,1,1,N/R,0,,,,,0,,-,,,,0.00,,,,0,0,0,0,0,0,0,0,0,0,0,0,,,,,,
Ben Sauls,NYG,K,3169819,TEN,5,8,1,1,N/R,0,,,,,0,,-,,,,0.00,,,,0,0,0,0,0,0,0,0,0,0,0,0,,,,,,
John Baron,CHI,K,2144875,PHI,15,10,1,1,N/R,0,,,,,0,,-,,,,0.00,,,,0,0,0,0,0,0,0,0,0,0,0,0,,,,,,
Austin MacGinnis,LAR,K,3158715,@DEN,20,11,2,2,N/R,0,,,,,0,,-,,,,0.00,,,,0,0,0,0,0,0,0,0,0,0,0,0,,,,,,
James Turner,GB,K,3133204,ATL,23,11,1,1,N/R,0,,,,,0,,-,,,,0.00,,,,0,0,0,0,0,0,0,0,0,0,0,0,,,,,,
Brad Craddock,CLE,K,2001577,CAR,24,11,1,0,N/R,0,,,,,0,,-,,,,0.00,,,,0,0,0,0,0,0,0,0,0,0,0,0,,,,,,
Cade York,NYJ,K,3121034,@DET,26,13,2,2,N/R,0,,,,,0,,-,,,,0.00,,,,0,0,0,0,0,0,0,0,0,0,0,0,,,,,,
Tanner Brown,NO,K,3167644,LV,16,8,1,1,N/R,0,,,,,0,,-,,,,0.00,,,,0,0,0,0,0,0,0,0,0,0,0,0,,,,,,
Jude McAtamney,NYG,K,28922958,TEN,5,8,1,1,N/R,0,,,,,0,,-,,,,0.00,,,,0,0,0,0,0,0,0,0,0,0,0,0,,,,,,
Jared Roberts,FA,K,2008709,BYE,---,0,1,1,N/R,0,,,,,0,,-,,,,0.00,,,,0,0,0,0,0,0,0,0,0,0,0,0,,,,,,
Jack Podlesny,GB,K,2975696,ATL,23,11,1,0,N/R,0,,,,,0,,-,,,,0.00,,,,0,0,0,0,0,0,0,0,0,0,0,0,,,,,,
Andrew Mevis,JAC,K,2820471,NE,13,7,2,2,N/R,0,,,,,0,,-,,,,0.00,,,,0,0,0,0,0,0,0,0,0,0,0,0,,,,,,
Alex Quevedo,NO,K,29090668,LV,16,8,1,1,N/R,0,,,,,0,,-,,,,0.00,,,,0,0,0,0,0,0,0,0,0,0,0,0,,,,,,
Parker White,GB,K,2758258,ATL,23,11,1,1,N/R,0,,,,,0,,-,,,,0.00,,,,0,0,0,0,0,0,0,0,0,0,0,0,,,,,,
Caden Davis,BUF,K,3124063,LAC,21,7,1,1,N/R,0,,,,,0,,-,,,,0.00,,,,0,0,0,0,0,0,0,0,0,0,0,0,,,,,,
Andrew Furney,NYJ,K,2135490,@DET,26,13,1,1,N/R,0,,,,,0,,-,,,,0.00,,,,0,0,0,0,0,0,0,0,0,0,0,0,,,,,,
Graham Gano,NYG,K,558839,TEN,5,8,1,1,N/R,0,,,,,0,,-,,,,0.00,,,,0,0,0,0,0,0,0,0,0,0,0,0,,,,,,
Jake Verity,TB,K,2247367,MIN,1,10,1,1,N/R,0,,,,,0,,-,,,,0.00,,,,0,0,0,0,0,0,0,0,0,0,0,0,,,,,,
Anthony Cantele,FA,K,1679724,BYE,---,0,1,1,N/R,0,,,,,0,,-,,,,0.00,,,,0,0,0,0,0,0,0,0,0,0,0,0,,,,,,
JJ Molson,GB,K,2240197,ATL,23,11,1,1,N/R,0,,,,,0,,-,,,,0.00,,,,0,0,0,0,0,0,0,0,0,0,0,0,,,,,,
Maddux Trujillo,BUF,K,26716700,LAC,21,7,1,0,N/R,0,,,,,0,,-,,,,0.00,,,,0,0,0,0,0,0,0,0,0,0,0,0,,,,,,
Gabriel Plascencia,CHI,K,29120994,PHI,15,10,2,2,N/R,0,,,,,0,,-,,,,0.00,,,,0,0,0,0,0,0,0,0,0,0,0,0,,,,,,
Corey Acosta,SF,K,2176444,ARI,25,8,1,1,N/R,0,,,,,0,,-,,,,0.00,,,,0,0,0,0,0,0,0,0,0,0,0,0,,,,,,
Joshua Karty,ARI,K,3163734,@SF,10,14,1,1,N/R,0,,,,,0,,-,,,,0.00,,,,0,0,0,0,0,0,0,0,0,0,0,0,,,,,,
Lenny Krieg,GB,K,29711189,ATL,23,11,1,1,N/R,0,,,,,0,,-,,,,0.00,,,,0,0,0,0,0,0,0,0,0,0,0,0,,,,,,
Mason Shipley,NO,K,26731594,LV,16,8,1,1,N/R,0,,,,,0,,-,,,,0.00,,,,0,0,0,0,0,0,0,0,0,0,0,0,,,,,,
Anders Carlson,NYJ,K,2866578,@DET,26,13,1,1,N/R,0,,,,,0,,-,,,,0.00,,,,0,0,0,0,0,0,0,0,0,0,0,0,,,,,,
Anthony Fera,FA,K,1664152,BYE,---,0,1,1,N/R,0,,,,,0,,-,,,,0.00,,,,0,0,0,0,0,0,0,0,0,0,0,0,,,,,,
Trey Wolff,TEN,K,2962857,@NYG,19,9,1,1,N/R,0,,,,,0,,-,,,,0.00,,,,0,0,0,0,0,0,0,0,0,0,0,0,,,,,,
Mike Badgley,BUF,K,2925140,LAC,21,7,1,1,N/R,0,,,,,0,,-,,,,0.00,,,,0,0,0,0,0,0,0,0,0,0,0,0,,,,,,
B.T. Potter,TB,K,2962281,MIN,1,10,1,1,N/R,0,,,,,0,,-,,,,0.00,,,,0,0,0,0,0,0,0,0,0,0,0,0,,,,,,
Younghoe Koo,NYJ,K,2820093,@DET,26,13,1,1,N/R,0,,,,,0,,-,,,,0.00,,,,0,0,0,0,0,0,0,0,0,0,0,0,,,,,,
Tucker McCann,TEN,K,3161134,@NYG,19,9,1,1,N/R,0,,,,,0,,-,,,,0.00,,,,0,0,0,0,0,0,0,0,0,0,0,0,,,,,,
Greg Zuerlein,NYJ,K,1971893,@DET,26,13,1,1,N/R,0,,,,,0,,-,,,,0.00,,,,0,0,0,0,0,0,0,0,0,0,0,0,,,,,,
Brandon McManus,GB,K,2058320,ATL,23,11,1,1,N/R,0,,,,,0,,-,,,,0.00,,,,0,0,0,0,0,0,0,0,0,0,0,0,,,,,,
Alex Hale,GB,K,2963565,ATL,23,11,2,2,N/R,0,,,,,0,,-,,,,0.00,,,,0,0,0,0,0,0,0,0,0,0,0,0,,,,,,
Greg Joseph,LV,K,2926810,@NO,22,13,1,1,N/R,0,,,,,0,,-,,,,0.00,,,,0,0,0,0,0,0,0,0,0,0,0,0,,,,,,
Austin Seibert,WAS,K,2179668,SEA,8,7,1,1,N/R,0,,,,,0,,-,,,,0.00,,,,0,0,0,0,0,0,0,0,0,0,0,0,,,,,,
Justin Tucker,BAL,K,1985374,@DAL,29,13,1,1,N/R,0,,,,,0,,-,,,,0.00,,,,0,0,0,0,0,0,0,0,0,0,0,0,,,,,,
James McCourt,LV,K,2247018,@NO,22,13,1,1,N/R,0,,,,,0,,-,,,,0.00,,,,0,0,0,0,0,0,0,0,0,0,0,0,,,,,,
Gabe Brkic,GB,K,2962313,ATL,23,11,1,1,N/R,0,,,,,0,,-,,,,0.00,,,,0,0,0,0,0,0,0,0,0,0,0,0,,,,,,
Zane Gonzalez,MIA,K,2061033,KC,4,6,1,1,N/R,0,,,,,0,,-,,,,0.00,,,,0,0,0,0,0,0,0,0,0,0,0,0,,,,,,
Vikings,MIN,DST,1916,@TB,30,6,100,97,,,,,1,2,,,243.00,,,16.00,243,,,11.00,,,,,,,,,,,,,6,0,2,0,16,11.00
Broncos,DEN,DST,1909,LAR,25,10,93,60,,,,,1,2,,,482.00,,,26.00,482,,,8.00,,,,,,,,,,,,,4,0,0,0,26,8.00
Jaguars,JAC,DST,1913,NE,29,7,58,39,,,,,0,2,,,317.00,,,6.00,317,,,7.00,,,,,,,,,,,,,3,1,1,0,6,7.00
Bears,CHI,DST,1906,PHI,23,10,70,58,,,,,0,2,,,248.00,,,7.00,248,,,6.50,,,,,,,,,,,,,2,1,2,0,7,6.50
Commanders,WAS,DST,1929,SEA,15,7,4,2,,,,,1,2,,,437.00,,,31.00,437,,,5.50,,,,,,,,,,,,,0,1,1,0,31,5.50
Giants,NYG,DST,1918,TEN,26,8,19,11,,,,,0,1,,,262.00,,,7.00,262,,,5.00,,,,,,,,,,,,,0,1,1,0,7,5.00
Titans,TEN,DST,1928,@NYG,24,9,8,4,,,,,0,0,,,238.00,,,12.00,238,,,4.50,,,,,,,,,,,,,3,0,0,0,12,4.50
Chargers,LAC,DST,1924,@BUF,16,7,30,14,,,,,0,2,,,350.00,,,24.00,350,,,4.50,,,,,,,,,,,,,4,3,0,0,24,4.50
Texans,HOU,DST,1932,@IND,13,8,98,78,,,,,0,1,,,300.00,,,19.00,300,,,4.50,,,,,,,,,,,,,4,2,0,0,19,4.50
Falcons,ATL,DST,1902,@GB,21,11,24,15,,,,,0,1,,,328.00,,,14.00,328,,,4.00,,,,,,,,,,,,,1,0,1,0,14,4.00
Chiefs,KC,DST,1914,@MIA,28,5,75,64,,,,,0,1,,,329.00,,,10.00,329,,,4.00,,,,,,,,,,,,,0,1,3,0,10,4.00
Bills,BUF,DST,1904,LAC,31,7,70,60,,,,,0,1,,,348.00,,,16.00,348,,,3.50,,,,,,,,,,,,,2,0,1,0,16,3.50
Colts,IND,DST,1912,HOU,22,13,7,3,,,,,0,0,,,223.00,,,17.00,223,,,3.50,,,,,,,,,,,,,3,0,1,0,17,3.50
Lions,DET,DST,1910,NYJ,10,6,43,30,,,,,0,0,,,335.00,,,24.00,335,,,3.00,,,,,,,,,,,,,5,1,0,0,24,3.00
Raiders,LV,DST,1920,@NO,19,13,21,12,,,,,0,1,,,381.00,,,27.00,381,,,3.00,,,,,,,,,,,,,2,3,1,0,27,3.00
Browns,CLE,DST,1930,CAR,12,11,30,21,,,,,0,1,,,360.00,,,18.00,360,,,3.00,,,,,,,,,,,,,3,0,3,0,18,3.00
Panthers,CAR,DST,1905,@CLE,20,5,26,16,,,,,0,0,,,259.00,,,21.00,259,,,2.50,,,,,,,,,,,,,2,1,1,0,21,2.50
Saints,NO,DST,1917,LV,9,8,35,23,,,,,0,0,,,340.00,,,35.00,340,,,2.00,,,,,,,,,,,,,3,1,0,0,35,2.00
Buccaneers,TB,DST,1927,MIN,11,10,23,12,,,,,0,1,,,230.00,,,17.00,230,,,2.00,,,,,,,,,,,,,3,0,0,0,17,2.00
Steelers,PIT,DST,1922,CIN,18,9,98,91,,,,,0,0,,,352.00,,,27.00,352,,,1.50,,,,,,,,,,,,,1,2,0,0,27,1.50
Bengals,CIN,DST,1907,@PIT,27,6,40,24,,,,,0,1,,,411.00,,,30.00,411,,,1.50,,,,,,,,,,,,,2,0,0,0,30,1.50
Seahawks,SEA,DST,1926,@WAS,2,11,100,96,,,,,0,0,,,258.00,,,27.00,258,,,1.00,,,,,,,,,,,,,2,0,0,0,27,1.00
49ers,SF,DST,1925,ARI,14,8,51,32,,,,,0,0,,,365.00,,,30.00,365,,,1.00,,,,,,,,,,,,,2,0,0,0,30,1.00
Rams,LAR,DST,1923,@DEN,17,11,92,69,,,,,0,1,,,257.00,,,24.00,257,,,1.00,,,,,,,,,,,,,1,0,0,0,24,1.00
Patriots,NE,DST,1931,@JAC,5,11,66,37,,,,,0,1,,,315.00,,,35.00,315,,,1.00,,,,,,,,,,,,,1,0,0,0,35,1.00
Ravens,BAL,DST,1903,@DAL,3,13,92,79,,,,,0,0,,,415.00,,,31.00,415,,,1.00,,,,,,,,,,,,,1,1,1,0,31,1.00
Jets,NYJ,DST,1919,@DET,7,13,8,4,,,,,0,0,,,381.00,,,31.00,381,,,1.00,,,,,,,,,,,,,2,0,1,0,31,1.00
Dolphins,MIA,DST,1915,KC,4,6,3,1,,,,,0,1,,,334.00,,,24.00,334,,,0.50,,,,,,,,,,,,,0,0,1,0,24,0.50
Packers,GB,DST,1911,ATL,32,11,59,48,,,,,0,1,,,498.00,,,35.00,498,,,0.50,,,,,,,,,,,,,0,0,0,0,35,0.50
Cardinals,ARI,DST,1901,@SF,1,14,10,8,,,,,0,0,,,437.00,,,36.00,437,,,0.50,,,,,,,,,,,,,0,1,0,0,36,0.50
Eagles,PHI,DST,1921,@CHI,8,10,70,47,,,,,0,0,,,375.00,,,27.00,375,,,0.00,,,,,,,,,,,,,0,0,1,0,27,0.00
Cowboys,DAL,DST,1908,BAL,6,14,18,6,,,,,0,0,,,378.00,,,34.00,378,,,0.00,,,,,,,,,,,,,0,0,2,0,34,0.00
